time,open,high,low,close
1774994400,6562,6576.5,6561,6575.25
1774995300,6575,6577.25,6569,6573.75
1774996200,6574,6576,6568.75,6573.5
1774997100,6573.75,6574.25,6570.75,6572.75
1774998000,6572.75,6573.25,6569.25,6570.75
1774998900,6570.75,6576.25,6569,6575
1774999800,6574.75,6587.5,6574.5,6579
1775000700,6578.75,6592,6577.75,6589.75
1775001600,6589.25,6592.75,6585.75,6588.5
1775002500,6588.5,6589.25,6584,6587.25
1775003400,6587.25,6589.5,6580.25,6588.5
1775004300,6588,6592.75,6586.25,6592.5
1775005200,6592.75,6595,6579.5,6586
1775006100,6585.75,6589.5,6582.25,6588.5
1775007000,6588.5,6589.5,6580.25,6581.5
1775007900,6581.5,6583,6579,6581.25
1775008800,6581.5,6585.5,6579.75,6581.25
1775009700,6581,6582.25,6578.25,6579
1775010600,6579,6580,6575.5,6578.75
1775011500,6579,6581.5,6578,6578.5
1775012400,6578.5,6582.75,6577.5,6581
1775013300,6581.25,6581.5,6578.25,6580
1775014200,6580,6583,6579.75,6582.25
1775015100,6582.25,6583.5,6579.5,6580.5
1775016000,6580.5,6583,6579.75,6580.25
1775016900,6580.5,6585,6579.5,6584.5
1775017800,6584.5,6586,6582.75,6585
1775018700,6585,6588,6583.5,6585.75
1775019600,6586,6593,6584.75,6592.75
1775020500,6592.75,6599.75,6591,6594.25
1775021400,6594.5,6597,6590,6595
1775022300,6595.25,6597.25,6591.75,6593
1775023200,6593,6602.75,6592,6602.25
1775024100,6602,6612.5,6601,6610.5
1775025000,6610.25,6621.25,6609.25,6620.5
1775025900,6620.25,6622,6616,6620.25
1775026800,6620.5,6623,6614.5,6616.5
1775027700,6616.25,6616.25,6611.75,6615.25
1775028600,6615.25,6621.75,6614,6617.75
1775029500,6617.75,6619.25,6598.5,6600.5
1775030400,6600.5,6604.5,6590,6592.5
1775031300,6592.75,6608.25,6591.5,6602.25
1775032200,6602.5,6607,6601.25,6606.25
1775033100,6606,6608.5,6590.25,6601.25
1775034000,6601.75,6605.5,6591.75,6594.25
1775034900,6594.25,6595.5,6586.5,6592.25
1775035800,6592.25,6599.75,6592.25,6597.75
1775036700,6597.75,6607.75,6597.75,6602.75
1775037600,6603,6607.25,6598.5,6603.5
1775038500,6603.25,6606.75,6599.5,6601.75
1775039400,6602.25,6607.75,6600.25,6606.75
1775040300,6606.75,6618.5,6606.5,6616
1775041200,6616,6621,6614.5,6620.75
1775042100,6620.75,6624,6618.75,6620.75
1775043000,6620.5,6628.25,6619.75,6624.75
1775043900,6625,6630.75,6622.25,6627.75
1775044800,6628,6628.5,6619.75,6620.75
1775045700,6620.75,6623,6609.5,6615.25
1775046600,6615.75,6643.75,6604.25,6625.5
1775047500,6625,6638,6593.25,6596.25
1775048400,6596.25,6602,6590,6596.5
1775049300,6596.25,6606.5,6595,6606
1775050200,6606.25,6628.5,6601.25,6607.5
1775051100,6607.5,6616.5,6598,6611.25
1775052000,6611.25,6621.5,6606.75,6614
1775052900,6614,6623.25,6610.25,6618.5
1775053800,6618.5,6631.25,6604.75,6625
1775054700,6625,6637,6618.25,6633.5
1775055600,6633.5,6639.5,6631.5,6634.5
1775056500,6634.75,6639,6631.75,6631.75
1775057400,6632,6642,6627.25,6640.5
1775058300,6640.5,6649.75,6638.25,6647
1775059200,6647,6649.5,6642.75,6643.75
1775060100,6644,6647.5,6639,6640
1775061000,6640,6647.25,6636.25,6647
1775061900,6646.75,6648,6644,6646
1775062800,6646.25,6653.25,6645,6652
1775063700,6652,6653.75,6649.75,6651.25
1775064600,6651.25,6652.75,6645.5,6647.25
1775065500,6647,6648.5,6635.5,6635.75
1775066400,6635.75,6637.25,6624.25,6626.5
1775067300,6626.5,6626.75,6605.75,6609.75
1775068200,6609.75,6622.25,6604,6616
1775069100,6616,6617.5,6609,6611.5
1775070000,6611.5,6621.5,6610,6619.25
1775070900,6619.25,6631,6617,6628.25
1775071800,6628.25,6634.75,6624,6628.5
1775072700,6628.5,6630.75,6614.5,6619.5
1775073600,6619.5,6623.75,6616,6622.25
1775074500,6622.25,6622.75,6616.5,6617.5
1775075400,6617.5,6621.5,6617.5,6619.5
1775076300,6619.75,6621.25,6617,6617.25
1775080800,6618.5,6622.25,6614,6617.25
1775081700,6617.25,6618.5,6613.25,6617.75
1775082600,6617.5,6619,6615.5,6618.25
1775083500,6618,6619,6610.5,6612.75
1775084400,6612.75,6619.25,6611.5,6618.75
1775085300,6618.25,6619,6616,6618.75
1775086200,6618.25,6618.5,6615,6616.75
1775087100,6616.75,6618.25,6610,6614.75
1775088000,6614.75,6614.75,6608.75,6611.75
1775088900,6611.5,6614.5,6608,6609.25
1775089800,6609.25,6625.75,6607.25,6625.25
1775090700,6625,6632.5,6621.5,6630.5
1775091600,6630.5,6631.5,6594.75,6607.5
1775092500,6607.25,6609,6566.25,6570.5
1775093400,6570.5,6571.75,6555,6562
1775094300,6561.75,6565.25,6553.25,6559.5
1775095200,6560,6565.75,6542.25,6545
1775096100,6545,6552,6543,6543.5
1775097000,6543.75,6548.25,6542,6547.5
1775097900,6547.25,6552,6545.75,6550
1775098800,6550,6550.25,6542.5,6547
1775099700,6547.25,6551.5,6546.75,6548.25
1775100600,6548.25,6548.75,6537.25,6542
1775101500,6542,6542.5,6535.75,6537.75
1775102400,6537.25,6540.75,6532.75,6535
1775103300,6535,6540.75,6534.25,6535.25
1775104200,6535.25,6537.5,6531.5,6534.75
1775105100,6534.75,6536,6531,6533.25
1775106000,6533.5,6538.75,6533.5,6534
1775106900,6534,6537,6531.75,6537
1775107800,6537,6540.75,6527.25,6528.5
1775108700,6529,6529.5,6522,6522.5
1775109600,6522.75,6531.25,6520.5,6522.25
1775110500,6522,6529,6520,6527.75
1775111400,6527.75,6531.25,6525.5,6528.25
1775112300,6528.25,6534,6525,6532.75
1775113200,6532.75,6535.5,6527.75,6532
1775114100,6531.75,6537.25,6528.5,6535.75
1775115000,6535.75,6542.5,6534.75,6539.75
1775115900,6540.25,6550,6540,6549
1775116800,6548.75,6550.25,6541.5,6542.75
1775117700,6542.75,6544.75,6537.5,6542.5
1775118600,6542.25,6550.75,6542.25,6545
1775119500,6545.25,6547.25,6540.5,6542
1775120400,6542.25,6545,6538.75,6539.5
1775121300,6539.25,6547.5,6539,6545
1775122200,6544.75,6545.25,6538.25,6539.25
1775123100,6539,6543.25,6537.25,6541
1775124000,6541,6543.25,6531,6531.25
1775124900,6531.5,6532.5,6527.75,6528.75
1775125800,6528.75,6538,6526,6535.5
1775126700,6535.5,6538.75,6532.5,6536.75
1775127600,6536.25,6538.25,6525.25,6525.25
1775128500,6525.25,6526.25,6516.75,6518
1775129400,6517.5,6524.25,6511.25,6514
1775130300,6514,6520.5,6508,6508.25
1775131200,6508.5,6511.75,6503.75,6508
1775132100,6508,6519.75,6506.5,6517.5
1775133000,6517.25,6521.5,6514.75,6520
1775133900,6519.75,6525,6516.25,6516.75
1775134800,6517,6524.5,6515,6518.5
1775135700,6518.5,6530,6518,6527.5
1775136600,6527.75,6538.5,6514.25,6520.5
1775137500,6520.5,6563,6517.5,6560.25
1775138400,6560.25,6568.75,6549.5,6560.5
1775139300,6560.25,6575,6559.5,6567.75
1775140200,6567.75,6644.5,6565.25,6625.5
1775141100,6625.5,6627.75,6598,6618.75
1775142000,6619,6624.5,6602.75,6617.5
1775142900,6617.5,6623,6604,6617.75
1775143800,6617.75,6623.75,6607.25,6617.25
1775144700,6617.25,6617.25,6595.25,6605.25
1775145600,6605,6611.75,6592.5,6598.75
1775146500,6598.5,6601.5,6586.5,6592
1775147400,6591.75,6614.25,6590,6607
1775148300,6607,6610.75,6599.75,6600.25
1775149200,6600.25,6611,6594.5,6608.25
1775150100,6608.25,6615.25,6607.25,6611
1775151000,6611,6612.25,6602.75,6607
1775151900,6607.25,6608,6590.25,6597.25
1775152800,6597,6609,6597,6604
1775153700,6604,6607.25,6598.25,6599.75
1775154600,6600,6610.25,6598.5,6608.25
1775155500,6608.25,6615.25,6607,6609
1775156400,6609.25,6617.5,6608.75,6611.75
1775157300,6612,6613.25,6605.5,6608
1775158200,6608,6614.5,6605,6607.75
1775159100,6608,6625.25,6605.75,6623.25
1775160000,6623.25,6625,6619.25,6623.25
1775160900,6623.5,6628.75,6621.5,6627.75
1775161800,6627.5,6628.25,6622.25,6623.25
1775162700,6623.25,6625.5,6621.5,6624
1775167200,6622.5,6623.75,6619.5,6620.75
1775168100,6620.5,6626,6619,6622.75
1775169000,6622.75,6625.5,6622.25,6623.75
1775169900,6623.5,6624.5,6622.75,6623.75
1775170800,6623.25,6623.25,6620.75,6621.25
1775171700,6621.5,6624.25,6621.25,6623.75
1775172600,6624,6626,6623,6624
1775173500,6624,6624.5,6622,6623.75
1775174400,6624,6632.25,6624,6628.25
1775175300,6628.25,6628.25,6623.5,6627.25
1775176200,6626.75,6627.25,6622.25,6623.75
1775177100,6623.5,6624.75,6622.5,6624
1775178000,6624.25,6625.25,6620.25,6621
1775178900,6621,6623.5,6620.5,6623
1775179800,6623,6623.5,6620.25,6620.75
1775180700,6621,6621.25,6618.25,6619
1775181600,6618.75,6620,6617.75,6619.75
1775182500,6619.5,6620.5,6612.25,6613
1775183400,6613,6613.5,6609.5,6612.5
1775184300,6612.25,6616.75,6608.75,6613.25
1775185200,6613.5,6617.25,6613.25,6614
1775186100,6613.75,6616,6612.75,6613
1775187000,6613,6614.75,6611,6611.75
1775187900,6611.5,6614.25,6611.5,6612.5
1775188800,6612.5,6614.75,6612.25,6614
1775189700,6613.75,6615.25,6613,6614
1775190600,6613.75,6614.75,6609.25,6609.75
1775191500,6610,6613.25,6609.75,6611
1775192400,6611.25,6614.75,6610.5,6613
1775193300,6613.25,6613.25,6608.75,6611
1775194200,6611.25,6615.75,6611.25,6615.25
1775195100,6615.5,6616.25,6612.75,6613.5
1775196000,6613.5,6613.75,6612,6612.5
1775196900,6612.5,6613.5,6610.75,6611.75
1775197800,6611.75,6612,6605.25,6606.5
1775198700,6606,6608.75,6602.5,6606
1775199600,6606,6607,6598.75,6601
1775200500,6601,6606.75,6601,6606.5
1775201400,6606.75,6611,6606.75,6609.75
1775202300,6609.75,6610.25,6606.5,6607.25
1775203200,6607.25,6610,6607,6607.75
1775204100,6607.75,6608.25,6604,6605
1775205000,6605,6607.25,6604.5,6605.75
1775205900,6605.5,6608,6605.5,6606
1775206800,6606.25,6607,6603.5,6603.75
1775207700,6604,6606.75,6602.5,6605
1775208600,6605.25,6606.5,6604.5,6604.5
1775209500,6604.5,6605.25,6604,6604.25
1775210400,6604.25,6604.75,6601,6602.75
1775211300,6603,6605,6601.75,6602
1775212200,6602,6603.5,6600.5,6602.75
1775213100,6602.75,6605,6602.75,6604
1775214000,6604,6604,6598.25,6602.5
1775214900,6602.75,6608.75,6601.5,6608.75
1775215800,6608.25,6611.25,6607.75,6608
1775216700,6608.25,6610,6607.25,6607.75
1775217600,6607.75,6614.75,6607.5,6611.5
1775218500,6611.75,6613.5,6603.25,6611.25
1775219400,6611,6639,6600.25,6610
1775220300,6610,6612.75,6598.75,6600.25
1775221200,6600.5,6606.5,6598.5,6603.75
1775426400,6590,6590,6567,6577
1775427300,6577.25,6585,6574.75,6583.25
1775428200,6583.5,6588.25,6579.5,6584
1775429100,6584,6589.5,6580.75,6587.5
1775430000,6587.5,6589.5,6578.25,6582.5
1775430900,6582.5,6586,6580.75,6582.5
1775431800,6582.5,6585.5,6581.5,6582
1775432700,6582.25,6587.5,6582,6587.5
1775433600,6587.5,6604,6586.5,6602.5
1775434500,6603,6609,6598,6601.5
1775435400,6602,6608,6601.5,6607.25
1775436300,6607.25,6610.75,6605.5,6609.25
1775437200,6609.25,6613.75,6609,6612.5
1775438100,6612.25,6618,6608,6616
1775439000,6615.75,6616,6611.75,6615.25
1775439900,6615,6615.75,6606.5,6609.75
1775440800,6609.75,6626.25,6608.75,6622
1775441700,6622.25,6635.75,6620.75,6633.75
1775442600,6633.75,6635,6621.25,6623
1775443500,6623.25,6624.5,6615.75,6615.75
1775444400,6615.75,6616.75,6608.5,6609.25
1775445300,6609.5,6612.25,6595.25,6606.75
1775446200,6607,6610.25,6605,6609.5
1775447100,6609.5,6613.25,6608.5,6612.25
1775448000,6612.25,6618,6611.25,6616.75
1775448900,6616.75,6618,6614.25,6615.5
1775449800,6615.5,6621.75,6614.25,6620.75
1775450700,6620.75,6622.5,6619.25,6621
1775451600,6621,6624,6620.5,6622.25
1775452500,6622.25,6624,6620.5,6621
1775453400,6621.25,6621.25,6615.25,6616.25
1775454300,6616.5,6618.5,6613.25,6617.25
1775455200,6617,6628,6614.75,6627.25
1775456100,6627.25,6627.25,6616,6616.75
1775457000,6616.75,6619.75,6614.5,6618.5
1775457900,6618.25,6632.5,6615.75,6624.5
1775458800,6624.75,6626,6614.25,6618.25
1775459700,6618.5,6625.5,6617.5,6620.25
1775460600,6620,6630,6619.5,6627.75
1775461500,6628,6639.5,6627,6634.75
1775462400,6634.75,6641.5,6634.75,6638.25
1775463300,6638.25,6643.25,6635.25,6642
1775464200,6642.25,6650,6641,6649
1775465100,6649,6649.5,6643.75,6645
1775466000,6645,6651.25,6644.5,6646.25
1775466900,6646.5,6651,6644.25,6646.5
1775467800,6646.75,6648.25,6643.75,6644
1775468700,6644.25,6645.25,6635.75,6637.25
1775469600,6637.5,6643,6635.5,6639.75
1775470500,6640,6640.25,6633.5,6636.75
1775471400,6636.5,6640.75,6635.25,6638
1775472300,6638.25,6638.75,6619,6631
1775473200,6631.25,6631.25,6624.5,6626.25
1775474100,6626,6631,6624,6627.25
1775475000,6627.5,6630.5,6625.75,6625.75
1775475900,6626,6630.25,6625.75,6627
1775476800,6627,6628.25,6624.25,6626.25
1775477700,6626.5,6628,6622.5,6626.75
1775478600,6627,6632,6624.75,6629.75
1775479500,6629.75,6635.5,6628.25,6629.25
1775480400,6629.25,6631,6620,6628
1775481300,6628,6629.25,6619.5,6621.5
1775482200,6621.75,6642.25,6617.75,6631
1775483100,6631,6649.25,6630.25,6649.25
1775484000,6649,6661,6624,6644.75
1775484900,6644.75,6653.75,6639.75,6648.25
1775485800,6648.25,6654.5,6631.5,6640.75
1775486700,6640.5,6643,6630,6638.5
1775487600,6638.75,6644.25,6634,6638.75
1775488500,6638.75,6641,6630,6633
1775489400,6632.75,6635.75,6626.5,6634.75
1775490300,6634.75,6643.5,6633,6642.25
1775491200,6642.5,6644,6635.75,6640.25
1775492100,6640,6644.25,6637.75,6641.5
1775493000,6641.5,6649,6639.25,6646.5
1775493900,6646.5,6648.5,6640,6643
1775494800,6643.25,6643.75,6618.75,6624.25
1775495700,6624.25,6639.25,6622,6637.75
1775496600,6637.75,6644,6631.5,6635
1775497500,6635,6635,6627.5,6628.25
1775498400,6628.5,6642.5,6626,6637.25
1775499300,6637.5,6650.25,6636.75,6646.25
1775500200,6646.5,6649.25,6641,6642.5
1775501100,6642.5,6648,6642.25,6647
1775502000,6647,6648,6642.5,6645.25
1775502900,6645.25,6647,6642.25,6642.5
1775503800,6642.75,6646.75,6641.75,6646.25
1775504700,6646.25,6653.5,6644.25,6653
1775505600,6653,6654.25,6647,6648.25
1775506500,6648.25,6652,6646.5,6650.75
1775507400,6650.75,6653.5,6650,6650.75
1775508300,6650.75,6651.25,6648.5,6650.75
1775512800,6650.5,6659.25,6648.5,6657
1775513700,6657,6658,6642.75,6646.5
1775514600,6646.75,6648,6642.25,6646.5
1775515500,6646,6648,6642.5,6643.25
1775516400,6643.25,6649.25,6643,6649
1775517300,6649,6650,6644.5,6644.5
1775518200,6644.75,6647,6644,6645.25
1775519100,6645,6647.5,6641.5,6641.75
1775520000,6641.5,6648,6637.75,6646
1775520900,6646,6654.75,6646,6647.25
1775521800,6647.25,6648,6639.5,6641
1775522700,6641.25,6645,6640,6641
1775523600,6641,6643.75,6630.5,6631.75
1775524500,6632,6636.75,6631.75,6636
1775525400,6636,6636.5,6624.5,6625
1775526300,6625.25,6628.25,6611.75,6614.25
1775527200,6614.25,6616.75,6609,6612.5
1775528100,6612.25,6618.25,6610.25,6617
1775529000,6617,6620.25,6616.5,6620
1775529900,6619.75,6623,6618.5,6621
1775530800,6621.25,6623,6618.75,6621
1775531700,6621.25,6621.75,6616.25,6621
1775532600,6620.5,6624.75,6620.5,6623.5
1775533500,6623.5,6624,6621.25,6622.25
1775534400,6622.5,6624.25,6617.5,6617.75
1775535300,6617.75,6625.5,6616.25,6621.5
1775536200,6621.75,6627.25,6621.5,6624.25
1775537100,6624.5,6629,6624,6625.75
1775538000,6626.25,6628.75,6625.25,6627
1775538900,6626.75,6629,6620.75,6621.5
1775539800,6621.5,6622.25,6617.25,6618
1775540700,6618.25,6623.75,6617.5,6623
1775541600,6622.75,6625,6620.5,6620.75
1775542500,6620.75,6626.75,6618.75,6626.5
1775543400,6626.75,6627.75,6622.25,6625
1775544300,6625,6627,6621.5,6627
1775545200,6627,6630.5,6623,6627
1775546100,6627.25,6627.75,6621.25,6622.75
1775547000,6622.75,6629.5,6622.75,6628
1775547900,6628,6629,6622.5,6628
1775548800,6628,6651.25,6627.75,6643.5
1775549700,6643.5,6654.25,6640.25,6647.75
1775550600,6647.75,6659.25,6646.75,6654.75
1775551500,6654.5,6657,6650.75,6654.75
1775552400,6654.75,6661.25,6653,6657.5
1775553300,6657.5,6666.5,6655.75,6664.5
1775554200,6664.25,6667,6659.75,6660
1775555100,6659.75,6663.25,6656.75,6661
1775556000,6661,6664,6639.5,6656.5
1775556900,6656.5,6662.25,6642.25,6651.75
1775557800,6651.75,6653,6634,6638.75
1775558700,6639,6639.5,6613.75,6618.25
1775559600,6618,6628,6616.75,6624.25
1775560500,6624.5,6631.5,6622.75,6623.5
1775561400,6623.25,6624,6611,6621.75
1775562300,6621.75,6622,6616,6619.75
1775563200,6619.5,6625.25,6602,6611.5
1775564100,6611.75,6629,6607.5,6628.25
1775565000,6628.25,6629.5,6619,6621.75
1775565900,6621.75,6640.75,6616,6624
1775566800,6624.25,6632,6620.5,6627.5
1775567700,6627.5,6631,6622.75,6629.5
1775568600,6629.5,6639,6611,6612.5
1775569500,6612.25,6622.25,6602.25,6602.75
1775570400,6603,6604.5,6581.5,6589.5
1775571300,6589.5,6610.5,6588.25,6606.75
1775572200,6606.75,6616.5,6600.25,6603.25
1775573100,6603.5,6614.25,6587.75,6588.5
1775574000,6588.5,6589.25,6572.75,6582.5
1775574900,6582.5,6601,6580,6594.75
1775575800,6595,6600,6588,6589.25
1775576700,6589.5,6606.25,6588.25,6600.75
1775577600,6600.5,6633,6600.25,6614.5
1775578500,6614.5,6628.25,6610.75,6622
1775579400,6621.75,6626,6616,6623.5
1775580300,6623.5,6631.75,6622.75,6623.5
1775581200,6623.25,6631.75,6620.5,6625.25
1775582100,6625.25,6627.5,6617.25,6620.75
1775583000,6620.75,6646.5,6619.25,6630.5
1775583900,6630.5,6636,6626.5,6630
1775584800,6630.25,6633,6623.5,6627.5
1775585700,6627.5,6632.5,6623,6624.5
1775586600,6624.25,6626.25,6614,6617.25
1775587500,6617.5,6618,6597,6602.25
1775588400,6602.5,6608.75,6596.75,6607.5
1775589300,6607.5,6645,6606,6629.75
1775590200,6629.75,6635.75,6622,6631.25
1775591100,6631,6659.5,6627.75,6655.5
1775592000,6655.5,6664.75,6649.25,6662.75
1775592900,6663,6668,6653.75,6657.25
1775593800,6657.5,6673.5,6657,6664.5
1775594700,6664.25,6669.75,6660.25,6663.5
1775599200,6689,6734.25,6688.5,6713.75
1775600100,6713.25,6716.75,6708.5,6711.75
1775601000,6712,6771.75,6652.25,6756.25
1775601900,6757,6793.5,6750.75,6791.75
1775602800,6791.75,6801.5,6783.5,6795
1775603700,6795,6818.75,6794,6808.75
1775604600,6809,6812,6799.5,6800
1775605500,6800,6808,6797.75,6804.25
1775606400,6804.25,6810,6794.25,6799.25
1775607300,6799.25,6800,6791.5,6793.5
1775608200,6793.75,6800,6788,6795.25
1775609100,6795.5,6807.25,6793.75,6803.5
1775610000,6803.5,6811.25,6800.75,6806.75
1775610900,6806.5,6809.5,6799,6801
1775611800,6801.25,6807.75,6799.75,6806.5
1775612700,6806.75,6812.75,6806.75,6809.25
1775613600,6809,6813.5,6809,6813
1775614500,6813,6814.75,6811,6811.5
1775615400,6811.75,6817,6810.5,6815.25
1775616300,6815.5,6818,6815,6817.5
1775617200,6817.5,6819,6816.25,6817
1775618100,6816.75,6817.75,6812,6813.25
1775619000,6813.5,6814.75,6812.75,6813.25
1775619900,6813.25,6815.5,6812.25,6815
1775620800,6815.25,6822,6815.25,6820
1775621700,6820.25,6824,6819,6822.5
1775622600,6822.5,6824.75,6821.5,6823
1775623500,6823,6823.75,6819.5,6819.75
1775624400,6819.75,6821.5,6817.75,6821
1775625300,6821,6828.75,6820.5,6827.5
1775626200,6827.5,6832.75,6825.5,6829.25
1775627100,6829.25,6837.5,6828.25,6836
1775628000,6836.25,6838,6830.75,6836.25
1775628900,6836.25,6837.5,6829.25,6831
1775629800,6830.75,6833.75,6828.5,6831.75
1775630700,6831.75,6835,6829,6829.75
1775631600,6830,6830.25,6821.5,6824.25
1775632500,6824.25,6832.75,6821.5,6826
1775633400,6825.75,6826,6820,6822.5
1775634300,6822.25,6825,6817.5,6818.5
1775635200,6818.75,6822.25,6817,6821.5
1775636100,6821.5,6826.75,6820.5,6824.75
1775637000,6824.75,6828.5,6817,6820
1775637900,6820,6834.5,6819.5,6834
1775638800,6834,6840.5,6830.5,6839.25
1775639700,6839.25,6840.75,6835.25,6835.5
1775640600,6835.5,6836.75,6828,6829.25
1775641500,6829.5,6838,6828.75,6832
1775642400,6831.75,6834.5,6828.75,6829.5
1775643300,6829.5,6835.25,6827.25,6834.75
1775644200,6834.75,6836.25,6831.75,6835.5
1775645100,6835.5,6837.75,6833,6833.75
1775646000,6833.5,6836,6828.5,6834
1775646900,6834,6846.75,6832.5,6845.25
1775647800,6845,6847.25,6840,6841.5
1775648700,6841.5,6846.25,6838.5,6839.25
1775649600,6839.5,6845.25,6837.75,6842.25
1775650500,6842.5,6842.5,6820.75,6831.25
1775651400,6831,6835.25,6825.5,6829
1775652300,6828.75,6836,6828.5,6831.75
1775653200,6831.75,6836.25,6831,6834
1775654100,6834.25,6836.5,6827,6829.5
1775655000,6829.5,6836.75,6813.25,6816.25
1775655900,6816.5,6829.75,6805,6811.75
1775656800,6811.75,6818,6806,6814.5
1775657700,6814.75,6818.5,6805.5,6806.5
1775658600,6806.5,6809,6797,6799.25
1775659500,6799.25,6801.75,6780,6794
1775660400,6793.75,6805.25,6789.75,6796.5
1775661300,6796.5,6801.25,6792.5,6795.25
1775662200,6795.5,6808.25,6795.25,6807.5
1775663100,6807.5,6816.25,6807.5,6814
1775664000,6814,6822.25,6813.75,6814.25
1775664900,6814.25,6816.25,6809.75,6815
1775665800,6815.25,6824,6813.75,6823.75
1775666700,6823.75,6827.5,6823,6825.75
1775667600,6826,6829.75,6822.25,6824
1775668500,6824,6826,6813,6815.75
1775669400,6815.5,6822.5,6812.5,6821.25
1775670300,6821,6823.5,6818.75,6822.75
1775671200,6823,6830,6818.75,6828.5
1775672100,6828.25,6831.25,6808,6813.75
1775673000,6813.75,6818.5,6804,6804.75
1775673900,6805,6808.5,6793,6794
1775674800,6794,6809.25,6792.5,6807.75
1775675700,6808,6809.5,6798.25,6799.5
1775676600,6799.5,6814.75,6799,6811.25
1775677500,6811.25,6825.25,6810.75,6823.5
1775678400,6823.5,6827,6819,6820.5
1775679300,6820.25,6823.5,6819,6819.75
1775680200,6819.5,6820.25,6817,6817.25
1775681100,6817.25,6817.75,6814.25,6816.25
1775685600,6814.25,6823,6814.25,6817.25
1775686500,6817.25,6819,6809.5,6813.75
1775687400,6814,6820,6814,6815.75
1775688300,6816,6816.5,6814.25,6815.75
1775689200,6815.75,6820.75,6814,6818.25
1775690100,6818.25,6819.75,6814.5,6814.75
1775691000,6815.25,6816,6813.25,6813.75
1775691900,6814,6816,6812,6812.75
1775692800,6812.75,6813.75,6806.75,6811.75
1775693700,6811.5,6816.25,6810,6811.75
1775694600,6811.75,6817.5,6811.75,6815.5
1775695500,6815.75,6816,6810.25,6811.75
1775696400,6811.75,6814,6807,6808.25
1775697300,6808.25,6809.25,6803.5,6806
1775698200,6806,6811.25,6805.25,6808.5
1775699100,6808.25,6812.5,6805.25,6811
1775700000,6811,6813.75,6809.5,6810.75
1775700900,6810.75,6813.25,6809.75,6810.25
1775701800,6810.25,6812.25,6810.25,6811.25
1775702700,6811.25,6815,6810,6810.25
1775703600,6810.25,6812,6809,6809.75
1775704500,6809.75,6809.75,6807.25,6808
1775705400,6807.75,6811,6807.75,6809
1775706300,6808.75,6812,6806.25,6810.5
1775707200,6810.5,6811.25,6809,6810.5
1775708100,6810.75,6811,6807.75,6809
1775709000,6809.25,6810.5,6807.75,6809.5
1775709900,6809.75,6811.25,6808.5,6808.75
1775710800,6808.75,6810,6805,6808.75
1775711700,6808.75,6813.5,6808.75,6813
1775712600,6812.75,6816.25,6811.75,6814.5
1775713500,6814.5,6814.75,6810,6811.5
1775714400,6811.75,6817.25,6811.25,6812
1775715300,6812,6812.5,6809.5,6811.5
1775716200,6811.5,6812.75,6809,6811.5
1775717100,6811.25,6811.5,6806,6811.25
1775718000,6811.25,6813.25,6804.25,6806
1775718900,6806,6806.5,6800,6804
1775719800,6804.25,6805.5,6796.5,6797
1775720700,6797.25,6799.25,6794,6798.75
1775721600,6798.75,6800.5,6793.25,6793.5
1775722500,6793.5,6796.75,6792.5,6793.5
1775723400,6793.5,6801.25,6793.5,6801.25
1775724300,6800.75,6801.75,6794.25,6795.25
1775725200,6795.25,6800.25,6792.5,6800
1775726100,6799.75,6802.5,6799,6801.75
1775727000,6801.75,6802.25,6798.25,6799.75
1775727900,6799.75,6802.25,6798.75,6802
1775728800,6802,6804,6800,6801.5
1775729700,6801.25,6803.75,6798.5,6802.25
1775730600,6802.25,6803.5,6799,6802.25
1775731500,6802.25,6804.5,6795,6795.75
1775732400,6795.25,6799.75,6794.25,6796.75
1775733300,6796.5,6798,6794,6795.75
1775734200,6795.75,6806.5,6795.75,6804.75
1775735100,6804.75,6807.75,6802.75,6805.25
1775736000,6805.5,6809.75,6805,6806.25
1775736900,6806.25,6808.75,6804.5,6806.75
1775737800,6806.5,6813,6801,6807
1775738700,6807,6810.5,6803.75,6807
1775739600,6807.25,6808.75,6804.25,6807.75
1775740500,6807.5,6813.75,6805.25,6812.75
1775741400,6812.75,6821.75,6808.75,6819.25
1775742300,6819.25,6820.75,6810.25,6816.75
1775743200,6816.5,6821,6811,6811.75
1775744100,6811.5,6811.75,6803,6806.75
1775745000,6806.75,6810.25,6801.75,6806.5
1775745900,6806.25,6819,6806,6816.75
1775746800,6816.75,6822,6809.5,6820.75
1775747700,6820.75,6829.5,6820.75,6823.25
1775748600,6823.25,6845,6821.25,6838.75
1775749500,6838.75,6853.25,6835,6852.25
1775750400,6852.25,6872,6852.25,6859.5
1775751300,6859.5,6868.25,6858.75,6863.25
1775752200,6863.25,6864.25,6854.5,6857.75
1775753100,6857.5,6865.25,6853.5,6862.75
1775754000,6863,6871.75,6861.75,6868.5
1775754900,6868.5,6874.75,6867,6867.25
1775755800,6867.25,6876,6860.5,6870.75
1775756700,6870.75,6873.75,6867.5,6869.75
1775757600,6869.75,6870.5,6851,6857.25
1775758500,6857,6860,6850,6852.75
1775759400,6852.5,6858.25,6848,6854
1775760300,6853.75,6857.25,6851.75,6855.25
1775761200,6855.25,6866.75,6853.5,6864.5
1775762100,6864.25,6866.5,6860,6863
1775763000,6863.25,6871.25,6862.5,6868
1775763900,6868,6870.5,6861.5,6861.75
1775764800,6861.75,6863.5,6856.25,6859.25
1775765700,6859.5,6860.5,6857,6859.75
1775766600,6859.75,6863.25,6859.5,6862.5
1775767500,6862.75,6863,6857.5,6860.75
1775772000,6858,6862.5,6856.25,6861.75
1775772900,6861.75,6862.25,6855.5,6856
1775773800,6856,6859.75,6855.25,6857.5
1775774700,6857.5,6858,6852.75,6853.75
1775775600,6854,6854.75,6851,6854.25
1775776500,6854.75,6855.5,6853.25,6853.75
1775777400,6854,6855.25,6853,6854
1775778300,6854.25,6858.5,6853.75,6856
1775779200,6856,6856.5,6852,6854.5
1775780100,6854.25,6858.25,6853,6857.75
1775781000,6857.75,6861.25,6857.25,6859.5
1775781900,6859.25,6865.5,6858,6864.25
1775782800,6864,6864.5,6860.75,6862
1775783700,6861.75,6866,6861,6865.5
1775784600,6865.5,6869.25,6864.5,6868.5
1775785500,6868.25,6868.75,6865.5,6866.25
1775786400,6866.25,6867,6862.5,6863
1775787300,6863.25,6863.5,6860,6861.75
1775788200,6861.5,6864,6861,6863.25
1775789100,6863,6864,6862.75,6863.25
1775790000,6863.25,6865.75,6863.25,6865.5
1775790900,6865.75,6865.75,6862.5,6863
1775791800,6862.75,6868.5,6862.75,6866.25
1775792700,6866.5,6867.75,6865.75,6866.5
1775793600,6866.5,6867,6864,6864.75
1775794500,6864.75,6865.75,6864,6864.75
1775795400,6864.5,6865,6861.5,6863
1775796300,6862.75,6863.75,6862,6862.75
1775797200,6862.75,6866.25,6862.75,6864.25
1775798100,6864.25,6865.5,6862.75,6862.75
1775799000,6863,6865.25,6862.5,6863.25
1775799900,6863.5,6864.25,6861.5,6862.25
1775800800,6862,6862.75,6858.25,6858.5
1775801700,6858.5,6859,6856.5,6857.75
1775802600,6857.75,6858.75,6854.25,6856.25
1775803500,6856.5,6857.5,6854.25,6856.5
1775804400,6856.5,6859.5,6856,6857
1775805300,6857.25,6861,6855,6860.5
1775806200,6860.75,6862.75,6859.25,6860
1775807100,6860,6864,6858.5,6861.5
1775808000,6861.75,6862,6854.75,6855.75
1775808900,6855.75,6858.25,6853.25,6857.25
1775809800,6857,6859,6856.25,6858
1775810700,6858,6858.25,6850.5,6851.5
1775811600,6851.5,6854.75,6851.5,6853
1775812500,6853,6867,6852.5,6859
1775813400,6859,6859.75,6854.25,6858.75
1775814300,6859,6864.25,6858.25,6862.75
1775815200,6862.75,6864,6857.75,6858.5
1775816100,6858.5,6866.75,6858.5,6864.25
1775817000,6864.75,6865.5,6861.5,6864
1775817900,6864,6866.75,6863.5,6864.25
1775818800,6864.5,6869,6864,6866.5
1775819700,6866.5,6870.5,6866,6868.75
1775820600,6868.75,6871,6866,6866.5
1775821500,6866.25,6868,6862.25,6864.25
1775822400,6864.5,6866.75,6862.5,6866.25
1775823300,6866.25,6879.5,6864.75,6872.75
1775824200,6873.75,6888,6869.75,6872.75
1775825100,6873,6874.75,6870,6871.5
1775826000,6871.25,6875.25,6869,6874
1775826900,6874.25,6875,6870.75,6875
1775827800,6875,6881.5,6866.75,6870.5
1775828700,6870.75,6872,6864,6870
1775829600,6869.75,6875,6862.5,6874.5
1775830500,6874.5,6878.25,6871.5,6877.75
1775831400,6877.75,6882,6866.25,6871
1775832300,6871.25,6877.25,6868.5,6875.75
1775833200,6876,6879.75,6871.25,6878.5
1775834100,6878.25,6883,6873.75,6875
1775835000,6874.75,6877,6862.75,6867
1775835900,6866.75,6869.75,6853.5,6856.75
1775836800,6856.75,6863.25,6853.25,6861.25
1775837700,6861.5,6863.25,6856,6857.25
1775838600,6857.25,6859.5,6847,6848.75
1775839500,6848.75,6859,6848,6856.75
1775840400,6856.75,6857,6848,6853
1775841300,6853,6854.5,6847.75,6848.25
1775842200,6848.25,6854.75,6846.25,6853.75
1775843100,6853.75,6857.5,6852.75,6856.75
1775844000,6856.75,6857,6850.75,6854
1775844900,6854,6859.5,6853.75,6856.5
1775845800,6856.5,6857,6850.75,6853
1775846700,6852.75,6856,6852.25,6855.5
1775847600,6855.75,6862.25,6855.25,6862
1775848500,6861.75,6862,6856.5,6858.75
1775849400,6858.75,6858.75,6849.25,6853
1775850300,6853.25,6858,6848.75,6855.5
1775851200,6855.5,6857.5,6851,6856.25
1775852100,6856.25,6860.5,6855.75,6858.75
1775853000,6858.75,6861.25,6858.25,6860.75
1775853900,6860.75,6864.25,6859.25,6863.75
1776031200,6780,6794.5,6770,6785.25
1776032100,6785.25,6785.5,6768.75,6771.25
1776033000,6771.25,6778.5,6767,6775.5
1776033900,6775.5,6779,6774.25,6778.25
1776034800,6778.25,6778.5,6773.25,6776
1776035700,6776.25,6777.25,6773.5,6776.5
1776036600,6776.5,6776.5,6772.5,6774.5
1776037500,6774.5,6784.75,6772.25,6784.25
1776038400,6784.5,6788.75,6777.25,6787.75
1776039300,6788,6790.5,6786.25,6787.75
1776040200,6787.75,6793.25,6786.25,6791.75
1776041100,6791.5,6800.5,6791.25,6800.25
1776042000,6800.5,6807.75,6800.25,6805
1776042900,6805,6805.5,6802.5,6804.25
1776043800,6804.25,6807,6800,6801.25
1776044700,6801,6806.5,6800.25,6805.25
1776045600,6805.25,6805.25,6800.75,6801.25
1776046500,6801.5,6803.75,6800.75,6802.5
1776047400,6802.5,6804,6801.5,6803.5
1776048300,6803.5,6806.25,6802.25,6805.5
1776049200,6805.75,6807,6801.5,6802
1776050100,6801.75,6805.25,6801.75,6804.25
1776051000,6804.25,6804.5,6801.5,6803.5
1776051900,6803.75,6803.75,6800.75,6801.25
1776052800,6801.5,6803,6799.25,6802.25
1776053700,6802.25,6805.5,6802,6804.5
1776054600,6804.75,6806,6803.75,6804.25
1776055500,6804.25,6811,6803.5,6807.75
1776056400,6807.5,6808.5,6804.75,6805.75
1776057300,6805.75,6809.5,6802.25,6807.5
1776058200,6807.75,6807.75,6804.75,6806.25
1776059100,6806.5,6809.75,6806.25,6808.25
1776060000,6808.5,6812.5,6808.5,6811
1776060900,6811,6816.75,6810.75,6815
1776061800,6815,6816,6812,6812.75
1776062700,6812.75,6814.5,6812,6814.5
1776063600,6814.5,6817.25,6814.25,6815.5
1776064500,6815.25,6818.25,6810,6815.75
1776065400,6816,6817,6812.75,6814.75
1776066300,6814.75,6815,6810.5,6812.5
1776067200,6812.25,6819,6812,6815.5
1776068100,6815.25,6819.75,6813.75,6818.25
1776069000,6818.5,6819,6810.25,6813.75
1776069900,6813.75,6815.75,6812,6813.25
1776070800,6813.25,6820,6813.25,6815
1776071700,6815,6819,6814.5,6817
1776072600,6817,6819,6814,6815
1776073500,6815,6815.5,6812.25,6813.5
1776074400,6813.75,6815.5,6812,6813.25
1776075300,6813.25,6813.75,6811.25,6813.5
1776076200,6813.75,6815,6811.25,6812.5
1776077100,6812.5,6821.5,6811.5,6821
1776078000,6821.25,6831.5,6820,6821.75
1776078900,6821.75,6822.5,6814.5,6815.75
1776079800,6815.5,6816.5,6807.5,6811.75
1776080700,6812,6813.75,6802.5,6804.75
1776081600,6805,6812,6802.5,6811.5
1776082500,6811.5,6813,6809.75,6812
1776083400,6812.5,6817.25,6811.25,6816.75
1776084300,6816.5,6824.75,6816.25,6822.5
1776085200,6822.75,6827.75,6821.5,6827.25
1776086100,6827,6834.75,6824.5,6834.75
1776087000,6834.75,6840,6826.5,6830.25
1776087900,6830.5,6859,6827.75,6858.5
1776088800,6858,6861.5,6849.5,6852
1776089700,6852,6857.75,6845,6857
1776090600,6857.25,6863,6854.25,6861.25
1776091500,6861.25,6868.25,6856,6867
1776092400,6866.75,6867,6857.75,6861.5
1776093300,6861.75,6863.25,6856,6856.5
1776094200,6856.5,6864,6853.75,6856.75
1776095100,6856.5,6857.75,6854.25,6856.25
1776096000,6856,6865.5,6851.25,6860
1776096900,6860.25,6878,6858.5,6875.5
1776097800,6875.5,6884.75,6868.5,6877.25
1776098700,6877.25,6890,6876.25,6884.75
1776099600,6884.75,6887.25,6882.5,6885
1776100500,6885,6890,6884.25,6886.5
1776101400,6886.5,6888.75,6882.25,6883.25
1776102300,6883.25,6885,6880.25,6883.25
1776103200,6883.25,6888,6883,6887.5
1776104100,6887.25,6888.5,6884,6885.5
1776105000,6885.5,6890,6884.5,6889.5
1776105900,6889.75,6896.75,6889.5,6894.75
1776106800,6894.75,6897.75,6892,6893.5
1776107700,6893.75,6900.25,6893,6900
1776108600,6899.75,6907.25,6898.25,6903.75
1776109500,6903.75,6924.75,6899.5,6921.25
1776110400,6921.25,6925.5,6919.25,6923.25
1776111300,6923.25,6925.75,6921.75,6923.75
1776112200,6923.5,6926.75,6923.25,6925.75
1776113100,6925.75,6928.25,6925.75,6927.5
1776117600,6925.25,6930,6924.25,6927.5
1776118500,6927.25,6928.25,6925.75,6925.75
1776119400,6925.75,6928,6925.5,6926.25
1776120300,6926.5,6928.25,6925,6927.25
1776121200,6927.5,6931.75,6925.25,6929.25
1776122100,6929.25,6930,6927.75,6928
1776123000,6927.75,6928.75,6926.75,6928.5
1776123900,6928.25,6930,6925,6925.75
1776124800,6925.75,6925.75,6920.5,6924.25
1776125700,6924.25,6925.75,6922.25,6923.25
1776126600,6923,6927.75,6923,6926.5
1776127500,6926.25,6926.75,6924.5,6926
1776128400,6926,6926,6922,6925
1776129300,6925,6926,6923.5,6924.5
1776130200,6924.25,6925.25,6922.5,6924.75
1776131100,6925,6926,6923.5,6923.75
1776132000,6923.75,6927.25,6923.25,6926.75
1776132900,6926.75,6927.25,6924.5,6926.5
1776133800,6926.25,6927.5,6925.25,6926.25
1776134700,6926.25,6926.75,6924.75,6925.5
1776135600,6925.75,6925.75,6922.75,6923.5
1776136500,6923.5,6924,6922.25,6923
1776137400,6923,6923.5,6922,6923.25
1776138300,6923,6924.75,6922.5,6924.25
1776139200,6924,6924.5,6923.5,6923.75
1776140100,6923.75,6925.75,6923.75,6924.75
1776141000,6924.75,6925,6923.75,6924
1776141900,6924.25,6925.5,6924.25,6925.25
1776142800,6925.25,6925.5,6924.5,6925.25
1776143700,6925.5,6926,6923.25,6924.75
1776144600,6924.75,6924.75,6921.5,6922.75
1776145500,6922.5,6923.75,6921.75,6922
1776146400,6922,6922.75,6920.75,6921.5
1776147300,6921.5,6924,6920.25,6923.25
1776148200,6923,6927.5,6922.5,6926.25
1776149100,6926.25,6926.75,6923.5,6926
1776150000,6926,6936.5,6924.75,6933.75
1776150900,6933.75,6936,6931.25,6934
1776151800,6933.75,6938,6932.25,6933.5
1776152700,6933.25,6935,6931.25,6933.25
1776153600,6933.25,6937,6931.75,6935.5
1776154500,6935.5,6937.25,6932.75,6936.75
1776155400,6937,6939,6934.5,6937.5
1776156300,6937.75,6940.75,6937.5,6939.75
1776157200,6940,6942.25,6939.5,6941
1776158100,6941,6941.75,6936.5,6937.25
1776159000,6937,6937,6932.75,6934.5
1776159900,6934.5,6934.5,6932.5,6933.5
1776160800,6933.5,6936.5,6931.25,6935.75
1776161700,6935.75,6937.25,6933.5,6935.5
1776162600,6935.5,6936.5,6928,6928.5
1776163500,6928.75,6932.25,6928.25,6929.5
1776164400,6929.25,6933,6928,6931.5
1776165300,6931.5,6937.5,6931.5,6936.25
1776166200,6936.5,6937.5,6934.25,6935.25
1776167100,6935.25,6945.25,6934.75,6939
1776168000,6939.25,6944.75,6939,6940.5
1776168900,6940.5,6945,6937.25,6944.75
1776169800,6944.75,6949.5,6939,6940.75
1776170700,6941,6941.25,6936.5,6939.75
1776171600,6939.75,6941.5,6937.25,6940
1776172500,6940.25,6942.75,6937.5,6937.75
1776173400,6937.75,6961.25,6937.5,6960
1776174300,6959.75,6960.25,6955.5,6956.5
1776175200,6956.5,6971,6956,6970.75
1776176100,6970.5,6972.25,6967.25,6971.75
1776177000,6971.5,6975.75,6967.75,6970.5
1776177900,6970.75,6979,6970.25,6977
1776178800,6977,6977.75,6970.75,6971.75
1776179700,6971.75,6987,6971.25,6984.75
1776180600,6984.75,6993.5,6984.5,6990.25
1776181500,6990.5,6995.25,6990,6990.5
1776182400,6990.75,6993.75,6989.75,6992
1776183300,6992,6999.25,6991.5,6998.25
1776184200,6998.25,6999.5,6993.75,6997
1776185100,6996.75,6998.25,6990,6991.25
1776186000,6991.5,6995.75,6991.25,6994.25
1776186900,6994.5,7002.5,6994,6999.5
1776187800,6999.5,7003.25,6999.25,7002.25
1776188700,7002.25,7002.5,6998,6999.5
1776189600,6999.5,7001.5,6997,6997.25
1776190500,6997.5,6998,6983.25,6988.25
1776191400,6988,6994,6987,6987.75
1776192300,6987.75,6990,6985,6989.75
1776193200,6989.5,6999.75,6988.75,6997
1776194100,6997,7005,6996.75,7004.5
1776195000,7004.75,7008,6999.25,7002.75
1776195900,7002.75,7006.5,6997,7006
1776196800,7006,7007.25,7000.5,7003.25
1776197700,7003,7005.5,7002.75,7005.5
1776198600,7005.5,7006,7003.5,7005.25
1776199500,7005,7005.25,7003.75,7004.25
1776204000,7004,7008.5,7001.75,7006.75
1776204900,7006.75,7009,7006.25,7006.75
1776205800,7006.75,7007.5,7005,7007
1776206700,7007,7008,7004.75,7005.25
1776207600,7005.25,7008,7005,7006.75
1776208500,7006.75,7008.25,7006.5,7007.75
1776209400,7007.75,7012.25,7006.5,7009.75
1776210300,7010,7013.75,7008.5,7008.75
1776211200,7008.5,7009.75,7006,7008.25
1776212100,7008,7009.5,7006.75,7008.25
1776213000,7008.5,7009,7005,7005.75
1776213900,7005.75,7009.75,7005.25,7008.75
1776214800,7008.75,7012.5,7007,7012.25
1776215700,7012.25,7012.5,7009.75,7011.75
1776216600,7011.75,7012,7008.75,7011
1776217500,7011,7012.5,7010.75,7011.25
1776218400,7011.25,7011.5,7008.25,7009.25
1776219300,7009.25,7009.75,7007,7007.25
1776220200,7007.25,7007.5,7003.75,7005.5
1776221100,7005.25,7006.25,7004.25,7005
1776222000,7005,7006.75,7004.75,7005.5
1776222900,7005.25,7006.5,7005,7005.5
1776223800,7005.75,7008.25,7005.5,7008.25
1776224700,7008,7011,7007.25,7010
1776225600,7010,7010.5,7008.5,7010
1776226500,7010,7011,7009.75,7010.5
1776227400,7010.5,7010.75,7009.5,7009.75
1776228300,7009.75,7009.75,7007.25,7007.75
1776229200,7007.75,7017.25,7005.5,7008.75
1776230100,7008.75,7009,7003.25,7004.75
1776231000,7004.75,7005,7000.5,7001.75
1776231900,7001.75,7004.25,7001,7003.75
1776232800,7004,7006.5,7003,7003.75
1776233700,7003.75,7006.5,7003.25,7006.25
1776234600,7006,7008,7006,7007.25
1776235500,7007.5,7007.5,7004.5,7005.25
1776236400,7005.25,7006.5,7003,7005
1776237300,7005.25,7005.25,7001.75,7002.75
1776238200,7002.5,7005.75,7002.25,7004.5
1776239100,7004.25,7007,6999.25,7005.25
1776240000,7005.5,7007.5,7003.75,7005.5
1776240900,7005.5,7007.75,7002.5,7007.5
1776241800,7007.5,7009.75,7006.75,7007.25
1776242700,7007.25,7010.5,7006.5,7008.5
1776243600,7008.75,7010.25,7000,7002.5
1776244500,7002.5,7004.75,7000.5,7001.75
1776245400,7001.5,7003.25,6999.25,7000.75
1776246300,7000.5,7002.5,7000.25,7000.25
1776247200,7000.25,7005.25,6999.5,7002
1776248100,7002,7002.25,6992.75,6994.75
1776249000,6994.75,7002,6991.75,7001.75
1776249900,7001.5,7003.75,6999.5,7002
1776250800,7002,7006.25,7001.5,7005.5
1776251700,7005.5,7006.25,7001.5,7003.25
1776252600,7003.5,7008,7003,7005
1776253500,7005,7018,7003.5,7009
1776254400,7009.25,7011.25,7002.25,7005
1776255300,7005.25,7007.5,7001.5,7005.25
1776256200,7005.25,7012,7004.25,7010.75
1776257100,7010.75,7011,7008,7008.5
1776258000,7008.75,7011,7006,7010.25
1776258900,7010.25,7015,7008.5,7014.25
1776259800,7014.25,7024.75,7004,7005.25
1776260700,7005.5,7018.5,7005.25,7018
1776261600,7017.75,7021,7011.5,7021
1776262500,7021,7031,7019.5,7031
1776263400,7031,7032.25,7020.75,7029
1776264300,7029.25,7033,7027.75,7029
1776265200,7029.25,7035,7026,7034.75
1776266100,7035,7037.5,7033.5,7035.75
1776267000,7035.75,7037.5,7030.25,7036.25
1776267900,7036,7037.5,7031,7032
1776268800,7032,7036.75,7029.75,7035.5
1776269700,7035.75,7040.25,7034.25,7035.75
1776270600,7035.75,7037.25,7025.75,7026
1776271500,7026,7030,7019.25,7027.25
1776272400,7027.25,7036.25,7026.5,7033.75
1776273300,7033.75,7038.25,7032.75,7036.25
1776274200,7036.25,7042.25,7035,7036.75
1776275100,7036.75,7040.75,7036.5,7037
1776276000,7036.75,7048.5,7033.75,7045
1776276900,7045,7048.75,7044,7047
1776277800,7047,7054,7046.75,7051
1776278700,7051,7060.5,7051,7058.25
1776279600,7058.5,7061.5,7055.75,7056.5
1776280500,7056.5,7062.25,7055.5,7061.75
1776281400,7061.75,7063.25,7054.25,7056.75
1776282300,7056.75,7064.5,7055.25,7060
1776283200,7060.25,7062.5,7054.25,7056
1776284100,7055.75,7058.75,7055.75,7057.25
1776285000,7057,7060,7057,7058.5
1776285900,7058.5,7059.75,7056.5,7058.25
1776290400,7057.25,7062.25,7055.5,7061
1776291300,7060.75,7062.5,7059.75,7061.75
1776292200,7062,7065.75,7062,7064
1776293100,7064.25,7065.5,7064,7065.5
1776294000,7065.5,7066.75,7064.5,7065.25
1776294900,7065.25,7066.25,7064,7065
1776295800,7065.25,7067.5,7064.75,7067
1776296700,7067.25,7070,7066.75,7069
1776297600,7069,7070,7066,7069.25
1776298500,7069,7072,7067.5,7068
1776299400,7068.25,7072.5,7068.25,7071.5
1776300300,7071.75,7076,7071,7073.75
1776301200,7073.75,7074.5,7071.25,7073.25
1776302100,7073.5,7075.75,7073.25,7074
1776303000,7073.75,7077.5,7072,7075.75
1776303900,7075.5,7075.75,7072.25,7072.5
1776304800,7072.75,7075,7072.5,7073.5
1776305700,7073.25,7074,7072.25,7073.75
1776306600,7073.75,7075.75,7072.75,7074.5
1776307500,7074.75,7075.25,7070.5,7072
1776308400,7072,7075.5,7071.75,7073.75
1776309300,7073.75,7074.5,7072.25,7072.75
1776310200,7073,7073.5,7071.5,7072.25
1776311100,7072,7073.25,7071.25,7071.25
1776312000,7071.25,7071.5,7070,7071.5
1776312900,7071.5,7072.75,7070.25,7070.5
1776313800,7070.5,7071.25,7069.75,7071
1776314700,7071,7071.75,7070.5,7071.25
1776315600,7071.5,7071.75,7068.25,7068.75
1776316500,7068.5,7072.5,7068.5,7072.25
1776317400,7072.25,7074.5,7071.75,7072
1776318300,7072.25,7074,7072,7073.5
1776319200,7073.25,7078,7073.25,7076.75
1776320100,7077,7077.75,7074.75,7076.75
1776321000,7076.75,7078.5,7074,7076.5
1776321900,7076.75,7077.75,7076.5,7077
1776322800,7077,7077.25,7072.75,7073
1776323700,7073,7076.25,7072.75,7075.25
1776324600,7075.25,7077,7074,7076.25
1776325500,7076.25,7076.5,7069.25,7070.75
1776326400,7070.75,7072,7065.75,7065.75
1776327300,7066.25,7068,7063.5,7065.25
1776328200,7065.25,7066.5,7062,7066.25
1776329100,7066,7068.5,7066,7067.75
1776330000,7067.75,7070.5,7067,7069
1776330900,7069,7069.5,7066.5,7067
1776331800,7067,7068.25,7066.5,7067.25
1776332700,7067,7068.5,7065,7068.5
1776333600,7068.5,7070.75,7068.25,7069
1776334500,7069,7069.5,7066.25,7066.75
1776335400,7067,7067,7061.5,7062.25
1776336300,7062.25,7065.5,7059,7064.75
1776337200,7064.5,7067,7064.5,7066.75
1776338100,7066.75,7068,7062.75,7065
1776339000,7065,7069.5,7065,7066.75
1776339900,7066.75,7070,7065.5,7068.5
1776340800,7068.75,7071.25,7065.5,7067.5
1776341700,7067.25,7070.75,7067,7070.5
1776342600,7070.75,7073.25,7067.5,7071.5
1776343500,7071.25,7071.25,7067,7069.5
1776344400,7069.5,7073.75,7069.5,7071.5
1776345300,7071.5,7072.5,7067.5,7071.75
1776346200,7071.5,7074,7062,7069.5
1776347100,7069.25,7070,7046.5,7056.25
1776348000,7056,7062.5,7048,7057.5
1776348900,7057.5,7059.5,7047.75,7052.5
1776349800,7052.5,7056.25,7049.75,7055.75
1776350700,7055.75,7063,7054.75,7060.5
1776351600,7060.25,7076,7060.25,7075.75
1776352500,7075.75,7081.75,7069,7069.25
1776353400,7069.25,7085.75,7067.5,7075.25
1776354300,7075.25,7084.5,7071.25,7084
1776355200,7084,7086.75,7082.25,7085.75
1776356100,7086,7089,7080.25,7081.75
1776357000,7081.75,7082.25,7063.25,7075
1776357900,7075,7078,7069,7069.5
1776358800,7069.75,7070.25,7061.5,7062
1776359700,7062,7071,7059.5,7068.25
1776360600,7068.5,7075.75,7067.25,7075
1776361500,7075,7076.5,7062.75,7067.75
1776362400,7067.5,7073.5,7061,7067
1776363300,7067,7069,7056.25,7059.5
1776364200,7059.5,7071,7059.25,7069.5
1776365100,7069.5,7072,7065.25,7068.75
1776366000,7068.75,7073.25,7067.5,7069.75
1776366900,7069.5,7073.75,7069.5,7070.5
1776367800,7070.75,7077.75,7069.75,7074.75
1776368700,7074.75,7080.75,7073,7076.75
1776369600,7076.75,7078.5,7074.5,7075.5
1776370500,7075.25,7077,7074.75,7076.5
1776371400,7076.5,7079.75,7076.25,7078.75
1776372300,7078.75,7080,7078,7078.25
1776376800,7077.25,7081.5,7075.5,7080.75
1776377700,7080.75,7082.25,7079.75,7082
1776378600,7082,7083.25,7081.5,7082.75
1776379500,7082.5,7083,7081.75,7082.25
1776380400,7082.25,7083.5,7081.25,7081.5
1776381300,7081.5,7084.75,7081.25,7083
1776382200,7082.75,7085.5,7082,7084.25
1776383100,7084.25,7084.5,7082.25,7083.5
1776384000,7083.5,7083.5,7078,7079
1776384900,7078.75,7084,7077.75,7083
1776385800,7083,7084.25,7082,7082.25
1776386700,7082.5,7083.75,7081.75,7082.75
1776387600,7082.75,7084.5,7081.75,7083.25
1776388500,7083.25,7084.5,7081.25,7082
1776389400,7082.25,7084.25,7081.75,7083.75
1776390300,7083.5,7084.5,7081.75,7083.25
1776391200,7083.25,7084,7079.75,7081
1776392100,7081,7081.25,7077.25,7078.75
1776393000,7078.75,7080.75,7078.25,7079.25
1776393900,7079,7079.5,7078,7078.75
1776394800,7078.5,7079.5,7076.5,7076.75
1776395700,7077,7078.75,7076.25,7077.75
1776396600,7077.75,7078.25,7076.5,7077.5
1776397500,7077.5,7078.5,7077.25,7078
1776398400,7078.25,7081,7077.5,7081
1776399300,7081,7083,7080.75,7082
1776400200,7082,7082.75,7080.75,7081
1776401100,7081,7082,7079.25,7079.25
1776402000,7079.5,7079.5,7075.25,7077.5
1776402900,7077.5,7079.25,7077,7079
1776403800,7079,7082,7076.75,7081
1776404700,7081,7081.75,7080.75,7081.25
1776405600,7081.5,7083.75,7080.5,7082.75
1776406500,7082.5,7083.5,7079.75,7080.5
1776407400,7080.25,7080.25,7077.25,7079.75
1776408300,7079.5,7082,7079.25,7079.75
1776409200,7080,7086.5,7080,7084
1776410100,7084,7084,7080.75,7082.75
1776411000,7082.75,7084.5,7082,7084
1776411900,7083.75,7087.75,7081.75,7086.5
1776412800,7086.5,7087.75,7084.5,7085.75
1776413700,7085.75,7088,7084.75,7087.25
1776414600,7087.5,7090.5,7085.75,7090.25
1776415500,7090,7091,7088.5,7090.75
1776416400,7090.75,7092.75,7088.75,7089.5
1776417300,7089.75,7092,7087.75,7091.5
1776418200,7091.75,7091.75,7088.75,7091.25
1776419100,7091.5,7093.75,7089.75,7093
1776420000,7093,7095.5,7092,7094.75
1776420900,7094.75,7095,7090.5,7091
1776421800,7091.25,7091.25,7088,7089.5
1776422700,7089.5,7092.75,7088.5,7091.75
1776423600,7091.5,7095,7091.25,7093.5
1776424500,7093.75,7096.25,7093.25,7095.25
1776425400,7095.5,7098.5,7095.25,7098
1776426300,7098.25,7102.25,7097.5,7101
1776427200,7101.25,7106.75,7099.5,7105.75
1776428100,7105.75,7114.25,7101.75,7114.25
1776429000,7114.25,7120,7109.75,7110.25
1776429900,7110,7137,7109.25,7136
1776430800,7136,7147.5,7127.5,7145.5
1776431700,7145.5,7145.5,7119,7121
1776432600,7121.25,7135.5,7119.25,7130.75
1776433500,7131,7143.75,7117,7143.5
1776434400,7143.5,7154.75,7141.5,7151.75
1776435300,7152,7155.75,7145.75,7153.25
1776436200,7153.5,7171.25,7153,7170
1776437100,7170,7174.75,7163,7166
1776438000,7166,7173,7162.25,7163.5
1776438900,7163.5,7168.5,7159.5,7167.5
1776439800,7167.5,7175,7165.5,7165.75
1776440700,7165.75,7175,7165.75,7169
1776441600,7169.25,7178.25,7166.75,7175.25
1776442500,7175.25,7177.5,7171,7177.25
1776443400,7177.25,7184.25,7177,7184
1776444300,7184,7185.75,7180.75,7181
1776445200,7181.25,7183.75,7169,7174
1776446100,7174,7175.75,7151.5,7160.5
1776447000,7160.25,7165.25,7157.25,7160.75
1776447900,7160.5,7169,7160.25,7164.5
1776448800,7164.75,7166.75,7155,7156.5
1776449700,7156.25,7165.5,7152.75,7159.5
1776450600,7159.75,7165.5,7159,7162.75
1776451500,7163,7163.5,7153.5,7158
1776452400,7157.75,7160.5,7151,7153
1776453300,7152.75,7157.5,7152.25,7153.75
1776454200,7154,7165,7153.75,7164.25
1776455100,7164,7165.5,7158.25,7161.5
1776456000,7161.5,7166.25,7160.75,7165.25
1776456900,7165.5,7166.25,7159.5,7161.75
1776457800,7161.75,7165,7160.75,7162.5
1776458700,7162.5,7165.25,7162,7164.25
1776636000,7102.5,7112,7085,7103.5
1776636900,7103.5,7108,7101.75,7102.75
1776637800,7102.5,7116,7101.25,7113.75
1776638700,7113.75,7116,7110.25,7110.75
1776639600,7110.75,7114,7106.75,7107.5
1776640500,7107.5,7109.25,7106,7107.75
1776641400,7108,7108.5,7104.5,7106.5
1776642300,7106.5,7108.5,7102.5,7106.5
1776643200,7106.75,7108.75,7101.5,7104.75
1776644100,7104.5,7112.5,7104.5,7111.75
1776645000,7111.5,7113.25,7108.75,7111
1776645900,7111.5,7114,7111,7112.75
1776646800,7112.75,7122,7112.25,7121.25
1776647700,7121.25,7121.75,7118.25,7119.5
1776648600,7119.25,7125.25,7119.25,7124.25
1776649500,7124.25,7126.75,7123.75,7124.5
1776650400,7124.5,7124.5,7120.75,7121.75
1776651300,7121.5,7123.75,7121,7122.5
1776652200,7122.75,7123,7121.25,7121.75
1776653100,7121.75,7122.25,7119.5,7122
1776654000,7122,7123,7120.25,7121
1776654900,7121,7123,7119.75,7122
1776655800,7122.25,7123.75,7120.75,7121.25
1776656700,7121,7121,7118.75,7119.25
1776657600,7119.25,7120.5,7117.5,7119.5
1776658500,7119.5,7119.5,7117.5,7118.25
1776659400,7118.25,7119.5,7116,7119.25
1776660300,7119.25,7121.75,7117.75,7120.25
1776661200,7120.5,7121,7118.5,7119.5
1776662100,7119.25,7120.5,7115,7115
1776663000,7115.25,7116,7109.5,7109.75
1776663900,7109.75,7115.25,7109.75,7113.75
1776664800,7114,7119.25,7113.5,7117
1776665700,7116.75,7118.25,7116,7117.75
1776666600,7117.75,7121,7117,7118
1776667500,7117.75,7128.5,7116,7124.25
1776668400,7124.5,7130,7123.25,7128
1776669300,7128,7131.25,7122.75,7124
1776670200,7124,7125.25,7114.5,7118.5
1776671100,7118.5,7119,7114.5,7119
1776672000,7118.75,7120,7110.25,7116.75
1776672900,7116.75,7122.75,7115,7121.75
1776673800,7121.75,7123.5,7118.75,7122.75
1776674700,7122.75,7131.25,7122,7129.5
1776675600,7129.5,7134,7127,7128
1776676500,7128.25,7129.25,7125.5,7128.25
1776677400,7128,7131,7127,7130.75
1776678300,7130.75,7131,7127.75,7128
1776679200,7128.25,7136.25,7127.5,7132.5
1776680100,7132.25,7135.5,7129,7130.5
1776681000,7130.5,7131.25,7125.75,7127
1776681900,7127,7129,7125.25,7126.5
1776682800,7126.25,7127,7121,7126
1776683700,7126.25,7127,7121.5,7121.75
1776684600,7122.25,7127.75,7121.25,7127
1776685500,7127.25,7130.5,7126.75,7129
1776686400,7129.25,7134,7126.75,7129.25
1776687300,7129.5,7134.25,7128,7130.25
1776688200,7130.25,7135.5,7130,7134.5
1776689100,7134.75,7141,7134.25,7136.5
1776690000,7136.5,7147.5,7134.75,7141
1776690900,7141,7148.25,7139.5,7148.25
1776691800,7148.25,7154.5,7142.25,7148.5
1776692700,7148.5,7159.5,7144.5,7156.75
1776693600,7157,7157.5,7146.75,7153
1776694500,7152.75,7156.75,7148,7149.75
1776695400,7149.75,7150.5,7139.5,7141.5
1776696300,7141.5,7148.25,7124.75,7131.75
1776697200,7131.75,7136.25,7121.5,7127.75
1776698100,7127.5,7145.25,7124,7143
1776699000,7143.25,7143.25,7132.75,7135.5
1776699900,7135.75,7139,7131.25,7136
1776700800,7136.25,7137.75,7130.75,7136
1776701700,7136,7138.25,7130.25,7136.5
1776702600,7136.75,7141.25,7134,7137
1776703500,7137.25,7139.25,7135,7136.75
1776704400,7136.75,7141.75,7132.75,7140.75
1776705300,7140.75,7144.25,7139.75,7140.25
1776706200,7140,7143,7136.25,7140
1776707100,7140,7141,7137,7137.75
1776708000,7137.75,7143,7135,7142.25
1776708900,7142.25,7146.5,7140.5,7143.5
1776709800,7143.75,7144.25,7139,7141.5
1776710700,7141.75,7146.75,7140.75,7143
1776711600,7143.25,7146,7142.25,7145
1776712500,7145,7145.5,7140,7140.75
1776713400,7140.5,7142.25,7136.75,7137.5
1776714300,7137.5,7149.25,7136.5,7148.25
1776715200,7148.25,7149.5,7146.5,7146.5
1776716100,7146.5,7148.25,7145.25,7147.5
1776717000,7147.5,7160.5,7145,7157.75
1776717900,7157.5,7157.5,7151.25,7152
1776722400,7150.75,7160.75,7150,7157.25
1776723300,7157,7158.25,7155.75,7156.5
1776724200,7156.5,7157.75,7155,7157
1776725100,7157,7158.75,7156.75,7158.25
1776726000,7158.25,7158.5,7156.75,7158
1776726900,7157.75,7158.25,7155.5,7155.75
1776727800,7155.5,7156.5,7155,7155.75
1776728700,7155.75,7155.75,7154.25,7155
1776729600,7155,7158,7153.75,7156
1776730500,7155.75,7156.75,7152.25,7152.25
1776731400,7152.5,7153.75,7150,7152.75
1776732300,7153,7160.5,7152.75,7158.25
1776733200,7158.5,7158.5,7155.75,7156.5
1776734100,7156.25,7160,7155.5,7159.75
1776735000,7159.75,7162.5,7159.25,7162.25
1776735900,7162,7162.25,7157.25,7158.75
1776736800,7158.75,7160.5,7158.25,7160
1776737700,7160,7160.75,7159,7160
1776738600,7160.25,7160.5,7157.75,7160
1776739500,7160.25,7160.25,7157.5,7158
1776740400,7158,7158.75,7156.25,7156.75
1776741300,7156.5,7157,7153.5,7155.5
1776742200,7155.5,7156,7154,7155.25
1776743100,7155.25,7157,7155,7156.75
1776744000,7156.75,7158.75,7156.75,7158
1776744900,7158,7160.5,7158,7160
1776745800,7160,7161.25,7159.75,7160
1776746700,7160,7161.25,7160,7160.75
1776747600,7160.75,7164.5,7160,7164.25
1776748500,7164.25,7165.25,7162.75,7164
1776749400,7163.75,7163.75,7162.25,7162.5
1776750300,7162.5,7162.5,7160.25,7160.5
1776751200,7160.75,7165.25,7159.5,7164.5
1776752100,7164.5,7165.75,7163,7163.25
1776753000,7163.5,7165,7163.25,7163.75
1776753900,7163.75,7164.25,7162.5,7162.75
1776754800,7163,7163,7156.5,7158
1776755700,7158.25,7161,7157.25,7159
1776756600,7159,7160.25,7156.75,7159.25
1776757500,7159.25,7163.25,7158,7158.25
1776758400,7158,7159.25,7154.5,7155.25
1776759300,7155.25,7162.75,7155.25,7161.75
1776760200,7161.5,7167,7160.25,7165.25
1776761100,7165.25,7166.75,7163.75,7164
1776762000,7164,7164,7158.5,7160
1776762900,7159.75,7162,7159.25,7161
1776763800,7161,7163,7161,7162.25
1776764700,7162.25,7169.75,7161.75,7168.5
1776765600,7168.5,7172,7168,7169.75
1776766500,7169.25,7170,7168,7169.5
1776767400,7169.5,7173.75,7169.25,7173
1776768300,7172.75,7177.5,7172.75,7176
1776769200,7175.75,7177.75,7170,7172.75
1776770100,7173,7178.75,7171.25,7178.5
1776771000,7178.5,7183,7178,7180.25
1776771900,7180.25,7181.25,7175,7175.5
1776772800,7175.75,7177.25,7172.5,7172.5
1776773700,7172.5,7174.5,7166.5,7174.25
1776774600,7173.75,7176.25,7161.75,7165
1776775500,7165,7168,7160.75,7164
1776776400,7164.25,7165.5,7160.25,7161.25
1776777300,7161,7163.75,7160,7162.5
1776778200,7162.5,7164,7147,7156.5
1776779100,7156.25,7168.5,7153.25,7167.5
1776780000,7167.75,7171.75,7164.5,7170
1776780900,7170.25,7172.5,7161.25,7165.5
1776781800,7165.5,7167.5,7156.75,7158.5
1776782700,7158.25,7158.75,7134,7135.25
1776783600,7135.5,7140.25,7120.75,7138.5
1776784500,7138.25,7141.5,7121.75,7126.25
1776785400,7126.25,7133.25,7119.25,7128.5
1776786300,7128.5,7134.25,7123.5,7126.5
1776787200,7126.5,7138.25,7125.25,7128.25
1776788100,7128,7131.25,7121.75,7122.75
1776789000,7122.75,7131,7115.5,7117.75
1776789900,7117.75,7125.5,7113.5,7114.75
1776790800,7114.5,7122,7102,7105.75
1776791700,7105.75,7108.5,7096.75,7105.5
1776792600,7105.5,7133.25,7105,7124
1776793500,7124.25,7124.75,7111.75,7116.75
1776794400,7116.75,7123.5,7113.5,7118.25
1776795300,7118.25,7120.75,7105.5,7109.75
1776796200,7110,7116.5,7109.75,7113.25
1776797100,7113.5,7128,7109,7122
1776798000,7122.25,7132.5,7121,7125.5
1776798900,7125.5,7137.5,7121.75,7136.75
1776799800,7136.75,7138.5,7085,7090.75
1776800700,7090.5,7107,7089.75,7100.5
1776801600,7100.75,7140,7091.75,7124.75
1776802500,7125.25,7130.25,7120.75,7122.25
1776803400,7122,7126.25,7120,7120.75
1776804300,7121,7128.5,7118.25,7122.25
1776808800,7125,7130.5,7123.75,7129
1776809700,7128.75,7129.75,7126.5,7127.75
1776810600,7127.75,7128.75,7125.75,7126.75
1776811500,7126.5,7127.5,7121.25,7124.25
1776812400,7124.25,7127.75,7123,7126.75
1776813300,7126.5,7128,7125,7126
1776814200,7126.25,7129.5,7124.25,7129
1776815100,7129,7131.25,7128.75,7131
1776816000,7131.25,7138,7131.25,7136.25
1776816900,7136.5,7140,7134.25,7136.5
1776817800,7136.25,7138.75,7136,7137.25
1776818700,7137,7137.25,7133.5,7134.5
1776819600,7134.5,7138,7134.25,7136
1776820500,7136,7136.75,7134.25,7135.75
1776821400,7135.75,7142,7135.25,7138.75
1776822300,7138.75,7140.25,7136.75,7139.75
1776823200,7139.75,7142.25,7139,7141.5
1776824100,7142,7143,7140,7142.25
1776825000,7142.25,7143,7139.75,7140
1776825900,7140,7140.75,7139.25,7139.75
1776826800,7139.75,7141.5,7137.75,7137.75
1776827700,7137.75,7138.5,7136.75,7138
1776828600,7138,7140.25,7135.5,7137.5
1776829500,7137.5,7138,7135.5,7135.75
1776830400,7136,7138,7134.25,7137.25
1776831300,7137.25,7137.75,7134,7134
1776832200,7134,7134.5,7132,7134
1776833100,7133.75,7135,7129.5,7130.25
1776834000,7130.25,7134.5,7128.5,7133.5
1776834900,7133.5,7147.5,7133.5,7140.5
1776835800,7140.5,7143.75,7139.75,7143
1776836700,7142.75,7143.75,7140.75,7141
1776837600,7141,7141.25,7134.75,7135.75
1776838500,7135.5,7138.25,7134,7138
1776839400,7138,7143.75,7138,7141.5
1776840300,7141.25,7143.5,7140.25,7142
1776841200,7142,7145.25,7141.25,7144.25
1776842100,7144,7145.25,7139.5,7144.75
1776843000,7144.75,7146.75,7141.5,7146.5
1776843900,7146.25,7147,7142,7142.25
1776844800,7142.5,7144,7139,7140.25
1776845700,7140.25,7140.25,7134.5,7135.25
1776846600,7135.5,7137.25,7130,7135
1776847500,7135.25,7139.25,7132.75,7138.5
1776848400,7138.5,7145.5,7137.5,7144.25
1776849300,7144.25,7146.5,7142.25,7145.5
1776850200,7145.5,7146.5,7143.5,7146.25
1776851100,7146,7146.5,7134,7138.25
1776852000,7138.5,7141.5,7132.75,7135.25
1776852900,7135.25,7140,7135.25,7139.75
1776853800,7139.75,7143.5,7138.25,7139
1776854700,7139.25,7140.25,7138,7138.75
1776855600,7139,7140.25,7135.75,7136.5
1776856500,7136.25,7139.75,7135.5,7137
1776857400,7137.25,7139.5,7135.75,7136.75
1776858300,7136.75,7143,7136.25,7142
1776859200,7142,7156.5,7142,7155.25
1776860100,7155.5,7157.25,7148.25,7148.75
1776861000,7148.75,7150.5,7143,7143.5
1776861900,7143.5,7146,7138,7139
1776862800,7139,7150.75,7137.5,7142.25
1776863700,7142.25,7152.75,7139.5,7150
1776864600,7150.25,7152.25,7140.75,7145.75
1776865500,7146,7153.5,7141,7152.75
1776866400,7152.75,7160.5,7146.25,7160
1776867300,7160,7166.25,7159.75,7164.5
1776868200,7164.25,7165.75,7153.25,7156.25
1776869100,7156.25,7162.25,7153.75,7159.25
1776870000,7159.25,7161.25,7151.75,7157.25
1776870900,7157.25,7164,7154.5,7160.75
1776871800,7160.75,7163.25,7151.25,7151.5
1776872700,7151.25,7159.25,7150,7154.75
1776873600,7155,7160.25,7152.5,7157.75
1776874500,7158,7159,7148.75,7150
1776875400,7150,7155.5,7146.5,7149.25
1776876300,7149.25,7152.75,7146.75,7147.75
1776877200,7147.75,7162.75,7147.75,7158
1776878100,7158.25,7163,7154.5,7159
1776879000,7159.25,7162,7157.5,7160.75
1776879900,7161,7162.75,7156.75,7158.25
1776880800,7158.25,7160.5,7156.75,7157.75
1776881700,7157.75,7157.75,7150.5,7152.75
1776882600,7152.75,7158,7151.75,7157
1776883500,7156.75,7159.5,7153.25,7154.5
1776884400,7154.5,7158.5,7150,7157.75
1776885300,7157.75,7164,7157.25,7162.75
1776886200,7162.75,7164,7159.5,7162.75
1776887100,7162.5,7173,7162,7170.25
1776888000,7170.25,7173,7163.25,7163.75
1776888900,7163.5,7165.25,7160,7163.25
1776889800,7163.5,7165.25,7156,7161.75
1776890700,7161.5,7164.75,7161.25,7164.5
1776895200,7163,7164,7158.25,7161
1776896100,7160.75,7163.5,7160.25,7160.5
1776897000,7160.5,7161.25,7158.5,7159.75
1776897900,7160,7161.75,7159.75,7161
1776898800,7161,7162,7159.5,7161.5
1776899700,7161.75,7163.25,7161,7162.75
1776900600,7162.5,7162.5,7160.75,7161.75
1776901500,7161.75,7163.25,7161.5,7162.75
1776902400,7162.5,7163,7122.75,7123.25
1776903300,7123.5,7154.75,7105.5,7153
1776904200,7153.25,7158.25,7149.25,7152
1776905100,7152,7156.25,7150,7154.75
1776906000,7154.75,7155.25,7146.5,7149
1776906900,7149,7150.25,7144.5,7145.25
1776907800,7145.5,7148.5,7141.5,7145
1776908700,7145,7145.5,7139.5,7141.5
1776909600,7141.5,7141.5,7133.75,7134
1776910500,7134,7142.5,7132,7136
1776911400,7136.25,7140.25,7133,7136
1776912300,7135.75,7138.25,7132.25,7133
1776913200,7133.5,7136.5,7127.5,7129
1776914100,7128.75,7129.25,7124,7124.75
1776915000,7124.5,7126,7118.75,7121.75
1776915900,7121.75,7128.25,7121.25,7127.25
1776916800,7127.25,7131.5,7123.5,7131
1776917700,7130.75,7132.5,7129.5,7131.25
1776918600,7131,7135,7131,7133.5
1776919500,7133.5,7135.5,7132.5,7135.25
1776920400,7135.25,7137.25,7134,7135.5
1776921300,7135.75,7136,7131.5,7133.75
1776922200,7134,7136,7131,7132
1776923100,7131.75,7142,7131.75,7138.25
1776924000,7138.25,7141.5,7138.25,7140.5
1776924900,7140.5,7144.25,7140,7143.5
1776925800,7143.25,7144.5,7142.25,7142.5
1776926700,7142.5,7144.75,7140.5,7143.25
1776927600,7143.25,7144.5,7141.25,7144.5
1776928500,7144.5,7145.25,7140.75,7143
1776929400,7143,7146,7140.25,7145.5
1776930300,7145.5,7149,7142.75,7145
1776931200,7145,7146,7137.75,7141.5
1776932100,7141.75,7146.5,7140.5,7142.25
1776933000,7142.25,7142.5,7133,7133.5
1776933900,7133.25,7135.25,7130.75,7133
1776934800,7132.75,7133,7125.75,7128
1776935700,7128,7138.5,7127.75,7135.5
1776936600,7135.75,7140.5,7135,7136.25
1776937500,7136.5,7137.5,7134.25,7135
1776938400,7135,7136,7129,7130.25
1776939300,7130.25,7137.5,7130.25,7134.5
1776940200,7134.5,7142.25,7133.5,7135.5
1776941100,7135.5,7143,7134.75,7141.75
1776942000,7141.75,7145.25,7139,7141.75
1776942900,7141.5,7142.75,7135.75,7138.5
1776943800,7138.5,7144.25,7134.25,7144.25
1776944700,7144.25,7160.75,7143.5,7158.25
1776945600,7158,7169.5,7157,7164.5
1776946500,7164.5,7164.5,7155.75,7158.75
1776947400,7158.5,7161.5,7154.5,7156.25
1776948300,7156.25,7158.25,7136.25,7152
1776949200,7152.25,7155.5,7142.5,7148.75
1776950100,7148.5,7153.75,7146.25,7152
1776951000,7152.25,7163.75,7149.75,7163.75
1776951900,7163.75,7171,7158.75,7159.75
1776952800,7159.75,7161.5,7149,7158.75
1776953700,7158.75,7167.25,7158,7163
1776954600,7163,7169.5,7161.75,7167.25
1776955500,7167.25,7178.5,7166.25,7175
1776956400,7175,7178,7171.75,7174
1776957300,7174,7180.5,7172.75,7177.75
1776958200,7177.75,7181.5,7172.25,7173.5
1776959100,7173.25,7173.75,7164.25,7168.75
1776960000,7168.5,7169.75,7160.25,7166.5
1776960900,7166.25,7168.25,7161.25,7164.75
1776961800,7164.5,7170.25,7163.5,7166.75
1776962700,7167,7169.5,7163,7166.25
1776963600,7166.25,7168.25,7130,7134.25
1776964500,7134.25,7134.25,7115.5,7117
1776965400,7117.25,7133.75,7090,7094.25
1776966300,7094.25,7127.5,7079.25,7123.5
1776967200,7123.25,7139.75,7119,7135.25
1776968100,7135.25,7143.25,7133.5,7142.5
1776969000,7142.25,7152.25,7138,7143.75
1776969900,7144,7144.5,7124.5,7128.25
1776970800,7128.25,7139.25,7124.5,7139.25
1776971700,7139.25,7144,7139,7141.25
1776972600,7141.25,7146.25,7128,7130.5
1776973500,7130.5,7146.75,7121.5,7141.75
1776974400,7142,7144.5,7133,7134
1776975300,7133.75,7139.5,7128.75,7136.5
1776976200,7136.25,7138.75,7134.75,7137.75
1776977100,7137.75,7138.25,7129.5,7132.5
1776981600,7143,7147.5,7139.75,7146
1776982500,7146.25,7147.25,7143,7144.25
1776983400,7144.25,7147,7142,7144.25
1776984300,7144.25,7148,7144.25,7146.5
1776985200,7146.5,7147.5,7144.5,7145
1776986100,7145,7147.75,7144.25,7147.5
1776987000,7147.5,7151.75,7147.5,7150
1776987900,7150.25,7153.75,7150,7153.25
1776988800,7153.5,7158.5,7150.5,7158.5
1776989700,7158.25,7160.25,7156.5,7159.75
1776990600,7159.5,7161.25,7155.75,7156.75
1776991500,7157.25,7159,7154,7156.25
1776992400,7156.5,7157.75,7154.75,7155.75
1776993300,7155.75,7157.75,7153.75,7156.5
1776994200,7156.5,7157,7150.75,7154.25
1776995100,7154,7157.75,7154,7156.75
1776996000,7156.5,7157,7149.25,7150
1776996900,7150.25,7151.25,7144.25,7145.25
1776997800,7145.25,7148.5,7144.5,7146.25
1776998700,7146.25,7146.25,7140.5,7142.5
1776999600,7142.75,7144.5,7139.25,7140.5
1777000500,7140.25,7142.25,7138,7138.75
1777001400,7138.5,7140.5,7136.25,7138.25
1777002300,7138.25,7142.75,7138.25,7139.5
1777003200,7139.25,7142.75,7137.25,7142
1777004100,7142.25,7142.25,7137,7138.5
1777005000,7138.5,7141.5,7138.25,7141.25
1777005900,7141.25,7145.25,7141.25,7144.5
1777006800,7144.5,7144.75,7140,7143
1777007700,7143.25,7146.5,7142.5,7145
1777008600,7145.25,7149.5,7145.25,7148.75
1777009500,7148.75,7151.25,7148.5,7150.75
1777010400,7151,7152.5,7148.25,7150.75
1777011300,7150.75,7151.5,7146.25,7146.5
1777012200,7146.75,7150,7146.75,7147.75
1777013100,7147.75,7148,7145,7147.25
1777014000,7147,7153.75,7146.5,7153
1777014900,7152.75,7155.5,7149.75,7154.5
1777015800,7154.25,7154.25,7147.5,7148.75
1777016700,7148.75,7154.25,7148,7153.75
1777017600,7153.5,7154.75,7146.75,7147
1777018500,7147.25,7159.25,7147.25,7149.25
1777019400,7149.5,7149.5,7141.25,7142.75
1777020300,7142.75,7148.25,7141.5,7143.5
1777021200,7143.75,7146.25,7140.5,7145.25
1777022100,7145.25,7146.75,7135.5,7142.75
1777023000,7142.5,7146,7141,7146
1777023900,7146,7146.75,7142.25,7143.75
1777024800,7143.75,7145.5,7141.5,7144.25
1777025700,7144.5,7151.75,7144,7151
1777026600,7151,7152,7148.25,7150.5
1777027500,7150.75,7152.5,7148.75,7151.25
1777028400,7150.75,7175.75,7150.5,7170.5
1777029300,7170.5,7187.5,7166.25,7187.25
1777030200,7187,7189.5,7173,7174.75
1777031100,7174.5,7174.75,7169,7171
1777032000,7171.25,7177,7168.5,7175.25
1777032900,7175.25,7177.75,7167,7173.5
1777033800,7173.5,7173.75,7160.75,7163.75
1777034700,7164,7167.25,7154.25,7162.25
1777035600,7162.5,7170.25,7162,7165.75
1777036500,7165.75,7170.5,7161.75,7162.5
1777037400,7162.5,7166.75,7150.75,7154.75
1777038300,7155,7160.5,7145,7154.75
1777039200,7154.75,7162.5,7146.5,7155.75
1777040100,7155.5,7162,7150.25,7154
1777041000,7154,7166.5,7149.5,7165.25
1777041900,7165.5,7171.75,7162.25,7170
1777042800,7170,7174.5,7167.5,7173.25
1777043700,7173.25,7177,7170.75,7174
1777044600,7174.25,7191.5,7170.5,7190
1777045500,7190,7197.25,7182,7193.5
1777046400,7193.5,7195.75,7186.75,7189
1777047300,7189.25,7192,7185.25,7189
1777048200,7189,7194.5,7184.25,7186.75
1777049100,7187,7194,7185.5,7191.5
1777050000,7191.5,7193.5,7187.75,7188.75
1777050900,7188.75,7189,7183,7186
1777051800,7186,7191.5,7182.75,7191
1777052700,7191,7200.5,7189,7192.25
1777053600,7192.25,7193.5,7188,7190.75
1777054500,7190.5,7191.75,7184.75,7185.5
1777055400,7185.5,7192,7185.25,7188.75
1777056300,7188.75,7191.5,7187,7190.75
1777057200,7191,7199.5,7190.75,7197.5
1777058100,7197.75,7200,7190.75,7193
1777059000,7193,7195.25,7189.75,7193.25
1777059900,7193.25,7199,7191,7194.75
1777060800,7194.5,7197.25,7190.75,7192.5
1777061700,7192.5,7194.5,7190,7190.75
1777062600,7191,7196.25,7190.75,7195.75
1777063500,7195.5,7197,7194.25,7195.5
1777240800,7185,7191,7171.5,7174.25
1777241700,7174.25,7178.25,7174,7178
1777242600,7177.75,7180.25,7175.5,7179.5
1777243500,7179.5,7182.5,7178.75,7182
1777244400,7182.25,7182.75,7177.5,7178
1777245300,7178.25,7181,7177.75,7178.5
1777246200,7178.25,7178.25,7175,7176.75
1777247100,7177,7179.25,7175.5,7178.5
1777248000,7178.75,7182.5,7177.25,7181.5
1777248900,7181.5,7183,7179,7181.75
1777249800,7182,7186.5,7181,7185
1777250700,7185,7193,7184.5,7190.5
1777251600,7190.75,7202.25,7190.75,7193
1777252500,7193,7198.25,7189.75,7198
1777253400,7198,7203.5,7197,7202
1777254300,7202,7208,7201.25,7207.5
1777255200,7207.75,7208.5,7203,7205.25
1777256100,7205,7207,7201.75,7204.25
1777257000,7204,7206.25,7203.25,7203.75
1777257900,7203.75,7205.25,7203,7203.25
1777258800,7203.5,7206.75,7201.75,7202.75
1777259700,7202.75,7204.25,7202,7204
1777260600,7204,7204.5,7202.5,7204
1777261500,7204,7204,7202.5,7202.75
1777262400,7202.75,7203,7200,7201
1777263300,7201.25,7204.25,7201,7203.25
1777264200,7203.25,7205.25,7202.75,7203.5
1777265100,7203.5,7204.25,7199.75,7200.75
1777266000,7200.5,7201,7194.75,7195
1777266900,7195,7196,7191.75,7192
1777267800,7192,7193,7188,7190.75
1777268700,7190.75,7192.25,7188.5,7189.75
1777269600,7189.75,7190.75,7186.5,7190
1777270500,7189.75,7191.5,7187.75,7190.5
1777271400,7190.75,7191,7186,7188.25
1777272300,7188.25,7190.25,7186.75,7188
1777273200,7188,7190.25,7185,7188.25
1777274100,7188.5,7189.5,7186,7187.25
1777275000,7187.5,7188.5,7185.5,7187
1777275900,7187,7189,7186.25,7187
1777276800,7186.75,7189,7181.5,7181.5
1777277700,7181.5,7186.75,7181.5,7186.25
1777278600,7186,7188.25,7185.75,7187.75
1777279500,7187.75,7190,7187.75,7188.75
1777280400,7189,7190.75,7187.75,7190
1777281300,7190,7190.25,7187.25,7188.5
1777282200,7188.5,7190.5,7188,7189.25
1777283100,7189.25,7191.25,7188,7189
1777284000,7189,7189.5,7186.5,7187.5
1777284900,7187.5,7191,7187.25,7189
1777285800,7189,7194.75,7188.5,7194.5
1777286700,7194.25,7195.25,7192.5,7194
1777287600,7193.75,7196,7193.75,7194.25
1777288500,7194.25,7197.75,7193.5,7196.5
1777289400,7196.75,7198,7195.75,7196.75
1777290300,7197,7198.5,7195.5,7196.5
1777291200,7196.75,7197.25,7192.75,7195
1777292100,7195,7195.75,7185.5,7188.75
1777293000,7188.75,7190.75,7185,7189.25
1777293900,7189.5,7193,7186.75,7188.25
1777294800,7188.5,7191.5,7183.25,7187.25
1777295700,7187,7188.75,7184.75,7186.25
1777296600,7186.25,7198.5,7183.25,7191.5
1777297500,7191.5,7197.5,7180.25,7195.5
1777298400,7195.5,7197.25,7189.5,7193.25
1777299300,7193,7194,7188,7189.25
1777300200,7189.25,7199,7185.25,7194.25
1777301100,7194.25,7194.75,7187.75,7190.75
1777302000,7191,7192.75,7182.25,7183.25
1777302900,7183,7186.75,7177,7184.5
1777303800,7184.5,7188.5,7182,7187.25
1777304700,7187.25,7189.5,7185,7188.75
1777305600,7188.75,7195,7186.25,7194
1777306500,7194.25,7196,7192,7193.5
1777307400,7193.5,7197.75,7193.25,7195.75
1777308300,7196,7197.5,7193.5,7196
1777309200,7196.25,7198.5,7195.5,7198
1777310100,7198,7202,7193.75,7201
1777311000,7201,7207.25,7200.75,7203
1777311900,7203,7204.75,7201.25,7203.5
1777312800,7203.5,7206,7202,7205.5
1777313700,7205.5,7207.25,7204.75,7205.75
1777314600,7205.5,7207,7202.5,7203.75
1777315500,7203.5,7206,7201.75,7203
1777316400,7203.25,7204.75,7201.5,7204
1777317300,7204,7206.75,7203.75,7206
1777318200,7206,7207.75,7203.5,7206.75
1777319100,7206.75,7211.25,7204.75,7207.25
1777320000,7207,7208,7203.25,7204.75
1777320900,7204.5,7205.25,7202.25,7204.5
1777321800,7204.25,7207.5,7204.25,7206.75
1777322700,7207,7207.5,7204.75,7205.25
1777327200,7204.75,7218.25,7204.75,7217.25
1777328100,7217.25,7221.75,7217.25,7218.75
1777329000,7218.75,7220,7217.25,7218.5
1777329900,7218.75,7219,7215.75,7216.5
1777330800,7216.5,7217.5,7215,7215.25
1777331700,7215.5,7218.25,7215.5,7217.5
1777332600,7217.25,7220,7216.75,7218.5
1777333500,7218.75,7219.25,7216.5,7217.25
1777334400,7217.25,7223.25,7216.75,7220.75
1777335300,7220.75,7220.75,7212.25,7215
1777336200,7215.25,7217.25,7213.25,7216.25
1777337100,7216.25,7217,7213.5,7213.75
1777338000,7213.75,7214.75,7211.75,7214
1777338900,7214,7216.25,7212.75,7215.75
1777339800,7215.75,7219.25,7213.75,7218
1777340700,7218,7218.5,7208,7208.75
1777341600,7209,7210.5,7207,7210.25
1777342500,7210,7212,7209.75,7210.5
1777343400,7210.25,7210.25,7206.5,7207
1777344300,7207,7208.25,7204.5,7206
1777345200,7205.75,7208.75,7205,7208.5
1777346100,7208.25,7210.75,7207.5,7210.5
1777347000,7210.5,7212,7210.25,7210.25
1777347900,7210.25,7210.25,7207.5,7208.25
1777348800,7208.25,7210.75,7207,7210
1777349700,7210,7211,7209.5,7210.5
1777350600,7210.5,7212.5,7210.5,7212.5
1777351500,7212.25,7213,7209,7209.5
1777352400,7209.75,7210.5,7202,7204.5
1777353300,7204.5,7205.5,7202.5,7204.75
1777354200,7204.5,7205,7196,7200.25
1777355100,7200.25,7200.5,7197.25,7198.25
1777356000,7198.25,7200.5,7196.25,7200
1777356900,7200,7201,7197.5,7199.75
1777357800,7199.75,7200.5,7189.5,7193.25
1777358700,7193.5,7195,7191,7194
1777359600,7193.75,7195,7190.75,7193.5
1777360500,7193.5,7195.25,7190.75,7192.25
1777361400,7192.5,7198,7191.75,7195.75
1777362300,7195.75,7197.75,7193.5,7196.75
1777363200,7197,7197.25,7188.5,7191.25
1777364100,7191.25,7201.75,7191.25,7201.75
1777365000,7201.5,7201.75,7198.75,7199.5
1777365900,7199.5,7200.75,7197.25,7200.5
1777366800,7200.5,7200.75,7196.5,7200
1777367700,7200,7201,7194,7196
1777368600,7196,7196.5,7190.25,7192.5
1777369500,7192.5,7194,7188,7191.75
1777370400,7191.75,7194.5,7186.5,7186.75
1777371300,7186.75,7191.75,7186,7189.25
1777372200,7189.25,7190.75,7186.5,7186.5
1777373100,7186.75,7190,7186.25,7189
1777374000,7189,7191.75,7178.5,7179.5
1777374900,7179.25,7179.75,7166.75,7169.75
1777375800,7169.5,7169.75,7160.5,7168.25
1777376700,7168.25,7169.5,7155.25,7158.5
1777377600,7158.75,7160.25,7151,7158.75
1777378500,7159,7164,7149.5,7152
1777379400,7152,7159.25,7147.5,7156.25
1777380300,7156.25,7170,7155.5,7169.5
1777381200,7169.25,7171.25,7163,7163.5
1777382100,7163.25,7175,7160.5,7172.25
1777383000,7172,7183,7161.75,7177.75
1777383900,7178,7180,7163.5,7169.5
1777384800,7169.75,7177.5,7164.75,7170
1777385700,7170.25,7172,7163.5,7166.5
1777386600,7166.5,7169.75,7150.25,7158.5
1777387500,7158.75,7160.75,7146.25,7159
1777388400,7158.75,7164.75,7152.5,7160.5
1777389300,7160.75,7162,7152,7152.75
1777390200,7153,7155.5,7148,7151.75
1777391100,7151.75,7154.25,7147.75,7153.75
1777392000,7153.75,7158.75,7151.75,7158.25
1777392900,7158.25,7159.75,7154.5,7157.25
1777393800,7157.25,7158.25,7147.25,7148.75
1777394700,7148.75,7158,7147.5,7155.5
1777395600,7155.5,7157.5,7148,7153.5
1777396500,7153.25,7156.75,7149,7154.75
1777397400,7155,7163.75,7154.75,7161.25
1777398300,7161.25,7165.5,7159.5,7164.5
1777399200,7164.5,7165.5,7161.5,7164.5
1777400100,7164.25,7170.5,7164.25,7167.5
1777401000,7167.5,7167.75,7162,7167.5
1777401900,7167.75,7170,7166.5,7169.25
1777402800,7169.25,7176.25,7168.25,7173.25
1777403700,7173.25,7173.5,7168.25,7170.25
1777404600,7170.25,7172.5,7166.25,7171
1777405500,7170.75,7174.5,7168.25,7171.5
1777406400,7171.5,7176.25,7167.5,7173.25
1777407300,7173.25,7175.25,7172.25,7174
1777408200,7174,7174,7171.5,7172
1777409100,7172,7172.75,7170.75,7172.5
1777413600,7172.5,7178,7172.5,7176.75
1777414500,7177,7177.25,7174.5,7174.75
1777415400,7174.75,7176.25,7174.25,7175.25
1777416300,7175,7176,7174.75,7176
1777417200,7176,7176.25,7174.25,7175.5
1777418100,7175.5,7176,7175.25,7175.75
1777419000,7176,7178.5,7175.75,7178.5
1777419900,7178.5,7179.5,7177.75,7179.5
1777420800,7179.5,7186,7179.5,7185.25
1777421700,7185,7186.75,7183.25,7186.75
1777422600,7186.75,7188,7185,7186
1777423500,7186,7186,7183,7183.5
1777424400,7183.25,7183.5,7169,7175.5
1777425300,7175.5,7179.5,7174.25,7176.75
1777426200,7176.75,7183.25,7175.75,7181.75
1777427100,7181.75,7182.25,7177.25,7178.25
1777428000,7178.5,7183,7178.5,7183
1777428900,7182.75,7185.25,7181.75,7182.25
1777429800,7182.5,7182.75,7179.25,7180.5
1777430700,7180.75,7182.75,7180,7181.5
1777431600,7181.75,7185.25,7181.5,7184.25
1777432500,7184,7185.25,7183.75,7184.75
1777433400,7184.5,7184.75,7182,7182.75
1777434300,7182.5,7183,7181.25,7182.5
1777435200,7182.5,7184.75,7182.5,7184.5
1777436100,7184.5,7184.75,7183.5,7184.5
1777437000,7184.25,7187,7184.25,7185.25
1777437900,7185,7186,7184,7184.5
1777438800,7184.75,7185.75,7182.5,7183
1777439700,7183,7185,7182,7184.75
1777440600,7184.75,7187,7184.25,7186.75
1777441500,7186.5,7187.25,7185,7185
1777442400,7185,7188.5,7184.25,7185
1777443300,7184.75,7185,7182.5,7183.25
1777444200,7183.25,7185.25,7181,7183.75
1777445100,7183.75,7184.5,7179.25,7179.75
1777446000,7179.5,7183.5,7177,7177.5
1777446900,7177.5,7179,7175.75,7178
1777447800,7178,7180.25,7174,7174.25
1777448700,7174.25,7175.25,7169.25,7174.5
1777449600,7174.75,7180.25,7169.25,7169.75
1777450500,7169.75,7176.5,7166.5,7175.5
1777451400,7175.5,7176,7166.75,7173.75
1777452300,7173.75,7175.5,7171,7172.75
1777453200,7172.75,7175.75,7170,7174.25
1777454100,7174,7177,7172.25,7174
1777455000,7174,7177.75,7171,7171.5
1777455900,7171.75,7173.5,7167.5,7169.5
1777456800,7169.25,7174,7166.5,7173.75
1777457700,7173.75,7181,7173.75,7179.25
1777458600,7179.25,7181,7175.25,7176.5
1777459500,7176.5,7178,7174.5,7176.5
1777460400,7176.25,7178.5,7173,7176.5
1777461300,7176.5,7178,7174,7174.75
1777462200,7174.5,7180,7171,7172.75
1777463100,7172.75,7175.5,7169.75,7173.5
1777464000,7173.25,7174.5,7170,7171
1777464900,7171.25,7174.75,7167,7170.75
1777465800,7171,7171.5,7161.25,7170
1777466700,7170,7170.5,7166,7169
1777467600,7169,7174,7169,7170.75
1777468500,7170.75,7172,7161.75,7163.25
1777469400,7163.25,7165,7152.5,7153.25
1777470300,7153.5,7163.5,7149.5,7160.75
1777471200,7160.75,7166,7155.75,7164.75
1777472100,7164.75,7169.75,7162.75,7168
1777473000,7168.25,7175.25,7166.25,7171.75
1777473900,7172,7172.5,7167.25,7168
1777474800,7167.75,7168.5,7154.75,7155.75
1777475700,7155.75,7164.5,7154.25,7162
1777476600,7161.75,7164,7157.25,7159
1777477500,7158.75,7163.75,7145.25,7153.5
1777478400,7153.75,7160.75,7152.25,7155.75
1777479300,7155.75,7158.75,7149,7150.75
1777480200,7150.75,7152,7142,7150.75
1777481100,7151,7153.75,7147.25,7150.25
1777482000,7150,7151.5,7145.25,7149.75
1777482900,7149.75,7154.75,7147,7152.25
1777483800,7152.5,7155.75,7151,7153.5
1777484700,7153.5,7160.75,7153,7159.25
1777485600,7159.25,7160.25,7137.5,7143.5
1777486500,7143.75,7152.5,7142.75,7145.75
1777487400,7145.75,7155.25,7139.75,7140.25
1777488300,7140.25,7160,7137,7158.75
1777489200,7159,7166.25,7153,7165.5
1777490100,7165.75,7168.25,7162,7162
1777491000,7162,7164.25,7154,7159
1777491900,7159,7170.75,7157.5,7170.25
1777492800,7170.5,7190.75,7135.25,7137.75
1777493700,7137.75,7162.75,7131.25,7162
1777494600,7161.75,7167.5,7155.5,7161.5
1777495500,7161.75,7164.5,7140.75,7141.5
1777500000,7150,7186.25,7148.5,7185.75
1777500900,7186,7196.5,7184,7188
1777501800,7188,7191.5,7183.75,7187.25
1777502700,7187.25,7191.5,7183.5,7184.25
1777503600,7184.5,7186.5,7183,7185.5
1777504500,7185.25,7185.25,7180,7183.5
1777505400,7183.75,7189.75,7183.75,7189.25
1777506300,7189.5,7193.25,7187.5,7192.75
1777507200,7192.75,7198.5,7191,7195.25
1777508100,7195.5,7198.25,7194,7196.5
1777509000,7196.5,7200.5,7196.5,7198.25
1777509900,7198.25,7201.5,7198,7199.25
1777510800,7199,7199.75,7195.75,7196.5
1777511700,7196.75,7198.5,7196.25,7198
1777512600,7198,7200.5,7193.75,7196.25
1777513500,7196.25,7199.75,7194.25,7199.25
1777514400,7199.25,7199.75,7195.75,7197.75
1777515300,7197.5,7197.75,7187.5,7189.75
1777516200,7189.5,7189.5,7165.5,7176.75
1777517100,7177,7179,7170.25,7177.25
1777518000,7177,7181.5,7172.75,7174.5
1777518900,7174.5,7175.5,7171.75,7174.75
1777519800,7175,7177.75,7173,7175.75
1777520700,7175.75,7176.25,7171.75,7172
1777521600,7172,7172,7160,7163
1777522500,7163.25,7164.25,7153.75,7155
1777523400,7155,7155.25,7146.5,7150.5
1777524300,7150.75,7153,7144.75,7145.25
1777525200,7145.5,7158.25,7145.25,7158
1777526100,7157.75,7158.75,7148.75,7150.5
1777527000,7150.5,7157.5,7150.5,7153.5
1777527900,7153.25,7154,7143,7143.5
1777528800,7143.25,7144.5,7133.75,7137.25
1777529700,7137.5,7143.25,7136.75,7142.5
1777530600,7142.5,7158,7142.5,7151.5
1777531500,7151.25,7154.25,7146.25,7153.25
1777532400,7153.25,7162.25,7149.75,7158.5
1777533300,7158.25,7163.5,7154.75,7163.25
1777534200,7163.25,7165.75,7161,7163.5
1777535100,7163.25,7165.5,7157.75,7161.25
1777536000,7160.75,7169,7160.5,7165.5
1777536900,7165.25,7165.25,7159.25,7165
1777537800,7165,7170.5,7163.75,7168.5
1777538700,7168.5,7171,7165,7165
1777539600,7164.75,7168.5,7162.25,7163.75
1777540500,7163.75,7173.5,7158.5,7172.75
1777541400,7172.5,7184.75,7171,7172.75
1777542300,7172.75,7177.75,7169.25,7171.25
1777543200,7171,7180,7171,7175
1777544100,7175,7183,7173.5,7181.75
1777545000,7181.5,7187.25,7175.25,7177
1777545900,7176.75,7183.75,7175.25,7180.5
1777546800,7180.75,7196,7180,7188
1777547700,7188,7200.5,7187.25,7199.5
1777548600,7199.75,7199.75,7190.75,7192
1777549500,7192,7197.75,7191.25,7194.5
1777550400,7194.5,7202.5,7193.25,7201.5
1777551300,7201.5,7211.5,7201.5,7209.25
1777552200,7209.75,7210.25,7197,7199.5
1777553100,7199.5,7205.5,7198.25,7204
1777554000,7204,7209.75,7200.75,7202
1777554900,7202.25,7204.5,7199.25,7200.25
1777555800,7200,7200.75,7166.75,7181.5
1777556700,7181.25,7185,7160.25,7165.25
1777557600,7165.25,7175.5,7159.25,7169.25
1777558500,7169.5,7176.5,7157.25,7173.25
1777559400,7173.25,7181.25,7164.75,7175.5
1777560300,7175.5,7194.75,7175.25,7192
1777561200,7192,7198.75,7188.75,7196.5
1777562100,7196.75,7199.5,7191,7197.75
1777563000,7197.5,7203,7190.75,7192.5
1777563900,7192.25,7204.25,7187.75,7199.25
1777564800,7199.5,7207.5,7194.25,7206.75
1777565700,7206.5,7207.25,7201,7205.5
1777566600,7205.5,7207,7199.5,7201
1777567500,7201.25,7202.5,7192.5,7197
1777568400,7197.25,7210,7196.75,7209
1777569300,7209,7213,7205.5,7212
1777570200,7212,7220.75,7212,7218.25
1777571100,7218.25,7225.5,7218,7224.75
1777572000,7224.75,7233.25,7224.25,7231.5
1777572900,7231.75,7235,7230,7232.5
1777573800,7232.5,7240.75,7232.25,7239.5
1777574700,7239.25,7242,7236.5,7237.5
1777575600,7237.5,7247.5,7236.25,7246.5
1777576500,7246.5,7248,7243.75,7245
1777577400,7245,7248.5,7241.25,7248.25
1777578300,7248,7251.75,7237.25,7238.25
1777579200,7238,7247,7238,7245
1777580100,7245,7251.5,7243.75,7249.5
1777581000,7249.25,7253.5,7242.5,7244.25
1777581900,7244.25,7249,7243.75,7246.75
1777586400,7256,7263.5,7252,7261.5
1777587300,7261.75,7262.25,7256.25,7257.5
1777588200,7257.5,7257.75,7254.5,7256.25
1777589100,7256.25,7256.25,7246.25,7250
1777590000,7250,7252.75,7249,7249.75
1777590900,7249.75,7254.75,7249,7254
1777591800,7254,7257.25,7252.5,7254.25
1777592700,7254,7256.25,7249.75,7252.75
1777593600,7252.75,7258,7250.5,7252.25
1777594500,7252,7259,7252,7259
1777595400,7258.75,7260,7257,7258.75
1777596300,7259,7261,7257.25,7258
1777597200,7257.75,7260.75,7255.5,7260.5
1777598100,7260.75,7262.75,7259.5,7261.75
1777599000,7262,7264,7261.75,7262.25
1777599900,7262.25,7263.25,7261.25,7262.75
1777600800,7262.75,7263,7261,7261.25
1777601700,7261.25,7262.5,7260,7260.75
1777602600,7260.5,7260.75,7258.75,7259.75
1777603500,7259.5,7261.25,7258.25,7260.75
1777604400,7261,7263.25,7260,7262.25
1777605300,7262,7264,7261.75,7263.5
1777606200,7263.5,7265.75,7259.75,7260.5
1777607100,7260.25,7261.25,7259.25,7260.25
1777608000,7260.25,7260.5,7257.25,7259
1777608900,7259,7259.75,7258.5,7258.75
1777609800,7258.75,7259.25,7256.75,7258
1777610700,7258,7259,7257.5,7258
1777611600,7258,7260.25,7256.75,7260.25
1777612500,7260,7260.25,7257.5,7260
1777613400,7260,7260.25,7258,7259.25
1777614300,7259,7259,7256.25,7257
1777615200,7257.25,7258,7256,7257.5
1777616100,7257.5,7258.25,7255,7255.25
1777617000,7255.5,7256,7251.75,7253
1777617900,7253.25,7253.5,7251,7252
1777618800,7252,7256.5,7251.5,7256.25
1777619700,7256.25,7257,7253.25,7254.25
1777620600,7254.25,7254.25,7250,7250.25
1777621500,7250.25,7254,7248.5,7249.75
1777622400,7249.75,7252.5,7249,7251.5
1777623300,7251.5,7253,7250.75,7251.5
1777624200,7251.75,7251.75,7248.5,7249.25
1777625100,7249.25,7250.5,7247.75,7250.25
1777626000,7250.25,7250.25,7246.5,7249
1777626900,7249,7252.25,7249,7251.25
1777627800,7251.25,7253.25,7250.25,7252.25
1777628700,7252,7254.25,7251.5,7253.25
1777629600,7253.25,7253.75,7251.25,7253
1777630500,7253.25,7254.5,7252,7252.5
1777631400,7252.5,7253.5,7248.75,7250.75
1777632300,7250.5,7254.25,7250.25,7254
1777633200,7254.25,7255,7249,7250.5
1777634100,7250.25,7254.75,7249,7253
1777635000,7252.75,7254,7251,7253
1777635900,7253,7257,7252.5,7256.25
1777636800,7256.25,7271.5,7254.5,7266
1777637700,7266,7268.75,7262.5,7266.25
1777638600,7266,7266.5,7258,7258.5
1777639500,7258.25,7260.75,7257,7258.5
1777640400,7258.25,7265.75,7258,7262.25
1777641300,7262,7265.5,7261,7264.5
1777642200,7264.5,7277.5,7258.75,7276.25
1777643100,7276.5,7293.25,7270.25,7293.25
1777644000,7293,7298.5,7289.5,7296.5
1777644900,7296.5,7300.75,7293.75,7294.5
1777645800,7294.5,7294.75,7274.5,7281.25
1777646700,7281,7285.5,7277.75,7278.5
1777647600,7278.75,7281.5,7272,7281.25
1777648500,7281.25,7285.25,7279,7284.25
1777649400,7284.5,7292.25,7283,7292
1777650300,7292,7295.75,7278.5,7285.25
1777651200,7285.25,7287.75,7275.25,7276.75
1777652100,7276.5,7283.25,7270.25,7272.75
1777653000,7272.75,7274.75,7267.75,7268
1777653900,7268,7275,7266,7270.25
1777654800,7270,7276.75,7269.75,7276.5
1777655700,7276.25,7281,7274.25,7280.75
1777656600,7280.75,7282.25,7277.5,7280.25
1777657500,7280.25,7283.75,7279,7279.5
1777658400,7279.5,7280.75,7268.75,7269.5
1777659300,7269.75,7273.75,7266.25,7272.75
1777660200,7272.75,7273.5,7262.25,7263.25
1777661100,7263.25,7264.75,7259,7262.75
1777662000,7262.75,7272.5,7262,7271.75
1777662900,7271.75,7277,7271,7275.25
1777663800,7275.5,7276.5,7271,7272.5
1777664700,7272.5,7273,7255.5,7257.5
1777665600,7257.5,7258.25,7252,7254.25
1777666500,7254.25,7254.75,7247.5,7249.25
1777667400,7249.25,7249.5,7245.75,7246.75
1777668300,7247,7249.5,7240.75,7247.75
1777845600,7276.25,7279.75,7266.75,7268.25
1777846500,7268,7270.5,7262.25,7264.75
1777847400,7264.75,7268.75,7263.25,7267.25
1777848300,7267.5,7269.75,7263.75,7265.5
1777849200,7265.75,7268,7260,7262.75
1777850100,7262.75,7263,7260.25,7262
1777851000,7261.75,7265,7260.75,7261.5
1777851900,7261,7263.75,7259.25,7261.75
1777852800,7261.75,7266.25,7258.25,7262.25
1777853700,7262.25,7264,7254.25,7258
1777854600,7258,7263,7257.5,7262.25
1777855500,7262.25,7267.25,7261.75,7266.5
1777856400,7266.5,7267.75,7259.5,7264.25
1777857300,7264.5,7266.25,7261.25,7261.75
1777858200,7261.5,7266.75,7260.75,7265
1777859100,7265.25,7267.5,7264.25,7267
1777860000,7267.25,7268,7261.5,7265
1777860900,7265,7265,7260,7260.5
1777861800,7260.75,7265,7260.25,7264.5
1777862700,7264.5,7268.75,7264,7266
1777863600,7266,7269,7265.75,7268
1777864500,7267.75,7268.25,7266,7266.75
1777865400,7266.5,7267,7263.5,7266
1777866300,7266,7268.25,7265.25,7267
1777867200,7267,7269,7265.75,7268
1777868100,7268,7270.5,7268,7269.25
1777869000,7269.5,7270.75,7268,7269
1777869900,7269.25,7269.5,7267.25,7267.75
1777870800,7267.75,7270.75,7267.25,7270
1777871700,7270.25,7274.5,7268.25,7268.5
1777872600,7268.75,7272.25,7267.75,7272.25
1777873500,7272.25,7272.75,7269.25,7270
1777874400,7270,7271.25,7265.75,7269
1777875300,7269,7269.25,7263.75,7267.25
1777876200,7267.25,7268.75,7259.75,7261.25
1777877100,7261.5,7264,7259.5,7262.75
1777878000,7263,7270.75,7259.5,7269
1777878900,7269,7273.5,7269,7271.25
1777879800,7271.5,7271.5,7268,7271
1777880700,7271,7273,7265.25,7265.25
1777881600,7265,7265.5,7255,7259.75
1777882500,7259.5,7263.75,7256.25,7262.5
1777883400,7262.75,7264.75,7260.75,7262.5
1777884300,7262.75,7264.5,7261.5,7262.25
1777885200,7262.5,7266.75,7260.5,7266
1777886100,7266,7266.25,7264,7265.25
1777887000,7265.25,7267.75,7264.25,7266.25
1777887900,7266,7267.5,7263.5,7263.75
1777888800,7264,7265.5,7214.5,7222.75
1777889700,7223,7235.5,7213.75,7232.75
1777890600,7232.75,7254,7230.5,7249.25
1777891500,7249,7252.75,7246,7247
1777892400,7247.25,7254.25,7244.25,7248.75
1777893300,7248.75,7252,7245.5,7246
1777894200,7245.75,7248,7236.75,7243
1777895100,7242.75,7248,7239.25,7245.25
1777896000,7245.25,7251.5,7245.25,7248.75
1777896900,7248.5,7256,7245.25,7252
1777897800,7251.75,7254.5,7247.25,7252.75
1777898700,7252.25,7254.25,7246.5,7249.25
1777899600,7249.25,7256,7238.25,7249.5
1777900500,7249.5,7252,7246.5,7250.5
1777901400,7250.5,7253,7242.25,7249.25
1777902300,7249.25,7257.75,7248,7257.75
1777903200,7257.5,7261.75,7248,7259.5
1777904100,7259.75,7267,7258.5,7262.25
1777905000,7262.25,7270.75,7261,7269
1777905900,7269.25,7271,7257,7258.75
1777906800,7259,7264.25,7249.75,7252
1777907700,7251.75,7254.5,7223.75,7234
1777908600,7234,7235,7222.25,7232.25
1777909500,7232.5,7232.75,7218.75,7225.25
1777910400,7225.25,7227,7199.5,7208.5
1777911300,7208.75,7228.25,7204,7219.25
1777912200,7219.5,7226.25,7215.5,7218.25
1777913100,7218.5,7220.5,7212.75,7215
1777914000,7214.75,7226.25,7214.25,7224
1777914900,7224,7236.25,7222,7235.25
1777915800,7235.5,7235.75,7225.25,7231.5
1777916700,7231.75,7236,7230.25,7232.75
1777917600,7233,7239.5,7232.25,7234
1777918500,7234,7234.25,7221,7227
1777919400,7227,7228,7219.25,7219.75
1777920300,7219.75,7225,7217.5,7223.75
1777921200,7224,7231.5,7220.5,7229.5
1777922100,7229.5,7231,7223.25,7226.75
1777923000,7226.75,7231.5,7225.75,7226.5
1777923900,7226.5,7231.5,7223.25,7231
1777924800,7231.25,7231.5,7222.75,7225.25
1777925700,7225,7228.5,7222.75,7227.75
1777926600,7227.75,7228.75,7224.5,7224.75
1777927500,7224.5,7226,7223.5,7225.25
1777932000,7228.75,7234.75,7227.75,7232.25
1777932900,7232.25,7233.75,7231.5,7233.5
1777933800,7233.25,7234,7229.75,7230
1777934700,7229.75,7230,7226,7227.5
1777935600,7227.5,7229.25,7225.5,7229
1777936500,7229,7229.25,7227,7228.25
1777937400,7228,7228.75,7226.25,7226.75
1777938300,7226.75,7228.25,7224.5,7227
1777939200,7227.25,7235.75,7227,7233.25
1777940100,7233,7233,7223.75,7225.75
1777941000,7225.75,7229.75,7225.25,7227
1777941900,7227.25,7232.75,7226.75,7231.75
1777942800,7231.75,7233.75,7227.25,7232.25
1777943700,7232.5,7234.75,7232,7232.75
1777944600,7233,7239,7231,7235
1777945500,7235,7237.75,7234.75,7235.5
1777946400,7235.75,7237.75,7234.75,7235
1777947300,7235.25,7239.25,7235,7239
1777948200,7238.75,7241,7238.5,7240.25
1777949100,7240,7240.25,7233.75,7236.5
1777950000,7236.25,7240,7235.5,7239.75
1777950900,7239.75,7242,7239.25,7241
1777951800,7240.75,7241,7239.75,7240
1777952700,7240,7241.75,7239.75,7240.75
1777953600,7240.5,7243.75,7240.5,7241.25
1777954500,7241.5,7241.5,7240.25,7240.75
1777955400,7240.5,7240.5,7238.5,7240
1777956300,7240,7243.25,7239.5,7240
1777957200,7239.75,7240.75,7238.5,7240.25
1777958100,7240,7241.75,7239.5,7239.75
1777959000,7240,7243.75,7238.25,7242.25
1777959900,7242.25,7244.25,7241.75,7243.75
1777960800,7243.75,7247.75,7241,7241
1777961700,7241.25,7241.75,7235.75,7238.25
1777962600,7237.75,7248.25,7237.75,7244.5
1777963500,7244.75,7248.25,7243.75,7247.5
1777964400,7247.75,7252,7246.75,7250.75
1777965300,7250.75,7252,7247.75,7248.5
1777966200,7248.5,7256.75,7248,7250.5
1777967100,7250.5,7251.25,7245.75,7247.25
1777968000,7247.5,7256.25,7247.25,7255.25
1777968900,7255.25,7257,7253.25,7254
1777969800,7254,7256,7252.75,7254.75
1777970700,7254.75,7256.75,7253.25,7254.75
1777971600,7254.75,7255,7249.75,7252.5
1777972500,7252.5,7253.75,7250.75,7253
1777973400,7253,7256.5,7252.75,7255.25
1777974300,7255.25,7258,7253.75,7255.5
1777975200,7255.25,7256.5,7253.25,7255
1777976100,7255,7256.5,7254.25,7255.75
1777977000,7256,7261.75,7253.5,7253.5
1777977900,7253.75,7256,7253,7255.5
1777978800,7255.5,7256.75,7249,7251
1777979700,7251,7256.5,7248.75,7255
1777980600,7255,7258.75,7254.25,7258
1777981500,7258.25,7259.25,7257,7258.25
1777982400,7258.25,7267,7256.25,7266.25
1777983300,7266.25,7269,7263,7265.25
1777984200,7265.25,7266.25,7261.25,7261.5
1777985100,7261.75,7263,7260.25,7261.75
1777986000,7261.75,7268.75,7261.5,7266
1777986900,7266,7267.5,7262.5,7267.25
1777987800,7267.5,7274,7264.25,7271.5
1777988700,7271.5,7277.25,7270,7275
1777989600,7275,7283.5,7270.5,7272.25
1777990500,7272.25,7286.25,7266.75,7282.5
1777991400,7282.5,7283.5,7274.75,7276.25
1777992300,7276.25,7281,7273,7280.75
1777993200,7280.5,7285.75,7279.25,7284.75
1777994100,7284.75,7285.75,7280.25,7284.25
1777995000,7284.25,7284.75,7278.5,7280.5
1777995900,7280.5,7283.5,7278.75,7279.5
1777996800,7279.75,7285.25,7279.25,7284
1777997700,7284.25,7288,7279,7285.25
1777998600,7285.25,7286,7281.75,7283.5
1777999500,7283.75,7286.75,7282.75,7284
1778000400,7284,7285,7280.25,7281.75
1778001300,7282,7288,7281.75,7287.75
1778002200,7287.75,7289.5,7286.25,7287.5
1778003100,7287.75,7291.5,7287.75,7289.25
1778004000,7289.25,7295.75,7289,7295.5
1778004900,7295.5,7296.25,7293.5,7293.75
1778005800,7294,7294.5,7290.25,7291.75
1778006700,7291.75,7294,7290.5,7292.75
1778007600,7292.75,7299.5,7292.25,7296.75
1778008500,7296.75,7299.75,7294.75,7296.5
1778009400,7296.5,7298.5,7294,7297
1778010300,7297,7297.5,7282.5,7287
1778011200,7286.75,7290.75,7286,7290.25
1778012100,7290.25,7304.25,7284.75,7302
1778013000,7302,7302,7295.5,7295.5
1778013900,7295.5,7297.5,7292.75,7295.5
1778018400,7300.5,7301.25,7294,7294.75
1778019300,7295,7296.75,7293.5,7296.25
1778020200,7296.5,7300,7296,7299
1778021100,7299,7320,7298.5,7316.75
1778022000,7316.75,7319,7312.25,7318.75
1778022900,7319,7319.25,7313.5,7313.75
1778023800,7313.75,7316.5,7313.75,7313.75
1778024700,7314,7315.5,7313.5,7314.25
1778025600,7314.25,7316,7307.75,7308.5
1778026500,7308.5,7308.5,7301,7301.5
1778027400,7301.25,7305,7300.75,7302.75
1778028300,7302.75,7304,7299.25,7303.5
1778029200,7303.25,7307.5,7302.75,7306.5
1778030100,7306.75,7308.5,7304.75,7305.5
1778031000,7305.5,7308.25,7303.75,7308
1778031900,7308,7310.25,7305.5,7307.75
1778032800,7307.75,7308.25,7304,7306.5
1778033700,7306.5,7308.25,7303.75,7304.25
1778034600,7304,7305.5,7302.5,7303.75
1778035500,7303.5,7305.25,7303.25,7304.25
1778036400,7304.25,7307.25,7303.25,7306.5
1778037300,7306.5,7308.5,7305.25,7308
1778038200,7308.25,7311,7308,7309
1778039100,7309,7309.25,7306.75,7307.75
1778040000,7308,7308.75,7306.75,7308
1778040900,7308,7310,7307.5,7309
1778041800,7309.25,7310,7306.5,7308
1778042700,7308.25,7310.25,7308,7308.75
1778043600,7308.5,7310.5,7307.25,7309.25
1778044500,7309,7310,7307,7309
1778045400,7309.25,7309.5,7307.25,7308.5
1778046300,7308.75,7312.75,7308.75,7311.5
1778047200,7311.5,7314.75,7309.25,7310.25
1778048100,7310.25,7311.25,7308.25,7309.25
1778049000,7309.5,7311,7303.75,7308.5
1778049900,7308.5,7309.75,7306,7309.75
1778050800,7309.75,7311.5,7306.75,7307.5
1778051700,7307.25,7309.75,7307,7308.75
1778052600,7308.75,7309.25,7306.5,7308.75
1778053500,7308.75,7311.75,7308,7310.75
1778054400,7311,7312.25,7307.75,7308.75
1778055300,7308.5,7308.75,7305.5,7306.75
1778056200,7307,7310.75,7306.25,7309.75
1778057100,7310,7343.25,7309.75,7335.25
1778058000,7335.25,7339.75,7323,7329.75
1778058900,7330,7336.25,7329.5,7333
1778059800,7332.75,7341.75,7331.25,7340
1778060700,7340,7343,7336.75,7341.75
1778061600,7341.75,7347.75,7340.5,7342.25
1778062500,7342.25,7352.75,7341.75,7350.5
1778063400,7350.5,7358.5,7350,7357.25
1778064300,7357.25,7363.75,7351.25,7358
1778065200,7357.75,7366.25,7355.5,7362
1778066100,7361.75,7363.75,7356,7356.5
1778067000,7356.75,7360.75,7350,7350.25
1778067900,7350.5,7352,7345,7348
1778068800,7348.25,7348.75,7331.75,7333.5
1778069700,7333.5,7345.75,7326.5,7343
1778070600,7343,7344.25,7338.75,7340
1778071500,7340.25,7342.75,7334.75,7338.5
1778072400,7338.5,7339.25,7328.5,7334.75
1778073300,7334.75,7338,7329.75,7331
1778074200,7331,7345,7327.25,7340.75
1778075100,7341,7347.5,7331.5,7346
1778076000,7346,7352,7336.25,7350.25
1778076900,7350.25,7356.5,7345,7350
1778077800,7350,7369.5,7349.75,7368.25
1778078700,7368.25,7372,7364.5,7371.25
1778079600,7371.5,7375,7363.75,7367
1778080500,7367,7373.5,7365,7369.75
1778081400,7370,7371,7358.75,7362.75
1778082300,7362.75,7368.5,7361.25,7365.75
1778083200,7365.75,7369.25,7364,7368.5
1778084100,7368.5,7369.75,7366.25,7367
1778085000,7366.75,7367.75,7364,7365.25
1778085900,7365.5,7365.75,7354.5,7359
1778086800,7359.25,7366.75,7355.5,7364.5
1778087700,7364.5,7367.75,7363,7366
1778088600,7366,7368.75,7364.75,7368.25
1778089500,7368.25,7371,7367.25,7371
1778090400,7371,7375.5,7369.75,7374.5
1778091300,7374.75,7381.75,7374.5,7380
1778092200,7380.25,7384.5,7378.5,7379.75
1778093100,7380,7381.25,7376.75,7379.25
1778094000,7379.25,7388,7379,7387.5
1778094900,7387.25,7390,7385.75,7388.5
1778095800,7388.25,7390,7385.25,7386.75
1778096700,7386.75,7395.75,7385.75,7386.75
1778097600,7386.75,7395.75,7385,7394
1778098500,7394.25,7394.75,7390,7392.75
1778099400,7392.75,7393,7387,7387.75
1778100300,7387.75,7387.75,7384.5,7386.75
1778104800,7380.5,7383.75,7378.5,7380.5
1778105700,7380.25,7382.75,7377,7377.5
1778106600,7377.5,7380,7377,7379.75
1778107500,7379.5,7380.25,7378,7378.75
1778108400,7378.75,7381.5,7378,7380.25
1778109300,7380.25,7381.75,7378.75,7379.75
1778110200,7379.75,7380.5,7378.25,7380
1778111100,7380,7382.5,7377.5,7379.75
1778112000,7379.75,7385,7378.75,7383
1778112900,7383,7383.75,7378.5,7380.25
1778113800,7380.25,7383,7379.25,7382.75
1778114700,7382.75,7385.5,7382,7384.75
1778115600,7384.75,7385.75,7381,7384.75
1778116500,7384.75,7386.5,7384.5,7386
1778117400,7385.75,7389.5,7385.75,7389
1778118300,7389,7393,7388.75,7390.25
1778119200,7390.25,7391.25,7383.25,7383.75
1778120100,7383.5,7388.25,7383.5,7388
1778121000,7388.25,7389.5,7385.5,7386.5
1778121900,7386.25,7389.5,7386.25,7388.5
1778122800,7388.5,7388.75,7386.75,7387.75
1778123700,7387.75,7390.75,7387,7389.5
1778124600,7389.5,7391.5,7389.5,7391.25
1778125500,7391.25,7392,7390.25,7390.5
1778126400,7390.5,7392.25,7389.5,7391.75
1778127300,7391.75,7394.25,7391.75,7393.25
1778128200,7393.5,7394,7391.75,7392.75
1778129100,7392.75,7394.5,7392,7393.5
1778130000,7393.25,7395,7392.25,7394.25
1778130900,7394.25,7394.5,7392,7392.75
1778131800,7392.75,7395.75,7392.75,7394.75
1778132700,7394.75,7395.25,7393.5,7394
1778133600,7393.75,7395.75,7390.75,7390.75
1778134500,7390.75,7395.75,7390.25,7394
1778135400,7394,7403,7393,7401.5
1778136300,7401.25,7401.5,7396.75,7399.5
1778137200,7399.25,7409.5,7395.5,7409.25
1778138100,7409.5,7410.5,7400,7401.75
1778139000,7402,7405.75,7401.25,7403.5
1778139900,7403.5,7403.75,7399,7402
1778140800,7402,7408.5,7400.25,7402.25
1778141700,7402.25,7402.5,7394.25,7398.25
1778142600,7398.25,7400,7396,7396.5
1778143500,7396.25,7399.25,7393.75,7395.25
1778144400,7395.25,7396.25,7392.25,7395
1778145300,7395.25,7399.5,7395.25,7396.5
1778146200,7396.5,7398.25,7395.25,7395.75
1778147100,7395.75,7399.5,7392,7394
1778148000,7393.75,7394.75,7389.75,7393.25
1778148900,7393.25,7396.75,7391.5,7395
1778149800,7395.25,7398.75,7393.75,7398.25
1778150700,7398,7398.5,7394.75,7395.25
1778151600,7395.5,7399,7395.25,7396.5
1778152500,7396.5,7397,7393,7393.75
1778153400,7393.75,7398.25,7392.75,7396
1778154300,7396,7397.75,7393.25,7396.75
1778155200,7396.5,7402.25,7395.25,7401.5
1778156100,7401.5,7402,7396.75,7400.5
1778157000,7400.5,7402.75,7398.75,7401.75
1778157900,7402,7402.75,7398.5,7401.75
1778158800,7402,7402,7395.75,7397.25
1778159700,7397.5,7402,7397.5,7399.25
1778160600,7399.25,7400.25,7390,7391
1778161500,7391,7393,7383.75,7387.5
1778162400,7387.5,7397.5,7387.25,7393.25
1778163300,7393.25,7398.75,7389,7393.75
1778164200,7394,7401.75,7393,7400.25
1778165100,7400.25,7409.5,7398.25,7409.25
1778166000,7409.5,7410,7400.25,7401.5
1778166900,7401.5,7404.5,7391.25,7397.5
1778167800,7397.5,7404.75,7396.75,7401.25
1778168700,7401,7402.5,7386,7388
1778169600,7388,7388.5,7374.25,7375
1778170500,7375,7382.5,7365.75,7382
1778171400,7381.75,7386.5,7373.25,7375.75
1778172300,7375.75,7377,7364,7368.5
1778173200,7368.5,7374.75,7364.75,7368
1778174100,7368,7373.75,7345.75,7354.25
1778175000,7354.5,7365.25,7350,7356
1778175900,7355.75,7366.25,7349.5,7365.25
1778176800,7365.25,7369.75,7358.75,7364.5
1778177700,7364.75,7370.5,7359.75,7361.25
1778178600,7361,7367.5,7347.5,7351.25
1778179500,7351.25,7360.25,7345.5,7359.75
1778180400,7359.75,7363.75,7355,7360.25
1778181300,7360.5,7361.75,7348.5,7354
1778182200,7353.75,7363.5,7352.5,7361.25
1778183100,7361.5,7367.5,7354.75,7364.25
1778184000,7364.5,7378.75,7355,7369.5
1778184900,7369.5,7371.25,7366.5,7368.75
1778185800,7368.75,7370.75,7352,7360.25
1778186700,7360,7362,7351.25,7352.25
1778191200,7340,7353.5,7336.25,7349.75
1778192100,7349.75,7359.25,7347.5,7357
1778193000,7357.25,7357.75,7345.75,7351.25
1778193900,7351.5,7352.25,7347.5,7349.5
1778194800,7349.5,7353,7348.25,7351.5
1778195700,7351.75,7355.25,7351.25,7354.25
1778196600,7354.25,7356.5,7352.25,7356.5
1778197500,7356.5,7363,7354.75,7362.75
1778198400,7363,7372.75,7363,7370.5
1778199300,7370.5,7370.5,7365.5,7367.5
1778200200,7367.25,7371.75,7366.5,7371
1778201100,7371.25,7373.25,7367.25,7372.75
1778202000,7372.5,7378.25,7372.5,7377
1778202900,7377.25,7379.25,7375,7377
1778203800,7377,7378.25,7375.5,7377.5
1778204700,7377.25,7380.5,7375.75,7376.25
1778205600,7376.25,7377.5,7374.5,7376.25
1778206500,7376.25,7376.5,7372.25,7375.25
1778207400,7375.25,7376.25,7367.25,7373.25
1778208300,7373.5,7379.5,7373.5,7374.75
1778209200,7374.5,7376.75,7373.5,7375.5
1778210100,7375.5,7376.5,7374,7375.75
1778211000,7376,7379.5,7375,7376.5
1778211900,7376.5,7379.25,7375.25,7378.25
1778212800,7378,7379.5,7376.75,7377.5
1778213700,7377.5,7379,7375.5,7378
1778214600,7378,7378.75,7375.25,7376.5
1778215500,7376.5,7382.5,7376,7379.25
1778216400,7379.25,7381.5,7378.75,7380.25
1778217300,7380.5,7382,7380,7381.75
1778218200,7381.75,7385.5,7381.25,7383.5
1778219100,7383.5,7384.25,7382.25,7382.75
1778220000,7382.5,7386.75,7379.25,7385
1778220900,7385,7388.75,7384.5,7387.5
1778221800,7387.75,7388.25,7384.75,7387
1778222700,7387,7388.75,7384.75,7388
1778223600,7388,7388.25,7380.75,7381.75
1778224500,7382,7386.25,7381.25,7385
1778225400,7385,7386,7382,7384.75
1778226300,7385,7388.5,7384.25,7387.25
1778227200,7387.25,7392.75,7386.25,7389.75
1778228100,7389.5,7393.75,7389.5,7392.5
1778229000,7392.5,7393.5,7390.75,7391.75
1778229900,7391.5,7394.5,7390.25,7393.75
1778230800,7394,7399.75,7393.25,7399.25
1778231700,7399.25,7402.25,7398.25,7399.75
1778232600,7399.75,7399.75,7396.25,7396.5
1778233500,7396.25,7396.5,7390.5,7394.5
1778234400,7394.75,7397.25,7394.5,7395.5
1778235300,7395.75,7398.25,7395.25,7396.25
1778236200,7396.25,7399.75,7395.75,7398
1778237100,7397.75,7397.75,7391,7396.25
1778238000,7396.25,7400,7396.25,7399.25
1778238900,7399.25,7400.25,7396.5,7399.75
1778239800,7399.75,7401.25,7398.75,7399.75
1778240700,7399.75,7402,7399,7399.75
1778241600,7399.75,7401.5,7398.25,7399
1778242500,7399,7401.5,7396.5,7401
1778243400,7401,7412.5,7400.25,7408.25
1778244300,7408.25,7408.25,7394.5,7398.25
1778245200,7398,7400.75,7389,7392.75
1778246100,7392.75,7397.25,7390.75,7395.75
1778247000,7395.75,7401.25,7391.75,7399.5
1778247900,7399.5,7413.75,7399.25,7413.5
1778248800,7413.25,7416,7409.25,7415.25
1778249700,7415.25,7422.75,7412.5,7415.25
1778250600,7415.25,7418.75,7408.25,7418.5
1778251500,7418.75,7422,7416.75,7417.75
1778252400,7417.75,7420.75,7411.5,7412.75
1778253300,7412.75,7416.75,7407.25,7416
1778254200,7416,7420.5,7410,7414.5
1778255100,7414.5,7420.5,7413.25,7416
1778256000,7415.75,7422.25,7415.5,7420.75
1778256900,7420.75,7424.25,7419,7422.25
1778257800,7422.5,7423.25,7415,7415.25
1778258700,7415.25,7420.25,7415,7415.75
1778259600,7415.75,7423,7414.75,7418.5
1778260500,7418.5,7425,7418.5,7423.5
1778261400,7423.5,7426,7419.5,7419.75
1778262300,7419.75,7423,7417.5,7418.75
1778263200,7418.75,7427.75,7418.5,7425
1778264100,7424.75,7426.5,7423.25,7424
1778265000,7424.25,7426.75,7419,7419.25
1778265900,7419.25,7419.25,7407.5,7410.75
1778266800,7410.5,7417.25,7410,7414.75
1778267700,7414.75,7418.75,7412.75,7412.75
1778268600,7413,7420.75,7411.5,7419.75
1778269500,7419.75,7422,7417,7421
1778270400,7421,7425,7418.5,7420.5
1778271300,7420.5,7421.75,7417.25,7421
1778272200,7420.75,7422,7419.5,7421.25
1778273100,7421,7422.5,7419.25,7420.5
1778450400,7403.5,7409.75,7393.75,7399.5
1778451300,7399.5,7400.25,7390.5,7399.75
1778452200,7399.5,7400,7395.25,7398.75
1778453100,7398.75,7406.25,7398.5,7404.5
1778454000,7404.25,7409,7403.25,7406.25
1778454900,7406.25,7409,7403.25,7404
1778455800,7404,7405,7402,7403.75
1778456700,7404,7405.5,7401.25,7402.75
1778457600,7402.75,7408.75,7402.5,7408.25
1778458500,7408,7412,7405.25,7410.25
1778459400,7410.5,7412.75,7410.25,7411.25
1778460300,7411,7411.5,7397,7402.25
1778461200,7402.25,7405.5,7398,7404.5
1778462100,7404.75,7410.25,7403.25,7408.5
1778463000,7408.5,7409,7405.75,7408.75
1778463900,7408.75,7411.25,7407.75,7411
1778464800,7411,7413,7409.5,7411.75
1778465700,7411.5,7413.75,7410,7413.25
1778466600,7413.25,7414.5,7410.25,7412.75
1778467500,7412.75,7413.5,7411,7411.25
1778468400,7411.25,7411.25,7407.5,7410.5
1778469300,7410.5,7413.25,7409,7413
1778470200,7413,7415.5,7412,7414.75
1778471100,7414.75,7414.75,7411,7411.25
1778472000,7411.25,7411.5,7406.75,7409.75
1778472900,7410,7412.75,7410,7411.5
1778473800,7411.75,7412.5,7411,7411.5
1778474700,7411.25,7413.25,7410.75,7412.75
1778475600,7413,7413.75,7411.75,7412.75
1778476500,7412.75,7415,7412,7413.75
1778477400,7413.75,7415,7410.5,7410.75
1778478300,7410.75,7412.75,7410.25,7410.5
1778479200,7410.5,7414.75,7410.5,7413.5
1778480100,7413.5,7416.25,7411.5,7415
1778481000,7414.75,7415.25,7410,7411.25
1778481900,7411.25,7413.75,7409.5,7413
1778482800,7413,7413.75,7410,7410.75
1778483700,7410.75,7413.25,7410,7412
1778484600,7412,7415,7410,7412
1778485500,7412,7414.25,7411.75,7414.25
1778486400,7414.25,7416.75,7410,7412.5
1778487300,7412.5,7417.75,7412.25,7412.25
1778488200,7412.5,7415,7412,7414.5
1778489100,7414.5,7416.25,7414,7414
1778490000,7413.75,7417.75,7413,7414.75
1778490900,7414.75,7418.25,7414.25,7416.5
1778491800,7416.5,7419.25,7416.5,7419.25
1778492700,7419.25,7420.75,7414.75,7415
1778493600,7414.75,7416.75,7414,7415.75
1778494500,7415.5,7416.5,7414.25,7415
1778495400,7415,7415.25,7411,7413.75
1778496300,7413.75,7414,7411.25,7412.25
1778497200,7412.25,7415.75,7412,7414
1778498100,7413.75,7417.75,7413,7417.25
1778499000,7417.25,7420.25,7415,7415.25
1778499900,7415.5,7415.5,7410.75,7414
1778500800,7414,7415.75,7408.5,7410.25
1778501700,7410.25,7412.25,7408.25,7411.75
1778502600,7411.5,7414.5,7408.75,7409
1778503500,7408.75,7411,7402.5,7408.75
1778504400,7408.75,7412.75,7406.75,7412.25
1778505300,7412.25,7414,7409,7410.25
1778506200,7410,7429.5,7410,7429.5
1778507100,7429.5,7437.25,7429,7432.75
1778508000,7432.5,7436.5,7430.5,7436.5
1778508900,7436.5,7442,7430.25,7430.25
1778509800,7430.25,7437,7421.5,7435.75
1778510700,7435.75,7445.75,7432.5,7443
1778511600,7442.75,7443.75,7436.75,7437.5
1778512500,7437.5,7447.25,7435.75,7447
1778513400,7447,7448.25,7443.25,7444.75
1778514300,7445,7449.75,7443.5,7448.5
1778515200,7448.25,7449.25,7446.25,7447.25
1778516100,7447.25,7450.5,7445.5,7449.5
1778517000,7449.5,7450.5,7434.25,7442.75
1778517900,7442.75,7445.25,7436.5,7439.5
1778518800,7439.5,7442.75,7436,7436.75
1778519700,7436.5,7444.75,7434.75,7444
1778520600,7444,7453,7444,7452.5
1778521500,7452.75,7454.75,7447.75,7448
1778522400,7448.25,7452.75,7448,7449.75
1778523300,7449.5,7451.5,7447,7449.5
1778524200,7449.75,7449.75,7442.25,7443.75
1778525100,7443.75,7444,7431,7431.25
1778526000,7431.5,7438,7428,7434
1778526900,7433.75,7434.25,7427.5,7431.25
1778527800,7431.25,7435,7428.25,7428.5
1778528700,7428.25,7439,7427.75,7438.75
1778529600,7438.75,7440.25,7426,7434.5
1778530500,7434.5,7435.5,7431.75,7434.5
1778531400,7434.25,7436.75,7434,7435.75
1778532300,7435.5,7436.75,7433.5,7435
1778536800,7435.5,7440.75,7434.25,7440.5
1778537700,7440.25,7442,7439.75,7441.25
1778538600,7441.25,7443.25,7441.25,7443.25
1778539500,7443,7443.75,7440.5,7441
1778540400,7441.25,7441.75,7440.25,7440.5
1778541300,7440.5,7441.5,7438.5,7441.5
1778542200,7441.25,7441.5,7439.5,7440.5
1778543100,7440.5,7440.5,7436.25,7438.75
1778544000,7438.5,7438.75,7432,7433
1778544900,7433,7434.75,7428.75,7431.75
1778545800,7431.75,7434.25,7429.25,7430.25
1778546700,7430.25,7432,7429.5,7429.75
1778547600,7429.75,7432,7429,7430
1778548500,7430,7430,7423,7424.75
1778549400,7424.25,7425.25,7411.25,7416.5
1778550300,7416.5,7422,7416,7419
1778551200,7419.25,7429,7417.75,7427.75
1778552100,7428,7428.25,7423.5,7426
1778553000,7425.75,7426.75,7423.25,7424.75
1778553900,7425,7430.75,7425,7429.25
1778554800,7429.25,7430.25,7425,7427.25
1778555700,7427.25,7427.5,7425.75,7427
1778556600,7427,7429.75,7427,7428.5
1778557500,7428.5,7429,7424.25,7425.25
1778558400,7425.25,7427.5,7424.5,7425.25
1778559300,7425,7427.5,7425,7426
1778560200,7426,7427.5,7425.25,7427
1778561100,7427.25,7427.5,7420.75,7420.75
1778562000,7420.75,7423.5,7419.25,7420.25
1778562900,7420.25,7424,7418.5,7423
1778563800,7422.75,7423.25,7419,7420
1778564700,7420,7424,7420,7421.5
1778565600,7421.5,7422.75,7417.75,7419.75
1778566500,7419.75,7420.75,7415,7415.75
1778567400,7416,7416.75,7412,7413.75
1778568300,7413.75,7415,7408.25,7408.75
1778569200,7409,7410.5,7402.25,7409.75
1778570100,7409.75,7416.25,7409.5,7412.75
1778571000,7413,7417.25,7412.5,7415
1778571900,7415,7417.25,7413.5,7416
1778572800,7416,7416.75,7407.5,7407.5
1778573700,7407.5,7411.25,7405.5,7410.25
1778574600,7410.5,7411.25,7406.25,7407
1778575500,7407,7409.5,7405.75,7409.5
1778576400,7409.5,7411.25,7403.25,7408.5
1778577300,7408.5,7411.5,7406.25,7409.5
1778578200,7409.5,7416.5,7409.5,7410.25
1778579100,7410.25,7413.25,7409.25,7411.5
1778580000,7411.5,7416,7411.5,7415.25
1778580900,7415,7415.25,7410,7412.5
1778581800,7412.5,7413,7407.75,7409.75
1778582700,7409.5,7412,7406.75,7412
1778583600,7411.75,7413.75,7402,7405.25
1778584500,7405.25,7406.5,7402.75,7406
1778585400,7406.25,7412,7405.5,7409
1778586300,7409.25,7411.25,7407.75,7407.75
1778587200,7407.75,7408.25,7402,7407.5
1778588100,7407.25,7407.75,7402.75,7407.5
1778589000,7407.5,7416.5,7398.75,7414.25
1778589900,7414.5,7420.75,7414,7419.5
1778590800,7419.5,7421.25,7415.75,7418.5
1778591700,7418.5,7418.5,7412.75,7414
1778592600,7414,7417.5,7400.25,7412.25
1778593500,7412.5,7414,7393.5,7396.25
1778594400,7396,7406.5,7391.5,7406
1778595300,7406.25,7408.75,7390.5,7394.25
1778596200,7394.25,7397,7380,7391.25
1778597100,7391.25,7391.5,7381.75,7383
1778598000,7383,7385.5,7376.75,7377.25
1778598900,7377.25,7377.5,7363.25,7368.25
1778599800,7368.25,7380.75,7366,7380.25
1778600700,7380.5,7382.75,7368.75,7369.75
1778601600,7370,7380,7366.25,7378.5
1778602500,7378.5,7379.25,7370.75,7372.5
1778603400,7372.5,7375.5,7367,7369.5
1778604300,7369.25,7371,7363.5,7366.25
1778605200,7366.25,7379.25,7365.25,7378.5
1778606100,7378.25,7395.75,7378.25,7388.75
1778607000,7388.75,7395.25,7386.75,7393.25
1778607900,7393.25,7397.25,7389,7396
1778608800,7396,7397.75,7391.75,7395.75
1778609700,7395.75,7410,7395.25,7407
1778610600,7407,7409.75,7403.5,7407.5
1778611500,7407.5,7410.5,7402.75,7405.25
1778612400,7405.25,7418.5,7404.75,7416.25
1778613300,7416.5,7419.5,7410.5,7416
1778614200,7416,7425.75,7415.75,7425
1778615100,7424.75,7433.75,7422.5,7428.25
1778616000,7428,7428.75,7415.75,7420
1778616900,7420,7422,7416.5,7419.5
1778617800,7419.25,7421,7416,7419.75
1778618700,7419.75,7422.25,7419.5,7420.5
1778623200,7419.25,7425,7419.25,7423
1778624100,7422.75,7427.5,7422.75,7425.5
1778625000,7425.5,7426.75,7424.5,7424.75
1778625900,7424.75,7425.75,7421.5,7421.75
1778626800,7421.75,7423.5,7418,7420.25
1778627700,7420.5,7421.5,7418.75,7419.25
1778628600,7419.25,7419.5,7412.25,7413
1778629500,7413,7416.25,7411.75,7412
1778630400,7411.75,7416.5,7410,7412.5
1778631300,7412.5,7423.25,7412.25,7417.25
1778632200,7417.5,7421.75,7415,7419.75
1778633100,7419.75,7421.25,7415.75,7420.5
1778634000,7420.25,7425.75,7420,7425
1778634900,7424.75,7427,7421.75,7426.75
1778635800,7426.75,7429.75,7424.75,7429.25
1778636700,7429.5,7436.5,7428.5,7429
1778637600,7428.75,7431,7425.25,7427.75
1778638500,7427.75,7431.5,7427,7431
1778639400,7431,7432,7429,7429.5
1778640300,7429.75,7430.5,7428.25,7429.25
1778641200,7429,7429.75,7425.5,7426
1778642100,7426,7430.75,7425.75,7430.75
1778643000,7431,7436,7431,7435.5
1778643900,7435.25,7435.5,7433,7434
1778644800,7434,7435.5,7433.5,7434.75
1778645700,7435,7436.75,7434.25,7435.75
1778646600,7435.75,7437.5,7433,7435.75
1778647500,7436,7438.5,7435.75,7437.25
1778648400,7437.25,7441,7435.5,7439
1778649300,7439,7441.75,7437.75,7440
1778650200,7440.25,7441.25,7438,7439
1778651100,7439,7439.75,7438,7439.25
1778652000,7439.5,7441.5,7438.5,7441.5
1778652900,7441.5,7443.5,7438.25,7439
1778653800,7438.75,7440,7437.75,7438.25
1778654700,7438.25,7438.25,7434.25,7437.25
1778655600,7437.5,7439,7434.25,7437
1778656500,7437,7438.25,7436,7438
1778657400,7437.75,7444.75,7437,7444
1778658300,7444.25,7446.5,7442.75,7445
1778659200,7445.25,7451.75,7444,7451.5
1778660100,7451.5,7453.25,7450.75,7452.25
1778661000,7452.5,7454.25,7451.5,7452.5
1778661900,7452.25,7452.5,7446,7447.5
1778662800,7447.25,7447.5,7441.5,7442
1778663700,7442,7443.75,7440.25,7441.25
1778664600,7441.25,7445.75,7439.5,7445.5
1778665500,7445.5,7447.5,7443.75,7447
1778666400,7447.25,7449,7441.75,7443.5
1778667300,7443.75,7446,7441.75,7442.5
1778668200,7442.75,7444,7439.25,7443.75
1778669100,7443.75,7445,7441.25,7442.75
1778670000,7442.5,7445,7438.75,7440.75
1778670900,7440.75,7442,7438.5,7440.75
1778671800,7440.75,7444.5,7439.75,7442.25
1778672700,7442,7442.75,7440,7441.25
1778673600,7441.25,7446.25,7440.5,7441
1778674500,7440.75,7441.25,7432.25,7438.75
1778675400,7438.5,7438.5,7416.5,7422.75
1778676300,7422.75,7424.75,7418,7421
1778677200,7421.25,7432.25,7421.25,7431.5
1778678100,7431.25,7435,7428.5,7429.25
1778679000,7429.25,7429.5,7409.5,7413.5
1778679900,7413.5,7417,7399,7413.5
1778680800,7413.25,7421.75,7412.25,7420.5
1778681700,7420.25,7432,7416,7427.5
1778682600,7427.5,7431.5,7422,7428.25
1778683500,7428.5,7434.5,7425.25,7433
1778684400,7433,7438.25,7431.25,7434
1778685300,7434,7438.25,7433.75,7437.25
1778686200,7437.25,7447,7434,7445.75
1778687100,7445.75,7445.75,7440,7442
1778688000,7442,7451.5,7439.75,7451.25
1778688900,7451.25,7464.75,7449.5,7462.5
1778689800,7462.25,7463.5,7458.75,7461
1778690700,7461,7467.75,7459,7465.25
1778691600,7465.5,7474,7465.5,7471.5
1778692500,7471.5,7473,7467.75,7471
1778693400,7470.75,7471.75,7466.5,7471
1778694300,7471,7472.5,7466,7466.25
1778695200,7466.25,7478.75,7465.75,7478.25
1778696100,7478.25,7483.75,7478.25,7480.25
1778697000,7480.25,7480.25,7473.25,7473.25
1778697900,7473.5,7478.5,7470.75,7471.5
1778698800,7471.5,7480.5,7471.25,7480.25
1778699700,7480.5,7482.25,7475,7479.75
1778700600,7479.75,7480.25,7475,7479.75
1778701500,7479.75,7481.25,7467.75,7468.5
1778702400,7468.75,7473.75,7466.5,7472.5
1778703300,7472.5,7474.75,7472,7474.25
1778704200,7474,7478,7474,7476.75
1778705100,7476.5,7476.5,7474.75,7476
1778709600,7477.5,7478.5,7472.5,7477
1778710500,7477,7479.25,7474.25,7475.75
1778711400,7475.5,7478.25,7475.25,7478.25
1778712300,7478,7481.75,7477.75,7479
1778713200,7479,7483.75,7478.75,7482.5
1778714100,7482.25,7482.75,7479.25,7479.5
1778715000,7479.5,7480.5,7477,7478.5
1778715900,7478.5,7481,7477.25,7480.5
1778716800,7480.25,7481.25,7475.5,7481
1778717700,7481.25,7485.25,7480,7484.25
1778718600,7484.5,7488.75,7484.5,7486.5
1778719500,7486.25,7489,7485.75,7487.75
1778720400,7487.75,7487.75,7484.5,7485.25
1778721300,7485.25,7486.5,7482.5,7486.25
1778722200,7486.25,7487,7481,7482.75
1778723100,7482.5,7482.5,7477.75,7478.75
1778724000,7478.5,7481.75,7477.5,7480
1778724900,7480,7482.25,7479,7481.75
1778725800,7481.5,7484,7481,7482.75
1778726700,7482.75,7482.75,7476.5,7478.5
1778727600,7478.5,7482.5,7477.5,7481.25
1778728500,7481.25,7482.75,7477.25,7480.25
1778729400,7480.25,7480.5,7473.75,7475
1778730300,7475,7476,7471.75,7473.25
1778731200,7473.5,7475.25,7471,7474.75
1778732100,7475,7478.25,7474,7477.5
1778733000,7477.5,7480.25,7477.5,7479
1778733900,7479,7481.75,7476.5,7477.5
1778734800,7477.5,7479.5,7476,7476.25
1778735700,7476.25,7477.75,7473.25,7476.75
1778736600,7477,7478.75,7474.75,7476.75
1778737500,7477,7486.75,7477,7483
1778738400,7483.25,7489.5,7483,7487
1778739300,7487,7489.25,7485.5,7486.75
1778740200,7486.75,7489.25,7486.5,7488.25
1778741100,7488.25,7489,7484.75,7485
1778742000,7485,7486.75,7481.5,7483.5
1778742900,7483.25,7485.25,7483,7484.5
1778743800,7484.5,7489,7484.25,7486.75
1778744700,7487,7488.5,7478.25,7479.25
1778745600,7479.5,7486.5,7478,7486.5
1778746500,7486.5,7491.75,7486.25,7488.25
1778747400,7488,7491.25,7482.75,7483.5
1778748300,7483.75,7488.25,7482.25,7487.75
1778749200,7488,7490,7483,7485.5
1778750100,7485.25,7486,7482.25,7483
1778751000,7483,7484.5,7475.25,7480.75
1778751900,7480.75,7486.75,7479.75,7485
1778752800,7485,7496.25,7484.75,7489
1778753700,7489.25,7494,7488,7489.25
1778754600,7489.25,7490.25,7483.25,7485.25
1778755500,7485.5,7492.75,7484,7488.5
1778756400,7488.25,7495,7487.75,7493.25
1778757300,7493.25,7494,7485,7486.75
1778758200,7486.75,7490.75,7486.75,7490.25
1778759100,7490.25,7494.75,7490.25,7491
1778760000,7491,7496.75,7491,7494
1778760900,7494,7499.25,7493.75,7496.5
1778761800,7496.5,7497,7492.25,7492.25
1778762700,7492.25,7492.5,7486,7489.75
1778763600,7489.5,7489.5,7482,7485
1778764500,7484.75,7487.25,7480.5,7481
1778765400,7481,7500.5,7479.75,7498.25
1778766300,7498.25,7503.25,7485.75,7488.5
1778767200,7488.5,7500.75,7486.75,7499.25
1778768100,7499.25,7508,7498.75,7503.75
1778769000,7503.75,7514.75,7501.5,7514.5
1778769900,7514.5,7520,7514.5,7516.5
1778770800,7516.5,7525,7515.75,7525
1778771700,7525,7533,7525,7530
1778772600,7529.75,7533,7526.75,7532.25
1778773500,7532.25,7537.5,7530.5,7537.25
1778774400,7537,7540,7533.75,7534.25
1778775300,7534,7538,7522.75,7524.25
1778776200,7524.5,7527.75,7518,7522.75
1778777100,7522.75,7526.75,7515.75,7522.75
1778778000,7522.5,7527.5,7513.75,7515
1778778900,7515,7516.25,7507,7513.5
1778779800,7513.5,7523.75,7511,7521.5
1778780700,7521.75,7527,7521,7521.5
1778781600,7521.5,7522.75,7511,7522.75
1778782500,7522.5,7527.5,7518,7519.75
1778783400,7520,7525.25,7517.75,7521.75
1778784300,7522,7528,7519.5,7527.5
1778785200,7527.5,7531.25,7526,7528.5
1778786100,7528.25,7530.75,7524.25,7525
1778787000,7525.25,7531.25,7524,7529.75
1778787900,7529.5,7530.5,7522.5,7526
1778788800,7526,7530,7525.75,7527
1778789700,7526.75,7527.25,7518.5,7519.75
1778790600,7519.5,7521.75,7518.25,7520
1778791500,7520,7524,7520,7523
1778796000,7522.25,7527,7521.25,7523.5
1778796900,7523.5,7524,7520.5,7524
1778797800,7523.75,7525.5,7523.5,7524.5
1778798700,7524.5,7526.25,7523.75,7524
1778799600,7524.25,7526.5,7524.25,7526.25
1778800500,7526.25,7527,7524,7526.75
1778801400,7526.75,7528.25,7526.5,7526.5
1778802300,7526.5,7526.5,7519.25,7521
1778803200,7520.75,7522.75,7517,7522.5
1778804100,7522.5,7526.5,7522.25,7525.5
1778805000,7525.75,7525.75,7512.75,7517.25
1778805900,7517,7519.5,7514.75,7519
1778806800,7518.75,7520,7512.75,7514.25
1778807700,7514.25,7515.25,7503.5,7504.5
1778808600,7504.5,7508,7498,7504.75
1778809500,7504.5,7504.75,7494.25,7495.25
1778810400,7495.25,7500.25,7493.75,7498
1778811300,7497.75,7503.5,7496.5,7500
1778812200,7500,7504.25,7497.25,7504.25
1778813100,7504,7512,7502.25,7508.25
1778814000,7508,7509.5,7505.25,7508.25
1778814900,7508.25,7509.25,7506.5,7508.25
1778815800,7508,7509.5,7501.25,7506.25
1778816700,7506,7508,7503.75,7505.25
1778817600,7505.25,7505.25,7499.5,7503.75
1778818500,7503.75,7505,7499.75,7500.5
1778819400,7500,7501.75,7496.75,7497.25
1778820300,7497.5,7498.5,7492.25,7493.5
1778821200,7493.75,7493.75,7486,7488.25
1778822100,7488.25,7490.75,7486,7488.25
1778823000,7488.75,7488.75,7476.75,7477.5
1778823900,7477.5,7478,7466,7466
1778824800,7466.25,7477,7463.25,7475.25
1778825700,7475.5,7479.5,7463,7469.5
1778826600,7469.75,7482.75,7468.25,7482.25
1778827500,7482.25,7484.75,7478.25,7480.75
1778828400,7480.5,7487,7478.75,7486.5
1778829300,7486.5,7487.25,7481.5,7484.75
1778830200,7484.75,7485.5,7473.25,7476
1778831100,7475.75,7475.75,7472,7474.5
1778832000,7474.75,7476,7460.25,7461
1778832900,7461.25,7461.25,7440.75,7442.5
1778833800,7442.5,7457.25,7435.75,7457
1778834700,7457,7458.5,7448,7450
1778835600,7450,7455,7445.75,7447.25
1778836500,7447.25,7449.5,7439.75,7449.25
1778837400,7449.25,7450.25,7441.75,7443.25
1778838300,7443.25,7450.25,7436.25,7445
1778839200,7445.5,7455,7441.5,7454.5
1778840100,7454.5,7461.5,7451.5,7453
1778841000,7453,7459,7449.25,7457.5
1778841900,7457.5,7471.5,7455.75,7464.25
1778842800,7464.25,7468.5,7456.5,7461.25
1778843700,7461.5,7464.75,7456.75,7459
1778844600,7459.25,7460.5,7449.5,7449.75
1778845500,7449.75,7457.5,7446,7446.5
1778846400,7446.5,7447,7432.25,7432.25
1778847300,7432.5,7445,7431,7438
1778848200,7438.25,7438.5,7429.75,7431.75
1778849100,7431.5,7440.5,7431,7437.75
1778850000,7438,7439.75,7432.5,7439.25
1778850900,7439,7460,7437.5,7459.75
1778851800,7459.5,7462,7427,7427.5
1778852700,7427.5,7451,7420.25,7432.25
1778853600,7432.5,7452.25,7430.25,7452
1778854500,7452,7467.75,7448.5,7452.25
1778855400,7452.5,7463.75,7451.75,7461.5
1778856300,7461.25,7462.25,7444.25,7450.5
1778857200,7450.5,7455.25,7442,7449.75
1778858100,7449.75,7458.75,7448,7453.5
1778859000,7453.25,7460.5,7438.75,7442
1778859900,7442,7444.75,7431.75,7443.75
1778860800,7443.75,7447.25,7437.25,7445
1778861700,7444.75,7454.75,7439.25,7454
1778862600,7454,7457.25,7450.75,7456.25
1778863500,7456.5,7458,7443,7450.25
1778864400,7450.5,7458.25,7447.5,7457.25
1778865300,7457.5,7470.5,7453.5,7466.5
1778866200,7466.5,7469.75,7461.5,7465
1778867100,7465.25,7471,7463.25,7470.75
1778868000,7470.75,7475.75,7470,7471
1778868900,7470.75,7471.5,7456,7458.25
1778869800,7458.25,7459.25,7445.25,7454.75
1778870700,7454.75,7459.75,7449.75,7457
1778871600,7457,7458.5,7443.75,7447
1778872500,7446.75,7448.5,7441,7442.75
1778873400,7442.5,7449.5,7440.5,7441.5
1778874300,7441.5,7445.75,7427,7432.5
1778875200,7432.5,7433,7409.25,7419.75
1778876100,7419.75,7422.5,7412,7417.75
1778877000,7417.5,7420,7415.5,7417
1778877900,7417,7421,7415.25,7418
1779055200,7410,7435,7408.5,7430.75
1779056100,7431,7432.5,7422.5,7427
1779057000,7427,7431.75,7423.25,7430
1779057900,7429.75,7432,7424.25,7429.5
1779058800,7429.25,7430.75,7420,7422.5
1779059700,7422.5,7422.5,7411.75,7414.75
1779060600,7414.5,7418.25,7397.75,7412.25
1779061500,7412.25,7417.25,7407.5,7411.25
1779062400,7411,7415.25,7381.5,7393.75
1779063300,7393.75,7402.5,7391.5,7395.5
1779064200,7395.5,7398.5,7385.75,7386
1779065100,7386,7398,7385,7397.5
1779066000,7397.25,7400,7382,7382.5
1779066900,7382.25,7386.5,7378,7379.5
1779067800,7379.25,7383.25,7375,7383
1779068700,7383,7392.25,7381.25,7387.75
1779069600,7387.5,7390.5,7383,7389
1779070500,7389,7393,7387.5,7391.75
1779071400,7391.75,7392.75,7386.5,7387.25
1779072300,7387,7387,7378.75,7382
1779073200,7382,7388.25,7381.5,7382
1779074100,7382.5,7385.75,7381,7384.75
1779075000,7385,7388.25,7378,7387.25
1779075900,7387.25,7387.5,7383.25,7385.5
1779076800,7385.5,7392.75,7385,7390.5
1779077700,7390.5,7393.25,7379.75,7381
1779078600,7380.75,7387.75,7379.5,7386.25
1779079500,7386.25,7389,7381.25,7384.75
1779080400,7384.75,7392.5,7383.25,7387.25
1779081300,7387,7387.75,7379.5,7387.25
1779082200,7387.25,7392.5,7384.5,7389.25
1779083100,7388.75,7392.5,7384.75,7385
1779084000,7384.5,7388.25,7382,7385.75
1779084900,7385.75,7389.75,7379.25,7379.75
1779085800,7379.75,7389.25,7376,7389
1779086700,7389.25,7395.25,7388,7395.25
1779087600,7395,7401.25,7390.5,7391.5
1779088500,7391.5,7403.75,7384.75,7402.75
1779089400,7402.75,7407.75,7386.5,7389.25
1779090300,7389.25,7398.25,7388.5,7396.5
1779091200,7396.75,7406.75,7396.75,7403.5
1779092100,7403.5,7414.25,7400.5,7413.75
1779093000,7413.75,7416.25,7406,7407.25
1779093900,7407.25,7416.75,7407,7416.25
1779094800,7416.25,7417.75,7408.25,7408.25
1779095700,7408.25,7412.25,7405.5,7408.5
1779096600,7408.5,7411.5,7407,7411
1779097500,7411.5,7412.5,7406.5,7410.5
1779098400,7411,7411.5,7397.25,7401.75
1779099300,7402,7404.5,7400.25,7402.5
1779100200,7402.5,7403.5,7394,7400.5
1779101100,7400.5,7405,7398,7399
1779102000,7398.75,7400.75,7386.5,7399.5
1779102900,7399.25,7403,7397,7397.5
1779103800,7397.5,7433,7397,7426
1779104700,7426,7426.75,7409,7414
1779105600,7414.25,7423,7413.25,7419.75
1779106500,7419.75,7422.5,7415,7420.5
1779107400,7420.5,7443.75,7417.25,7442.25
1779108300,7442.25,7453.25,7441.5,7450
1779109200,7450,7452.5,7440.75,7443.5
1779110100,7443.25,7444.25,7438,7438.25
1779111000,7438.5,7440.75,7419.5,7420
1779111900,7420,7454.25,7415.25,7445.75
1779112800,7445.75,7447,7425.75,7439.25
1779113700,7439,7448,7432.25,7435.25
1779114600,7435,7438.5,7404.25,7423
1779115500,7423,7428,7412.5,7423
1779116400,7423,7430.5,7404.75,7412.25
1779117300,7412.25,7414.25,7395.25,7396.25
1779118200,7396.25,7414,7391.75,7402.5
1779119100,7402.25,7411.75,7399.75,7403
1779120000,7403,7409.25,7396.75,7409.25
1779120900,7409,7419,7384.75,7388.25
1779121800,7388.25,7401,7381.75,7391.25
1779122700,7391.25,7413.5,7391,7404.75
1779123600,7405,7414.75,7399.25,7407.5
1779124500,7407.25,7414,7405.5,7413.5
1779125400,7413.5,7414,7402,7407.75
1779126300,7408,7413,7403.25,7410
1779127200,7410,7411.25,7390,7390.25
1779128100,7390.5,7391.25,7376.5,7387
1779129000,7387,7391.75,7379.25,7385.5
1779129900,7385.5,7387.25,7373.5,7376.5
1779130800,7376.5,7420.5,7376,7400.75
1779131700,7400.75,7405.25,7386.5,7395
1779132600,7395,7419,7392.75,7418.5
1779133500,7418.25,7428,7415.75,7426.25
1779134400,7426.25,7428.25,7417,7422
1779135300,7421.75,7423.5,7419.25,7421.75
1779136200,7421.75,7424.75,7419.5,7424
1779137100,7424.25,7425.25,7420,7420.25
1779141600,7423.5,7432.25,7422.75,7428
1779142500,7428,7437.5,7427.5,7435.5
1779143400,7435.5,7438.5,7434.25,7435
1779144300,7434.75,7435,7430.75,7434.25
1779145200,7434.25,7438.75,7434,7435.5
1779146100,7435.5,7436.5,7433,7435
1779147000,7435,7435.5,7432.25,7434.5
1779147900,7434.5,7434.5,7426.5,7429.25
1779148800,7429.25,7434.25,7423.25,7429.5
1779149700,7429.75,7440.75,7425.25,7435.75
1779150600,7436,7438,7427.25,7430.5
1779151500,7430.5,7433,7423.25,7424
1779152400,7423.75,7426.5,7418.5,7422.5
1779153300,7422.75,7423.5,7411.5,7416.5
1779154200,7416.75,7425.75,7413,7424
1779155100,7424.25,7425.75,7416.5,7416.75
1779156000,7416.5,7416.5,7402.75,7408.5
1779156900,7408.5,7414,7404.25,7411.5
1779157800,7411.25,7414.5,7409.75,7414.5
1779158700,7414.25,7416.5,7409.5,7410.5
1779159600,7410.75,7415.5,7406.25,7414
1779160500,7414.25,7418.75,7412.75,7418
1779161400,7417.75,7422.25,7417,7418
1779162300,7417.75,7417.75,7411.5,7412.5
1779163200,7412.75,7412.75,7403.25,7406.5
1779164100,7406.75,7406.75,7397.25,7401
1779165000,7401,7409,7400.5,7404
1779165900,7404,7407,7400.25,7404.75
1779166800,7405.25,7407.5,7400.5,7404.25
1779167700,7404.5,7405.5,7391.5,7403.75
1779168600,7403.75,7406.5,7397.75,7399.75
1779169500,7399.75,7403.5,7398.75,7402
1779170400,7402,7407.5,7396.5,7407.25
1779171300,7407.25,7412,7403.5,7409.75
1779172200,7409.5,7416.5,7407.5,7415.75
1779173100,7415.75,7415.75,7411,7413.5
1779174000,7413.75,7426.25,7411,7420.75
1779174900,7420.75,7421.75,7417.25,7420
1779175800,7420,7427.25,7416.25,7424.5
1779176700,7424.5,7433,7424,7429.75
1779177600,7429.5,7431.25,7414.5,7418.25
1779178500,7418.25,7420.5,7406.5,7410.5
1779179400,7410.75,7415.5,7409.5,7414.25
1779180300,7414.25,7417.75,7412.75,7413.25
1779181200,7412.75,7413,7406.5,7407
1779182100,7406.75,7407,7394.5,7396.25
1779183000,7396.25,7398.75,7384.25,7384.5
1779183900,7384.5,7400.75,7384,7398
1779184800,7398,7399.75,7392.75,7397
1779185700,7397.25,7398.5,7394.25,7396
1779186600,7396.25,7401.25,7384.75,7387.25
1779187500,7387,7401.25,7384.25,7399.75
1779188400,7399.5,7405.25,7398.25,7399.25
1779189300,7399,7401.25,7395,7397.5
1779190200,7398,7403.25,7395.25,7396
1779191100,7396,7397.5,7388.5,7389
1779192000,7389,7397.25,7385.75,7395.75
1779192900,7395.5,7396.25,7388,7394.75
1779193800,7394.75,7404.75,7393.25,7401
1779194700,7400.75,7404.5,7399,7401.25
1779195600,7401.25,7403.5,7386.25,7394.5
1779196500,7394.5,7394.75,7380,7386.75
1779197400,7386.75,7396,7373.5,7375
1779198300,7375,7402,7370,7392.5
1779199200,7392.25,7393,7367,7368
1779200100,7368,7370.5,7356.25,7363.25
1779201000,7363.25,7374,7359.25,7366.5
1779201900,7366.5,7371,7354.25,7370.75
1779202800,7370.75,7376.25,7365.5,7374.5
1779203700,7374.75,7378.75,7355.75,7361.25
1779204600,7361.25,7378.5,7359.25,7374.25
1779205500,7374.5,7378.5,7364.5,7368.75
1779206400,7368.75,7379,7361.75,7366.75
1779207300,7367,7386.5,7366.5,7384
1779208200,7384,7393.5,7382.25,7393.25
1779209100,7393.25,7402,7391.25,7400.25
1779210000,7400.25,7409.25,7398.25,7407.75
1779210900,7407.75,7415.25,7406.25,7409
1779211800,7409,7414.75,7406,7410.25
1779212700,7410.25,7410.5,7399.25,7406.75
1779213600,7406.75,7411.75,7404.75,7408.75
1779214500,7408.5,7410,7396.75,7397.5
1779215400,7397.5,7402.25,7394,7397
1779216300,7397,7397.25,7380,7383
1779217200,7382.75,7399.5,7382,7399
1779218100,7399.25,7400.5,7377.5,7386.5
1779219000,7386.5,7389.25,7376.5,7377.5
1779219900,7377.5,7379.5,7365,7377.5
1779220800,7377.5,7378.25,7369.5,7374.75
1779221700,7374.75,7376,7372,7373.25
1779222600,7373.5,7373.75,7371.25,7372.75
1779223500,7372.75,7373.75,7370.75,7372.5
1779228000,7377,7380.75,7373,7375.75
1779228900,7375.5,7376.25,7367.75,7369.25
1779229800,7369.5,7374.75,7367.75,7370.75
1779230700,7370.75,7376,7368.5,7375
1779231600,7375,7381.75,7374,7380.5
1779232500,7380.75,7385,7379.75,7383.75
1779233400,7383.75,7393.75,7383.75,7388
1779234300,7388,7388.25,7381.25,7382
1779235200,7381.5,7381.5,7359.5,7362.5
1779236100,7362.75,7371,7356,7370.75
1779237000,7371,7379.5,7369,7374
1779237900,7374,7381.25,7372.75,7375.5
1779238800,7375.5,7380.5,7367.5,7379.25
1779239700,7379,7382,7367.25,7368.75
1779240600,7369,7371,7359.5,7367
1779241500,7367.5,7386,7366.75,7381.5
1779242400,7381.75,7383.75,7379,7382.5
1779243300,7382.75,7387,7376.75,7377
1779244200,7376.5,7376.75,7364,7364
1779245100,7364,7368,7361.25,7364.75
1779246000,7365,7365,7356.5,7357
1779246900,7356.75,7365,7356,7363.75
1779247800,7363.75,7368.75,7359.75,7366
1779248700,7366.25,7367,7363.25,7365.75
1779249600,7365.75,7373.25,7365.75,7372.75
1779250500,7372.75,7374.75,7368.5,7371.25
1779251400,7371.25,7371.75,7364.5,7364.75
1779252300,7364.5,7367,7362.25,7364
1779253200,7364,7374.25,7364,7369.75
1779254100,7369.5,7374.5,7365.5,7370.5
1779255000,7370.75,7381.25,7370.75,7373.75
1779255900,7373.75,7377.25,7369.25,7376.5
1779256800,7376.25,7380.75,7375.75,7379.75
1779257700,7379.75,7389.5,7379.75,7387.75
1779258600,7388,7388.5,7382.25,7383
1779259500,7383,7389.5,7382.75,7389.25
1779260400,7389.25,7390.75,7386.5,7387.5
1779261300,7387.5,7392.5,7386.75,7391.5
1779262200,7391.5,7391.5,7385.25,7390
1779263100,7389.75,7390.25,7384.5,7385
1779264000,7385.25,7393.75,7384.5,7391.75
1779264900,7391.5,7396.5,7388.25,7396.5
1779265800,7396.5,7402,7395,7400.5
1779266700,7400.5,7403.75,7397.5,7397.75
1779267600,7397.75,7399,7393.25,7393.25
1779268500,7393,7397,7392.25,7397
1779269400,7396.75,7398.75,7396.5,7397.75
1779270300,7397.75,7406,7396.75,7402
1779271200,7402,7408,7401.5,7406
1779272100,7406,7407.5,7403.25,7405.25
1779273000,7405.5,7412,7404.5,7405
1779273900,7405,7407,7399.5,7400.75
1779274800,7400.5,7404.25,7399,7399.5
1779275700,7399.75,7405.5,7399.5,7405.25
1779276600,7405.25,7407.75,7399,7401.5
1779277500,7401.5,7403.5,7395,7399
1779278400,7399,7406.25,7397.5,7406
1779279300,7406,7414.5,7402.25,7412.5
1779280200,7412.75,7416.25,7407.75,7407.75
1779281100,7408,7410.25,7402.25,7402.5
1779282000,7402.5,7404,7400,7401.75
1779282900,7401.5,7403.5,7393.5,7394.75
1779283800,7395,7400,7380.75,7398.25
1779284700,7398,7410.5,7391.25,7399.5
1779285600,7399.75,7401,7376.75,7391.25
1779286500,7391.25,7423.75,7390,7417.75
1779287400,7417.5,7428.75,7412.75,7421.5
1779288300,7421.5,7433.75,7414.5,7430.75
1779289200,7430.75,7434,7424.5,7426.5
1779290100,7426.5,7458,7426.5,7431.75
1779291000,7431.75,7443.25,7431.25,7442
1779291900,7442.25,7448.5,7438,7441.25
1779292800,7441.5,7444.25,7437.25,7439.75
1779293700,7439.5,7440.25,7424,7428
1779294600,7428.25,7438.25,7423.75,7438
1779295500,7437.75,7439,7425.5,7432.5
1779296400,7432.75,7440,7426.25,7435.25
1779297300,7435,7442.5,7433.75,7440.25
1779298200,7440.5,7446,7436.75,7441.5
1779299100,7441.5,7442.25,7434.75,7437.25
1779300000,7437.5,7443.75,7432,7439.25
1779300900,7439.25,7441.75,7435,7439.75
1779301800,7439.5,7447.25,7436.25,7436.75
1779302700,7436.5,7441.75,7435.25,7440.25
1779303600,7440.5,7446,7439,7444.25
1779304500,7444,7448.5,7442.75,7447
1779305400,7447,7455,7444.25,7451.25
1779306300,7451,7453.75,7444.5,7451.5
1779307200,7451.5,7452,7444.25,7448
1779308100,7448.25,7453.75,7428.5,7452.25
1779309000,7452.5,7453.75,7436.25,7438.75
1779309900,7439,7442,7431.25,7433.25
1779314400,7432.75,7432.75,7407.5,7415.75
1779315300,7416,7418.25,7408,7416.25
1779316200,7416,7418.5,7415,7417.5
1779317100,7417.25,7419,7415,7419
1779318000,7419,7425.75,7418.75,7422.75
1779318900,7422.5,7422.5,7415.5,7417.75
1779319800,7418,7420.5,7417,7419
1779320700,7418.75,7422.25,7417.25,7420.75
1779321600,7420.5,7422.25,7415,7420.5
1779322500,7420.75,7423,7414.5,7418.75
1779323400,7419,7422.5,7416.25,7422
1779324300,7421.75,7424.75,7420,7422.5
1779325200,7422.75,7431.5,7422.75,7431.5
1779326100,7431.5,7434.25,7428.75,7430.5
1779327000,7430.5,7437.5,7429,7436.25
1779327900,7436.25,7437,7430.5,7435
1779328800,7435.25,7439,7435.25,7438.25
1779329700,7438.25,7444.5,7438,7441.5
1779330600,7441.5,7441.75,7438.5,7439
1779331500,7439,7440.5,7436.25,7438.75
1779332400,7438.75,7442.75,7438.25,7441.5
1779333300,7441.25,7445.25,7440,7444.25
1779334200,7444,7448,7443.25,7447.75
1779335100,7447.75,7448,7443.25,7444
1779336000,7444,7448.25,7443.25,7448
1779336900,7448,7451.75,7447,7450.75
1779337800,7450.75,7451.5,7447.5,7450.5
1779338700,7450.5,7454,7450,7453
1779339600,7453.25,7457.5,7452,7453.25
1779340500,7453.25,7456,7450,7450.5
1779341400,7451,7451,7446,7448
1779342300,7448,7448.25,7434,7445.75
1779343200,7445.75,7451.25,7444.25,7445.75
1779344100,7445.5,7451.25,7442,7447.5
1779345000,7447.5,7449,7438.75,7439
1779345900,7439.25,7439.25,7433,7438
1779346800,7438,7439.5,7428.75,7430.5
1779347700,7430.5,7433,7426.5,7430.5
1779348600,7430.25,7434.75,7430,7434.25
1779349500,7434.5,7441.5,7432.25,7440.25
1779350400,7440.25,7461.25,7439.5,7460.75
1779351300,7461,7469.75,7451.5,7459.5
1779352200,7459.25,7459.75,7451,7454.75
1779353100,7455,7456,7449.75,7452.5
1779354000,7452.25,7458.75,7451.25,7457.5
1779354900,7457.25,7463.75,7457.25,7462
1779355800,7462,7463.75,7453.25,7454
1779356700,7454,7457.25,7452.75,7454.75
1779357600,7454.75,7457.5,7451,7457.5
1779358500,7457.5,7459,7427.5,7433
1779359400,7433.5,7434.25,7417.75,7425
1779360300,7425,7426.25,7415,7423.5
1779361200,7423.25,7429.75,7418.75,7428.25
1779362100,7428.25,7438,7428,7433.25
1779363000,7433.25,7435.5,7427.75,7429
1779363900,7429,7435.25,7428.75,7429.75
1779364800,7430.25,7432.75,7425.75,7427.25
1779365700,7427,7430,7422,7425.5
1779366600,7425.75,7436.5,7422.5,7425.25
1779367500,7425.5,7428,7417.75,7419.25
1779368400,7419.25,7428.25,7417.5,7422.25
1779369300,7422,7423.75,7418.75,7423.75
1779370200,7423.75,7424.5,7411.25,7413.25
1779371100,7413.75,7439.5,7410.5,7435.25
1779372000,7435.25,7443.75,7429.5,7431.5
1779372900,7431.25,7432.75,7411.5,7422.25
1779373800,7422.25,7430.25,7417,7422.75
1779374700,7422.75,7430,7413.5,7426.75
1779375600,7426.75,7430.75,7408.5,7427
1779376500,7427,7431,7424,7425.25
1779377400,7425,7430.75,7415,7428.5
1779378300,7428.5,7435.75,7428.25,7430
1779379200,7430.25,7437,7429.5,7431.75
1779380100,7431.75,7432.75,7420.75,7425.25
1779381000,7425.25,7429,7420.75,7426.5
1779381900,7426.5,7429,7418,7426.25
1779382800,7426.25,7449.25,7426.25,7442.25
1779383700,7442.25,7468,7440.75,7459
1779384600,7459,7474,7457,7473
1779385500,7473,7486.75,7469,7474.5
1779386400,7474.5,7478.75,7464.75,7466.25
1779387300,7466.25,7473.75,7463,7471
1779388200,7470.75,7474.5,7466.5,7472.5
1779389100,7472.5,7474,7438,7447.75
1779390000,7447.5,7463,7447.25,7462.75
1779390900,7462.75,7466.5,7461.25,7464.5
1779391800,7464.25,7467.75,7458.5,7461.5
1779392700,7461.25,7469.75,7456.75,7465.25
1779393600,7465.25,7470.25,7463.25,7468.5
1779394500,7468.25,7468.25,7464,7465.25
1779395400,7465.25,7467.75,7465,7467
1779396300,7467.25,7468.75,7466.5,7467
1779400800,7467,7476.25,7466.75,7475.5
1779401700,7475.5,7476.75,7471,7473.5
1779402600,7473.5,7474.25,7470.25,7472.75
1779403500,7472.75,7479,7472.75,7478
1779404400,7478,7479,7477,7477.75
1779405300,7477.75,7478.75,7476.75,7477.5
1779406200,7477.75,7480,7476.25,7478
1779407100,7478.25,7484,7478.25,7479.5
1779408000,7479.75,7484.5,7476.5,7480.5
1779408900,7480.75,7488,7480.5,7484.5
1779409800,7484.75,7488.5,7484.25,7484.5
1779410700,7484.5,7487,7484.25,7484.25
1779411600,7484.25,7485.25,7480.25,7484.75
1779412500,7484.75,7484.75,7480,7481.25
1779413400,7481.25,7481.75,7474.25,7479.25
1779414300,7479.25,7484,7479,7480.75
1779415200,7480.5,7483,7479,7482
1779416100,7482,7483.75,7478.25,7479.5
1779417000,7479.25,7484.5,7478.75,7482.75
1779417900,7483,7485,7481.25,7483.5
1779418800,7483.25,7484.25,7480,7481.5
1779419700,7481.75,7483.5,7480.75,7483.25
1779420600,7483.25,7486.75,7483.25,7486.75
1779421500,7486.5,7488.75,7486.5,7488.75
1779422400,7488.5,7492.75,7488.5,7492
1779423300,7492,7493,7490.75,7492.75
1779424200,7492.5,7492.5,7489,7490.25
1779425100,7490.25,7493.75,7490.25,7493.25
1779426000,7493.25,7494.75,7492.75,7493
1779426900,7493.25,7494,7490.5,7492.5
1779427800,7492.5,7493.25,7489.5,7491.75
1779428700,7491.75,7493.25,7484.25,7485.5
1779429600,7485.25,7489.5,7483.25,7489.25
1779430500,7489.25,7492,7486.5,7489.75
1779431400,7490,7494.75,7487.5,7493
1779432300,7492.75,7493,7488.25,7489
1779433200,7489,7489.25,7481.5,7483
1779434100,7482.75,7489.75,7482.75,7489
1779435000,7489.25,7489.25,7481.5,7485.75
1779435900,7485.75,7489,7484,7488.75
1779436800,7488.75,7492.5,7488,7489.25
1779437700,7489.5,7500.5,7489.5,7494.25
1779438600,7494.25,7494.75,7483.75,7489.25
1779439500,7489.5,7492.75,7484.75,7485.25
1779440400,7485.25,7485.25,7475.75,7476.75
1779441300,7476.5,7480.25,7475,7476.5
1779442200,7476.5,7482.25,7473,7482
1779443100,7482,7485.5,7480.5,7483.25
1779444000,7483.5,7483.5,7478.25,7478.75
1779444900,7478.5,7479.75,7472,7472.75
1779445800,7473,7474.5,7469.5,7472.5
1779446700,7472.75,7475.75,7472,7474.5
1779447600,7474.5,7478.75,7473,7474
1779448500,7474,7476.25,7472.5,7474.5
1779449400,7474.5,7479.25,7472.25,7479.25
1779450300,7479,7486.75,7478.75,7480.75
1779451200,7480.75,7499.5,7478,7495.5
1779452100,7495.25,7499.25,7486,7491
1779453000,7491,7495.25,7490.25,7494.25
1779453900,7494.25,7503.5,7494.25,7502.75
1779454800,7503,7507.75,7495.75,7502.75
1779455700,7502.75,7505.25,7494.75,7496.75
1779456600,7496.75,7516.25,7491,7508.5
1779457500,7508.25,7515.75,7500.5,7509.75
1779458400,7510,7510,7486,7489.75
1779459300,7490,7495,7478.75,7491.25
1779460200,7491.25,7499.75,7488.5,7498
1779461100,7498,7501.75,7492,7499.5
1779462000,7499.5,7506,7498.75,7504.75
1779462900,7504.75,7513.75,7503.25,7513.5
1779463800,7513.5,7515.25,7509,7512
1779464700,7512.25,7513,7507.75,7510.75
1779465600,7510.75,7512.25,7506,7508.5
1779466500,7508.25,7508.5,7502.75,7508.25
1779467400,7508.25,7511,7502.75,7504.5
1779468300,7504.5,7510,7504.5,7507.25
1779469200,7507.25,7513.5,7507,7510.5
1779470100,7510.75,7522.5,7501.5,7522.25
1779471000,7522,7524,7512.25,7514.75
1779471900,7514.75,7515.5,7505.25,7508.25
1779472800,7508.25,7511.5,7502.5,7506.5
1779473700,7506.5,7510.25,7503.75,7507
1779474600,7507.25,7509,7502.25,7507.5
1779475500,7507.75,7509,7503.5,7505.5
1779476400,7505.5,7506.75,7495.5,7498
1779477300,7498,7498.75,7489,7489.75
1779478200,7490,7495.5,7486.5,7490.5
1779479100,7490.75,7497,7483.75,7490.75
1779480000,7491,7495,7487.25,7494.25
1779480900,7494.25,7494.5,7490.75,7491.5
1779481800,7491.5,7493.25,7485,7485.5
1779482700,7485.5,7487.75,7482.25,7484.25
1779660000,7519,7532.5,7517,7531
1779660900,7530.75,7532.5,7527,7528
1779661800,7528.25,7533.75,7528,7532.75
1779662700,7532.75,7536.75,7532.5,7533.25
1779663600,7533.5,7538.5,7533.25,7538
1779664500,7538.25,7538.5,7534.75,7536
1779665400,7536,7544,7536,7540.5
1779666300,7540.5,7541.5,7536.5,7537.25
1779667200,7537.5,7543.25,7535,7542
1779668100,7542,7545.5,7539.5,7543.5
1779669000,7543.5,7545.75,7542.75,7544.25
1779669900,7544.5,7547.5,7541,7542.5
1779670800,7542.5,7545,7541,7544.75
1779671700,7544.75,7547.75,7543.5,7547
1779672600,7547,7549.5,7546.25,7547.75
1779673500,7547.75,7547.75,7545.5,7546.25
1779674400,7546.25,7549.25,7546,7547.75
1779675300,7548,7548,7545.25,7546.5
1779676200,7546.75,7548,7546,7548
1779677100,7548,7552.25,7548,7552
1779678000,7552,7558.25,7552,7555.75
1779678900,7556,7559.25,7555,7556.25
1779679800,7556.5,7558.75,7556.25,7557
1779680700,7556.75,7557.5,7555.25,7555.75
1779681600,7555.75,7558.25,7555.75,7557.75
1779682500,7557.75,7558.5,7557,7557.75
1779683400,7557.75,7558.25,7556.25,7558
1779684300,7557.75,7562.5,7557.75,7559
1779685200,7559.25,7562,7559.25,7561.5
1779686100,7561.25,7563.75,7561,7562.5
1779687000,7562.75,7565,7561.75,7564.5
1779687900,7564.5,7564.5,7561,7561
1779688800,7561,7562,7559,7560.75
1779689700,7560.5,7560.75,7557,7560.25
1779690600,7560.25,7560.75,7558.5,7559
1779691500,7558.75,7562.75,7558.5,7559.75
1779692400,7559.75,7561,7557,7557.25
1779693300,7557,7558.5,7548.25,7555.75
1779694200,7556,7566,7555.25,7560.75
1779695100,7560.5,7561.75,7558.75,7561
1779696000,7561,7561.75,7555.25,7557.75
1779696900,7557.75,7558,7553,7553.75
1779697800,7554,7558.5,7553,7558.25
1779698700,7558.5,7560.25,7558.5,7559.75
1779699600,7560,7562,7559.5,7559.5
1779700500,7559.5,7560.5,7558.5,7559
1779701400,7559,7561,7558,7560.5
1779702300,7560.25,7561.25,7559.5,7559.75
1779703200,7559.75,7561.75,7558.25,7561.5
1779704100,7561.5,7563.25,7560.75,7561.5
1779705000,7561.5,7562.75,7560.25,7562
1779705900,7562.5,7562.75,7560.75,7561.75
1779706800,7561.5,7562,7559.25,7561.25
1779707700,7561.25,7562.5,7561,7561.75
1779708600,7562,7564.75,7561.75,7563.75
1779709500,7564,7566.5,7563.5,7564
1779710400,7564,7565.25,7562.25,7563
1779711300,7563,7568.75,7562,7564
1779712200,7564,7564.5,7561,7561.5
1779713100,7561.5,7561.75,7558,7559.25
1779714000,7559,7560,7558,7559.25
1779714900,7559.5,7559.5,7557.5,7558.5
1779715800,7558.5,7565,7558.5,7564
1779716700,7564.25,7565.75,7561.75,7565
1779717600,7565,7565.5,7560.25,7560.5
1779718500,7560.25,7561.25,7558.5,7559.25
1779719400,7559.5,7559.5,7554.25,7554.75
1779720300,7554.5,7558,7554.25,7555.75
1779721200,7555.5,7569.75,7554.25,7564
1779722100,7564,7565.75,7558.25,7558.25
1779723000,7558.25,7560.5,7556.75,7559.25
1779723900,7559,7560.75,7557.5,7559
1779724800,7559,7559.5,7557.25,7558.75
1779725700,7559,7560.25,7555.75,7555.75
1779726600,7556,7558.75,7555.25,7558.5
1779727500,7558.75,7564.75,7558.25,7564.5
1779746400,7561.25,7565.75,7555.25,7555.75
1779747300,7555.75,7559,7554.5,7556.75
1779748200,7556.75,7556.75,7549,7553.75
1779749100,7553.5,7553.75,7547.75,7549.25
1779750000,7549.25,7551.5,7546.25,7547.25
1779750900,7547,7547.75,7542.75,7544.5
1779751800,7544.5,7548,7543.75,7547
1779752700,7547,7550.75,7547,7547.5
1779753600,7547.75,7548,7536,7539.75
1779754500,7539.75,7542.5,7537,7541.75
1779755400,7541.75,7545.5,7539.25,7540
1779756300,7540,7541.5,7537.25,7539.75
1779757200,7539.75,7541.25,7535.75,7541
1779758100,7540.75,7541,7534.5,7536
1779759000,7536.25,7536.5,7531.75,7534.5
1779759900,7534.25,7539.25,7534.25,7539
1779760800,7538.75,7541,7538,7539.25
1779761700,7539.25,7540.75,7535,7538.25
1779762600,7538.25,7540,7536,7537
1779763500,7537.25,7538.75,7536.5,7538.25
1779764400,7538.25,7539.5,7536.5,7536.5
1779765300,7536.5,7540.75,7536.5,7540
1779766200,7540.25,7541,7539.5,7539.5
1779767100,7539.25,7541.5,7538.5,7540.5
1779768000,7540.25,7542.25,7538,7542.25
1779768900,7542.25,7542.5,7540,7540
1779769800,7540,7542.25,7539.25,7540
1779770700,7539.5,7540,7537.25,7538.5
1779771600,7538.5,7539.75,7535.5,7538.75
1779772500,7539,7540.25,7538.5,7539.75
1779773400,7539.75,7541.25,7537.5,7538.5
1779774300,7538.5,7539.25,7536,7537.25
1779775200,7537.5,7541.5,7536.25,7541
1779776100,7541,7544,7536,7538.75
1779777000,7538.75,7544.5,7537.75,7542.5
1779777900,7542.75,7542.75,7538.75,7539.5
1779778800,7539.75,7541.25,7529.5,7532.25
1779779700,7532.5,7533.5,7528.75,7531
1779780600,7531,7533,7525.25,7532.75
1779781500,7532.75,7535,7528.5,7531.25
1779782400,7531.25,7533.25,7528,7530
1779783300,7530,7532.5,7529.25,7531
1779784200,7531,7532.25,7528.5,7531.5
1779785100,7531.5,7533.5,7529.5,7532.75
1779786000,7532.75,7534.25,7530.75,7531
1779786900,7530.75,7537.5,7530,7537.25
1779787800,7537.25,7539,7536,7536
1779788700,7536,7538.5,7536,7537.5
1779789600,7537.75,7541.75,7536.25,7541.75
1779790500,7542,7547.25,7540.75,7546.25
1779791400,7546.25,7551.25,7544.25,7545
1779792300,7545.25,7545.5,7542.25,7542.25
1779793200,7542.5,7544.5,7540.25,7540.25
1779794100,7540.5,7544,7539.75,7541.25
1779795000,7541.25,7543.25,7532.25,7540.75
1779795900,7541,7542,7539.25,7540
1779796800,7540,7542.25,7536,7541
1779797700,7541,7547.75,7540,7545
1779798600,7545.25,7548.5,7543.25,7545.5
1779799500,7545.5,7546,7542.75,7544
1779800400,7543.75,7544.75,7540.25,7542.5
1779801300,7542.75,7544,7534,7534.25
1779802200,7534,7540.75,7525,7540
1779803100,7540,7545,7529.5,7541.5
1779804000,7541.5,7548.5,7539,7548.25
1779804900,7548.25,7552.75,7545.25,7549.75
1779805800,7549.5,7555.25,7547.25,7554.25
1779806700,7554.25,7554.75,7545.75,7547.75
1779807600,7548,7548.75,7537.25,7539.5
1779808500,7539.5,7539.5,7530.75,7532
1779809400,7532,7533.75,7525.25,7527.25
1779810300,7527.25,7527.75,7517,7523.25
1779811200,7523,7527.75,7519.75,7522.5
1779812100,7522.5,7531.25,7521.5,7530.75
1779813000,7531,7534,7525.5,7526
1779813900,7526,7528,7522,7523.5
1779814800,7523.5,7528,7522.5,7526.25
1779815700,7526.25,7526.75,7518.5,7519.75
1779816600,7519.75,7525,7518.25,7522
1779817500,7522,7526.75,7521.25,7524
1779818400,7523.75,7530.75,7521.5,7530
1779819300,7530.25,7533.75,7529.5,7530
1779820200,7530,7533.75,7527.5,7527.5
1779821100,7527.5,7529.5,7523.75,7524.75
1779822000,7524.5,7528,7522,7525.5
1779822900,7525.25,7529.25,7525.25,7528.75
1779823800,7528.5,7539,7528.5,7538.75
1779824700,7538.75,7542.5,7534.25,7539.25
1779825600,7539.25,7540.75,7535.75,7535.75
1779826500,7535.75,7538.75,7535,7535.25
1779827400,7535.25,7537.5,7535,7535.75
1779828300,7536,7536.25,7531,7532.75
1779832800,7533,7538,7529.25,7531.75
1779833700,7531.75,7534.75,7530.25,7532.75
1779834600,7533,7536.25,7532.75,7533.75
1779835500,7533.5,7534.5,7531.5,7533.25
1779836400,7533.5,7536,7533.5,7534
1779837300,7534,7539.25,7533.5,7539
1779838200,7538.75,7542,7536.5,7542
1779839100,7542,7544.75,7541.25,7543.5
1779840000,7543.5,7545.25,7542,7543.75
1779840900,7543.75,7543.75,7537.75,7542.25
1779841800,7542.25,7546.25,7541.25,7543.75
1779842700,7544,7547.25,7543,7545.75
1779843600,7545.75,7548.75,7544,7547.75
1779844500,7547.75,7548.75,7546,7547
1779845400,7547,7547.5,7545.25,7545.25
1779846300,7545.5,7545.5,7541.5,7542.25
1779847200,7542.5,7545,7542.25,7544
1779848100,7544.25,7546.5,7544,7545.5
1779849000,7545.5,7546.75,7544.25,7545
1779849900,7545,7547,7544,7544.25
1779850800,7544.25,7546.75,7543.25,7543.75
1779851700,7543.75,7544.25,7541.75,7543
1779852600,7543,7543.5,7540,7541.75
1779853500,7541.75,7541.75,7538.5,7539
1779854400,7539,7542.5,7538.5,7540.5
1779855300,7540.5,7540.75,7535.5,7536.25
1779856200,7536,7540.75,7535.5,7540.75
1779857100,7541,7543,7540.5,7541.5
1779858000,7541.25,7543.5,7540.25,7542
1779858900,7542.25,7542.5,7538.75,7542.25
1779859800,7542.5,7543.25,7537.75,7542.5
1779860700,7542.75,7545,7541.25,7543.75
1779861600,7543.75,7545.5,7542,7543.25
1779862500,7543.25,7544.25,7540.25,7541.5
1779863400,7541.5,7542,7537,7539.5
1779864300,7539.5,7541.25,7538.75,7540
1779865200,7540.25,7545.5,7540,7545.25
1779866100,7545.25,7547.5,7544.25,7546.25
1779867000,7546.5,7548.25,7545.25,7547.25
1779867900,7547.5,7548.5,7544.75,7548
1779868800,7547.75,7552,7547,7551.5
1779869700,7551.5,7558.5,7551.5,7557
1779870600,7557.25,7559,7555,7558.75
1779871500,7558.75,7559.75,7557.25,7557.75
1779872400,7557.5,7558.5,7555.75,7557.75
1779873300,7557.75,7559,7556.75,7557.25
1779874200,7557.25,7561.25,7556,7558.25
1779875100,7558.25,7561,7557,7560
1779876000,7560.25,7565,7560,7564.75
1779876900,7564.75,7564.75,7561,7561.5
1779877800,7561.5,7561.75,7559.25,7560.5
1779878700,7560.5,7563,7560.25,7561.75
1779879600,7562,7566.5,7561,7563
1779880500,7563,7565.25,7559.75,7560
1779881400,7560,7560.5,7556,7556.75
1779882300,7556.5,7556.75,7550.5,7551
1779883200,7551.25,7551.25,7547.25,7548.75
1779884100,7548.75,7570.75,7545.25,7566.75
1779885000,7567,7568.75,7558.25,7558.25
1779885900,7558.25,7558.25,7551.5,7552.75
1779886800,7552.75,7553.5,7544.75,7547.5
1779887700,7547.25,7548.5,7541.75,7542
1779888600,7542,7546.25,7525.5,7528.25
1779889500,7528.25,7538.25,7526.25,7538
1779890400,7538,7546.25,7534.5,7541.5
1779891300,7541.5,7547,7528.75,7533.75
1779892200,7533.75,7543.5,7525.75,7537.5
1779893100,7537.75,7538.75,7528,7530
1779894000,7530,7534.75,7527,7531.5
1779894900,7531.5,7531.75,7522,7528.5
1779895800,7528.75,7535,7518.5,7519.25
1779896700,7519.25,7526,7516.5,7524.25
1779897600,7524.25,7530.5,7519,7529
1779898500,7529,7531.5,7526.5,7529.5
1779899400,7529.75,7537.5,7527.75,7535.5
1779900300,7535.75,7539.75,7529.25,7531
1779901200,7531,7532,7515,7522
1779902100,7522,7528.25,7520.5,7524.75
1779903000,7524.75,7532.5,7524.5,7527.25
1779903900,7527,7533.75,7525,7530.75
1779904800,7530.5,7534,7526.5,7533.5
1779905700,7533.75,7541.5,7532.25,7540.5
1779906600,7540.5,7542.75,7537.75,7541.75
1779907500,7541.75,7544.25,7540.25,7542
1779908400,7542,7545.25,7539.5,7543
1779909300,7543,7543.75,7536.75,7539.5
1779910200,7539.25,7542.75,7537.25,7542.5
1779911100,7542.75,7542.75,7535.25,7540
1779912000,7539.75,7543.75,7538.5,7543
1779912900,7543.25,7549.25,7543.25,7546
1779913800,7546,7549.25,7546,7549
1779914700,7549,7557.25,7549,7554.25
1779919200,7553.75,7557.75,7548.75,7550
1779920100,7549.75,7552,7545,7545
1779921000,7545,7547.75,7541.25,7544.75
1779921900,7544.5,7547,7543.5,7546.25
1779922800,7546,7547.75,7544,7545.5
1779923700,7545.25,7549.25,7540.75,7543.5
1779924600,7543.5,7543.5,7536.5,7537.75
1779925500,7537.75,7537.75,7532.25,7534.5
1779926400,7534.25,7539.75,7532.5,7534
1779927300,7534.5,7542.25,7533.75,7540
1779928200,7540,7542.5,7536.25,7541.5
1779929100,7541.5,7551.75,7541.25,7549.25
1779930000,7549,7550.25,7544.25,7547.25
1779930900,7547.25,7548.25,7544,7546.5
1779931800,7546.5,7549.25,7544.75,7545
1779932700,7545.5,7550.5,7542.75,7549.25
1779933600,7549.5,7550.75,7542.75,7543
1779934500,7543,7543.25,7537.75,7537.75
1779935400,7537.75,7539.25,7533.25,7534.25
1779936300,7534.25,7537.75,7532.5,7534
1779937200,7534.25,7536.25,7527.75,7530.25
1779938100,7530.25,7533,7526.75,7527.25
1779939000,7527.25,7527.25,7512.75,7513
1779939900,7512.75,7518,7511.5,7512.75
1779940800,7512.75,7515,7507,7509.5
1779941700,7509.5,7511.5,7505.75,7509.5
1779942600,7509.25,7515,7508.25,7511.75
1779943500,7511.5,7513,7508.75,7510
1779944400,7510,7514.75,7507,7514
1779945300,7514,7517.75,7512.25,7517.75
1779946200,7517.75,7526.5,7517,7524.75
1779947100,7525,7529.25,7525,7527.75
1779948000,7528,7530.5,7527.5,7530
1779948900,7530.25,7531.5,7528,7529.25
1779949800,7529,7529.25,7524.25,7527.25
1779950700,7527.25,7529,7523.75,7528.25
1779951600,7528.25,7534.25,7528.25,7530.5
1779952500,7530.5,7531.5,7528.5,7529.5
1779953400,7529.75,7531.5,7528,7529.75
1779954300,7530,7532.25,7525.25,7531.75
1779955200,7531.75,7534.5,7529.75,7532
1779956100,7532,7534.25,7526.75,7530
1779957000,7530,7533,7529,7530.5
1779957900,7530.5,7533.25,7529.25,7533.25
1779958800,7533,7536,7530,7531.25
1779959700,7531,7534.25,7531,7531.5
1779960600,7531.5,7531.5,7527.5,7529
1779961500,7529,7533.75,7528.5,7532.25
1779962400,7532.25,7532.5,7528,7528.5
1779963300,7528.5,7530,7524,7527.25
1779964200,7527.25,7528,7523.25,7523.5
1779965100,7523.75,7526.25,7515,7519.25
1779966000,7519,7523.25,7517.5,7518.25
1779966900,7518.25,7522.5,7518,7518.5
1779967800,7518.5,7524.75,7517,7524.25
1779968700,7524.5,7524.75,7520.5,7522
1779969600,7522,7526,7520.75,7525.25
1779970500,7525,7525.75,7521,7525
1779971400,7525,7536,7524.75,7535.5
1779972300,7535.5,7539.75,7535,7538.25
1779973200,7538.25,7544,7535.5,7535.5
1779974100,7535.75,7538.75,7534.5,7535.25
1779975000,7535.25,7537.25,7525.25,7528.5
1779975900,7528.75,7537,7526.25,7535.75
1779976800,7535.75,7574,7533.25,7564.5
1779977700,7564.5,7569,7553.25,7561.5
1779978600,7561.5,7563.75,7551.25,7558.5
1779979500,7558.5,7563.5,7552,7562.75
1779980400,7562.75,7573.5,7561.5,7567
1779981300,7567.25,7575.75,7565,7573.5
1779982200,7573.5,7576.5,7571.75,7574.25
1779983100,7574.25,7577,7572.25,7574.75
1779984000,7574.75,7576.25,7570.75,7576
1779984900,7576,7582.75,7574,7578
1779985800,7578,7578.75,7574.5,7578.25
1779986700,7578.5,7582.25,7576.5,7581
1779987600,7581,7582.75,7576.5,7576.75
1779988500,7577,7579.25,7574.75,7576.5
1779989400,7576.75,7579.75,7575,7579
1779990300,7579,7583.75,7578.5,7581
1779991200,7581,7583,7578.75,7579.25
1779992100,7579.25,7582.5,7578,7581.75
1779993000,7581.75,7582,7576.75,7577.75
1779993900,7577.75,7580.25,7576,7576.75
1779994800,7576.5,7579.5,7575.25,7576.75
1779995700,7576.75,7582.25,7576,7582.25
1779996600,7582,7586.5,7581.5,7582.25
1779997500,7582.25,7584.75,7579.75,7582
1779998400,7581.75,7590,7580,7589.5
1779999300,7589.5,7590.5,7587.25,7589.75
1780000200,7589.75,7590.75,7587.5,7588
1780001100,7588,7589.5,7587.5,7587.75
1780005600,7587.5,7592.5,7585.75,7588
1780006500,7588,7588.5,7585,7586.5
1780007400,7586.5,7588.5,7585,7587.25
1780008300,7587.25,7588,7585.25,7585.5
1780009200,7585.5,7588.75,7585.5,7588
1780010100,7588,7590,7587.75,7589
1780011000,7588.75,7588.75,7586.75,7587
1780011900,7587,7587,7584,7585.25
1780012800,7585,7585.25,7582,7583.5
1780013700,7583.5,7586,7582.5,7583
1780014600,7583,7583,7577,7578
1780015500,7578,7578.75,7575.75,7577.5
1780016400,7577.5,7579.5,7574,7576.25
1780017300,7576,7578,7574.25,7574.75
1780018200,7574.75,7578.5,7572.75,7577.75
1780019100,7578,7579.5,7574.5,7577.25
1780020000,7577.25,7581.25,7576.25,7581
1780020900,7580.75,7581,7574.25,7575.75
1780021800,7575.75,7578.75,7575,7577.75
1780022700,7577.75,7578.25,7575.25,7576
1780023600,7576.25,7581.5,7575.75,7580
1780024500,7580,7582,7579.25,7580.5
1780025400,7580.75,7581.5,7579.25,7580.75
1780026300,7580.5,7582.75,7578.25,7580.75
1780027200,7580.75,7583,7580.75,7582.25
1780028100,7582.25,7584.5,7582.25,7584
1780029000,7584,7586.75,7583.25,7586.75
1780029900,7586.5,7587.5,7584.5,7585
1780030800,7585.25,7587.5,7584.5,7586.25
1780031700,7586.5,7588,7585.25,7587.5
1780032600,7587.25,7587.5,7584,7585.5
1780033500,7585.75,7587.25,7584.75,7586
1780034400,7586,7590.25,7586,7589.25
1780035300,7589.25,7592.5,7587.5,7587.75
1780036200,7587.75,7590.75,7587,7590.25
1780037100,7590,7592.75,7589.75,7592.5
1780038000,7592.5,7592.75,7589.25,7589.75
1780038900,7589.75,7590,7584.25,7585.75
1780039800,7585.75,7586,7580,7582.25
1780040700,7582.25,7587,7581.75,7586.5
1780041600,7586.5,7589.5,7584.5,7588.25
1780042500,7588.25,7589,7584.75,7587.5
1780043400,7587.5,7588.75,7585.75,7586
1780044300,7585.75,7586.25,7582.25,7586
1780045200,7586,7593.5,7585.25,7592.75
1780046100,7592.75,7595.25,7589.75,7592.25
1780047000,7592.25,7592.5,7589.75,7590.25
1780047900,7590.5,7593.25,7589.75,7590.25
1780048800,7590.5,7590.5,7585,7587.25
1780049700,7587.25,7589.25,7585.75,7588.5
1780050600,7588.75,7590.75,7587,7589.75
1780051500,7589.75,7591.25,7589.25,7590.25
1780052400,7590.25,7593.25,7589.5,7592.75
1780053300,7592.75,7595.75,7590,7590
1780054200,7590.25,7592.5,7586.25,7591.25
1780055100,7591,7593.75,7584.25,7593.5
1780056000,7593.5,7594,7589.5,7590.25
1780056900,7590,7593,7589.25,7592
1780057800,7592,7592.75,7586,7589
1780058700,7588.75,7592.25,7586.5,7591.25
1780059600,7591.5,7593.25,7589,7589.25
1780060500,7589.25,7591,7587.25,7590.75
1780061400,7590.75,7606,7586.75,7605.75
1780062300,7605.75,7610,7603.75,7609
1780063200,7608.75,7611.5,7602.75,7604
1780064100,7604.25,7604.25,7589.25,7597
1780065000,7596.75,7600.25,7581.75,7582.75
1780065900,7582.25,7598.25,7577.5,7590.75
1780066800,7591,7603.5,7589.25,7603.5
1780067700,7603.25,7604.75,7593.25,7598.5
1780068600,7598.5,7604,7595.25,7597.5
1780069500,7597.25,7599.5,7593.25,7594.75
1780070400,7594.75,7605.25,7593.75,7603.25
1780071300,7603.25,7604,7597.25,7598
1780072200,7598,7608.5,7595.25,7605.25
1780073100,7605,7606,7595.5,7598.25
1780074000,7598,7600.5,7595.25,7597.75
1780074900,7597.75,7600.25,7592,7596
1780075800,7596.25,7597.25,7590.25,7590.75
1780076700,7591,7593.25,7582.5,7583.5
1780077600,7583.25,7591.75,7581.75,7588
1780078500,7588,7594.75,7586.25,7593.5
1780079400,7593.5,7598.25,7593.5,7594.75
1780080300,7594.75,7594.75,7584.5,7585.25
1780081200,7585.25,7595.75,7583.75,7594.5
1780082100,7594.5,7599.5,7590.25,7599.25
1780083000,7599.5,7607,7599,7602.5
1780083900,7602.5,7604.25,7593,7595
1780084800,7595,7599,7593.25,7596.25
1780085700,7596.5,7596.5,7589.25,7590.75
1780086600,7591,7592.75,7589.75,7590
1780087500,7590.25,7594,7589.25,7590.75
1780264800,7595,7597,7585.25,7594.75
1780265700,7594.25,7597.5,7592,7595.75
1780266600,7595.5,7600,7595.25,7599.75
1780267500,7600,7603.25,7599.75,7601.5
1780268400,7601.5,7604,7600.25,7603
1780269300,7602.75,7604.75,7600.75,7603.75
1780270200,7604,7605.25,7602.75,7603.75
1780271100,7603.75,7606.5,7602.5,7605.25
1780272000,7605.25,7612,7604.5,7609.25
1780272900,7609.25,7612,7607,7611.75
1780273800,7611.5,7613.5,7609.5,7611.5
1780274700,7611.5,7614,7610.75,7611.75
1780275600,7611.5,7612.75,7608.25,7610.25
1780276500,7610.25,7613.25,7610,7610.75
1780277400,7610.75,7613,7610.25,7612.75
1780278300,7612.75,7614.5,7612.25,7613.75
1780279200,7613.75,7617.5,7613.75,7617
1780280100,7617,7617.75,7616.25,7616.75
1780281000,7616.75,7617,7614.75,7615
1780281900,7615,7615.75,7614,7615.5
1780282800,7615.5,7617.25,7615,7615.25
1780283700,7615.25,7618,7611,7617.5
1780284600,7617.25,7619.75,7612.5,7612.5
1780285500,7612.75,7614.5,7611.5,7612.25
1780286400,7612.25,7615.25,7612.25,7614.25
1780287300,7614.25,7615.5,7613.25,7614.75
1780288200,7615,7618,7614.25,7617.75
1780289100,7617.75,7617.75,7616.25,7617.5
1780290000,7617.5,7617.75,7615,7616.5
1780290900,7616.5,7617,7614,7614.25
1780291800,7614.5,7617.5,7614.5,7617.25
1780292700,7617.25,7619,7616.75,7617.75
1780293600,7618,7618.75,7616.75,7617.5
1780294500,7617.5,7617.75,7614.25,7614.5
1780295400,7614.5,7617.5,7614.25,7616.5
1780296300,7616.5,7618.5,7616,7617.5
1780297200,7617.75,7620.5,7616.25,7618.75
1780298100,7618.75,7619.5,7612,7613.25
1780299000,7613.25,7614.5,7607.5,7609
1780299900,7609,7612,7607.5,7611.25
1780300800,7611.25,7612.75,7608.75,7609.75
1780301700,7609.75,7610.5,7607.5,7607.75
1780302600,7607.75,7609.5,7605.75,7609.5
1780303500,7609.5,7614.25,7605.75,7614
1780304400,7614.25,7616.5,7611.5,7612
1780305300,7612,7613.75,7611,7612.25
1780306200,7612.25,7613,7611,7612.25
1780307100,7612,7612.25,7609,7610
1780308000,7610,7614.75,7610,7614.25
1780308900,7614.25,7615.25,7612,7614.5
1780309800,7614.75,7617.75,7614.75,7616.75
1780310700,7617,7617,7615,7616.5
1780311600,7616.25,7617.5,7614,7615.25
1780312500,7615.25,7617.25,7614,7616.75
1780313400,7616.75,7623,7615.5,7619.25
1780314300,7619.25,7620.25,7613.75,7614.25
1780315200,7614.25,7614.25,7608,7608.5
1780316100,7608.5,7611.5,7606.25,7610.25
1780317000,7610.25,7614.5,7606.75,7613.75
1780317900,7613.75,7615.75,7608.25,7608.75
1780318800,7608.75,7610.25,7581.5,7588.75
1780319700,7588.75,7596,7577,7583
1780320600,7583,7595,7576.25,7591.25
1780321500,7591.5,7596.75,7583.25,7584.75
1780322400,7585.25,7594,7581.5,7587.75
1780323300,7587.75,7596.25,7585.25,7587
1780324200,7587,7590.25,7581,7586.25
1780325100,7586.25,7588.25,7581.25,7585
1780326000,7585,7591.25,7582.75,7587.5
1780326900,7587.5,7592.25,7586.25,7589.75
1780327800,7589.75,7603,7589.5,7601.25
1780328700,7601.5,7601.75,7595,7595.5
1780329600,7595.5,7600.75,7591.25,7593.5
1780330500,7593.5,7596.75,7587,7596.25
1780331400,7596.25,7601,7596,7599
1780332300,7599,7609.25,7596.5,7608
1780333200,7607.75,7608.5,7598.75,7601.25
1780334100,7601.5,7614,7599.5,7613.75
1780335000,7614,7632.25,7606.75,7623.5
1780335900,7623.5,7629.75,7623.25,7624.25
1780336800,7624.25,7627,7622,7622.75
1780337700,7623,7628.25,7622.25,7627.25
1780338600,7627.25,7628,7624.25,7627.75
1780339500,7627.75,7627.75,7623.5,7624.25
1780340400,7624.25,7626,7622.75,7623.5
1780341300,7623.5,7626.5,7622.75,7625.75
1780342200,7625.5,7625.75,7617.75,7619
1780343100,7618.75,7620,7610.5,7614
1780344000,7614,7616.25,7613,7615.75
1780344900,7615.5,7615.75,7610.75,7611.75
1780345800,7611.75,7618,7610.5,7615.25
1780346700,7615,7615.25,7606.5,7608.5
1780351200,7612,7612,7595.5,7598.5
1780352100,7598.5,7600.25,7593.75,7594.5
1780353000,7594.25,7595.75,7591,7592
1780353900,7592.25,7595.5,7591.25,7595.5
1780354800,7595.5,7596.25,7593.5,7594.75
1780355700,7594.75,7596.75,7594.25,7595.25
1780356600,7595.5,7599,7593.75,7595.25
1780357500,7595.5,7596.25,7592,7595.75
1780358400,7595.75,7596,7586.75,7588.25
1780359300,7588.25,7591,7583.75,7586.75
1780360200,7586.75,7589.75,7583.25,7585.25
1780361100,7585,7585.5,7580.25,7581.75
1780362000,7581.5,7586,7580,7585.25
1780362900,7585.5,7586,7578.5,7583
1780363800,7583,7585,7579.25,7581
1780364700,7581,7581,7577.5,7577.5
1780365600,7577.75,7579.75,7577.25,7578.25
1780366500,7578.25,7581.75,7577.25,7579.75
1780367400,7580,7583.25,7580,7581.75
1780368300,7582,7582.5,7579.75,7581.5
1780369200,7581.25,7582.75,7577.5,7578.5
1780370100,7578.5,7580,7576.5,7578.25
1780371000,7578,7580.75,7577,7580.25
1780371900,7580,7582.25,7579.75,7582
1780372800,7581.75,7584.5,7581.25,7582.5
1780373700,7582.25,7586.75,7581.5,7585.5
1780374600,7585.5,7586,7584,7585.75
1780375500,7585.5,7590.75,7585.25,7590.25
1780376400,7590.5,7592.75,7588.5,7592.75
1780377300,7592.75,7594.25,7591.5,7593.5
1780378200,7593.75,7596.75,7593.75,7595.25
1780379100,7595.25,7595.5,7592,7594.25
1780380000,7594,7598,7593.75,7596.25
1780380900,7596.25,7598.75,7596.25,7597.25
1780381800,7597.25,7600.25,7595.25,7598.5
1780382700,7598.5,7602.5,7598.25,7601.5
1780383600,7601.5,7605.25,7601.25,7604.75
1780384500,7604.5,7606,7603.25,7604
1780385400,7604,7605,7602.25,7604.25
1780386300,7604.25,7606.5,7602.25,7606.25
1780387200,7606.25,7610.5,7605.75,7606.75
1780388100,7606.75,7609,7603.25,7603.75
1780389000,7603.75,7607.5,7603.5,7605.25
1780389900,7605.5,7607.75,7604.75,7605.75
1780390800,7605.5,7605.5,7601.75,7602.5
1780391700,7602.5,7604.25,7599,7600.25
1780392600,7600.25,7605.25,7598.5,7604.5
1780393500,7604.5,7605.75,7601,7601.5
1780394400,7601.5,7603.25,7599.5,7601.75
1780395300,7601.75,7603.5,7600.75,7602
1780396200,7602.25,7602.75,7599.25,7600
1780397100,7600,7601,7598.75,7599
1780398000,7599,7601.75,7595.5,7598.5
1780398900,7598.5,7598.75,7596,7598.5
1780399800,7598.75,7604.5,7598.5,7598.75
1780400700,7599,7599.25,7596,7596.25
1780401600,7596.25,7600.25,7595.25,7598.5
1780402500,7598.25,7603,7597.25,7601.25
1780403400,7601,7602,7597.25,7601.25
1780404300,7601.25,7601.5,7596.5,7597
1780405200,7597,7598.25,7587.5,7591.75
1780406100,7591.75,7599.75,7590.75,7598
1780407000,7598.25,7605.25,7595.5,7601
1780407900,7601.25,7605.25,7600.75,7603.75
1780408800,7603.5,7611.75,7600,7609.5
1780409700,7609.5,7612.5,7603,7604.75
1780410600,7605,7617.25,7604.75,7617
1780411500,7616.75,7625.25,7616,7625.25
1780412400,7625.25,7630.25,7621.75,7628
1780413300,7628,7632,7626.5,7627
1780414200,7626.75,7628.5,7623.75,7624.75
1780415100,7624.75,7627.25,7623.5,7624.75
1780416000,7624.75,7627.75,7621.75,7626.75
1780416900,7626.5,7626.75,7620,7621.25
1780417800,7621.25,7623.25,7618.75,7620.75
1780418700,7621,7627.25,7620.5,7626.5
1780419600,7626.5,7627.5,7623.75,7626.75
1780420500,7626.75,7626.75,7617,7618
1780421400,7618,7621.25,7615.5,7618.75
1780422300,7618.75,7621,7616.25,7616.5
1780423200,7616.75,7621.25,7616,7618.5
1780424100,7618.25,7619,7616.5,7617.5
1780425000,7617.5,7620.25,7614.25,7616.25
1780425900,7616.5,7619.75,7615.75,7619
1780426800,7619,7622.75,7618.75,7620.5
1780427700,7620.5,7623.75,7620,7621.5
1780428600,7621.5,7623,7620,7620.25
1780429500,7620,7625.25,7619.5,7623.5
1780430400,7623.5,7630,7623.25,7626.75
1780431300,7627,7629.5,7625.75,7626.25
1780432200,7626.25,7628.5,7625.75,7628.25
1780433100,7628,7629,7627.25,7628.25
1780437600,7628,7628.5,7622.25,7623.5
1780438500,7623.5,7625.75,7622.5,7625
1780439400,7625,7627,7624.5,7625.5
1780440300,7625.5,7626.25,7620.5,7621.5
1780441200,7621.5,7622,7614.5,7615.75
1780442100,7615.75,7616.25,7602,7610.25
1780443000,7610.5,7622.75,7608,7621.5
1780443900,7621.5,7625.75,7618.5,7624.5
1780444800,7624.5,7626.5,7620.25,7620.5
1780445700,7620.75,7624.5,7619.5,7622.25
1780446600,7622.5,7625.75,7621.5,7625.5
1780447500,7625.5,7627,7625,7625.25
1780448400,7625.25,7626,7620.25,7620.25
1780449300,7620.25,7622,7620,7621.5
1780450200,7621.25,7623.5,7619.25,7620.5
1780451100,7620.5,7622.5,7619.25,7621.75
1780452000,7622,7623,7620.25,7622.75
1780452900,7622.5,7623,7620,7621.25
1780453800,7621.25,7622.75,7620.5,7621.5
1780454700,7621.5,7621.5,7620,7621.5
1780455600,7621.25,7622.75,7621,7622.75
1780456500,7622.5,7624.5,7621.25,7621.25
1780457400,7621.5,7623.5,7621.5,7623.25
1780458300,7623.25,7624,7621.75,7623.75
1780459200,7623.5,7625.75,7623.25,7625.25
1780460100,7625.25,7626,7624.25,7624.5
1780461000,7624.75,7625.75,7624,7624.75
1780461900,7625,7625,7622,7622.25
1780462800,7622.25,7624.25,7619.5,7623.25
1780463700,7623.25,7624.5,7621.5,7621.75
1780464600,7621.75,7622.25,7619,7619.25
1780465500,7619.25,7620,7617.5,7619
1780466400,7619,7621.75,7615.75,7618
1780467300,7617.75,7619.25,7617,7618.5
1780468200,7618.5,7622,7616.75,7619.5
1780469100,7619.5,7619.75,7617.5,7619.25
1780470000,7619,7623.5,7617.75,7622.25
1780470900,7622.5,7623.25,7618.5,7619
1780471800,7619,7620.25,7615.75,7617.5
1780472700,7617.5,7620.5,7617.25,7620.25
1780473600,7620.25,7622,7617.25,7619.75
1780474500,7619.5,7621.5,7615.25,7621.5
1780475400,7621.5,7622.25,7618,7618.75
1780476300,7619,7620,7617.25,7618.75
1780477200,7618.5,7621.5,7617.5,7619
1780478100,7619,7620.25,7616.75,7618.75
1780479000,7618.75,7619.25,7614.75,7615.5
1780479900,7615.5,7615.75,7611.25,7612
1780480800,7612,7622.25,7610.5,7616.5
1780481700,7616.5,7616.5,7613.5,7616.25
1780482600,7616,7618,7611,7611
1780483500,7611,7615.75,7611,7614.5
1780484400,7614.5,7618,7614.5,7616.75
1780485300,7617,7618.75,7615.75,7617.5
1780486200,7617.5,7620.25,7617.5,7618.75
1780487100,7618.5,7619.25,7616.25,7616.25
1780488000,7616.5,7619,7616,7617
1780488900,7617,7617,7611.25,7611.25
1780489800,7611.25,7611.25,7604,7607.75
1780490700,7607.75,7610,7603.75,7607
1780491600,7607,7608.75,7605.75,7607.5
1780492500,7607.25,7609.25,7605.5,7608.5
1780493400,7608.5,7614.75,7592,7592.5
1780494300,7592.25,7594.5,7574,7586.25
1780495200,7586.5,7596.5,7585,7596.25
1780496100,7596,7597,7586.5,7595
1780497000,7594.75,7597.25,7590.75,7591.5
1780497900,7591.5,7592.25,7583.75,7588.75
1780498800,7589,7592.25,7585.5,7587.25
1780499700,7587.25,7589.75,7580.5,7588.5
1780500600,7588.5,7590,7578,7579
1780501500,7579,7582.75,7574.75,7579.25
1780502400,7579.25,7582,7576.75,7579.75
1780503300,7579.5,7579.5,7565.75,7570
1780504200,7570,7573.5,7562.5,7567.5
1780505100,7567.5,7578.75,7567.25,7578.25
1780506000,7578,7578.75,7568,7569.75
1780506900,7569.75,7573.75,7567,7573.25
1780507800,7573.25,7581,7568.75,7579
1780508700,7579.25,7585,7577.75,7583
1780509600,7583,7583.75,7578.5,7580.5
1780510500,7580.5,7587.75,7577.25,7587.25
1780511400,7587.25,7588,7582.5,7584.5
1780512300,7584.5,7586.5,7582.25,7583.5
1780513200,7583.5,7583.5,7574.25,7577.5
1780514100,7577.5,7581.75,7573.5,7575.75
1780515000,7575.75,7582.75,7573.5,7580.5
1780515900,7580.5,7582.5,7568.5,7572.5
1780516800,7572.5,7573.25,7566,7567.25
1780517700,7567.25,7568,7552.5,7558.5
1780518600,7558.5,7559.25,7543,7544
1780519500,7544.25,7549,7541.75,7547.5
1780524000,7539.75,7545.5,7533.25,7540.25
1780524900,7540,7540.75,7532.5,7538.25
1780525800,7537.75,7541.25,7535,7537.25
1780526700,7537,7546.25,7530.5,7543.5
1780527600,7543.5,7544.75,7534.5,7537
1780528500,7537.25,7538,7531.75,7534.75
1780529400,7535,7537.5,7529,7531
1780530300,7531,7538.5,7529,7534.5
1780531200,7534.25,7543.5,7531.5,7539.75
1780532100,7539.75,7544,7535.5,7540.5
1780533000,7540.25,7548.75,7540.25,7546.5
1780533900,7546.5,7547,7542.25,7546.5
1780534800,7546.5,7551.25,7545.75,7549.25
1780535700,7549.25,7549.5,7542.75,7545.5
1780536600,7545.5,7551,7543.25,7544.75
1780537500,7544.75,7545.5,7536.5,7540.75
1780538400,7540.75,7541.5,7533.5,7533.75
1780539300,7534,7537.5,7527.5,7535.25
1780540200,7535.5,7536,7531.25,7535
1780541100,7534.75,7539.25,7534.25,7535
1780542000,7535,7540.5,7534.25,7538
1780542900,7538,7542.5,7538,7542
1780543800,7542.25,7544.75,7539.25,7540
1780544700,7539.75,7543.75,7538.25,7543.75
1780545600,7543.75,7546.25,7541.25,7546
1780546500,7546.25,7546.75,7544,7545.25
1780547400,7545.25,7548,7543.75,7547.25
1780548300,7547.5,7547.75,7544.5,7546.25
1780549200,7546,7546.75,7538.5,7541.75
1780550100,7542,7544.25,7539.25,7540.25
1780551000,7540.25,7545,7539.25,7544.75
1780551900,7544.75,7544.75,7539.5,7543.75
1780552800,7543.75,7547.25,7542.75,7545.25
1780553700,7545,7546,7542.25,7546
1780554600,7545.75,7551,7543.5,7550.75
1780555500,7550.75,7553,7547.75,7552.75
1780556400,7552.75,7557.5,7550.75,7556
1780557300,7556,7556.5,7550.75,7556.25
1780558200,7556,7557.75,7553.25,7554.25
1780559100,7554,7555.25,7552.25,7553.75
1780560000,7553.5,7553.75,7543,7543
1780560900,7542.75,7545.75,7537,7543.75
1780561800,7544,7550,7541.5,7543.5
1780562700,7543.75,7545.5,7538,7540.75
1780563600,7540.5,7540.5,7532.75,7533.25
1780564500,7533.25,7540.75,7532.25,7540.25
1780565400,7540.25,7547.25,7538.75,7544
1780566300,7544,7549.75,7543.75,7547.75
1780567200,7547.75,7547.75,7541.75,7543.5
1780568100,7543.25,7543.25,7537.25,7537.75
1780569000,7537.75,7540.25,7535,7535.25
1780569900,7535,7536.5,7528,7533.5
1780570800,7533.75,7538,7532.75,7537
1780571700,7536.75,7543.75,7535.5,7540.25
1780572600,7540.5,7542.75,7524.5,7533
1780573500,7532.75,7546,7530.75,7544
1780574400,7543.75,7547.5,7536.75,7538.25
1780575300,7538.5,7543.75,7537.5,7542
1780576200,7542,7550.25,7541.75,7549.75
1780577100,7549.75,7552.5,7545.5,7550.25
1780578000,7550.25,7552,7547.5,7549.75
1780578900,7549.5,7555,7545.5,7548.25
1780579800,7548.25,7561.5,7541.75,7548.25
1780580700,7548.25,7564.5,7543.5,7559.5
1780581600,7559.25,7564.25,7549.75,7561.75
1780582500,7561.75,7570.5,7558.25,7568
1780583400,7567.75,7569.75,7562.25,7566
1780584300,7565.75,7570,7561.25,7569.75
1780585200,7569.5,7584,7569.5,7583.25
1780586100,7583.5,7587.5,7581.25,7586.5
1780587000,7586.5,7587.5,7579.5,7580.75
1780587900,7580.75,7582.5,7575.5,7581
1780588800,7581.25,7592,7579.5,7590.25
1780589700,7590.25,7595,7590.25,7593.5
1780590600,7593.5,7596.75,7588.5,7596
1780591500,7595.75,7597.5,7593.5,7596.5
1780592400,7596.5,7598,7594,7596.5
1780593300,7596.5,7600,7594.25,7599.5
1780594200,7599.25,7602.5,7598.25,7600.75
1780595100,7600.75,7605.5,7599.25,7604.75
1780596000,7604.75,7607,7603.75,7604.75
1780596900,7605,7607.5,7603.5,7606
1780597800,7606,7607.5,7604,7605.75
1780598700,7606,7608,7603,7604.5
1780599600,7604.5,7609,7604.25,7606
1780600500,7606.25,7611.25,7604,7611
1780601400,7611,7611.5,7606,7606.5
1780602300,7606.25,7609,7598.25,7599.5
1780603200,7599.75,7602,7593,7594
1780604100,7593.75,7595,7587.5,7588.75
1780605000,7588.75,7591.25,7588.25,7588.75
1780605900,7588.75,7590.25,7587.25,7587.75
1780610400,7589.5,7591,7583.75,7584.25
1780611300,7584,7586,7578.25,7581.5
1780612200,7581.75,7583.75,7580.5,7582
1780613100,7582,7586.25,7582,7585.75
1780614000,7586,7586.75,7580.25,7580.75
1780614900,7580.5,7581.25,7576.25,7579.25
1780615800,7579.5,7579.5,7576,7576.5
1780616700,7576.5,7576.75,7573.25,7573.5
1780617600,7573.5,7573.5,7563,7564
1780618500,7564,7567.25,7561.5,7564.5
1780619400,7564.5,7566.75,7561,7562.25
1780620300,7562.25,7565,7556.75,7559
1780621200,7559.25,7560.25,7556,7557.5
1780622100,7557.25,7558.5,7546.75,7550.75
1780623000,7551,7556.75,7550.5,7554.75
1780623900,7555,7561,7552,7560.75
1780624800,7560.5,7564.5,7558.25,7563.25
1780625700,7563.5,7566.5,7561,7565
1780626600,7565,7566,7561.75,7562.25
1780627500,7562.25,7564,7559.75,7561.25
1780628400,7561.5,7562,7557,7561.25
1780629300,7561.25,7564,7558.5,7558.75
1780630200,7559,7561,7557.5,7559
1780631100,7559,7559.25,7553.75,7556.5
1780632000,7556.75,7559.25,7555.5,7557.75
1780632900,7558,7561.75,7557.5,7557.75
1780633800,7557.75,7562.75,7556.25,7560.5
1780634700,7560.5,7565.5,7560,7563.75
1780635600,7564,7564.25,7558.75,7559.75
1780636500,7559.75,7563.25,7558.5,7559.75
1780637400,7559.5,7564.5,7559.5,7561.25
1780638300,7561.25,7561.25,7556.75,7558
1780639200,7558,7565,7557.75,7559.25
1780640100,7559.25,7559.25,7553.5,7555.25
1780641000,7555.5,7556.75,7552.75,7553
1780641900,7552.75,7556,7550.75,7554
1780642800,7554,7555.25,7549.25,7549.75
1780643700,7550,7555.75,7547.25,7555.25
1780644600,7555.25,7560,7554.75,7557.5
1780645500,7557.75,7559.75,7556,7557.25
1780646400,7557.5,7560,7554.5,7559
1780647300,7558.75,7566.5,7556.75,7566.5
1780648200,7566.5,7568.5,7561.5,7561.75
1780649100,7561.5,7562.75,7559.5,7560.25
1780650000,7560.5,7578.75,7559.75,7572
1780650900,7572.25,7574.5,7565,7566.25
1780651800,7566.5,7568.25,7563.75,7564.5
1780652700,7564.75,7569,7564.5,7567.75
1780653600,7567.75,7571,7567.25,7570.75
1780654500,7570.75,7574.25,7569.75,7573.5
1780655400,7573.5,7574,7570.5,7572.5
1780656300,7572.75,7573,7568.25,7568.5
1780657200,7568.25,7570,7567,7567.75
1780658100,7567.75,7569.5,7559.5,7568.75
1780659000,7568.5,7571,7566.5,7568.25
1780659900,7568.25,7568.5,7562.5,7563.25
1780660800,7563.25,7563.5,7557.5,7558.75
1780661700,7558.75,7563.25,7557.75,7558.75
1780662600,7558.5,7568.25,7544.5,7559.5
1780663500,7559.5,7563,7548.25,7549.75
1780664400,7549.75,7551.75,7543.5,7545.75
1780665300,7545.5,7549.75,7543.5,7548
1780666200,7547.75,7553,7526.5,7527.25
1780667100,7527.25,7531,7510.5,7511.25
1780668000,7511.25,7526.5,7505.75,7525
1780668900,7525,7533.5,7512.75,7516.25
1780669800,7516.25,7531.5,7515,7519.75
1780670700,7519.5,7525,7515,7523
1780671600,7523,7526.25,7507.25,7507.5
1780672500,7507.25,7512.25,7499.75,7505.75
1780673400,7505.5,7509,7488.25,7490
1780674300,7490,7494.25,7486.25,7490.25
1780675200,7490,7490.5,7474.25,7479
1780676100,7478.75,7480,7470.5,7471.75
1780677000,7471.75,7472.5,7453.25,7456.5
1780677900,7456.5,7470.75,7449,7469.75
1780678800,7469.75,7470.25,7453.75,7458.5
1780679700,7458.5,7466,7452,7464.75
1780680600,7464.75,7477.75,7459.75,7462.5
1780681500,7462.75,7472,7460.75,7471.25
1780682400,7471.5,7472.5,7445.5,7445.75
1780683300,7445.75,7446.25,7429.5,7433.25
1780684200,7433.25,7435.75,7421.75,7424.75
1780685100,7424.75,7426.5,7409.25,7416.25
1780686000,7416.25,7418,7393.5,7396.75
1780686900,7396.75,7409.75,7379.75,7409
1780687800,7409,7413,7394.5,7402.75
1780688700,7402.75,7423,7397.25,7400.25
1780689600,7400.25,7401.5,7364.25,7368.25
1780690500,7368.25,7371.5,7360.75,7369.75
1780691400,7369.75,7370,7359,7364.25
1780692300,7364.25,7371.5,7361,7368
1780869600,7368,7387.25,7355.5,7387
1780870500,7386.5,7396.25,7382,7383.75
1780871400,7384,7391.75,7381,7385.75
1780872300,7385.75,7388.75,7355.5,7368
1780873200,7368,7386.5,7368,7385
1780874100,7384.75,7385.5,7373.75,7381
1780875000,7381,7391.25,7380.75,7391.25
1780875900,7391,7404.25,7389.75,7400.5
1780876800,7400,7407.25,7395.75,7407
1780877700,7406.5,7416,7404.75,7415
1780878600,7415,7423,7411.75,7416.25
1780879500,7416.25,7417.75,7406.5,7415.25
1780880400,7415.5,7419,7405.5,7405.75
1780881300,7406,7407.25,7391.25,7393
1780882200,7393,7407.25,7384.25,7405.75
1780883100,7405.75,7409.5,7400.5,7405.75
1780884000,7406.25,7410.75,7401,7406.5
1780884900,7406.25,7410,7400.75,7408.25
1780885800,7408.25,7417.75,7401.25,7417.5
1780886700,7417.25,7419.25,7412,7414.5
1780887600,7414.75,7418.5,7413,7416.25
1780888500,7416.25,7418.25,7410.75,7417
1780889400,7416.75,7419.25,7415.25,7416.25
1780890300,7416.25,7418.75,7415,7416.75
1780891200,7416.75,7418.75,7410.5,7412.5
1780892100,7412.75,7416.25,7407.75,7411.75
1780893000,7412,7413,7401.5,7401.75
1780893900,7402,7408.5,7400.75,7401.25
1780894800,7401.25,7408.75,7396.5,7396.75
1780895700,7396.75,7404,7395.5,7402.25
1780896600,7402.25,7403.5,7386.5,7389.25
1780897500,7389.5,7392.75,7386.25,7391.5
1780898400,7391.75,7400,7389.75,7394
1780899300,7393.5,7409.75,7391.25,7407.25
1780900200,7407.25,7409.75,7396.75,7401.25
1780901100,7401.25,7402.75,7394.25,7402.5
1780902000,7402.5,7412.5,7400.5,7410
1780902900,7410,7423.5,7404,7420.75
1780903800,7421,7423.75,7415.75,7422.5
1780904700,7422.5,7429,7421,7423.25
1780905600,7423,7423.75,7416.75,7418
1780906500,7418,7421,7413,7417.25
1780907400,7417.25,7421.25,7410.5,7414.5
1780908300,7414.75,7417.25,7409.25,7413.75
1780909200,7413.75,7417.25,7407.25,7415.75
1780910100,7416,7420.25,7414.75,7416.5
1780911000,7416.75,7431,7412,7423.25
1780911900,7423.25,7427.5,7422.25,7427.25
1780912800,7427.5,7427.75,7416,7425
1780913700,7425,7425.5,7414,7420.25
1780914600,7420.25,7435.75,7419.25,7429.25
1780915500,7429.25,7430.25,7424.75,7428.25
1780916400,7428.25,7448.75,7422.75,7448.25
1780917300,7448.25,7454.25,7442.25,7452
1780918200,7452.25,7457.75,7450.5,7451.75
1780919100,7451.5,7453,7445,7447
1780920000,7447,7456.75,7446,7453.75
1780920900,7453.75,7458.75,7451.75,7458.25
1780921800,7458,7467.75,7458,7463.5
1780922700,7463,7463.5,7456.5,7459.25
1780923600,7459.25,7465,7459.25,7462.5
1780924500,7462.75,7471.75,7456.5,7457.5
1780925400,7457.25,7469.25,7438,7450.5
1780926300,7450.5,7460.5,7431,7431.5
1780927200,7431.25,7448.5,7429,7439.25
1780928100,7439.5,7453.25,7431.5,7448
1780929000,7447.75,7459.75,7442,7448.25
1780929900,7448.25,7473.5,7448.25,7473.25
1780930800,7473,7476.75,7468.5,7470.5
1780931700,7470.75,7475.5,7453.75,7455.25
1780932600,7455.25,7461.5,7440.75,7459.5
1780933500,7459.5,7466,7447,7450
1780934400,7450,7455,7444.25,7453
1780935300,7453.25,7462.25,7443.25,7443.75
1780936200,7444,7448.5,7437.25,7443.25
1780937100,7443.25,7452,7441,7441.5
1780938000,7441.5,7442,7423,7431.5
1780938900,7431.5,7443,7423,7442.5
1780939800,7442.5,7446.5,7426,7426.25
1780940700,7426.25,7439.75,7425.75,7433.75
1780941600,7433.75,7445.5,7432.75,7435.25
1780942500,7435,7443.25,7434.75,7441.75
1780943400,7442,7447,7430,7431.5
1780944300,7431.5,7438,7431,7432
1780945200,7432,7434.25,7414.75,7414.75
1780946100,7414.75,7419.5,7403.75,7414.5
1780947000,7414.5,7424.25,7411.25,7415.75
1780947900,7415.75,7422.5,7410.5,7416
1780948800,7416,7419,7411.25,7413.25
1780949700,7413.5,7414.75,7407.5,7413
1780950600,7412.75,7413.75,7410.75,7412
1780951500,7412,7413.75,7409.5,7412.25
1780956000,7412.75,7416.75,7395.5,7397.5
1780956900,7397.75,7401,7390.75,7395.75
1780957800,7396.25,7404.75,7396.25,7403.5
1780958700,7403.5,7412.75,7401.75,7411.75
1780959600,7411.75,7416.5,7408.75,7415.75
1780960500,7416,7416.25,7411.25,7412.25
1780961400,7412,7419.25,7410.25,7413
1780962300,7413.25,7413.25,7403.25,7410.5
1780963200,7410,7411.75,7394.25,7397.25
1780964100,7397.5,7401.25,7393.75,7399.5
1780965000,7399.5,7401,7391,7397
1780965900,7397,7398,7390.25,7395.25
1780966800,7395.5,7402,7393.25,7400
1780967700,7400.25,7417.75,7398.5,7413.75
1780968600,7413.75,7422.25,7412,7420
1780969500,7420,7428,7418.5,7419.75
1780970400,7419.75,7424.75,7419,7422
1780971300,7422,7422.5,7415.5,7420
1780972200,7420.25,7423.5,7417,7422.5
1780973100,7423,7425.25,7419.75,7423.5
1780974000,7423.25,7427,7421.25,7426.25
1780974900,7426,7429,7422.25,7425.25
1780975800,7425.25,7433,7424.5,7432
1780976700,7431.75,7433,7428.75,7430.25
1780977600,7430.25,7433.75,7428,7431.5
1780978500,7431.5,7435.25,7430.75,7433.5
1780979400,7433.5,7437.25,7431.75,7435.5
1780980300,7435.25,7436.75,7433.25,7434
1780981200,7434.25,7437.5,7433,7434
1780982100,7434,7436.5,7432.25,7432.5
1780983000,7432.5,7440,7432.5,7436.75
1780983900,7436.5,7440.75,7434.5,7436.5
1780984800,7436.75,7439,7435,7438.75
1780985700,7438.5,7442,7435.75,7436.5
1780986600,7436.5,7437.75,7433.5,7436.25
1780987500,7436.25,7437.5,7430,7433.5
1780988400,7433.25,7446.75,7431.5,7438.25
1780989300,7438.25,7440.5,7430.75,7433.5
1780990200,7433.5,7436.5,7431,7436.25
1780991100,7436.25,7439,7430.75,7432.5
1780992000,7432.75,7445.5,7428,7444
1780992900,7444,7445.5,7439.75,7443.25
1780993800,7443.25,7449,7441,7447.5
1780994700,7447.75,7449,7440.5,7442
1780995600,7442,7448.25,7441.25,7447.75
1780996500,7448,7450.75,7446.25,7449.25
1780997400,7449.5,7449.75,7444.5,7448.5
1780998300,7448.5,7451,7448,7448.75
1780999200,7448.75,7451.75,7434.5,7449.25
1781000100,7449,7449.75,7445,7449
1781001000,7449.25,7449.75,7445.25,7447
1781001900,7446.5,7456,7445.75,7451.25
1781002800,7451.5,7454.75,7448.75,7450.5
1781003700,7450.5,7450.75,7444.75,7446.75
1781004600,7446.75,7451.5,7445,7448.5
1781005500,7448.5,7450.5,7443,7443.5
1781006400,7443.5,7448,7442.5,7443.25
1781007300,7443.25,7445.5,7441.5,7443.5
1781008200,7443.75,7455.75,7443.75,7449.75
1781009100,7449.5,7456.75,7446.25,7456.25
1781010000,7456.25,7459.75,7451,7451.75
1781010900,7451.75,7459.5,7449,7458.75
1781011800,7458.5,7475.25,7454.5,7475.25
1781012700,7475.25,7491,7464,7465.5
1781013600,7465.25,7472.25,7436,7437.25
1781014500,7437,7443.25,7415.25,7433.5
1781015400,7433.25,7439,7405.5,7407.75
1781016300,7407.75,7410.5,7367.5,7399
1781017200,7399,7405.75,7384.25,7396.5
1781018100,7396.75,7398.75,7328.5,7331.5
1781019000,7331.75,7346.25,7326,7339.5
1781019900,7339.75,7349,7311,7312.25
1781020800,7312.25,7327.25,7299.25,7307
1781021700,7307,7307.25,7274.75,7295
1781022600,7295,7307.5,7247.25,7268
1781023500,7268,7288.25,7257,7287.5
1781024400,7287.25,7312,7285.25,7307.25
1781025300,7307,7334.5,7300.5,7329
1781026200,7328.75,7361.5,7323.5,7351
1781027100,7351.25,7353.75,7331,7347.5
1781028000,7347.75,7359.5,7342.5,7354.25
1781028900,7354,7373.5,7347.25,7373
1781029800,7373.25,7384.75,7364.75,7366
1781030700,7366.25,7393.5,7365.25,7389.5
1781031600,7389.25,7398.75,7373.25,7374.75
1781032500,7375,7376.25,7353.75,7367.75
1781033400,7367.5,7372,7347.75,7356
1781034300,7356,7395.5,7347.25,7392
1781035200,7391.75,7399,7383.5,7385.5
1781036100,7385.5,7391.5,7382.5,7389.75
1781037000,7389.5,7393.75,7386.25,7391
1781037900,7391.25,7392.75,7385.75,7390
1781042400,7380,7386,7374.25,7382
1781043300,7382,7387.75,7376,7378.25
1781044200,7378.25,7378.5,7366.75,7370.75
1781045100,7370.75,7372,7363.5,7370.25
1781046000,7370.5,7379.5,7368.75,7370.25
1781046900,7370.5,7372.25,7366.5,7367.5
1781047800,7367.25,7371,7365,7370
1781048700,7369.75,7380,7368.5,7378.75
1781049600,7378.75,7393,7378.25,7384.75
1781050500,7384.25,7386.25,7377,7383.25
1781051400,7383.25,7384,7364,7368.25
1781052300,7368,7384.75,7367,7381.5
1781053200,7381.75,7388.25,7378.25,7384.5
1781054100,7384,7390,7380.75,7383.25
1781055000,7383.25,7389,7377.25,7379.5
1781055900,7379.5,7385.75,7376.5,7380
1781056800,7380.25,7381.25,7371.75,7375.75
1781057700,7376,7379.75,7372.75,7378.5
1781058600,7378.5,7381.25,7373.5,7376.5
1781059500,7376.75,7381.25,7369.5,7371.25
1781060400,7371,7380,7370.25,7377
1781061300,7376.75,7381.25,7374.25,7376.25
1781062200,7376.25,7378,7369.75,7370.25
1781063100,7370.25,7374.25,7369.75,7372.5
1781064000,7372.5,7373.5,7364.75,7365.75
1781064900,7365.75,7370.75,7363.5,7365.5
1781065800,7365.25,7365.5,7356.75,7357.25
1781066700,7357.25,7365,7356,7358
1781067600,7358,7365.25,7357,7360.25
1781068500,7360,7367.25,7353.75,7367
1781069400,7366.75,7368.75,7358.75,7364
1781070300,7364,7370.5,7359.5,7368.25
1781071200,7368.5,7375.5,7367.5,7372.5
1781072100,7372.25,7374.75,7366.75,7370.5
1781073000,7370.25,7376,7367.5,7371.5
1781073900,7371.25,7372,7366.5,7368.5
1781074800,7368.5,7373.5,7364.5,7371
1781075700,7371,7373,7362.5,7364.5
1781076600,7364.5,7370.75,7362.75,7365
1781077500,7365,7368.25,7361.75,7367.5
1781078400,7367.5,7367.75,7352.75,7355.75
1781079300,7355.75,7358.25,7350.75,7353
1781080200,7353.25,7357,7338.75,7339.5
1781081100,7339.25,7345,7332.5,7336.25
1781082000,7336.5,7339.75,7323.75,7324
1781082900,7323.5,7337.25,7319,7336.5
1781083800,7336.5,7342.75,7329.5,7333
1781084700,7333,7339.5,7328.5,7337.5
1781085600,7337.75,7338,7330.5,7334.5
1781086500,7334.5,7337.25,7324.5,7336
1781087400,7336,7344.5,7333.75,7344
1781088300,7344,7346.75,7334.75,7343.75
1781089200,7344.25,7346.5,7307,7325.75
1781090100,7326.25,7334,7305.5,7316.5
1781091000,7316.75,7318.75,7306.5,7311.75
1781091900,7311.75,7326.5,7309,7322.25
1781092800,7322.25,7335,7319.25,7327.5
1781093700,7327.25,7339.25,7322,7338.5
1781094600,7338.75,7367,7318.75,7359.25
1781095500,7359.5,7366.75,7350,7350.25
1781096400,7350.5,7356,7345,7351.5
1781097300,7351.25,7356,7349.5,7354.75
1781098200,7355,7382.5,7335.25,7382.25
1781099100,7382,7390.5,7367.5,7378
1781100000,7378,7396.75,7370.75,7387.5
1781100900,7387.75,7404.75,7378.5,7392.75
1781101800,7392.5,7400,7376.25,7376.5
1781102700,7376.5,7381.75,7343,7349.25
1781103600,7349,7364.75,7326.75,7327.5
1781104500,7327.5,7346.25,7315.5,7334.75
1781105400,7334.75,7346.5,7321,7343
1781106300,7343,7348.5,7305,7340.25
1781107200,7340.25,7346,7319.5,7323
1781108100,7323,7331.5,7319.5,7327.25
1781109000,7327.25,7344,7320.5,7328.75
1781109900,7329,7331,7314.5,7324
1781110800,7324,7334.5,7307.5,7310.5
1781111700,7310.25,7318.75,7307.25,7317
1781112600,7316.75,7317.5,7299,7300.25
1781113500,7300.5,7328.75,7299.25,7327.25
1781114400,7327.25,7338.5,7325,7328
1781115300,7328,7333.5,7313.5,7316
1781116200,7316.25,7316.5,7301.5,7305.75
1781117100,7306,7306.25,7290.5,7295.25
1781118000,7295,7302.25,7288.75,7291.5
1781118900,7291.75,7293.25,7276,7281.25
1781119800,7281,7298.75,7278,7294
1781120700,7293.75,7300.75,7275.25,7276
1781121600,7276,7279.25,7261.5,7271.5
1781122500,7271.25,7275.75,7268.25,7270.25
1781123400,7270,7270,7262,7262.25
1781124300,7262.5,7268,7256,7267
1781128800,7259.25,7266,7247,7255.25
1781129700,7255.25,7259.5,7253,7258.75
1781130600,7258.75,7266.75,7256.5,7260.25
1781131500,7260.25,7265,7243,7244
1781132400,7244,7251.25,7235,7236
1781133300,7236.25,7258.5,7232.25,7257.25
1781134200,7257.5,7263.25,7247.25,7259.25
1781135100,7259.5,7260,7247.25,7249.5
1781136000,7250,7258.5,7245.75,7254.75
1781136900,7255.25,7283,7255.25,7267
1781137800,7267.5,7272.5,7257.75,7263
1781138700,7263,7279.75,7263,7277
1781139600,7277.25,7303.5,7277,7302.75
1781140500,7302.5,7306,7297.25,7304.25
1781141400,7304.25,7305.25,7295.5,7296.75
1781142300,7297.25,7297.25,7285.5,7287.5
1781143200,7287.75,7297,7286.5,7287
1781144100,7287.25,7291,7276.5,7278.25
1781145000,7278.5,7283.5,7272.75,7279.25
1781145900,7279.5,7291.25,7278.25,7289.25
1781146800,7289.5,7294.5,7282,7284.5
1781147700,7284.25,7288.75,7281,7288
1781148600,7287.75,7298.5,7287.25,7298
1781149500,7298,7306,7296,7304.75
1781150400,7305,7305.5,7301.25,7303.5
1781151300,7303.25,7309,7300.5,7306.25
1781152200,7306.25,7317.5,7305.25,7315.5
1781153100,7315.75,7317.5,7310.25,7312.75
1781154000,7313,7313.75,7304,7305.75
1781154900,7305.75,7308.75,7302.75,7305.5
1781155800,7305.75,7308.75,7302.75,7307.75
1781156700,7307.75,7310.5,7305.75,7308.5
1781157600,7308.25,7308.75,7294.75,7306.25
1781158500,7306.5,7310,7304.75,7305.75
1781159400,7306,7312.5,7303.75,7310.5
1781160300,7310.5,7316,7308.75,7315.5
1781161200,7315.5,7319.75,7312.25,7317.25
1781162100,7317.25,7330,7316,7327
1781163000,7326.75,7331.25,7326,7330
1781163900,7330,7330.75,7324.25,7327.25
1781164800,7327,7337.25,7326.5,7335.5
1781165700,7335.25,7336.5,7330,7332.25
1781166600,7332.25,7337.25,7331.25,7335
1781167500,7335.25,7337.5,7333,7336.5
1781168400,7336.5,7337.75,7331.75,7333.25
1781169300,7333.25,7336.5,7331.75,7333.5
1781170200,7333.25,7337,7332.25,7335.5
1781171100,7335.5,7338.75,7333.5,7333.75
1781172000,7333.5,7337.75,7330.75,7331.75
1781172900,7332,7333.5,7328.25,7328.75
1781173800,7329,7334.25,7329,7331.5
1781174700,7331.75,7334.25,7328.25,7329
1781175600,7328.75,7329.25,7317.5,7322
1781176500,7322.25,7325.75,7317.5,7322.75
1781177400,7322.5,7332.75,7322,7329.5
1781178300,7329.75,7334,7326.75,7332.25
1781179200,7332,7334,7327.5,7332
1781180100,7332.25,7332.25,7296.5,7306
1781181000,7306.75,7315,7288.25,7304.75
1781181900,7304.5,7319.5,7302,7316.5
1781182800,7316.25,7316.75,7304.25,7308.5
1781183700,7308.5,7311.75,7306,7308
1781184600,7308,7311,7283,7291.25
1781185500,7291.25,7335.5,7287.25,7317.25
1781186400,7317.25,7335.75,7297.25,7298.25
1781187300,7298.25,7317.5,7289,7308
1781188200,7308,7320.25,7296.5,7305.5
1781189100,7305.25,7309.5,7270.25,7275.5
1781190000,7275.5,7298,7263,7293
1781190900,7293,7307,7286.25,7291.25
1781191800,7291,7314.25,7286.5,7298
1781192700,7298,7303.75,7287.5,7300.25
1781193600,7300.25,7321,7295,7318.5
1781194500,7318.5,7323,7297.25,7298
1781195400,7298,7318.75,7293.5,7305.75
1781196300,7305.5,7308.75,7284.5,7284.75
1781197200,7285,7292.25,7275,7282.75
1781198100,7282.75,7346.5,7271.75,7345
1781199000,7345.25,7386.5,7342,7382.25
1781199900,7382.5,7385.75,7354,7369.25
1781200800,7369.25,7376.25,7344.75,7362.75
1781201700,7362.5,7377.75,7358,7364.75
1781202600,7364.75,7373.75,7360.5,7369.25
1781203500,7369.25,7383.25,7367.75,7377.5
1781204400,7377.75,7392.5,7373,7389.25
1781205300,7389.5,7402,7387,7399.25
1781206200,7399,7420,7398.75,7413.75
1781207100,7413.5,7413.5,7392.5,7394.25
1781208000,7394.5,7408.75,7390.25,7406.75
1781208900,7407,7409.5,7399,7401.5
1781209800,7401.5,7404,7392,7392.75
1781210700,7392.75,7399,7392.25,7398.25
1781215200,7397.5,7413.25,7396.75,7412.5
1781216100,7412.5,7416.25,7409.25,7410.75
1781217000,7411,7412.5,7408,7410.75
1781217900,7411,7415.25,7410.75,7411.5
1781218800,7411.75,7412.5,7406.5,7409.75
1781219700,7409.75,7412.75,7402.75,7406
1781220600,7406.5,7413.75,7406.5,7413
1781221500,7413.25,7417,7412.25,7415
1781222400,7415,7416.75,7406.5,7412.5
1781223300,7412.5,7418.25,7407.25,7416.75
1781224200,7417,7421.25,7411,7412
1781225100,7412.25,7415.75,7408.75,7412.75
1781226000,7412.5,7412.75,7404.25,7408.75
1781226900,7408.75,7410.75,7396.75,7398.5
1781227800,7398.75,7403.75,7396.75,7400.5
1781228700,7400.25,7411.25,7399.75,7410.25
1781229600,7410.25,7415.25,7410.25,7412.25
1781230500,7412.5,7412.75,7405.25,7405.75
1781231400,7406,7411,7404.75,7410.25
1781232300,7410.5,7414,7410,7411.5
1781233200,7411.5,7411.75,7402.75,7404.5
1781234100,7404.25,7405.75,7399.5,7404
1781235000,7404.25,7409.5,7403.5,7406.5
1781235900,7407,7408.5,7402.25,7407
1781236800,7407.25,7407.25,7400.5,7404
1781237700,7404,7408.75,7400.25,7408.5
1781238600,7408.25,7410.75,7407,7409.5
1781239500,7409.75,7411.5,7408.25,7410.75
1781240400,7410.75,7412.75,7404.25,7408.75
1781241300,7408.5,7411.75,7407,7410.75
1781242200,7410.25,7410.25,7398.25,7402.5
1781243100,7402.75,7403,7387.5,7393
1781244000,7393.25,7403.75,7391.5,7401.75
1781244900,7401.75,7401.75,7395.5,7397
1781245800,7396.5,7396.5,7388,7389.5
1781246700,7389.25,7391.25,7384.5,7388
1781247600,7388,7389.75,7377.5,7378
1781248500,7378,7382.75,7374.75,7380.25
1781249400,7380,7393.75,7378.5,7391.75
1781250300,7392.25,7408.5,7389.5,7400.75
1781251200,7401,7414.25,7399.25,7411.75
1781252100,7411.5,7428.25,7407.75,7421.5
1781253000,7421.5,7424,7408,7412
1781253900,7412,7420,7408.25,7415
1781254800,7415,7426.25,7415,7426
1781255700,7426.25,7437.75,7424.75,7436.25
1781256600,7436,7451.25,7434.5,7446
1781257500,7446.25,7447.25,7438.25,7439.25
1781258400,7439.25,7444.75,7432.75,7436.25
1781259300,7436.5,7437,7419.25,7421.75
1781260200,7421.75,7429.5,7420.5,7426.5
1781261100,7426.75,7428,7420.75,7424.75
1781262000,7425,7431.75,7422.5,7430.25
1781262900,7430.25,7440.75,7429.5,7438.25
1781263800,7438.25,7443,7432.5,7442.5
1781264700,7442.5,7448,7438.75,7443
1781265600,7443,7444.5,7432,7434.5
1781266500,7434.5,7436.5,7425.25,7425.5
1781267400,7425.25,7428.25,7412.25,7414
1781268300,7414.25,7418,7402,7404.5
1781269200,7404.5,7415.75,7397,7415.25
1781270100,7415,7423.75,7412.75,7423.75
1781271000,7423.5,7424.75,7374,7375.5
1781271900,7375.5,7390.75,7366.5,7383
1781272800,7383.25,7421.75,7380.25,7409.5
1781273700,7409.5,7427.75,7405.5,7412.5
1781274600,7412.25,7428.75,7395.75,7396.5
1781275500,7396.5,7443.5,7388.5,7440.5
1781276400,7440.75,7450.5,7433,7448.5
1781277300,7448.5,7461.75,7442.75,7458.75
1781278200,7458.5,7459.25,7424.75,7426.5
1781279100,7426.25,7435.75,7401.25,7405.75
1781280000,7405.75,7439.5,7398.25,7427.25
1781280900,7427.25,7439,7416.75,7423.25
1781281800,7423.25,7431.75,7419.25,7422
1781282700,7421.75,7433.25,7420,7432.5
1781283600,7432.25,7447,7429,7437
1781284500,7437.25,7444.75,7433.75,7438.25
1781285400,7438.5,7439.75,7430.5,7434
1781286300,7434.25,7438.75,7426.25,7430.5
1781287200,7430.5,7438,7422.5,7427.5
1781288100,7427.5,7431.25,7421.75,7430
1781289000,7430.25,7441.25,7429.75,7440
1781289900,7440.25,7441,7427.25,7428
1781290800,7428,7439.75,7427.25,7432
1781291700,7432,7437.75,7427.5,7432
1781292600,7432,7435.5,7418.75,7426.25
1781293500,7426,7437.5,7422.75,7433.5
1781294400,7433.5,7442.5,7433,7442.5
1781295300,7442.5,7444.75,7440,7440.5
1781296200,7440.5,7443.5,7438.25,7438.25
1781297100,7438.25,7439,7435.75,7436.25
1781474400,7543.5,7566.5,7542,7564.25
1781475300,7564,7567.75,7557.25,7558.25
1781476200,7558.25,7560.5,7553.75,7555.25
1781477100,7555,7562,7554,7557.75
1781478000,7558,7561.75,7552.5,7553
1781478900,7553,7554.75,7546.75,7554
1781479800,7554.25,7560.75,7554,7557.25
1781480700,7557.25,7561.25,7553,7559.75
1781481600,7559.75,7574.75,7557,7571.75
1781482500,7572,7574.25,7568.25,7572
1781483400,7572.25,7573.5,7567.75,7570
1781484300,7570,7572.75,7568.25,7571
1781485200,7571,7575.5,7569.25,7573.75
1781486100,7574,7576.75,7571.5,7575
1781487000,7575.25,7578.5,7573,7577.75
1781487900,7577.5,7578.75,7574,7576
1781488800,7576,7580,7575.75,7578.75
1781489700,7578.75,7582.75,7578.5,7581.75
1781490600,7581.5,7583.25,7580,7581.5
1781491500,7581.75,7584.25,7581.25,7583.25
1781492400,7583.25,7583.75,7581,7583.75
1781493300,7583.75,7586.75,7583.75,7585
1781494200,7585,7587.5,7582.75,7583.5
1781495100,7583.75,7585,7581.75,7583.5
1781496000,7583.25,7584.5,7580.75,7582.25
1781496900,7582.25,7587,7582.25,7586.5
1781497800,7586.5,7588.25,7585.5,7588
1781498700,7588,7591.25,7586.75,7590.5
1781499600,7590.25,7593.5,7589.75,7592.5
1781500500,7592.75,7593.75,7591.25,7592.5
1781501400,7592.75,7594.25,7589.75,7593.25
1781502300,7593.5,7595,7591.5,7594.75
1781503200,7595,7596.75,7592.75,7593.25
1781504100,7593.25,7596,7589.75,7592.75
1781505000,7592.75,7593.5,7586.75,7590.25
1781505900,7590.5,7592.25,7587.25,7590
1781506800,7589.75,7592.25,7585.25,7589.75
1781507700,7589.5,7595.75,7588.75,7592.25
1781508600,7592.5,7594.5,7589.5,7591.25
1781509500,7591,7593.5,7586.75,7586.75
1781510400,7586.75,7594.5,7586.25,7590.5
1781511300,7590.5,7594.5,7587.25,7594
1781512200,7594,7594.75,7590.75,7594
1781513100,7593.75,7597,7590.25,7592.25
1781514000,7592.5,7596,7590.75,7591.5
1781514900,7591,7592.5,7585.5,7586.25
1781515800,7586.25,7587.75,7584.25,7584.75
1781516700,7584.5,7588.75,7583,7587.5
1781517600,7587.5,7591.5,7587,7590.5
1781518500,7590.5,7591.5,7587.25,7591.25
1781519400,7591.25,7591.25,7587.5,7590
1781520300,7590.5,7592.75,7589.25,7592
1781521200,7592.25,7598,7591.25,7597.25
1781522100,7597.25,7601,7596.25,7599.5
1781523000,7599.75,7602.25,7592,7592.75
1781523900,7592.75,7600.25,7591.5,7595.5
1781524800,7595.75,7599,7594.75,7595.25
1781525700,7595,7596.75,7587.75,7589.25
1781526600,7589.5,7595.5,7588.25,7592
1781527500,7591.75,7594.75,7587.5,7594.5
1781528400,7594.75,7597,7592,7596.75
1781529300,7596.75,7601,7595.5,7599.25
1781530200,7599.25,7616,7598.5,7609.5
1781531100,7609.75,7622.5,7609.5,7614.25
1781532000,7614.25,7621,7605.5,7611
1781532900,7611,7618,7606.5,7617.25
1781533800,7617.25,7618.25,7610,7613.75
1781534700,7613.75,7625,7613.75,7623
1781535600,7623.25,7629.25,7623,7628
1781536500,7628.25,7634,7626,7632.75
1781537400,7633,7637,7629.25,7636
1781538300,7636,7644.5,7636,7643.25
1781539200,7643.25,7648.75,7642,7643.25
1781540100,7643.5,7647.5,7641,7646.75
1781541000,7646.75,7648.25,7639.5,7641
1781541900,7641,7641.5,7636.75,7640.5
1781542800,7640.25,7642.25,7632.5,7639.75
1781543700,7639.5,7646.5,7638.75,7643.5
1781544600,7643.25,7645.25,7638.75,7639.5
1781545500,7639.75,7640.5,7632,7633.5
1781546400,7633.75,7635,7628,7633.5
1781547300,7633.5,7635.5,7628,7628.75
1781548200,7628.75,7635.25,7625.75,7634.25
1781549100,7634,7636.25,7630.5,7631.5
1781550000,7631.75,7632.75,7628.5,7632
1781550900,7631.75,7634.5,7624.75,7625
1781551800,7625,7628.25,7622.75,7625.5
1781552700,7625.25,7631.5,7616.5,7630
1781553600,7630.25,7631.75,7626.25,7628
1781554500,7628,7628.5,7624.25,7625.5
1781555400,7625.5,7628,7625.5,7626.25
1781556300,7626,7629,7624,7624.25
1781560800,7626.5,7630.25,7618.5,7620.75
1781561700,7621,7621.25,7612,7616.75
1781562600,7616.75,7618.75,7615.25,7616
1781563500,7616,7619.5,7615.25,7617.5
1781564400,7617.25,7618.5,7615,7615.5
1781565300,7615.75,7622,7614.5,7621
1781566200,7621,7621.75,7616.5,7618.75
1781567100,7619,7621.5,7617.75,7620.5
1781568000,7620.25,7622.5,7615.5,7620.75
1781568900,7620.75,7623.75,7617.5,7621.75
1781569800,7621.75,7625,7616.75,7617.75
1781570700,7617.5,7619.5,7612.75,7615.5
1781571600,7615.25,7618.75,7613.5,7615.5
1781572500,7615,7618.5,7614.5,7616.5
1781573400,7616.75,7618,7614.75,7616
1781574300,7615.75,7618.75,7614,7616.25
1781575200,7616.25,7618,7613.75,7615.5
1781576100,7615.25,7618.25,7615,7616.5
1781577000,7616.75,7621,7616.25,7619.5
1781577900,7619.5,7620.25,7615.75,7617.5
1781578800,7617.75,7620.5,7617,7617.75
1781579700,7617.5,7623.5,7617.25,7621.75
1781580600,7621.5,7627.5,7621,7626.5
1781581500,7626.5,7626.75,7621,7623
1781582400,7623.25,7623.5,7620.75,7621.75
1781583300,7622,7622.5,7619.25,7620.25
1781584200,7620.5,7622,7619.25,7619.5
1781585100,7619.5,7620,7615,7618.25
1781586000,7618.5,7624.75,7618.5,7623
1781586900,7623,7625.25,7621.5,7621.75
1781587800,7621.75,7622.5,7616,7617.75
1781588700,7617.75,7620.5,7617.5,7618.25
1781589600,7618,7624,7617,7623
1781590500,7623,7623.5,7619.75,7623.25
1781591400,7623,7624,7621,7621.25
1781592300,7621,7622.75,7619.75,7622.25
1781593200,7622.25,7626.25,7622,7623.75
1781594100,7623.75,7627.75,7623.5,7626.5
1781595000,7626.5,7627.75,7622,7622.25
1781595900,7622,7625,7620.25,7624.5
1781596800,7624.5,7630.25,7622.75,7626.75
1781597700,7626.75,7628.5,7624,7626.25
1781598600,7626.25,7627.5,7620.75,7623.25
1781599500,7623.25,7628.75,7620.75,7626.5
1781600400,7626.5,7628.75,7625.25,7627
1781601300,7627,7627.5,7622,7622.75
1781602200,7622.75,7625,7620.25,7621.25
1781603100,7621.75,7622.25,7618.75,7620.25
1781604000,7620.5,7625.5,7620.5,7625.5
1781604900,7625.5,7627.25,7622.75,7626
1781605800,7626.25,7628.25,7624.5,7627
1781606700,7627,7631,7626.25,7630.75
1781607600,7630.5,7632.25,7628.5,7631
1781608500,7631,7634.25,7629,7632
1781609400,7631.75,7633.5,7629,7633
1781610300,7633,7634.5,7630.5,7631.25
1781611200,7631.25,7634.75,7630.25,7631.25
1781612100,7631.25,7631.25,7622,7625.25
1781613000,7625.5,7627,7622.5,7624
1781613900,7623.75,7628.75,7622.25,7625.25
1781614800,7625,7627.25,7620.5,7624.25
1781615700,7624.5,7630.75,7622,7628
1781616600,7627.75,7636.75,7624.25,7630.5
1781617500,7630.5,7636.25,7621.75,7622.75
1781618400,7622.75,7634,7622.25,7630.5
1781619300,7630.25,7632.75,7612.25,7612.25
1781620200,7612,7621.5,7604,7614.25
1781621100,7614.25,7619,7606.5,7611
1781622000,7611,7619.25,7610.25,7616
1781622900,7615.75,7618.25,7604.5,7608
1781623800,7608,7616.25,7605.75,7606.75
1781624700,7607,7616.75,7599,7610
1781625600,7609.75,7622.25,7609.5,7619
1781626500,7619.25,7621.75,7614.25,7616.25
1781627400,7616,7617,7606.75,7613.25
1781628300,7613,7615,7606,7610.5
1781629200,7610.25,7611.5,7604.75,7609.25
1781630100,7609.25,7611.25,7602,7605.75
1781631000,7605.5,7606.75,7598.75,7603.75
1781631900,7603.5,7611.5,7601.25,7605.75
1781632800,7605.5,7607.5,7603.5,7604.5
1781633700,7604.75,7607.5,7601.75,7605.25
1781634600,7605.25,7606.5,7601.5,7605
1781635500,7605.25,7606.75,7600.5,7602
1781636400,7602,7603,7592.5,7593.75
1781637300,7593.75,7600,7584.75,7596.25
1781638200,7596.25,7597.25,7587.5,7594.25
1781639100,7594.25,7597.75,7583,7588
1781640000,7588,7589,7581.25,7582
1781640900,7582,7584.75,7578,7583
1781641800,7582.75,7585.75,7581.75,7584.75
1781642700,7585,7585.75,7581.25,7583
1781647200,7581.25,7593,7581.25,7591.75
1781648100,7591.75,7595.5,7590.25,7593.5
1781649000,7593.75,7596.75,7590.75,7593.75
1781649900,7593.5,7597.5,7592.75,7596.5
1781650800,7596.5,7596.75,7590.5,7593.75
1781651700,7593.5,7594,7591.25,7592
1781652600,7592,7594.75,7590,7592.25
1781653500,7591.75,7594.5,7589.25,7591.75
1781654400,7592,7598.75,7592,7594.75
1781655300,7595,7599.5,7594.25,7597.5
1781656200,7597.25,7600.5,7596.25,7598.25
1781657100,7598.25,7598.75,7595.25,7597
1781658000,7597,7602.75,7595.25,7601
1781658900,7601,7604.25,7599.75,7603.25
1781659800,7603.25,7605.25,7602,7602.5
1781660700,7602.5,7605.5,7602.5,7605.5
1781661600,7605.25,7605.5,7603.25,7605
1781662500,7605,7605.75,7603.75,7604
1781663400,7603.75,7604,7601.5,7603.25
1781664300,7603.25,7603.5,7601.25,7602.5
1781665200,7602.5,7605.25,7601,7601.25
1781666100,7601.25,7601.75,7598.75,7601
1781667000,7601,7605.5,7600.25,7604.5
1781667900,7604.25,7606.25,7604,7605.75
1781668800,7605.75,7606.5,7604.5,7604.75
1781669700,7604.75,7606.5,7604.5,7605.5
1781670600,7605.25,7606,7601,7601.5
1781671500,7601.5,7606.25,7601.5,7606
1781672400,7606,7607.5,7605,7605.5
1781673300,7605.5,7607,7604,7604.5
1781674200,7604.5,7608,7603.75,7605.75
1781675100,7605.75,7607.5,7603,7604
1781676000,7603.75,7607.25,7603,7605.5
1781676900,7605.5,7606.25,7602.25,7602.75
1781677800,7602.75,7608,7601.25,7608
1781678700,7608,7609.25,7607,7609
1781679600,7608.75,7612,7608.25,7611.75
1781680500,7611.5,7612.5,7603.5,7604.75
1781681400,7604.75,7608.25,7603.25,7606.25
1781682300,7606.25,7607,7604.25,7605.75
1781683200,7605.75,7608.25,7597.75,7598.5
1781684100,7598.75,7602.25,7598,7599.5
1781685000,7599.5,7600.5,7593.5,7594
1781685900,7594,7600,7591.75,7599.75
1781686800,7600,7601,7596.5,7598
1781687700,7598.25,7601.75,7597.25,7601
1781688600,7601,7602.75,7596,7597.25
1781689500,7597.25,7598.25,7590.5,7592.25
1781690400,7592.25,7592.5,7585.25,7589.25
1781691300,7589,7594.25,7586.75,7591.5
1781692200,7591.75,7595.75,7590.5,7595.75
1781693100,7595.75,7598.25,7590.25,7591
1781694000,7591.25,7596.5,7589.75,7595.75
1781694900,7595.5,7597.75,7593.5,7594.5
1781695800,7594.25,7594.5,7589,7589.5
1781696700,7589.5,7591,7583,7586.5
1781697600,7586.75,7593.5,7586.25,7592.75
1781698500,7592.75,7593.5,7589.25,7590.25
1781699400,7590.25,7596.5,7590,7594.75
1781700300,7594.5,7596.25,7592.75,7595.25
1781701200,7595.25,7595.75,7591,7594.25
1781702100,7594.25,7598.75,7590.25,7595.75
1781703000,7595.75,7598,7583.25,7598
1781703900,7598,7600.25,7581,7581
1781704800,7581.25,7595,7578.5,7594.75
1781705700,7594.75,7604.25,7593.25,7599.25
1781706600,7599.25,7599.75,7574,7584
1781707500,7584,7588.75,7560.5,7572.5
1781708400,7572.25,7579.75,7568,7578.25
1781709300,7578.25,7584.75,7575.5,7582.25
1781710200,7582,7590.5,7580,7586.25
1781711100,7586.25,7591.25,7585.5,7588.75
1781712000,7589,7592,7585.5,7588.75
1781712900,7588.75,7593.25,7587,7590.25
1781713800,7590.25,7591.25,7581.75,7584.75
1781714700,7585,7585.75,7581.5,7582.75
1781715600,7582.5,7583,7568.5,7575.25
1781716500,7575,7579.75,7572,7578.25
1781717400,7578.25,7579,7572.5,7574.25
1781718300,7574.25,7589.75,7573,7588.75
1781719200,7588.25,7590.75,7514.5,7546.25
1781720100,7546,7560.25,7533.75,7542.75
1781721000,7542.5,7584.25,7535.75,7580.25
1781721900,7580.25,7580.75,7531.5,7540.75
1781722800,7540.5,7552,7524.25,7547
1781723700,7547,7548.5,7497.25,7500.25
1781724600,7500.25,7503.75,7472.25,7479.75
1781725500,7479.75,7498.75,7474,7492.25
1781726400,7492.5,7504.5,7490.25,7492.5
1781727300,7492.5,7510,7490,7508
1781728200,7508.25,7515.25,7505.75,7511.5
1781729100,7511.25,7511.75,7507.25,7511
1781733600,7512.5,7521.75,7504.25,7519.75
1781734500,7520,7526.75,7518.25,7523.5
1781735400,7523.25,7527.25,7522.25,7524.25
1781736300,7524,7527.75,7524,7525.5
1781737200,7525.75,7531.75,7524.25,7531.75
1781738100,7531.5,7539.25,7531,7537.75
1781739000,7538,7539.5,7534,7535.25
1781739900,7535.5,7541.25,7534.5,7541.25
1781740800,7541.5,7559.25,7539.75,7558.75
1781741700,7559,7560.5,7549,7552.75
1781742600,7552.75,7558.25,7552.75,7556.25
1781743500,7556.25,7557,7548,7550.75
1781744400,7550.75,7560.75,7550,7559.25
1781745300,7559.25,7561.25,7554.75,7556.75
1781746200,7557.25,7559.25,7553.75,7554.75
1781747100,7554.75,7556.25,7550.25,7553
1781748000,7553,7559.75,7552,7557.5
1781748900,7557.5,7558,7554.5,7555.5
1781749800,7555.75,7557.5,7553.25,7557
1781750700,7557,7558.5,7555.25,7556.75
1781751600,7556.5,7558.25,7552.5,7553
1781752500,7553,7557.5,7552.25,7556.5
1781753400,7556.75,7558.75,7550.25,7551.5
1781754300,7551.5,7556.5,7551.25,7555.5
1781755200,7555.5,7556.75,7549.25,7549.5
1781756100,7549.5,7551.5,7544.75,7546.75
1781757000,7546.5,7546.75,7540.5,7541
1781757900,7540.5,7546.25,7539.25,7544.75
1781758800,7545,7548,7542.75,7544.75
1781759700,7544.5,7549.5,7544,7548.25
1781760600,7548.5,7550.5,7546.5,7548
1781761500,7547.75,7548,7544.25,7546.5
1781762400,7546.25,7548.5,7541.25,7544.5
1781763300,7544.5,7550.75,7541,7550.25
1781764200,7550.25,7550.25,7543.75,7546.5
1781765100,7546.75,7557.25,7546.5,7556.75
1781766000,7556.5,7559,7550.25,7551.5
1781766900,7551.5,7559.25,7550.5,7558.75
1781767800,7558.5,7558.5,7553.5,7556.75
1781768700,7556.75,7559.5,7554,7559.25
1781769600,7559.5,7568.25,7559.5,7565.25
1781770500,7565.25,7566,7555.5,7556.5
1781771400,7556.5,7560,7554.75,7557.25
1781772300,7557.25,7558.25,7547,7547.75
1781773200,7548.25,7553.75,7545.75,7553
1781774100,7553.25,7556.25,7551.75,7554
1781775000,7554,7560,7552.5,7559.25
1781775900,7559.25,7564,7559.25,7563.25
1781776800,7563.25,7563.5,7559,7563.25
1781777700,7563.25,7564.75,7559.75,7560.75
1781778600,7560.75,7563.25,7552,7552
1781779500,7552.25,7555.25,7551.5,7553.5
1781780400,7553.5,7554.75,7540,7544.25
1781781300,7544.5,7545,7535.5,7541.5
1781782200,7541.25,7543.75,7530.75,7538
1781783100,7538,7543.75,7537.25,7543.25
1781784000,7543.25,7548.25,7540.75,7546.5
1781784900,7546.75,7555.5,7544.25,7555
1781785800,7554.75,7560,7552.75,7555.5
1781786700,7555.25,7565,7555,7560.5
1781787600,7560.5,7562.75,7550.5,7561.75
1781788500,7561.75,7579.75,7560.75,7577
1781789400,7577.25,7581.5,7537,7538.25
1781790300,7538.5,7554.75,7535.5,7544
1781791200,7544.25,7558.25,7540.75,7545.25
1781792100,7545,7566.25,7539,7550.5
1781793000,7550.5,7564.5,7541.25,7558.5
1781793900,7558.5,7570.75,7558.25,7566.25
1781794800,7566.5,7568.75,7557.25,7559
1781795700,7559.25,7561.5,7549.25,7551.75
1781796600,7551.5,7556.25,7541,7546
1781797500,7545.75,7563.25,7541,7560.5
1781798400,7560.25,7563.75,7555,7559.75
1781799300,7560,7566.75,7557,7564
1781800200,7564.25,7570.5,7560.5,7567.75
1781801100,7567.75,7568.5,7559.25,7564
1781802000,7564,7575.25,7561.5,7573.25
1781802900,7573.25,7579,7571,7572.75
1781803800,7573,7577,7569.5,7570.5
1781804700,7570.5,7572.75,7566.75,7567
1781805600,7567,7568,7562,7563.75
1781806500,7563.5,7566.75,7561,7562.75
1781807400,7562.75,7563.5,7559.25,7562.75
1781808300,7562.5,7567.25,7560.5,7561.5
1781809200,7561.5,7562.25,7549,7552.25
1781810100,7552.25,7560,7549.5,7557.75
1781811000,7557.75,7571.75,7553.75,7571.25
1781811900,7571,7580.75,7564.25,7564.25
1781812800,7564.5,7577.5,7562.25,7576.5
1781813700,7576.75,7583,7575,7577.5
1781814600,7577.5,7579.5,7572.25,7573
1781815500,7572.75,7575.25,7570.75,7574.75
1781820000,7576.75,7580,7572,7573.25
1781820900,7573,7573,7565,7566.25
1781821800,7566.5,7566.5,7560.25,7561.75
1781822700,7561.75,7564,7559.5,7561
1781823600,7561.25,7564,7560.5,7561.5
1781824500,7561.5,7566,7561.25,7564.25
1781825400,7564,7567.25,7562.75,7565.75
1781826300,7565.5,7568.25,7564.75,7565.75
1781827200,7565.5,7565.75,7556,7557.25
1781828100,7557.5,7561.75,7556.5,7559.5
1781829000,7559.75,7561.25,7556.75,7559
1781829900,7559.25,7560.25,7557.25,7558.25
1781830800,7558.25,7560.75,7551,7552.5
1781831700,7552.5,7556,7552.25,7555
1781832600,7555,7555,7550,7551.25
1781833500,7551.25,7552.75,7547.25,7547.75
1781834400,7547.5,7548.5,7544,7544.5
1781835300,7544.75,7546.75,7541.75,7546
1781836200,7546,7549.25,7545.75,7548.75
1781837100,7548.5,7548.5,7544.5,7546.25
1781838000,7546.25,7548.5,7544.25,7544.25
1781838900,7544,7544.75,7537.5,7539
1781839800,7538.5,7541.25,7536,7538.75
1781840700,7538.75,7540,7536.25,7538.5
1781841600,7538.5,7539.5,7532,7538.25
1781842500,7538.25,7538.25,7534.25,7535.75
1781843400,7536.25,7536.25,7529.25,7531
1781844300,7531,7531.25,7521.5,7525.25
1781845200,7525.5,7527,7522,7526.25
1781846100,7526.25,7527.75,7520.75,7525.25
1781847000,7525.75,7528.5,7520.5,7522.5
1781847900,7522.5,7531.75,7522.5,7531.5
1781848800,7531.5,7535.5,7531,7532.75
1781849700,7533,7537.75,7530.25,7536.5
1781850600,7536.25,7537.75,7533.75,7536
1781851500,7536,7543,7534.5,7541.25
1781852400,7541.25,7546.75,7541,7546.5
1781853300,7546.75,7549.5,7545,7549.25
1781854200,7549.5,7556.5,7548.5,7550.75
1781855100,7550.5,7554.25,7548.5,7554.25
1781856000,7554.25,7556.5,7550.75,7554.75
1781856900,7554.75,7558.25,7554.25,7557
1781857800,7557,7558.5,7553,7557.5
1781858700,7557.5,7560.5,7555.75,7558.75
1781859600,7559,7562.5,7555,7556.5
1781860500,7556.5,7558,7553.5,7554.25
1781861400,7554,7560.5,7554,7557.75
1781862300,7557.75,7559.75,7554.5,7555.25
1781863200,7555.25,7555.75,7551.25,7552.25
1781864100,7552,7553.25,7544.75,7545.25
1781865000,7545.25,7545.5,7537.75,7542.5
1781865900,7542.5,7547.25,7540,7543.75
1781866800,7543.5,7543.5,7537.25,7540.75
1781867700,7541,7543.75,7537,7538.75
1781868600,7538.5,7546,7538.5,7544.5
1781869500,7544.5,7545.75,7540.25,7544.25
1781870400,7544.25,7544.75,7541.5,7542.25
1781871300,7542.25,7543.25,7540,7540.25
1781872200,7540.5,7541.25,7533.25,7540.5
1781873100,7540.25,7562.25,7538,7558.75
1781874000,7559,7562.25,7554.5,7558.5
1781874900,7558.75,7560.5,7555.5,7559
1781875800,7559,7563.25,7556.25,7557.75
1781876700,7557.5,7562.75,7557,7559.5
1781877600,7559.25,7560,7553.5,7559
1781878500,7559.25,7561,7556.25,7559.75
1781879400,7559.75,7564,7557.5,7563.25
1781880300,7563.25,7566,7562.75,7565.25
1781881200,7565,7568.5,7564.5,7565.25
1781882100,7565.25,7566,7563.25,7566
1781883000,7566,7566.75,7558.5,7558.75
1781883900,7558.5,7566,7558.5,7563.75
1781884800,7563.75,7564,7559.5,7560
1781885700,7560.25,7565,7560.25,7564.75
1781886600,7565,7567,7563.75,7565.25
1781887500,7565,7566,7554,7556.25
1782079200,7543.25,7550,7528,7532.25
1782080100,7532.5,7543.5,7526,7541
1782081000,7541,7542.25,7536.25,7541.5
1782081900,7541.25,7543.75,7537,7538.25
1782082800,7537.75,7538,7525,7526.5
1782083700,7526.75,7529,7523.5,7526
1782084600,7526.5,7527.25,7515.5,7519.5
1782085500,7519.75,7521.25,7513,7516
1782086400,7515.75,7537.25,7514.5,7533
1782087300,7533.25,7544,7531.25,7543.75
1782088200,7543.75,7545.5,7540.5,7543
1782089100,7543,7549.75,7543,7548.75
1782090000,7549,7557.25,7549,7553.5
1782090900,7553.5,7556,7551,7554.75
1782091800,7554.5,7555.75,7552,7554
1782092700,7554,7555,7548.75,7549.5
1782093600,7549.75,7550.75,7544,7544.25
1782094500,7544.25,7547,7542.25,7542.5
1782095400,7542.25,7543,7538.25,7540
1782096300,7540,7540.25,7537.25,7538.5
1782097200,7538.5,7539,7534.5,7536.25
1782098100,7536.25,7541,7536,7540.25
1782099000,7540.25,7542.25,7539,7540
1782099900,7540,7541.5,7533.5,7534.5
1782100800,7534.75,7536.5,7532.75,7533
1782101700,7533.25,7534.25,7530,7531
1782102600,7531,7532.5,7528.25,7529.75
1782103500,7529.75,7535.5,7529,7534.75
1782104400,7534.75,7546.5,7534,7545.25
1782105300,7545.25,7547,7542.5,7545.25
1782106200,7545.25,7546.5,7541.25,7545
1782107100,7545,7547.5,7543.25,7546.25
1782108000,7546.5,7553.5,7546,7552.75
1782108900,7552.75,7560.25,7552,7558.75
1782109800,7558.5,7561.75,7554.5,7560.75
1782110700,7560.75,7562.75,7559.5,7561.75
1782111600,7561.75,7566.25,7561.25,7564
1782112500,7564.25,7567.25,7564,7566.75
1782113400,7566.5,7567.25,7562,7562.5
1782114300,7562.25,7565,7560.5,7562.75
1782115200,7562.75,7563.75,7552.5,7556
1782116100,7556.25,7557.5,7552.75,7555
1782117000,7554.75,7560.25,7553.25,7560
1782117900,7559.75,7560.5,7555.75,7559.5
1782118800,7559.5,7564.5,7556.25,7562.75
1782119700,7562.75,7563,7559.75,7560.5
1782120600,7560.5,7561.75,7555.5,7556.5
1782121500,7556.5,7558,7554.25,7554.75
1782122400,7554.75,7564.75,7554.75,7563
1782123300,7563,7564.5,7562,7563
1782124200,7563,7563,7557,7559.25
1782125100,7559.25,7562.5,7558,7558.75
1782126000,7558.75,7577.75,7558.5,7562.75
1782126900,7562.5,7564,7560.75,7561.75
1782127800,7561.5,7565.75,7561,7563.25
1782128700,7563.5,7565.25,7558.75,7563.5
1782129600,7563.75,7570,7563.75,7569.75
1782130500,7569.5,7574.75,7567.5,7574.25
1782131400,7574.25,7576.25,7570.25,7571
1782132300,7571,7571.5,7567.5,7568
1782133200,7568,7578,7568,7576.5
1782134100,7576.5,7579,7572.25,7573
1782135000,7573.25,7596.75,7571.5,7578.5
1782135900,7578.75,7596.5,7576.75,7596.25
1782136800,7596.25,7599.25,7589,7590
1782137700,7590,7591,7560.25,7561.25
1782138600,7561.25,7562.25,7540,7541
1782139500,7541,7549.25,7527.25,7543
1782140400,7542.75,7550,7536.25,7540.5
1782141300,7540.5,7547,7534.75,7539.75
1782142200,7539.75,7558,7537.5,7555
1782143100,7555,7559.25,7539,7542.5
1782144000,7542.5,7546.5,7532.25,7546.25
1782144900,7546.25,7550.25,7540,7544.25
1782145800,7544.5,7545.25,7536.75,7539.75
1782146700,7540,7549.75,7538,7546
1782147600,7546.25,7547,7535.5,7542.25
1782148500,7542,7549,7542,7543.25
1782149400,7543.25,7544.5,7535.5,7539.25
1782150300,7539.5,7549.5,7538.25,7542.75
1782151200,7543,7546.75,7538.5,7545.5
1782152100,7545.5,7553.75,7544.25,7547.25
1782153000,7547.25,7551.5,7540.5,7541
1782153900,7541,7544.5,7531.5,7533
1782154800,7533,7539.75,7528.5,7535.5
1782155700,7535.5,7538.25,7530.25,7530.5
1782156600,7530.25,7536.25,7528,7529.5
1782157500,7529.5,7545.75,7528.75,7540.25
1782158400,7540.25,7547,7539,7545.5
1782159300,7545.25,7547.25,7541,7541.75
1782160200,7541.5,7542.75,7540.5,7542.5
1782161100,7542.25,7542.5,7539.5,7540.75
1782165600,7541.25,7549.5,7538.25,7541.25
1782166500,7541.5,7543.25,7539,7540.25
1782167400,7540,7540,7529.5,7530.25
1782168300,7530.5,7533.75,7529.5,7532
1782169200,7532,7533,7528,7528.5
1782170100,7528.5,7531.25,7526,7531
1782171000,7531,7531.5,7528.25,7530.75
1782171900,7530.75,7532.25,7526.5,7532
1782172800,7531.75,7535,7524,7524.75
1782173700,7525.25,7529,7522,7525.5
1782174600,7525.25,7541,7523.75,7541
1782175500,7541,7545.25,7538.25,7540.25
1782176400,7540.25,7542.25,7536.5,7536.5
1782177300,7536.5,7538,7532.75,7535.75
1782178200,7535.75,7536.75,7521,7522.25
1782179100,7522.25,7525.5,7512,7522.25
1782180000,7522.75,7525,7514,7519
1782180900,7519,7522.25,7517.25,7520
1782181800,7520,7520.25,7515.75,7517.5
1782182700,7517.5,7518,7510.5,7512.75
1782183600,7512.75,7513.75,7504.75,7506.25
1782184500,7506.25,7508.75,7505,7507.5
1782185400,7507.5,7507.75,7496.5,7500.75
1782186300,7500.25,7509,7497,7508.75
1782187200,7509,7512.25,7500,7501.75
1782188100,7501.75,7501.75,7493.5,7496.75
1782189000,7496.5,7496.75,7490.5,7492
1782189900,7492.25,7493,7481.75,7483.25
1782190800,7483.5,7488,7482.75,7483.25
1782191700,7483.5,7484.5,7474.5,7476.75
1782192600,7477,7477.5,7467.25,7473.25
1782193500,7473.25,7476,7467,7468.75
1782194400,7468.75,7472.5,7463,7465.25
1782195300,7466,7468.5,7451.25,7454.75
1782196200,7454.75,7458.75,7447.75,7450.5
1782197100,7450.5,7455.25,7444.75,7447.25
1782198000,7447,7455.5,7442.25,7452
1782198900,7452,7453,7440.5,7446.75
1782199800,7446.5,7447.25,7437.5,7439.5
1782200700,7439.5,7441.25,7428.25,7433.5
1782201600,7433.75,7435,7422.25,7429.75
1782202500,7429.25,7430.75,7421.75,7424.5
1782203400,7424.75,7438.5,7424.25,7434.5
1782204300,7434.5,7434.5,7423.5,7430.5
1782205200,7430.75,7439.5,7429.5,7438.25
1782206100,7438,7446.25,7434.75,7445
1782207000,7445,7445.5,7438.5,7440
1782207900,7440,7446,7438,7444.5
1782208800,7444.5,7449.5,7441,7442.5
1782209700,7442.25,7449.75,7439.25,7440
1782210600,7439.75,7439.75,7427.25,7431.5
1782211500,7431.5,7437.75,7430.5,7436.75
1782212400,7436.5,7443,7432.5,7442.5
1782213300,7442.5,7448.5,7436,7440.25
1782214200,7440,7449.5,7438.25,7449
1782215100,7449,7453.5,7446.25,7450.75
1782216000,7450.75,7454.5,7444.25,7446.5
1782216900,7446.5,7447.25,7432.5,7437.25
1782217800,7437.25,7440.5,7427.5,7433.25
1782218700,7433.25,7435.5,7429.75,7432.75
1782219600,7432.5,7436,7429.5,7434
1782220500,7433.75,7434.25,7423.75,7429.5
1782221400,7429.5,7447,7415.25,7442.25
1782222300,7442,7466.5,7438.25,7465.25
1782223200,7465.25,7485.25,7463.75,7484
1782224100,7484,7491,7475.75,7483.75
1782225000,7483.75,7486,7466.25,7468.25
1782225900,7468.5,7474,7459.75,7464.75
1782226800,7464.75,7468.5,7450.5,7455.25
1782227700,7455.25,7457,7436.25,7439.75
1782228600,7439.75,7449.25,7435.75,7444.25
1782229500,7444,7456.5,7441.75,7453.75
1782230400,7454,7471.5,7452.5,7469.25
1782231300,7469.5,7471.25,7460.75,7469
1782232200,7469,7475.25,7464.5,7474
1782233100,7474,7474.75,7464.5,7469.75
1782234000,7469.75,7473,7460.5,7468.75
1782234900,7469.25,7476.5,7464.5,7471
1782235800,7470.75,7475.75,7466,7467.25
1782236700,7467.25,7470.5,7452.5,7453.25
1782237600,7453.25,7461.25,7448.75,7453.75
1782238500,7453.75,7455.75,7447.75,7449.75
1782239400,7449.5,7451,7433,7433.75
1782240300,7433.75,7441.25,7428.75,7436
1782241200,7436,7452.25,7433.75,7441
1782242100,7441,7449.75,7433.5,7446.75
1782243000,7446.75,7449.25,7438.25,7442
1782243900,7442.25,7453,7433,7434.75
1782244800,7435,7442.25,7431.5,7438.75
1782245700,7438.5,7442,7435.25,7441
1782246600,7440.75,7443,7438.25,7440.25
1782247500,7440.5,7446.75,7439.25,7445.5
1782252000,7449.25,7452.25,7443.75,7449
1782252900,7449,7452,7436.75,7436.75
1782253800,7437,7440.75,7429.25,7430.5
1782254700,7430.5,7436.25,7430.5,7434.75
1782255600,7435,7435.5,7420.25,7433
1782256500,7433.25,7438.25,7432.5,7435.75
1782257400,7436,7437,7427.5,7433.5
1782258300,7433.5,7450.75,7433.25,7446.75
1782259200,7446.75,7459.75,7443.5,7454.25
1782260100,7454,7458.75,7448.5,7454.75
1782261000,7455,7458.25,7453.25,7456.5
1782261900,7456.25,7458.25,7448.75,7453.5
1782262800,7453.75,7454.75,7446,7451.75
1782263700,7451.75,7452.75,7442.5,7451
1782264600,7451,7454.25,7448,7452
1782265500,7452,7454.25,7449,7451.25
1782266400,7451,7453.25,7447.25,7451.5
1782267300,7451.25,7451.75,7442.75,7448
1782268200,7448.25,7450.5,7438.75,7440.25
1782269100,7440.25,7441,7429.75,7430.25
1782270000,7430,7446.25,7426.75,7445
1782270900,7444.75,7448.25,7436.25,7448
1782271800,7447.75,7451.75,7445.75,7447.5
1782272700,7447.5,7448.5,7443.5,7448
1782273600,7448,7448.25,7438,7439.75
1782274500,7439.75,7441.5,7434.75,7436.75
1782275400,7437,7450.5,7437,7448.25
1782276300,7448.25,7451.5,7447.75,7449.5
1782277200,7449.75,7453.25,7447.5,7451.5
1782278100,7451.5,7457.5,7450,7454.25
1782279000,7454.25,7459.25,7453.5,7454.25
1782279900,7454,7455,7449.75,7450.25
1782280800,7450.25,7453.75,7445.75,7452
1782281700,7452,7452.5,7445.25,7447
1782282600,7447.5,7453.75,7446.75,7450
1782283500,7450,7451.75,7448.25,7448.75
1782284400,7449,7450.75,7442.75,7447.75
1782285300,7448,7450.5,7444.5,7444.5
1782286200,7444.5,7450.75,7439.75,7450.25
1782287100,7450,7452.75,7442,7442.75
1782288000,7443,7452.5,7442.5,7452.25
1782288900,7451.75,7453,7445.75,7448.5
1782289800,7448.5,7453.25,7447,7449
1782290700,7449,7449.25,7445,7447.5
1782291600,7447.5,7452.25,7444.25,7451.25
1782292500,7451.25,7451.5,7443,7447
1782293400,7446.75,7448.25,7440.75,7441.25
1782294300,7441.25,7448.75,7439.25,7447.75
1782295200,7447.75,7448,7442.25,7447.75
1782296100,7447.5,7450.5,7447,7450.5
1782297000,7450.5,7458.25,7449.75,7455.25
1782297900,7455.25,7456.25,7447.5,7449
1782298800,7449,7455.75,7448,7448
1782299700,7448.25,7449.25,7443.75,7447.5
1782300600,7447.75,7459,7447.5,7455.25
1782301500,7455.25,7465,7454.5,7463.75
1782302400,7463.75,7464.5,7458.5,7460.25
1782303300,7460.25,7467.25,7457,7465
1782304200,7464.75,7467.25,7452.75,7454
1782305100,7454,7455.5,7447.75,7450.5
1782306000,7450.5,7455.75,7442,7442.75
1782306900,7443,7449.25,7438.75,7447.5
1782307800,7447.25,7468,7438.25,7452.5
1782308700,7452.75,7472.25,7437.75,7454.5
1782309600,7454.75,7460.5,7447,7451.25
1782310500,7451,7466,7436.5,7461
1782311400,7461,7473.5,7457.5,7472.75
1782312300,7472.75,7494.25,7471.75,7493.75
1782313200,7493.75,7496.5,7476.25,7481.75
1782314100,7481.75,7493.75,7478.25,7493.5
1782315000,7493.5,7496.5,7478.25,7481.75
1782315900,7481.75,7489.75,7474.5,7480.25
1782316800,7480.25,7485.5,7474.5,7481.25
1782317700,7481.5,7485,7476.75,7477.75
1782318600,7477.75,7477.75,7455,7459.75
1782319500,7459.5,7464.5,7450.75,7453
1782320400,7453,7461.25,7442.25,7444
1782321300,7444,7447.75,7415.75,7416.75
1782322200,7417,7424.5,7407.75,7414.75
1782323100,7414.75,7427.25,7410.25,7414
1782324000,7414.25,7429.5,7413,7424.75
1782324900,7424.75,7443.25,7424.75,7440
1782325800,7440,7442.25,7425.25,7429.25
1782326700,7429.25,7429.25,7408.25,7415.5
1782327600,7415.5,7425.25,7404.25,7412.25
1782328500,7412.25,7419.75,7407.75,7416.25
1782329400,7416,7418.5,7405.25,7411
1782330300,7411.25,7431.5,7410.5,7428.25
1782331200,7428.25,7465.25,7421.25,7463.5
1782332100,7463.75,7474,7460.75,7470.5
1782333000,7470.5,7480,7468,7479.25
1782333900,7479.25,7482.25,7474.75,7477.5
1782338400,7476.25,7486.75,7472.25,7473
1782339300,7473,7475.25,7468.25,7468.5
1782340200,7468.5,7471.5,7467,7470.75
1782341100,7470.75,7471,7465.75,7466.25
1782342000,7466.5,7468.75,7464,7464.75
1782342900,7465,7470.75,7464,7468.25
1782343800,7468.5,7475.75,7468,7474.25
1782344700,7474.5,7478.5,7469.75,7471.75
1782345600,7472,7473,7464.75,7471.25
1782346500,7471,7472.25,7464.5,7466
1782347400,7466.25,7467,7454,7457
1782348300,7457,7460.5,7453,7454.5
1782349200,7455,7459,7452.25,7455.75
1782350100,7455.75,7460,7454.25,7456.25
1782351000,7456.75,7466.5,7455.75,7460.75
1782351900,7460.75,7465,7459.5,7460.25
1782352800,7460,7465,7454,7455.25
1782353700,7455.5,7463,7452.75,7461.25
1782354600,7461.25,7463.5,7458.5,7459.75
1782355500,7459.5,7464,7458.75,7463.25
1782356400,7463.5,7467.25,7462.25,7464
1782357300,7464,7468.25,7460.25,7466.5
1782358200,7466.5,7469.5,7464,7465
1782359100,7465,7469.75,7464.25,7469.25
1782360000,7469.5,7469.75,7465.25,7465.25
1782360900,7465.5,7467,7462.5,7463.75
1782361800,7464,7466.5,7459.75,7466.5
1782362700,7466.75,7467.75,7463,7464.5
1782363600,7464.25,7470.5,7464.25,7469.5
1782364500,7469.75,7474,7468.5,7473.75
1782365400,7473.25,7476.5,7472.5,7474.5
1782366300,7474.5,7474.5,7470.75,7472
1782367200,7472,7478.5,7471,7477.5
1782368100,7477.5,7482.25,7476.75,7480
1782369000,7480,7482.25,7478,7479.25
1782369900,7479.25,7481.25,7477,7477.75
1782370800,7478,7484,7478,7481.75
1782371700,7481.75,7488.75,7481.5,7486
1782372600,7485.75,7488.5,7483.25,7487
1782373500,7487,7488.25,7484.5,7488
1782374400,7488.25,7491.25,7483.5,7483.75
1782375300,7483.5,7485.25,7480.25,7483.75
1782376200,7483.5,7485.5,7481.25,7481.5
1782377100,7481.25,7482.25,7475.5,7477
1782378000,7477,7482.75,7476.25,7480.25
1782378900,7480,7481.75,7476.75,7479
1782379800,7479,7482.75,7478.5,7481.75
1782380700,7481.5,7484.5,7479.75,7480.75
1782381600,7480.5,7486,7479.75,7486
1782382500,7486,7486.75,7483.5,7486.25
1782383400,7486.25,7487.5,7481.75,7482.5
1782384300,7482,7486,7480,7483.75
1782385200,7483.75,7487,7480,7480.5
1782386100,7480.25,7481,7472.5,7473.75
1782387000,7473.75,7479,7472.25,7477.75
1782387900,7477.5,7480.5,7473,7476
1782388800,7475.75,7482.75,7474.75,7476.75
1782389700,7476.75,7479.5,7472.5,7474.5
1782390600,7474.25,7496,7474,7485.25
1782391500,7485.25,7492.75,7484.75,7487
1782392400,7487,7488.75,7480.5,7483.5
1782393300,7483.75,7488.25,7479.25,7485.75
1782394200,7485.75,7490.5,7436.25,7438.75
1782395100,7439,7444,7390.5,7393.25
1782396000,7393.25,7454.25,7392.5,7437.25
1782396900,7437.25,7462,7427.5,7451
1782397800,7450.75,7467.75,7444.25,7450.75
1782398700,7450.75,7475.75,7444,7449.5
1782399600,7449.25,7462.25,7422.75,7426
1782400500,7426,7445,7414.25,7439.25
1782401400,7439.25,7451.5,7435.5,7443.75
1782402300,7443.75,7454.75,7436.25,7437.5
1782403200,7437.75,7458.25,7432.5,7453.5
1782404100,7453.5,7458.75,7435.25,7437.75
1782405000,7437.75,7438.25,7415.75,7417.75
1782405900,7417.5,7425.75,7409.75,7420.25
1782406800,7420.25,7432.5,7416.5,7427.25
1782407700,7427.25,7438,7415.75,7427.75
1782408600,7427.75,7433,7420.25,7421.5
1782409500,7421.5,7431,7410.75,7429.5
1782410400,7429.5,7435.5,7408.25,7427.5
1782411300,7427.75,7456.75,7425,7454.25
1782412200,7454.25,7454.5,7431.25,7434.75
1782413100,7434.75,7439.5,7422.25,7434.5
1782414000,7434.25,7435,7418.75,7419.25
1782414900,7419.5,7424.75,7414.25,7419.75
1782415800,7419.5,7420.75,7411.5,7415.75
1782416700,7415.5,7430.25,7409,7428.5
1782417600,7428.5,7451.75,7427.25,7438.25
1782418500,7438.25,7454.5,7438,7446.75
1782419400,7446.75,7447,7440,7440.5
1782420300,7440.5,7441,7432,7433.75
1782424800,7431,7435.75,7416.75,7420.5
1782425700,7420.75,7425.75,7416.5,7417.25
1782426600,7417.25,7422.75,7416,7422.25
1782427500,7422.25,7426.5,7419.25,7425.25
1782428400,7425.25,7433.75,7424.5,7433.25
1782429300,7433.5,7454.25,7432,7449.75
1782430200,7450,7451.25,7430.25,7430.75
1782431100,7430.5,7430.75,7417.25,7423.75
1782432000,7423.75,7434.25,7419.75,7432
1782432900,7432.25,7434.75,7420.5,7429.5
1782433800,7429.25,7430.5,7421.75,7426
1782434700,7426,7429.25,7418.75,7421.25
1782435600,7421.75,7427.25,7411.25,7421.75
1782436500,7422,7427.75,7416.5,7417.5
1782437400,7417.75,7418.75,7402,7403
1782438300,7403,7407.5,7395,7399.75
1782439200,7399.75,7401.5,7391.75,7394.25
1782440100,7394.25,7397,7386,7388.75
1782441000,7389,7390,7378.25,7381.5
1782441900,7381.5,7381.5,7366.5,7370.75
1782442800,7371.25,7371.75,7365.25,7369.5
1782443700,7369,7371.75,7365.25,7368.5
1782444600,7368.25,7369.5,7357.25,7369.5
1782445500,7369.5,7383.5,7366.75,7383
1782446400,7383.25,7385.5,7378.25,7381
1782447300,7381.25,7385,7371.5,7376.5
1782448200,7376.75,7380,7369,7373
1782449100,7373.25,7373.25,7365.75,7367.75
1782450000,7367.75,7376.75,7364.5,7376.75
1782450900,7376.5,7380.25,7373.5,7378.75
1782451800,7378.75,7382.75,7367.75,7367.75
1782452700,7368,7375.75,7365.25,7372
1782453600,7372.25,7376.5,7369,7375.75
1782454500,7376,7388,7375.75,7386.5
1782455400,7386.75,7395.75,7384,7395.25
1782456300,7395.25,7409.5,7394.25,7404
1782457200,7404,7406.25,7394.75,7402.25
1782458100,7402.5,7409.75,7401.25,7409.25
1782459000,7409.5,7413.75,7406.5,7406.75
1782459900,7406.75,7412,7404.5,7410.75
1782460800,7411,7416,7401,7402.75
1782461700,7402.75,7409.5,7400.25,7407.5
1782462600,7407.25,7407.75,7397.25,7397.75
1782463500,7397.5,7398.75,7382.75,7388.5
1782464400,7388.75,7390,7382.25,7388.5
1782465300,7388.25,7389.75,7380.25,7383.5
1782466200,7383.5,7395.5,7379.75,7392.25
1782467100,7392.25,7396.75,7384.25,7385.25
1782468000,7385.5,7388.75,7376.5,7387
1782468900,7387,7389.5,7381,7386.25
1782469800,7386.25,7389.25,7383.5,7385.25
1782470700,7385,7388.75,7383,7386.5
1782471600,7386.5,7394.75,7383.25,7390.5
1782472500,7390.75,7390.75,7384,7386.5
1782473400,7386.5,7390.75,7384.75,7385.75
1782474300,7385.75,7389,7377.75,7384.5
1782475200,7384.75,7401.25,7383,7398.25
1782476100,7398.5,7403.75,7390,7394.75
1782477000,7394.5,7397.25,7383.5,7384
1782477900,7384.25,7386.75,7380.25,7384
1782478800,7384,7385,7373.5,7377
1782479700,7376.75,7383,7364.75,7381
1782480600,7380.75,7388.25,7360,7384.25
1782481500,7384.5,7405.75,7371.25,7401.5
1782482400,7401.25,7428,7398.75,7425.5
1782483300,7425.75,7436.25,7418,7428.5
1782484200,7428.75,7433,7409.25,7415.25
1782485100,7415.25,7427.5,7411.75,7418
1782486000,7418,7428,7412.75,7414.25
1782486900,7414.5,7440.75,7409.5,7440.75
1782487800,7440.5,7459.5,7437.5,7456.5
1782488700,7456.5,7458.5,7435,7447.5
1782489600,7447.75,7449,7431.25,7434.75
1782490500,7434.75,7440.25,7420.75,7427.25
1782491400,7427.25,7441.5,7427.25,7433.75
1782492300,7433.75,7442.75,7432,7438.25
1782493200,7438.25,7452.25,7435,7444.5
1782494100,7444.5,7445.25,7431.25,7440.75
1782495000,7440.75,7447.75,7429.25,7436
1782495900,7436,7437.75,7427.75,7430
1782496800,7430.25,7439.5,7429.5,7434
1782497700,7434,7435.75,7420.25,7421.25
1782498600,7421.5,7429.75,7420.5,7420.75
1782499500,7420.75,7420.75,7405.25,7409
1782500400,7408.75,7421,7406.5,7420.5
1782501300,7420.5,7422.75,7411,7415
1782502200,7415.25,7426.75,7410.5,7426
1782503100,7426,7431.75,7368.75,7380.25
1782504000,7380,7413.5,7368.5,7412.25
1782504900,7412.5,7421,7410.25,7415.75
1782505800,7415.5,7416.75,7397.25,7399.75
1782506700,7400,7404.75,7395.25,7397.25
1782684000,7398,7437.75,7398,7435.25
1782684900,7435.25,7437.5,7427,7434.75
1782685800,7435,7438.5,7434.25,7437.75
1782686700,7437.75,7438.5,7434,7434.5
1782687600,7434.5,7448.5,7432.5,7446.25
1782688500,7446.5,7451.5,7444.25,7449.5
1782689400,7449.5,7453.5,7449.25,7452
1782690300,7452,7455.75,7447,7447.25
1782691200,7447.5,7447.5,7432.5,7436.25
1782692100,7436.25,7438.5,7422.75,7423
1782693000,7423.25,7436.25,7422.5,7435.5
1782693900,7434.75,7440.25,7423,7438.5
1782694800,7438.5,7440.75,7430.5,7436.75
1782695700,7437,7437.25,7427,7429.25
1782696600,7429.5,7443,7426.75,7440.5
1782697500,7440.25,7441.75,7434.75,7438.5
1782698400,7438.75,7439.75,7421.75,7422.75
1782699300,7422.5,7441,7420.75,7439.75
1782700200,7440,7443.75,7438,7441.5
1782701100,7441.75,7443,7440,7440.5
1782702000,7440.75,7450,7440.75,7444.5
1782702900,7444.5,7446.5,7443,7444.75
1782703800,7444.5,7446,7434,7436.75
1782704700,7436.75,7452.75,7436,7450.25
1782705600,7450.25,7450.5,7444.75,7445.25
1782706500,7445.25,7448,7441.5,7444.25
1782707400,7444.5,7446,7439.75,7441.5
1782708300,7441.75,7445.25,7440,7442
1782709200,7442.25,7445,7439,7444.5
1782710100,7444.75,7447.25,7440.5,7442.75
1782711000,7442.5,7453.75,7442,7453
1782711900,7453.25,7458.5,7450,7457.25
1782712800,7457,7457.75,7445.5,7447.75
1782713700,7447.75,7452.25,7446.75,7450.75
1782714600,7451,7454.75,7449.5,7451.75
1782715500,7451.75,7452,7444.25,7446.25
1782716400,7446.5,7446.75,7436.5,7442.75
1782717300,7442.75,7451.75,7442.75,7450.25
1782718200,7450.25,7453.25,7446.75,7450.75
1782719100,7450.5,7452.75,7448.25,7451.5
1782720000,7451.25,7459.75,7450.25,7458
1782720900,7457.75,7463.75,7455.25,7456.25
1782721800,7456.25,7461.75,7454,7455
1782722700,7454.75,7457.5,7450.75,7451.5
1782723600,7451.25,7454.75,7450.5,7453.75
1782724500,7453.5,7458.75,7452.25,7457.75
1782725400,7458,7459.25,7453.75,7455.5
1782726300,7455.25,7456.25,7447.5,7454.5
1782727200,7454.75,7461,7454.75,7456.75
1782728100,7456.75,7460.25,7452.5,7460
1782729000,7460.25,7465,7459.25,7461.75
1782729900,7461.75,7466.75,7455.75,7466
1782730800,7466,7470.5,7462.75,7463.25
1782731700,7463.25,7464.25,7458,7462
1782732600,7462,7473.75,7460.25,7464.5
1782733500,7464.5,7468.75,7462.5,7463.5
1782734400,7463.5,7467.75,7461.5,7466
1782735300,7466,7469.25,7464,7465.5
1782736200,7465.5,7467.75,7455.25,7459.25
1782737100,7459.25,7464,7457.5,7464
1782738000,7464,7468.25,7463,7467.5
1782738900,7467.5,7468.75,7455,7457
1782739800,7457.25,7483.5,7444.5,7483.5
1782740700,7483.5,7490,7453.75,7458.5
1782741600,7458.5,7460.75,7415.5,7415.5
1782742500,7415.5,7450.75,7409,7449.75
1782743400,7449.5,7467.75,7448,7459.75
1782744300,7459.75,7472.5,7447.75,7468
1782745200,7468,7469.5,7454.75,7464
1782746100,7464.25,7467.75,7453,7467
1782747000,7467,7474.75,7461.5,7474.25
1782747900,7474.5,7475.75,7467.5,7475
1782748800,7475.25,7481.75,7474.75,7475.5
1782749700,7475.25,7479,7473,7473.75
1782750600,7474,7476.25,7470,7475.5
1782751500,7475.5,7480,7472,7477.25
1782752400,7477.25,7492.75,7477.25,7490.5
1782753300,7490.5,7494.75,7485,7491.75
1782754200,7491.75,7496.75,7490,7493
1782755100,7493.25,7498.75,7491.25,7494
1782756000,7494,7498,7492.25,7495.75
1782756900,7495.75,7496.25,7491.25,7492
1782757800,7492.25,7500.75,7491.5,7499.75
1782758700,7500,7502,7495.5,7497
1782759600,7496.75,7499.25,7494.75,7495.5
1782760500,7495.25,7500.5,7493,7498
1782761400,7498,7498.75,7493.5,7495.5
1782762300,7495.25,7505,7491.5,7497
1782763200,7497,7499,7491.75,7497.5
1782764100,7497.5,7500,7496.5,7497.25
1782765000,7497.25,7497.5,7492.5,7493.75
1782765900,7493.75,7495.75,7491.25,7493.5
1782770400,7495.5,7497.5,7490.5,7494
1782771300,7494.25,7496.75,7493,7494.25
1782772200,7494.25,7497,7491.5,7495.75
1782773100,7495.75,7496,7493.25,7494.5
1782774000,7494.5,7498.75,7493.75,7496.25
1782774900,7496.5,7497.25,7495.25,7496.25
1782775800,7496,7498.5,7495,7496.25
1782776700,7496,7497,7491.75,7495.5
1782777600,7495.5,7501,7491.25,7499.5
1782778500,7499.25,7501,7489.25,7490.75
1782779400,7490.75,7491.5,7481.75,7484.75
1782780300,7484.75,7493,7483.75,7492.5
1782781200,7492.75,7494,7484,7486.25
1782782100,7486.25,7499,7484.75,7499
1782783000,7499,7501.5,7492,7497.5
1782783900,7497.25,7498.75,7493.5,7498.25
1782784800,7498.25,7498.5,7491.5,7492
1782785700,7492.25,7495.5,7488.25,7494
1782786600,7494,7496.25,7492,7492.5
1782787500,7492.5,7494.75,7490.75,7491.5
1782788400,7491.25,7494.75,7490.25,7493.25
1782789300,7493.25,7497.25,7493.25,7496.5
1782790200,7496.5,7504.5,7495.5,7503.75
1782791100,7503.75,7507,7501.5,7501.5
1782792000,7501.5,7508,7501.25,7506.75
1782792900,7506.75,7509,7505.75,7508.75
1782793800,7509,7513.25,7507.75,7513
1782794700,7513,7513.5,7510,7510.75
1782795600,7510.75,7515,7510.75,7512.75
1782796500,7512.5,7513.25,7508,7508.5
1782797400,7508.75,7509,7503.75,7506.5
1782798300,7506.75,7511,7506.25,7510.25
1782799200,7510.25,7511.5,7507.25,7508.5
1782800100,7508.5,7508.75,7502.75,7508
1782801000,7508,7508.5,7501.5,7503
1782801900,7502.75,7508.75,7502.25,7508.75
1782802800,7508.75,7512.75,7505.25,7506
1782803700,7505.75,7509.5,7504.5,7507.75
1782804600,7507.75,7510,7506.75,7507
1782805500,7507.25,7507.25,7501,7502
1782806400,7501.75,7508.75,7501.25,7502.75
1782807300,7502.75,7509,7499.5,7508.75
1782808200,7508.5,7510.25,7495,7498.5
1782809100,7498.75,7503,7494,7501.75
1782810000,7502,7504.5,7500.5,7503.75
1782810900,7503.75,7505.75,7502.5,7502.75
1782811800,7502.75,7505.5,7498.75,7504.75
1782812700,7504.5,7508.25,7504.5,7506
1782813600,7506.25,7508.75,7504,7507.25
1782814500,7506.75,7508.75,7506,7508.25
1782815400,7508.25,7509.25,7504.25,7507
1782816300,7507,7515,7505.5,7513.25
1782817200,7513,7517,7511.25,7516.5
1782818100,7516.75,7517.5,7509,7511.5
1782819000,7511.75,7515.25,7509.75,7514.25
1782819900,7514.25,7517.5,7510,7510.5
1782820800,7510.75,7511,7501.5,7502.75
1782821700,7502.5,7503.25,7495.75,7496
1782822600,7496,7500.75,7491.5,7499.5
1782823500,7499.5,7502,7496.25,7497
1782824400,7497,7499.5,7494.25,7496.5
1782825300,7496.5,7500.5,7492.25,7500
1782826200,7500,7510.5,7495.75,7506
1782827100,7506,7528,7503.5,7526.75
1782828000,7526.75,7532.75,7515.5,7523.75
1782828900,7523.5,7533.5,7520.5,7532.5
1782829800,7532.5,7541.75,7529,7535.75
1782830700,7535.5,7535.75,7516.75,7520.5
1782831600,7520.5,7536.75,7520,7535.75
1782832500,7535.5,7541.5,7531,7540.5
1782833400,7540.5,7542.75,7535.5,7537.75
1782834300,7537.75,7547.75,7537.75,7545.75
1782835200,7545.5,7552.25,7545.25,7550.5
1782836100,7550.5,7555.25,7549.5,7550.5
1782837000,7550.75,7553.75,7548.75,7553
1782837900,7553.25,7558.25,7552.25,7555.75
1782838800,7555.75,7559.25,7553.25,7553.75
1782839700,7553.5,7556.25,7550.75,7552.25
1782840600,7552.5,7554,7548.5,7553.5
1782841500,7553.5,7554,7550.25,7552
1782842400,7552.25,7556,7550.5,7555
1782843300,7555.25,7558.25,7554.25,7555.25
1782844200,7555.5,7558.25,7553.25,7557.25
1782845100,7557,7561.75,7555.75,7558.75
1782846000,7558.75,7565,7558.25,7564.5
1782846900,7564.5,7567.75,7560.25,7561.5
1782847800,7561.5,7562,7554.25,7558
1782848700,7558,7564,7544.5,7544.75
1782849600,7545,7553.25,7540.75,7545.25
1782850500,7545.25,7547,7541,7542.5
1782851400,7542.75,7543.75,7540.5,7540.75
1782852300,7540.5,7543,7538.5,7542
1782856800,7543.25,7547.25,7540.5,7546.5
1782857700,7546.5,7550.75,7546.25,7550.25
1782858600,7550,7550,7546.5,7547.5
1782859500,7547.25,7547.5,7541.75,7543.25
1782860400,7543.5,7545.75,7542,7543.75
1782861300,7543.5,7546.5,7542.5,7544.25
1782862200,7544,7546.75,7543.75,7544.75
1782863100,7545,7547,7542,7544.75
1782864000,7545,7547.5,7543.25,7544.25
1782864900,7544.5,7546,7541.75,7545.25
1782865800,7545.5,7548.75,7545.25,7547.5
1782866700,7547.5,7549.25,7544.75,7545
1782867600,7545,7545.75,7534.75,7539.5
1782868500,7539.5,7540.75,7534.5,7536.75
1782869400,7536.75,7538.75,7534,7535.25
1782870300,7535.25,7536.25,7531.75,7532.5
1782871200,7532.75,7533.25,7522,7524
1782872100,7523.75,7528,7517.5,7528
1782873000,7528,7531,7526,7530.25
1782873900,7530.5,7530.5,7527,7529
1782874800,7529,7533.25,7528.5,7532.75
1782875700,7532.5,7533.25,7526.75,7527.5
1782876600,7527.75,7532,7526.25,7529.5
1782877500,7529.25,7534,7529.25,7532.5
1782878400,7532.5,7532.75,7527.75,7528
1782879300,7528,7531,7527.25,7530
1782880200,7530,7531.75,7527.5,7531
1782881100,7530.75,7534.75,7529.5,7530.5
1782882000,7530.25,7532.75,7528.75,7530.25
1782882900,7530.25,7531.25,7527.5,7528.5
1782883800,7528.25,7530.25,7526.25,7528.5
1782884700,7528.25,7530,7526,7527.5
1782885600,7527.25,7530,7524.75,7526.75
1782886500,7526.5,7527.75,7521.75,7525.75
1782887400,7525.75,7527.25,7524.5,7526.75
1782888300,7526.75,7529,7522.75,7524.25
1782889200,7524.5,7525.25,7514,7515.5
1782890100,7515.5,7520.25,7510.5,7518.5
1782891000,7518.75,7522,7517.5,7519.5
1782891900,7519.5,7524.25,7518,7523
1782892800,7522.75,7525.25,7519.25,7524.25
1782893700,7524,7526.5,7522.75,7523.75
1782894600,7523.75,7528.25,7522,7527.75
1782895500,7527.5,7529.25,7525,7529
1782896400,7528.75,7528.75,7522,7525.75
1782897300,7525.5,7526.75,7523.25,7525.75
1782898200,7525.75,7527.75,7524.75,7527
1782899100,7527.25,7531.25,7527.25,7531
1782900000,7531,7532,7526.25,7528.25
1782900900,7528.5,7535.25,7528.5,7534.75
1782901800,7534.75,7536.75,7531.25,7534.25
1782902700,7534.25,7537.5,7533.5,7536.25
1782903600,7536,7539.75,7535.75,7537.5
1782904500,7537.5,7539,7535.5,7536
1782905400,7536,7536.25,7531.75,7535.25
1782906300,7535.5,7536.25,7530,7530.75
1782907200,7531,7533.75,7527.25,7532.5
1782908100,7532.75,7538.25,7532.75,7535.75
1782909000,7535.75,7538.75,7524.75,7528
1782909900,7528,7532,7525.75,7528.5
1782910800,7528.5,7534.75,7524,7527.5
1782911700,7527.25,7540,7527,7532
1782912600,7532.25,7534,7505.75,7515
1782913500,7515,7536.75,7511.25,7536.25
1782914400,7536.75,7552.25,7533,7549.75
1782915300,7549.75,7553.75,7546.75,7551.75
1782916200,7551.75,7554.5,7543.25,7549.75
1782917100,7549.75,7554,7540.25,7553.5
1782918000,7553.5,7564.75,7552.5,7564.5
1782918900,7564.25,7578,7564,7577.5
1782919800,7577.5,7578.5,7567.5,7572.75
1782920700,7572.5,7573.75,7568,7572.5
1782921600,7572.5,7576,7571,7575.75
1782922500,7575.5,7579,7573,7574.5
1782923400,7574.5,7576.75,7567.25,7570.5
1782924300,7570.5,7572.75,7557.5,7559.75
1782925200,7559.75,7563.75,7554.75,7562.5
1782926100,7562.75,7568.5,7561.75,7564
1782927000,7564,7566.25,7559.25,7559.25
1782927900,7559.5,7562,7556.25,7556.75
1782928800,7556.75,7561.5,7555.5,7555.5
1782929700,7555.5,7560.25,7551.5,7556
1782930600,7556,7558.5,7554.75,7556.5
1782931500,7556.5,7557,7549.25,7553.5
1782932400,7553.5,7561.75,7552.75,7558.5
1782933300,7558.25,7560.75,7553.5,7553.75
1782934200,7553.75,7557.5,7548.5,7550.5
1782935100,7550.5,7552.5,7536.5,7542
1782936000,7542,7543,7529,7535.25
1782936900,7535,7535.5,7531.25,7532.25
1782937800,7532.25,7533,7525.75,7530.5
1782938700,7530.5,7534,7528.75,7532.75
1782943200,7536,7538.75,7531.75,7532
1782944100,7532,7538.75,7532,7538
1782945000,7537.75,7540,7537.25,7538.75
1782945900,7539,7541,7535.75,7540
1782946800,7540.25,7540.5,7535.75,7536.25
1782947700,7536.5,7537.5,7535.5,7537.25
1782948600,7537.75,7538,7534.25,7537.5
1782949500,7537.5,7537.5,7529,7534.75
1782950400,7534.75,7534.75,7522.75,7529
1782951300,7529.25,7536.75,7526.75,7536.5
1782952200,7536.5,7538.75,7529.75,7530.5
1782953100,7530.25,7541.75,7529.5,7541
1782954000,7541.25,7549.5,7540,7549.5
1782954900,7549.25,7550.75,7546.25,7550
1782955800,7550,7555,7549.5,7554
1782956700,7553.75,7556.25,7552,7552.75
1782957600,7552.75,7557,7551.25,7556.75
1782958500,7557,7558,7553.5,7554.5
1782959400,7554.75,7556.75,7553.25,7556
1782960300,7556,7557.75,7555.25,7557
1782961200,7557.25,7558,7552.25,7554.25
1782962100,7554,7554.75,7549.75,7552
1782963000,7552.25,7557.25,7551.25,7553
1782963900,7552.75,7556.25,7551,7554.5
1782964800,7554.75,7556,7549,7549.25
1782965700,7549.25,7551,7547,7549.75
1782966600,7549.75,7549.75,7542.25,7542.5
1782967500,7542.5,7549.5,7541.25,7548.25
1782968400,7548.5,7553.5,7546,7552.5
1782969300,7552.25,7555,7549.5,7549.75
1782970200,7550,7550,7541.75,7542.75
1782971100,7543,7544.75,7541.25,7542.75
1782972000,7542.75,7544.5,7533.5,7533.75
1782972900,7533.5,7538.25,7533.25,7534
1782973800,7534,7540,7533.75,7535.5
1782974700,7535.75,7536,7526.25,7530.5
1782975600,7530.5,7532.25,7520.25,7521
1782976500,7521.25,7525.75,7520.25,7525
1782977400,7525,7536.75,7524.5,7536
1782978300,7535.75,7536.25,7530.5,7531
1782979200,7531,7534.25,7522.5,7524.5
1782980100,7524.75,7538,7524,7536
1782981000,7535.75,7543,7534.75,7539.5
1782981900,7539.5,7545,7538.75,7542.25
1782982800,7542.25,7542.5,7534.5,7537.25
1782983700,7537.25,7538.25,7535,7537.75
1782984600,7537.75,7542.25,7537.25,7540.75
1782985500,7540.5,7540.5,7536,7537.25
1782986400,7537.25,7537.25,7531.75,7534
1782987300,7534,7538.5,7533.25,7537.5
1782988200,7537.75,7543.75,7537.5,7541.5
1782989100,7541.75,7544.25,7539.25,7543
1782990000,7543,7544.25,7538.5,7543
1782990900,7543,7544.25,7539.25,7543
1782991800,7543,7547.75,7541.75,7547.25
1782992700,7547.25,7549.5,7543.5,7543.5
1782993600,7543.5,7552,7541,7550.5
1782994500,7550.75,7557,7549.5,7555.5
1782995400,7556.75,7576.75,7555.25,7570
1782996300,7569.75,7573.75,7557.5,7561.75
1782997200,7561.75,7565.5,7552.5,7554.5
1782998100,7554.5,7561.5,7552.5,7555
1782999000,7555.25,7583.5,7551.5,7578.5
1782999900,7578.5,7593.75,7576,7588.75
1783000800,7588.75,7593.5,7577.5,7591
1783001700,7591,7593,7556.5,7559.75
1783002600,7559.75,7574.25,7543.75,7549.25
1783003500,7549.25,7557.75,7540.25,7557.25
1783004400,7557.25,7559,7522.5,7541.25
1783005300,7541.25,7544.5,7524,7529.25
1783006200,7529,7547.5,7528,7533.25
1783007100,7533.25,7537.75,7520.75,7526.75
1783008000,7527,7529.5,7517,7525
1783008900,7525.25,7526.5,7513.75,7515.75
1783009800,7515.75,7516,7501.25,7512.25
1783010700,7512.25,7513.5,7498,7501.5
1783011600,7501.5,7503,7483.25,7497.5
1783012500,7497.25,7501.75,7491.25,7495
1783013400,7495,7500.75,7483.5,7490.75
1783014300,7490.75,7491,7479.5,7482
1783015200,7482.25,7508.75,7480,7501.75
1783016100,7501.75,7506.75,7493.5,7506.5
1783017000,7506.5,7513,7505.75,7510.5
1783017900,7510.25,7514.75,7505,7509
1783018800,7509.25,7510.75,7491.75,7499.5
1783019700,7499.75,7505.5,7493.5,7502.5
1783020600,7502.5,7513,7500.5,7511.75
1783021500,7511.75,7534,7508.75,7526.25
1783022400,7526.25,7527.25,7517.75,7524.25
1783023300,7524.25,7525.25,7520,7520.75
1783024200,7521.25,7524.75,7519.25,7519.5
1783025100,7519.75,7524.5,7519.25,7523
1783029600,7523.75,7529.25,7523.75,7528.5
1783030500,7528.75,7531.5,7528.5,7529
1783031400,7529,7535.5,7527.25,7535
1783032300,7535.25,7536,7532.75,7535.5
1783033200,7535.25,7536,7529.25,7529.75
1783034100,7529.75,7537,7529.5,7536
1783035000,7536.25,7537.75,7533.25,7533.25
1783035900,7533.5,7537.25,7532.75,7536.25
1783036800,7536,7540.25,7527.25,7537
1783037700,7536.75,7537.75,7530,7531.25
1783038600,7531,7537,7527.5,7531.25
1783039500,7531.25,7533.25,7527.75,7529.75
1783040400,7530.25,7550.25,7529.5,7547.5
1783041300,7547.5,7550,7544.75,7547.75
1783042200,7547.75,7550.75,7546,7550
1783043100,7550,7550.75,7547.75,7549.25
1783044000,7549.5,7553,7548.75,7549
1783044900,7549.25,7552.75,7548.75,7552.5
1783045800,7552.25,7552.75,7548.25,7550
1783046700,7550,7553.25,7550,7552.75
1783047600,7552.5,7552.75,7549.75,7551.75
1783048500,7551.75,7554,7551.25,7554
1783049400,7554.25,7555.25,7548.25,7548.5
1783050300,7548.5,7554.25,7548,7554
1783051200,7554.25,7555.25,7553.25,7554.75
1783052100,7554.75,7556,7554.25,7555.75
1783053000,7555.75,7556.75,7553.75,7556
1783053900,7556.25,7557.25,7554.25,7554.75
1783054800,7554.75,7555.5,7550.5,7552.75
1783055700,7552.75,7553.25,7550.5,7553
1783056600,7552.5,7555.75,7551.75,7552
1783057500,7552.25,7555,7551.5,7554.5
1783058400,7554.5,7561.5,7553.75,7559.25
1783059300,7559.25,7560,7556,7558.25
1783060200,7558.5,7565.25,7557.5,7563.25
1783061100,7563,7563.25,7558,7558.25
1783062000,7558.25,7560.75,7556.75,7557.25
1783062900,7557.25,7558.25,7555.25,7556.75
1783063800,7556.75,7557.5,7553,7553.25
1783064700,7553.25,7554.25,7551.5,7552
1783065600,7552,7553.5,7550.25,7551.5
1783066500,7551.25,7552.5,7549.5,7550.5
1783067400,7550.25,7553,7548.75,7552
1783068300,7552,7552,7546.5,7547.5
1783069200,7547.25,7551,7545.75,7550.75
1783070100,7550.75,7552.25,7549.5,7550.75
1783071000,7551,7553.25,7549.25,7552.25
1783071900,7552,7553,7548.25,7548.75
1783072800,7548.5,7551.25,7547,7550.5
1783073700,7550.5,7552,7549,7551.25
1783074600,7551.25,7553.75,7551,7553.5
1783075500,7553.5,7554,7551.25,7552
1783076400,7551.75,7551.75,7548.25,7549.25
1783077300,7549.5,7550,7546.5,7547.75
1783078200,7547.75,7549.75,7547,7548.5
1783079100,7548.75,7552.75,7548.5,7552.5
1783080000,7552.5,7556.5,7550.75,7551.25
1783080900,7551,7552,7549,7550.75
1783081800,7551,7552.75,7550.25,7551.5
1783082700,7551.25,7553,7551.25,7552.75
1783083600,7552.75,7554.5,7551,7551.5
1783084500,7551.75,7555.5,7551.5,7554.75
1783085400,7554.75,7559.25,7552.25,7552.75
1783086300,7553,7554.75,7549.25,7554.25
1783087200,7554.25,7554.75,7550.5,7551
1783088100,7551,7556,7551,7554.5
1783089000,7554.75,7561.75,7554.25,7558.5
1783089900,7558.5,7561.5,7557.75,7560.25
1783090800,7560.25,7560.5,7557.25,7558.25
1783091700,7558.25,7560.5,7555.25,7555.25
1783092600,7555.25,7558.25,7554.25,7557.75
1783093500,7557.75,7560.25,7557.5,7559
1783094400,7559,7559,7556.75,7557
1783095300,7557,7558.75,7554.25,7554.75
1783096200,7555,7559,7553.25,7558.75
1783097100,7558.5,7559,7555,7557
1783288800,7562.25,7568.75,7551.5,7557.25
1783289700,7557.5,7562.5,7556,7561.5
1783290600,7561.5,7566,7561.5,7565.5
1783291500,7565.5,7567.75,7562,7563
1783292400,7562.75,7568.75,7560.75,7568
1783293300,7568,7569,7564.75,7565.25
1783294200,7565.25,7568.75,7564.25,7565.5
1783295100,7565.25,7570.75,7564,7569.75
1783296000,7570,7570.5,7559.75,7570
1783296900,7569.75,7574.25,7559.5,7560
1783297800,7559.75,7567.5,7557.25,7566.25
1783298700,7566.25,7570.5,7564.25,7566
1783299600,7565.5,7566.25,7560,7563
1783300500,7563,7564.5,7552.75,7556.25
1783301400,7556.5,7561.5,7556.25,7557.5
1783302300,7557,7557,7549.75,7553.5
1783303200,7553.5,7555.75,7548.25,7548.75
1783304100,7549,7550.75,7546.5,7547
1783305000,7547.25,7548,7541,7541.75
1783305900,7541.75,7545.25,7540.5,7544.25
1783306800,7544.25,7547,7541.5,7544.25
1783307700,7544.5,7546,7542.75,7546
1783308600,7546,7548,7541.75,7542
1783309500,7541.75,7543,7538.25,7542.25
1783310400,7542,7546.75,7539.75,7546.5
1783311300,7546.75,7548.5,7545.5,7547.75
1783312200,7547.75,7551.5,7547,7550.75
1783313100,7550.75,7552.75,7549.5,7552.25
1783314000,7552.5,7554.25,7549.25,7552.75
1783314900,7552.75,7554.5,7548.5,7548.75
1783315800,7549,7552,7545,7550.5
1783316700,7550.5,7552.5,7548.25,7550
1783317600,7550,7552,7546.25,7546.75
1783318500,7546.75,7552,7546.5,7551
1783319400,7550.75,7555.75,7550.25,7554.75
1783320300,7554.75,7555,7552.5,7554.5
1783321200,7554.25,7557.75,7552.5,7556.25
1783322100,7556.5,7559,7554.75,7555.25
1783323000,7555.5,7563,7554.75,7562.5
1783323900,7562.5,7563.5,7561.25,7563
1783324800,7563,7566.75,7558.75,7560.5
1783325700,7560.5,7562.75,7556.25,7562.25
1783326600,7562,7562.5,7558,7561.25
1783327500,7561.75,7563.5,7559.75,7562.75
1783328400,7562.75,7563,7558.75,7560
1783329300,7560,7562.75,7559,7562.25
1783330200,7562.25,7562.5,7559,7560.25
1783331100,7560.25,7565.5,7557.25,7565
1783332000,7565,7566.5,7560.5,7564.75
1783332900,7564.75,7566,7562.25,7562.75
1783333800,7562.75,7565.75,7560.75,7560.75
1783334700,7560.75,7563,7559.25,7563
1783335600,7563,7565.25,7558.25,7560
1783336500,7560.25,7563,7559.25,7560
1783337400,7560,7562.5,7559.5,7561
1783338300,7561,7563,7556.25,7556.5
1783339200,7556.5,7563.25,7555.5,7562.5
1783340100,7562.75,7564.5,7556,7558.25
1783341000,7558.5,7563.5,7556.5,7559
1783341900,7559,7562.75,7559,7562.75
1783342800,7562.75,7563.5,7555,7555.25
1783343700,7555.5,7564.75,7551.75,7564.75
1783344600,7564.75,7573,7552.5,7565
1783345500,7565,7574,7560.75,7564
1783346400,7564.25,7573.5,7558.5,7573
1783347300,7572.75,7579,7568.5,7578.75
1783348200,7578.5,7581,7570,7576
1783349100,7575.75,7582.25,7574,7582
1783350000,7582.25,7583.5,7577.5,7580.5
1783350900,7580.75,7587.25,7575.25,7587
1783351800,7587,7589,7582.75,7587.5
1783352700,7587.5,7589,7585.25,7587.5
1783353600,7587.5,7590.25,7585.5,7588.75
1783354500,7588.75,7590.5,7584.75,7585.5
1783355400,7585.75,7586.75,7583,7586.5
1783356300,7586.25,7590.25,7582.75,7583.75
1783357200,7583.75,7594.75,7583.25,7592.75
1783358100,7592.75,7593.75,7585.25,7586
1783359000,7586,7586.75,7575.25,7579.5
1783359900,7579.5,7584.25,7577.25,7580
1783360800,7580,7590,7580,7589
1783361700,7589,7595,7589,7592
1783362600,7592,7594,7588.75,7591.25
1783363500,7591.25,7599,7590.75,7598.25
1783364400,7598.25,7600,7595,7596.25
1783365300,7596.25,7602.5,7595,7600.75
1783366200,7600.75,7601,7595.5,7598.5
1783367100,7598.5,7600.5,7587.75,7593.5
1783368000,7593.75,7597.5,7591.25,7596.5
1783368900,7596.25,7598.25,7594,7595.5
1783369800,7595.75,7597,7595,7596.5
1783370700,7596.75,7598.75,7594,7596.75
1783375200,7597,7599.75,7596,7599.25
1783376100,7599.5,7601.25,7598.5,7598.75
1783377000,7598.75,7601,7597.5,7599
1783377900,7598.75,7598.75,7592.5,7594
1783378800,7593.75,7598,7593.5,7596
1783379700,7595.5,7595.5,7591.75,7593
1783380600,7593,7593.75,7590,7590.25
1783381500,7590.25,7590.25,7584.25,7585.75
1783382400,7585.5,7590.5,7583.25,7586
1783383300,7586.25,7595,7585.25,7590.25
1783384200,7590.25,7591,7583.5,7587
1783385100,7587,7589.5,7584.75,7585
1783386000,7585.25,7587.25,7583.75,7585
1783386900,7585,7586,7580.75,7581.75
1783387800,7581.75,7586,7579.25,7586
1783388700,7586,7589,7582.75,7583.25
1783389600,7583.5,7587.25,7582.25,7586
1783390500,7586,7587,7582.25,7582.5
1783391400,7582.25,7583.25,7579.75,7582.5
1783392300,7582.25,7582.25,7578.75,7579
1783393200,7579.25,7583.25,7578.75,7580
1783394100,7579.75,7580.25,7574.75,7575.25
1783395000,7575.25,7577,7573.25,7574.5
1783395900,7574.5,7574.75,7570.75,7574
1783396800,7574.25,7575,7571.5,7571.75
1783397700,7571.75,7572.25,7569.25,7571.25
1783398600,7571.5,7573,7567.5,7568.75
1783399500,7568.75,7569.25,7566.5,7568.5
1783400400,7568.75,7568.75,7564.75,7565.25
1783401300,7565.25,7566.5,7563,7566
1783402200,7566,7572.25,7566,7570.75
1783403100,7571,7575,7568.75,7573.5
1783404000,7573.25,7574.5,7567,7567.75
1783404900,7567.75,7572,7567.5,7570.75
1783405800,7570.75,7573.5,7569,7573.5
1783406700,7573.25,7574.5,7570.5,7573.5
1783407600,7573.75,7577.75,7571.25,7576.5
1783408500,7576.5,7580,7576.25,7579.25
1783409400,7579,7579.5,7576.75,7577
1783410300,7577,7578,7571.75,7572.25
1783411200,7572.25,7578.5,7571.25,7578
1783412100,7577.75,7581.75,7577.25,7581.75
1783413000,7581.75,7582.75,7579.75,7581
1783413900,7581,7582.25,7578.25,7578.75
1783414800,7578.75,7582.75,7576.25,7582.25
1783415700,7582.5,7583.5,7580,7580.25
1783416600,7580.25,7582.5,7578,7581.5
1783417500,7581.75,7582.75,7579.75,7581.75
1783418400,7582,7584.5,7578.25,7579.25
1783419300,7579.25,7583.25,7579,7581.5
1783420200,7581.25,7581.25,7578.25,7578.75
1783421100,7579,7579.75,7573.25,7577.5
1783422000,7577.5,7578,7572,7574
1783422900,7573.75,7578.25,7573.75,7575.75
1783423800,7575.75,7575.75,7572.5,7575.25
1783424700,7575.25,7579.5,7573.5,7579
1783425600,7579,7585.75,7578,7583.5
1783426500,7583.5,7584.25,7578.75,7583.5
1783427400,7583.5,7587,7580.75,7585.5
1783428300,7585.5,7586.25,7578.75,7580.75
1783429200,7580.75,7581.5,7575.75,7580.75
1783430100,7580.75,7583.25,7578.25,7580.75
1783431000,7580.75,7587.5,7569,7580
1783431900,7580,7580.75,7560.5,7566.25
1783432800,7566.25,7570,7547.5,7548
1783433700,7548,7555.25,7538.5,7544.5
1783434600,7544.5,7547.75,7529.5,7535
1783435500,7535,7546.5,7534,7542.25
1783436400,7542,7544.5,7536.5,7538
1783437300,7537.75,7541,7534.5,7540.5
1783438200,7540.75,7541.5,7531.25,7541.25
1783439100,7541.25,7551.25,7541,7551
1783440000,7551,7559,7549.75,7557.75
1783440900,7558,7567.25,7555.75,7565
1783441800,7565.25,7567.5,7559.75,7566
1783442700,7566.25,7568.75,7562.75,7567.5
1783443600,7567.25,7571.25,7565,7565.75
1783444500,7565.75,7569.25,7561.75,7566.25
1783445400,7566.25,7570.25,7565.75,7568.75
1783446300,7568.75,7569.25,7564,7569.25
1783447200,7569.25,7570.25,7565.5,7567.25
1783448100,7567.25,7570.5,7566,7567.5
1783449000,7567.25,7568.25,7561.5,7564.75
1783449900,7564.75,7566,7551.5,7552.5
1783450800,7552.5,7554.5,7542.25,7544.75
1783451700,7545,7548.25,7537,7544.25
1783452600,7544,7550,7541.25,7542.75
1783453500,7543,7556.75,7542.5,7553
1783454400,7553,7554.5,7549.25,7552
1783455300,7552.25,7552.5,7546.5,7550.75
1783456200,7550.75,7553,7550.25,7551.75
1783457100,7552,7553,7550.75,7551.75
1783461600,7545,7547.5,7537.5,7545.75
1783462500,7545.75,7547.75,7544.5,7546.75
1783463400,7546.5,7548.5,7545,7545.5
1783464300,7545.5,7549,7544.25,7547.5
1783465200,7547.25,7549.25,7544.5,7547.25
1783466100,7547.25,7553.25,7547,7551.75
1783467000,7551.75,7552.75,7543.75,7544.25
1783467900,7544.5,7546.5,7538,7539
1783468800,7538.75,7549.5,7533.25,7547.75
1783469700,7547.5,7556,7545.25,7552.5
1783470600,7552.25,7559.75,7548,7559
1783471500,7559.25,7562,7557.25,7561.75
1783472400,7561.75,7563,7556.5,7562.5
1783473300,7562.5,7562.75,7555.5,7556.5
1783474200,7556.75,7558,7550.5,7554.25
1783475100,7554,7558.25,7551.75,7553
1783476000,7553.25,7553.75,7547.25,7548
1783476900,7548,7553.25,7546.5,7548.75
1783477800,7548.75,7552.25,7546.25,7552.25
1783478700,7552.5,7555,7551.5,7553
1783479600,7553.25,7557.75,7553.25,7556.75
1783480500,7556.5,7560.25,7555,7559.75
1783481400,7559.75,7561.5,7555.25,7555.5
1783482300,7555.75,7556.75,7554,7554.5
1783483200,7554.5,7555,7550.75,7552.25
1783484100,7552.25,7556.25,7551,7553.75
1783485000,7554,7554.25,7548.75,7551.25
1783485900,7551.25,7553,7547,7551.25
1783486800,7551.5,7554.75,7549.75,7550.5
1783487700,7550.75,7553.25,7547,7548
1783488600,7548.25,7548.25,7542.75,7544.25
1783489500,7544.25,7545.5,7538.75,7543.5
1783490400,7543.75,7544.25,7539.75,7541.5
1783491300,7541.5,7545,7539,7540
1783492200,7540,7541.25,7533.75,7534
1783493100,7534,7541.5,7532.75,7539.25
1783494000,7539.25,7540.25,7532,7535.5
1783494900,7535.5,7541.75,7532.5,7541.5
1783495800,7541.5,7548,7540,7544.75
1783496700,7545,7545.5,7540.5,7541.5
1783497600,7541.5,7546.75,7536.5,7545.75
1783498500,7545.75,7546.5,7496.5,7497.25
1783499400,7497,7498.75,7477.5,7486.5
1783500300,7486.75,7494.5,7479,7480.75
1783501200,7480.75,7483.5,7468.5,7468.75
1783502100,7468.75,7477.5,7468.75,7474.75
1783503000,7474.5,7483.75,7473.5,7479.25
1783503900,7479.25,7480.25,7473,7474.5
1783504800,7474.75,7478,7469,7473.25
1783505700,7473.5,7481.5,7470.5,7481
1783506600,7480.75,7488.75,7477.25,7487.75
1783507500,7487.75,7490.5,7484.75,7485.75
1783508400,7485.5,7489,7481,7485
1783509300,7485,7487,7479.5,7482.75
1783510200,7482.75,7506.5,7480.5,7498
1783511100,7498,7504.5,7493.5,7498.5
1783512000,7498.5,7512,7492.5,7508
1783512900,7508,7512.75,7504.25,7512.25
1783513800,7512.25,7515,7507.75,7512
1783514700,7512,7519,7504.5,7505.25
1783515600,7505.5,7515.75,7504.75,7513.75
1783516500,7513.75,7514.5,7503.75,7507
1783517400,7507,7523.25,7501.75,7518.75
1783518300,7518.75,7524.75,7507.25,7515.75
1783519200,7515.75,7522.5,7505.75,7507.75
1783520100,7507.5,7520.75,7501.75,7506
1783521000,7506,7512,7494.75,7499.25
1783521900,7499.5,7503.25,7484,7493.25
1783522800,7493.5,7495.25,7484.5,7485.75
1783523700,7486,7490.75,7470,7474.25
1783524600,7474.25,7487.5,7469.5,7482.25
1783525500,7482,7485,7475,7481
1783526400,7481,7498.5,7480.75,7497.5
1783527300,7497.75,7510,7494.5,7506
1783528200,7506,7517.5,7499.5,7514.5
1783529100,7514.5,7522.75,7510.75,7522
1783530000,7522,7523,7514.5,7518.25
1783530900,7518,7533,7518,7532.75
1783531800,7532.75,7536.5,7523.5,7525
1783532700,7525,7525,7514.5,7519.5
1783533600,7519.25,7530,7515.5,7528
1783534500,7528,7529.25,7521.5,7521.75
1783535400,7521.5,7528,7517.75,7525.5
1783536300,7525.5,7530.5,7522.75,7528.25
1783537200,7528.5,7532.5,7522.5,7523.75
1783538100,7523.5,7528.5,7521.75,7526.75
1783539000,7526.75,7528.5,7523,7527.75
1783539900,7528,7536.5,7518.25,7526.75
1783540800,7526.5,7529.5,7518.5,7523.75
1783541700,7523.75,7524,7516.5,7517.75
1783542600,7517.75,7518.75,7508,7514.75
1783543500,7514.75,7518.75,7512,7515.5
1783548000,7517.25,7523,7516.75,7520.5
1783548900,7520.5,7522.75,7517,7519
1783549800,7519.5,7523.25,7516.75,7516.75
1783550700,7517,7519.5,7516.25,7519
1783551600,7519,7522.75,7518.75,7522.25
1783552500,7522,7522.25,7516.25,7520.25
1783553400,7520,7525.25,7517.75,7524.25
1783554300,7524.25,7528.25,7523.25,7527
1783555200,7527,7534,7525.75,7533.25
1783556100,7533.25,7534.25,7527,7533.5
1783557000,7533.5,7537,7531,7531.75
1783557900,7531.5,7536.25,7528.75,7532.25
1783558800,7532.25,7535.5,7527.75,7532.75
1783559700,7533,7537.5,7531,7533.75
1783560600,7534,7536.5,7531.5,7536
1783561500,7536,7538,7528.5,7530.25
1783562400,7530.25,7539,7527,7538.5
1783563300,7538.5,7543.5,7536.75,7539.25
1783564200,7539.25,7541,7531.5,7531.5
1783565100,7531.75,7532.5,7527,7528.5
1783566000,7528.75,7530.5,7525.5,7527.75
1783566900,7527.75,7535.25,7525,7535
1783567800,7535.25,7539.5,7534.25,7539.5
1783568700,7539.5,7540,7537.25,7539
1783569600,7539,7540.75,7537.75,7538
1783570500,7538.25,7540.75,7535,7536.25
1783571400,7536.5,7544,7536.5,7543.5
1783572300,7543.5,7547,7541.75,7546
1783573200,7546,7554,7540.75,7549
1783574100,7549.25,7550.5,7540.5,7541.25
1783575000,7541.5,7545,7536,7545
1783575900,7545,7552.75,7544.25,7552.5
1783576800,7552.25,7553.5,7547,7550.25
1783577700,7550,7553.5,7549.75,7551.5
1783578600,7551.5,7552.25,7548.25,7551.75
1783579500,7551.75,7551.75,7548,7549.75
1783580400,7549.75,7553.5,7548,7553
1783581300,7553.25,7554.25,7549.25,7551.5
1783582200,7551.75,7556.75,7549.25,7556.5
1783583100,7556.5,7557.75,7551.25,7553.5
1783584000,7553.5,7558,7551.5,7553
1783584900,7552.75,7557.25,7550.25,7553.25
1783585800,7553,7553.75,7545.75,7547.25
1783586700,7547.25,7547.75,7542,7545.75
1783587600,7545.5,7546.5,7541.25,7542.5
1783588500,7542.75,7543.75,7540.5,7542.25
1783589400,7542.25,7543.25,7533.25,7536.75
1783590300,7536.5,7542,7536.5,7541.75
1783591200,7541.75,7542.75,7539.25,7541.75
1783592100,7541.75,7544,7539,7540.5
1783593000,7540.25,7541.5,7536.5,7539.75
1783593900,7540,7541,7526.75,7534.5
1783594800,7534.5,7539,7531,7537.25
1783595700,7537.25,7540,7534.5,7538.5
1783596600,7538.5,7541.75,7536.25,7541
1783597500,7541,7546.5,7540,7543.25
1783598400,7543.25,7550,7542.25,7546.25
1783599300,7546.5,7550.75,7545,7550.5
1783600200,7550.25,7554.5,7547.5,7547.75
1783601100,7547.75,7548,7543.25,7544.5
1783602000,7544.75,7548.5,7544.25,7547.25
1783602900,7547.5,7550.5,7544.5,7546.75
1783603800,7546.75,7559.25,7530.25,7558
1783604700,7558,7566.5,7551.5,7561.25
1783605600,7561.25,7564.5,7546.25,7549.25
1783606500,7549.5,7555.75,7529.5,7552.75
1783607400,7552.75,7559,7544.75,7553
1783608300,7553.25,7563.75,7546.75,7562
1783609200,7562,7570.75,7560.5,7566.75
1783610100,7566.75,7575,7564.5,7572.75
1783611000,7573,7577.75,7569.75,7576.25
1783611900,7576.5,7578,7573.25,7573.75
1783612800,7573.75,7581.25,7573.75,7580.75
1783613700,7580.75,7583.5,7579.25,7581.5
1783614600,7581.75,7584.25,7578.5,7582
1783615500,7582.25,7582.75,7577.5,7579.5
1783616400,7579.75,7589.5,7579.5,7587.25
1783617300,7587.5,7593.5,7587.25,7593.25
1783618200,7593.25,7594.25,7590,7592.5
1783619100,7592.5,7595,7588,7591.5
1783620000,7591.25,7593.75,7589.5,7592.5
1783620900,7592.5,7594,7587.25,7589.5
1783621800,7589.5,7590.75,7585.25,7587.75
1783622700,7587.5,7588,7583,7585
1783623600,7585.25,7585.5,7581,7583.25
1783624500,7583.5,7588.5,7582.75,7585
1783625400,7585,7589,7583.5,7588
1783626300,7588,7591,7582.5,7590.75
1783627200,7590.25,7592,7585.75,7590.75
1783628100,7590.75,7591.75,7586,7587
1783629000,7586.75,7590,7586.5,7587.5
1783629900,7587.75,7588,7584.75,7586.25
1783634400,7587.25,7589,7584.25,7584.75
1783635300,7585.25,7586.75,7583.75,7584.75
1783636200,7584.5,7586.25,7584,7585.75
1783637100,7586,7587.25,7585.25,7586.75
1783638000,7586.75,7589.75,7585,7589.25
1783638900,7589.5,7591.75,7588,7591.25
1783639800,7591.5,7591.75,7589.25,7589.75
1783640700,7589.75,7591.5,7586.75,7588.5
1783641600,7588.5,7589.5,7580.5,7583.5
1783642500,7583.5,7584.5,7577.5,7579.5
1783643400,7579.75,7580.25,7575.75,7577
1783644300,7577,7580.75,7574.5,7580.75
1783645200,7580.75,7581.25,7576,7577.75
1783646100,7577.5,7580,7577,7579.5
1783647000,7579.25,7581.75,7577.5,7579.5
1783647900,7579.5,7583.75,7579,7580.25
1783648800,7580.25,7582.25,7577.25,7580
1783649700,7580.25,7580.25,7577,7579.25
1783650600,7579.5,7582.5,7578,7581.5
1783651500,7581.75,7586.5,7581,7586.25
1783652400,7586.25,7588.5,7585.5,7586.75
1783653300,7586.75,7587,7583.25,7583.5
1783654200,7583.5,7583.75,7582,7583
1783655100,7582.75,7584,7581.75,7583.25
1783656000,7583.25,7584.25,7582.5,7583.75
1783656900,7584,7584,7580.5,7581.25
1783657800,7581.25,7581.5,7579.75,7580.75
1783658700,7580.75,7580.75,7577.25,7577.5
1783659600,7577.75,7578.5,7576.25,7578
1783660500,7578,7579.75,7576.75,7578.25
1783661400,7578.25,7579,7576.75,7578.5
1783662300,7578.5,7579,7575.75,7576.5
1783663200,7576.5,7579.5,7575.75,7576.25
1783664100,7576,7576.25,7570.5,7571.75
1783665000,7571.75,7576.75,7570.5,7572.75
1783665900,7572.75,7575.25,7572.5,7574
1783666800,7574,7577.75,7572,7577.5
1783667700,7577.75,7579.5,7575.5,7578.75
1783668600,7578.75,7578.75,7575.5,7575.5
1783669500,7575.75,7576,7569.5,7572.25
1783670400,7572,7578.5,7569.75,7578.5
1783671300,7578.5,7579.25,7574.5,7575.5
1783672200,7575.25,7576.25,7573,7575.5
1783673100,7575.5,7577.25,7573.75,7574.25
1783674000,7574.25,7581,7568.5,7580
1783674900,7580.25,7582.25,7580,7581
1783675800,7580.75,7582.5,7579.5,7580.5
1783676700,7580.75,7581.75,7580.25,7581
1783677600,7581,7586,7581,7585
1783678500,7585,7586.75,7581.5,7586.25
1783679400,7586.25,7590.75,7586.25,7590.5
1783680300,7590.5,7590.75,7587.25,7590.5
1783681200,7590.25,7592.25,7589.25,7590
1783682100,7590,7591.5,7586.5,7586.75
1783683000,7586.75,7586.75,7580.75,7584.75
1783683900,7584.5,7585.75,7582.25,7583.25
1783684800,7583.5,7595.5,7577.25,7589
1783685700,7589,7590.25,7585.25,7587.75
1783686600,7587.75,7592.5,7584.25,7588.5
1783687500,7588.75,7592.25,7587.75,7588
1783688400,7588.25,7591.25,7586.75,7591
1783689300,7590.75,7594,7589.25,7592.25
1783690200,7592.25,7604.5,7590,7594.25
1783691100,7594.5,7604.5,7592.75,7601.5
1783692000,7601.5,7605.75,7596.75,7599.25
1783692900,7599,7603.75,7593,7598
1783693800,7597.75,7602.75,7552.75,7593.25
1783694700,7593.5,7598.25,7583,7584.25
1783695600,7584.25,7593,7578.5,7591.75
1783696500,7591.75,7606.75,7591.5,7605.25
1783697400,7605.25,7606.5,7586,7592.5
1783698300,7592.75,7601.5,7588,7600.25
1783699200,7600.25,7606.25,7600,7604
1783700100,7604.25,7609.25,7603.5,7604.25
1783701000,7604,7608.75,7601.5,7608.5
1783701900,7608.5,7614,7608.25,7612.75
1783702800,7612.5,7613,7607.25,7610.5
1783703700,7610.5,7613.25,7610.25,7613
1783704600,7613,7617,7611.5,7614
1783705500,7614,7616.75,7612,7612.75
1783706400,7612.75,7619,7612,7616
1783707300,7616,7620,7613.75,7617.25
1783708200,7617.5,7619.5,7616.25,7618.5
1783709100,7618.25,7620.25,7618,7618.5
1783710000,7618.5,7625.5,7618.25,7624.75
1783710900,7624.5,7625.25,7622.25,7622.75
1783711800,7622.75,7625.25,7621.25,7623.5
1783712700,7623.5,7627.25,7617.75,7620.75
1783713600,7621,7624.75,7618,7622.5
1783714500,7622.75,7625.25,7621.75,7624.75
1783715400,7624.75,7626,7624,7625.75
1783716300,7625.5,7628.75,7624.75,7626
1783893600,7607,7612,7593,7593.25
1783894500,7593.5,7598,7591.75,7596.25
1783895400,7596.25,7600.5,7595.75,7599.5
1783896300,7599.5,7602,7596.75,7600.75
1783897200,7600.75,7601,7598,7598.75
1783898100,7598.75,7599,7596.25,7598
1783899000,7597.75,7598.5,7595.75,7597.25
1783899900,7597.25,7599.5,7593,7599
1783900800,7599.25,7615.25,7596.25,7613
1783901700,7612.75,7614.5,7607,7607.75
1783902600,7608,7608.25,7596.5,7600.75
1783903500,7600.75,7603,7592.75,7597
1783904400,7597,7598,7590.5,7593.75
1783905300,7593.75,7599.25,7591.75,7594.75
1783906200,7594.5,7599,7592.75,7594.5
1783907100,7594.75,7594.75,7588.75,7592.25
1783908000,7592.25,7593.5,7587.5,7589.5
1783908900,7589.5,7594.25,7588.5,7592.75
1783909800,7592.75,7593,7588.5,7590
1783910700,7590,7590.75,7585.75,7586.25
1783911600,7586.25,7586.5,7583.25,7584.5
1783912500,7584.75,7586.75,7583.25,7586
1783913400,7586,7586.75,7583.25,7584.25
1783914300,7584.25,7586,7582.25,7583.25
1783915200,7583.25,7583.25,7579,7580.25
1783916100,7580.25,7583.25,7579.5,7580.75
1783917000,7580.75,7581.5,7576,7576.75
1783917900,7576.75,7578.5,7575.5,7577.5
1783918800,7577.25,7584.25,7575.25,7583.5
1783919700,7583.75,7583.75,7570.75,7571.25
1783920600,7571.5,7578.75,7566.5,7575.25
1783921500,7575.5,7578.5,7571.25,7578.5
1783922400,7578.25,7581,7574,7575
1783923300,7575.25,7583.5,7575,7583.5
1783924200,7583.5,7584.75,7578.75,7582.5
1783925100,7582.75,7584.75,7581,7584
1783926000,7584.25,7591.25,7581.5,7590.5
1783926900,7590.75,7591.25,7585.5,7586.75
1783927800,7586.5,7588.75,7582,7587.25
1783928700,7587.25,7589.25,7584.5,7587.75
1783929600,7587.75,7596.25,7586.75,7595.75
1783930500,7596,7598.5,7595,7595.75
1783931400,7595.75,7597.25,7593.25,7596.5
1783932300,7596.25,7599.5,7595.5,7598.5
1783933200,7598.5,7598.75,7594.75,7597
1783934100,7596.75,7603,7596.5,7602.5
1783935000,7602.5,7603.75,7601,7602.75
1783935900,7602.75,7602.75,7600,7601.5
1783936800,7601.75,7602.5,7598,7599
1783937700,7599,7601.5,7597.25,7598
1783938600,7598,7599.5,7597,7597.5
1783939500,7597.5,7599.75,7597,7598
1783940400,7597.75,7604.5,7596.25,7597.75
1783941300,7597.75,7600.75,7595,7599.5
1783942200,7599.5,7602.25,7597.75,7598
1783943100,7597.75,7598.25,7592,7594.25
1783944000,7594.25,7598.25,7587.5,7592.5
1783944900,7592.5,7593.25,7589,7589.5
1783945800,7589.75,7591.5,7586,7590.75
1783946700,7590.75,7597.25,7590.75,7597
1783947600,7597,7599.75,7595,7596.25
1783948500,7596.25,7596.75,7593,7595.75
1783949400,7595.5,7609.75,7594.5,7601
1783950300,7601.25,7608.75,7590.25,7607.5
1783951200,7607.5,7610.5,7593.5,7603.5
1783952100,7603.75,7604.75,7573.5,7602
1783953000,7601.75,7603.75,7583.25,7585.75
1783953900,7585.75,7599,7580.75,7598.5
1783954800,7598.5,7601.75,7590.25,7592
1783955700,7592,7597,7589.75,7594.75
1783956600,7595,7596.5,7587.75,7588
1783957500,7588,7589,7581.75,7583.25
1783958400,7583.25,7589,7580.5,7585.5
1783959300,7585.25,7585.5,7570.25,7574
1783960200,7574,7576.25,7560,7575
1783961100,7574.75,7578,7563.25,7570.25
1783962000,7570.25,7578,7569,7572
1783962900,7572,7575.25,7566.75,7569.75
1783963800,7569.75,7572.75,7566,7571.5
1783964700,7571.5,7574.25,7563.25,7563.5
1783965600,7563.75,7574,7562.75,7569
1783966500,7569,7569.5,7561.5,7563.5
1783967400,7563.75,7572,7561,7570.25
1783968300,7570.25,7572.25,7566,7567.25
1783969200,7567.25,7571.25,7562.25,7564.25
1783970100,7564.25,7565.75,7551.75,7555
1783971000,7555,7561.5,7551,7561
1783971900,7561.25,7568.25,7557.5,7563.25
1783972800,7563,7563.5,7557.5,7559.5
1783973700,7559.5,7559.75,7547.25,7555.75
1783974600,7555.5,7555.5,7552.75,7554.25
1783975500,7554,7555.75,7552,7554.25
1783980000,7557,7563.25,7555.25,7557.5
1783980900,7558,7560.25,7555.25,7555.5
1783981800,7555.25,7557.5,7554.5,7557.25
1783982700,7557,7559,7551,7552
1783983600,7552,7552.25,7546.25,7547.5
1783984500,7547.75,7551.25,7546.75,7547.75
1783985400,7547.5,7548.25,7542,7542.5
1783986300,7542.5,7553.5,7541.5,7553.25
1783987200,7553.5,7556.75,7539.75,7556.25
1783988100,7556,7557.5,7540,7545.75
1783989000,7545.75,7554.5,7541.75,7544.25
1783989900,7544.25,7560.5,7544.25,7558.5
1783990800,7558.5,7560.25,7554.25,7554.75
1783991700,7554.75,7559.75,7553.75,7556
1783992600,7556.25,7557.5,7547.25,7551.5
1783993500,7551.5,7555.75,7546.25,7548.25
1783994400,7548.5,7554.75,7545.75,7546.25
1783995300,7546.25,7547.75,7539.25,7543.25
1783996200,7543.25,7549.75,7539,7548.25
1783997100,7548.25,7549.5,7539.5,7540.5
1783998000,7540.5,7541,7534.5,7535.25
1783998900,7535.25,7540.5,7531.5,7540.25
1783999800,7540.25,7544.25,7535,7536.25
1784000700,7536,7544.75,7535.25,7544
1784001600,7544.25,7547.75,7538.5,7541
1784002500,7540.75,7550,7539.5,7548.75
1784003400,7548.75,7557,7548,7556
1784004300,7556,7561.5,7555.75,7560.25
1784005200,7560.5,7563.25,7558,7562.5
1784006100,7562.5,7569.75,7561.5,7569.75
1784007000,7570,7573.75,7567,7568.75
1784007900,7569,7570.25,7567.5,7568.25
1784008800,7568,7573.5,7567.75,7573.5
1784009700,7573.5,7575.25,7566,7567.5
1784010600,7567.5,7570.5,7563.25,7564
1784011500,7563.75,7563.75,7559,7559
1784012400,7559.25,7566,7555.75,7563
1784013300,7563,7563.5,7557.25,7560.5
1784014200,7560.5,7561.5,7555,7555.75
1784015100,7555.5,7562.25,7552.5,7559
1784016000,7559,7561,7552.5,7557.25
1784016900,7557.5,7564.5,7557.25,7562.75
1784017800,7562.5,7564,7558.75,7559.75
1784018700,7560,7560,7552.75,7554.25
1784019600,7554.5,7563.75,7551.25,7563
1784020500,7562.75,7564,7554,7554.25
1784021400,7554.25,7559,7554.25,7557.5
1784022300,7557.25,7561.75,7556.75,7557.5
1784023200,7557.75,7560.75,7556.25,7557.5
1784024100,7557.75,7559,7555.5,7558.5
1784025000,7558.25,7566,7553.75,7556.75
1784025900,7556.75,7560,7553.25,7557
1784026800,7557,7558,7544,7553
1784027700,7553,7564.25,7552.5,7558.5
1784028600,7558.5,7562.5,7553,7553.75
1784029500,7553.75,7559.75,7553.5,7555.75
1784030400,7555.5,7555.75,7544.75,7547.5
1784031300,7547.75,7563,7545.5,7560.75
1784032200,7561,7613.75,7558.75,7588
1784033100,7588.25,7590.25,7575.75,7579.5
1784034000,7579.5,7584,7577.25,7579.25
1784034900,7579.25,7585,7570.75,7579.25
1784035800,7579.5,7585.5,7564.25,7583.25
1784036700,7583,7588.25,7576,7583.5
1784037600,7583.5,7585.25,7567.75,7574.5
1784038500,7574.5,7583.5,7556.5,7577.25
1784039400,7577.25,7603.75,7575,7581.75
1784040300,7581.5,7590.5,7575.25,7587.5
1784041200,7587.5,7601.5,7583.25,7596
1784042100,7596,7598,7587,7597.25
1784043000,7597,7600.5,7577.75,7586.25
1784043900,7586,7590,7576.25,7579.75
1784044800,7580,7580.75,7570,7575.25
1784045700,7575.5,7579.25,7570,7578.25
1784046600,7578,7588.25,7576.5,7585
1784047500,7585.25,7589.25,7580,7589.25
1784048400,7589.25,7592.75,7586,7588.75
1784049300,7588.75,7596.75,7585.25,7593.75
1784050200,7594,7595.75,7588.75,7590.75
1784051100,7590.75,7593.75,7587.75,7593.25
1784052000,7593.5,7596.75,7589.75,7596.25
1784052900,7596.5,7598.25,7593.5,7595.5
1784053800,7595.25,7596.25,7587,7590.25
1784054700,7590.5,7593.5,7588.75,7592
1784055600,7592.25,7592.75,7587.5,7590.25
1784056500,7590.25,7594.75,7588.25,7591.5
1784057400,7591.5,7594.75,7587,7593.25
1784058300,7593,7596,7589.25,7590
1784059200,7590,7592.5,7587.75,7589.25
1784060100,7589.25,7590,7585.75,7586
1784061000,7586,7589.5,7585.75,7588.75
1784061900,7588.75,7591.75,7586.75,7591
1784066400,7589.75,7591.5,7583,7584
1784067300,7584.25,7592.25,7584,7590.5
1784068200,7590.5,7592.25,7590.25,7590.75
1784069100,7590.75,7590.75,7588,7589
1784070000,7589,7592.75,7587.75,7592
1784070900,7592,7600,7591,7599.5
1784071800,7599.5,7603.25,7599.5,7601
1784072700,7601,7604.25,7600.25,7602.75
1784073600,7602.75,7604.5,7598,7603
1784074500,7603,7604.5,7601,7602.25
1784075400,7602.5,7603,7592.5,7594
1784076300,7594,7603.5,7592.75,7601.5
1784077200,7601.75,7603,7596,7598.5
1784078100,7598.5,7603.75,7598.25,7601.5
1784079000,7601.5,7603.25,7597.5,7597.5
1784079900,7597.75,7604.5,7597.5,7604.25
1784080800,7604.5,7606.25,7602.5,7603.5
1784081700,7603.75,7605.5,7603.25,7604.5
1784082600,7604.75,7607.5,7604.25,7606.75
1784083500,7606.5,7606.75,7602.75,7603.25
1784084400,7603.25,7604,7601.25,7602
1784085300,7602.25,7605.5,7602.25,7604.75
1784086200,7604.5,7606.5,7604.5,7605
1784087100,7605,7608.25,7604.75,7607
1784088000,7607.25,7607.75,7605.75,7606.5
1784088900,7606.75,7608.25,7606.25,7607
1784089800,7606.75,7608,7606,7606.75
1784090700,7607,7608.5,7606.75,7608.5
1784091600,7608.5,7613.5,7603.25,7604.75
1784092500,7604.5,7608,7602.75,7603.75
1784093400,7603.5,7608,7602.5,7606
1784094300,7606,7609.25,7605.25,7609
1784095200,7609.25,7609.75,7607,7608.25
1784096100,7608,7610.5,7606.25,7610
1784097000,7610,7611,7606.5,7607.25
1784097900,7607.5,7608.75,7606.75,7607.75
1784098800,7607.5,7609,7604.75,7607.25
1784099700,7607,7607.5,7593.5,7599
1784100600,7599,7602.5,7597,7602
1784101500,7602,7606.25,7600.75,7604.5
1784102400,7604.5,7605.25,7597.25,7600.25
1784103300,7600.25,7602.5,7595.75,7601.25
1784104200,7601.25,7604.75,7600,7604
1784105100,7604,7607.25,7603.75,7606.75
1784106000,7606.75,7610.75,7606.5,7609.5
1784106900,7609.75,7610.5,7607.75,7608.25
1784107800,7608.25,7610.25,7607,7609.5
1784108700,7609.75,7609.75,7603.75,7604.5
1784109600,7604.75,7606.25,7603.5,7605.75
1784110500,7605.75,7606.75,7597,7598.25
1784111400,7598.25,7602.25,7597.75,7599.5
1784112300,7599.5,7603,7599.5,7601.5
1784113200,7601,7603.75,7599.25,7600.25
1784114100,7600.25,7602.25,7600,7600.5
1784115000,7600.75,7603.5,7598,7601.75
1784115900,7602,7602,7598.25,7600
1784116800,7600,7600.75,7594.75,7596
1784117700,7596,7597.5,7592.5,7595.25
1784118600,7594.5,7613.25,7593.75,7610.75
1784119500,7610.75,7614.75,7608,7611.5
1784120400,7611.5,7615.5,7606.5,7607.25
1784121300,7607,7612.5,7605.75,7612.5
1784122200,7612.5,7626.25,7611.75,7613.5
1784123100,7613.5,7616.75,7601.25,7614.5
1784124000,7614.5,7623.5,7614.5,7617.75
1784124900,7617.75,7626,7603.25,7616.5
1784125800,7616.25,7618.75,7597.75,7605
1784126700,7605,7608.25,7597.25,7604.75
1784127600,7605,7611.5,7599.5,7601
1784128500,7601.25,7606.25,7592,7605.75
1784129400,7605.75,7608.5,7600,7601.5
1784130300,7601.5,7602.5,7592.5,7596.25
1784131200,7596.25,7598,7581,7581.5
1784132100,7581.5,7583.25,7573.75,7577.75
1784133000,7577.75,7581.5,7571.75,7578.75
1784133900,7578.75,7593.25,7577,7586.75
1784134800,7587,7594.25,7586,7588
1784135700,7588,7598.75,7587.5,7598.25
1784136600,7598.5,7605,7598.5,7603.25
1784137500,7603.5,7616.25,7602.75,7612.5
1784138400,7612.5,7618.25,7611.75,7616.25
1784139300,7616.25,7619,7612.75,7616.75
1784140200,7616.75,7619.75,7610.25,7610.5
1784141100,7610.75,7611,7601,7602
1784142000,7602,7609,7600.5,7608
1784142900,7608,7608.5,7601.75,7606.5
1784143800,7606.5,7612.75,7601.25,7611.25
1784144700,7611.25,7618,7605.25,7617
1784145600,7617,7619.75,7608.75,7614.5
1784146500,7614.75,7618,7613.5,7617
1784147400,7616.75,7617.25,7614.75,7616.5
1784148300,7616.75,7617.75,7615.25,7616
1784152800,7615,7622.25,7614,7619
1784153700,7619,7619.25,7616.5,7616.75
1784154600,7617,7617.75,7615,7615.75
1784155500,7615.5,7619.5,7613.25,7618.25
1784156400,7618.25,7619.75,7617.25,7618.5
1784157300,7618.5,7620,7617,7619.75
1784158200,7619.75,7622,7618.75,7620
1784159100,7620.25,7620.75,7615.5,7616.25
1784160000,7616.25,7626.75,7615.75,7626.75
1784160900,7626.5,7627.75,7618,7619
1784161800,7619.25,7622,7615.25,7615.5
1784162700,7615.25,7620.5,7614.25,7616.5
1784163600,7616.75,7618.25,7613.25,7615
1784164500,7614.75,7615.25,7610.25,7611.25
1784165400,7611.25,7615.5,7610.75,7612.5
1784166300,7612.5,7619,7612.25,7614.5
1784167200,7614.75,7615,7611,7613
1784168100,7613,7620.5,7612.75,7619.5
1784169000,7619.5,7621,7618,7618.75
1784169900,7618.75,7623.5,7618.25,7622.75
1784170800,7622.75,7625,7622,7623.75
1784171700,7623.75,7624,7621,7621.75
1784172600,7621.75,7625.25,7621.5,7623
1784173500,7623,7624.5,7621.75,7624.5
1784174400,7624.5,7626.5,7623.75,7626.25
1784175300,7626.25,7626.25,7622,7622.5
1784176200,7622.75,7623.25,7620.5,7621.5
1784177100,7621.25,7623,7620.5,7621.75
1784178000,7622,7626.75,7621.75,7626.75
1784178900,7626.75,7630,7626,7627.5
1784179800,7627.75,7632,7616.75,7620
1784180700,7620,7620.75,7615.5,7617
1784181600,7617.25,7625,7613.5,7622
1784182500,7622,7623.5,7617,7618
1784183400,7617.75,7618.5,7611,7615.5
1784184300,7615.5,7619,7613.75,7618.25
1784185200,7618.25,7618.75,7610,7610.25
1784186100,7610,7613.25,7608.5,7610.5
1784187000,7610.75,7611.75,7605.75,7606.25
1784187900,7606.25,7606.5,7600,7601.75
1784188800,7601.75,7603,7593.5,7594
1784189700,7594.25,7603.75,7593.75,7601.5
1784190600,7601.5,7606,7600.5,7603.75
1784191500,7603.75,7610,7603.75,7609.5
1784192400,7609.75,7613.75,7609.75,7613
1784193300,7613.25,7615.5,7610.5,7610.75
1784194200,7610.75,7613,7608.75,7608.75
1784195100,7608.5,7610.25,7605,7605
1784196000,7605.25,7607.75,7602.25,7606.25
1784196900,7606,7606.25,7601.5,7604.5
1784197800,7604.5,7607.25,7602,7603.5
1784198700,7603.75,7604.5,7600.75,7603
1784199600,7602.75,7603.25,7596,7600.75
1784200500,7600.75,7603.5,7595.75,7599.75
1784201400,7600,7600,7594.75,7596.75
1784202300,7596.75,7598,7580.75,7597.25
1784203200,7597,7599,7588.25,7591.5
1784204100,7591.25,7594.5,7584,7587
1784205000,7587.25,7591,7580.5,7583
1784205900,7582.75,7590.25,7581.75,7586.5
1784206800,7586.75,7596.25,7586,7595.75
1784207700,7595.75,7598,7594.25,7596.75
1784208600,7597,7604.25,7579.75,7582
1784209500,7581.75,7591.5,7575.5,7588
1784210400,7587.75,7605.5,7585.25,7602.75
1784211300,7602.75,7613,7600,7612.5
1784212200,7612.5,7613.75,7606.5,7612.75
1784213100,7613,7615,7602.75,7611.25
1784214000,7611,7613.25,7599.75,7602.25
1784214900,7602.5,7613.5,7598.75,7607.25
1784215800,7607.25,7613.25,7601.75,7605.75
1784216700,7605.5,7610.25,7599.25,7605
1784217600,7605,7605.5,7588.5,7589.25
1784218500,7589,7594.25,7583,7588.25
1784219400,7588.5,7594.25,7586.75,7588.75
1784220300,7588.75,7599.25,7586,7598.25
1784221200,7598.25,7598.75,7590.5,7591.25
1784222100,7591.25,7597.25,7589.25,7596
1784223000,7596.25,7597.25,7579.5,7583
1784223900,7583.25,7588,7579.75,7582.25
1784224800,7582.25,7584,7573.25,7576.25
1784225700,7576.25,7586.5,7573.75,7578.5
1784226600,7578.5,7578.5,7568,7574.5
1784227500,7574.25,7578.75,7570.5,7571.5
1784228400,7571.25,7576.25,7564.75,7566.5
1784229300,7566.5,7569.5,7558,7560.25
1784230200,7560.25,7561.25,7553,7554.5
1784231100,7554.5,7579.5,7548.25,7577
1784232000,7577,7578,7567,7567.25
1784232900,7567.25,7573.75,7566.25,7569.25
1784233800,7569,7570.75,7566.5,7568.75
1784234700,7568.75,7570,7567.25,7569.25
1784239200,7572.75,7575,7569.5,7570.25
1784240100,7570.5,7570.75,7566.5,7567
1784241000,7567.25,7568.25,7565.25,7567.25
1784241900,7567.25,7567.5,7563.75,7565.75
1784242800,7566,7567,7561.25,7564.75
1784243700,7564.75,7564.75,7558.75,7561
1784244600,7560.75,7564,7557,7562.25
1784245500,7562.25,7563.5,7558.75,7560.5
1784246400,7560.25,7563.5,7552.25,7553.25
1784247300,7553.25,7557.5,7549.5,7550.25
1784248200,7550.5,7551,7546,7548.5
1784249100,7548.5,7555.5,7547.75,7552.25
1784250000,7552.25,7556,7545.25,7546
1784250900,7546,7548.5,7543.5,7548.25
1784251800,7548.25,7548.75,7537.75,7538.75
1784252700,7539,7540.5,7535.5,7538
1784253600,7538.25,7539.5,7533.75,7535
1784254500,7535,7535.25,7530,7531.5
1784255400,7531.5,7532.5,7528,7532.5
1784256300,7532.5,7533,7525.5,7530
1784257200,7530.25,7535.25,7528.5,7534
1784258100,7534,7541.5,7534,7539.5
1784259000,7539.5,7539.75,7528.5,7530.25
1784259900,7530.25,7530.5,7524.25,7524.25
1784260800,7524.5,7524.75,7517.5,7518.5
1784261700,7518.75,7519.5,7512.5,7514.25
1784262600,7514.25,7516,7507.75,7514
1784263500,7514.25,7519.25,7513.5,7513.75
1784264400,7513.75,7516,7510.75,7512
1784265300,7512.25,7514.75,7510,7511.75
1784266200,7511.75,7514.25,7503,7508
1784267100,7508,7511.75,7505.25,7511.25
1784268000,7511,7515.75,7509.25,7513.75
1784268900,7513.75,7523,7513.25,7522
1784269800,7522,7523.5,7514.25,7515.5
1784270700,7515.25,7515.25,7509,7512
1784271600,7512.25,7516.25,7510,7514.5
1784272500,7514.75,7517,7510.25,7516.75
1784273400,7517,7519,7512.75,7515.5
1784274300,7515.25,7516.25,7510.5,7511.75
1784275200,7511.75,7516.75,7506.25,7507.75
1784276100,7507.5,7508.25,7495,7500.25
1784277000,7500.25,7502.5,7491.25,7495
1784277900,7495,7504,7494,7499.5
1784278800,7499.5,7506,7496.75,7505.5
1784279700,7505.5,7510.25,7502,7510.25
1784280600,7510.25,7510.5,7503,7503.5
1784281500,7503.75,7510.5,7503.5,7510.25
1784282400,7510.25,7517.25,7507,7516.25
1784283300,7516.5,7517.75,7511,7515.5
1784284200,7515.5,7522,7515.5,7519.25
1784285100,7519.25,7520.5,7516.25,7518.25
1784286000,7518.25,7522,7512,7513
1784286900,7513,7517.25,7509.25,7517
1784287800,7517.25,7518.5,7513.25,7514
1784288700,7514,7520.5,7512.25,7519
1784289600,7518.75,7519.5,7509.5,7510.5
1784290500,7510.5,7512.5,7507.5,7509.25
1784291400,7509.25,7512.25,7505.25,7508
1784292300,7507.75,7510.25,7502.5,7504.25
1784293200,7504.5,7504.5,7492.75,7493.25
1784294100,7493.5,7496.5,7483.25,7485
1784295000,7485.25,7492.25,7473,7475.75
1784295900,7475.75,7514,7475,7513.75
1784296800,7513.75,7533.75,7512.5,7528.75
1784297700,7528.5,7539,7527.5,7529.25
1784298600,7529.5,7534,7521.75,7524.5
1784299500,7524.75,7531.5,7514.25,7516.25
1784300400,7516.25,7518,7506.5,7509
1784301300,7509,7521.5,7504.75,7520.25
1784302200,7520.25,7525,7510,7520.75
1784303100,7520.5,7536.5,7514.5,7534.25
1784304000,7534.25,7536.75,7513.5,7528.25
1784304900,7528.5,7531,7516.5,7524.75
1784305800,7524.75,7530,7520.75,7529.75
1784306700,7529.75,7538.5,7527,7529.25
1784307600,7529,7538,7527.75,7530
1784308500,7530,7536,7525.25,7534.5
1784309400,7534.5,7535.5,7520.25,7521.5
1784310300,7521.25,7524.25,7508.75,7510.75
1784311200,7511,7516.75,7506,7506.5
1784312100,7506.25,7507.25,7497.75,7502.25
1784313000,7502.25,7508.5,7495.75,7497.5
1784313900,7497.5,7511.75,7495.75,7508.5
1784314800,7508.75,7510,7492.25,7492.5
1784315700,7492.25,7498,7486.25,7496.75
1784316600,7497,7501.5,7491,7499.75
1784317500,7500,7509.25,7494.25,7497
1784318400,7496.75,7497.75,7484,7488.75
1784319300,7488.75,7493.75,7487.25,7493
1784320200,7492.75,7496.25,7492.5,7496
1784321100,7496.25,7497.75,7493.5,7494.75
1784498400,7485,7497,7482,7483.75
1784499300,7484,7496.75,7483.75,7487.5
1784500200,7487,7502.5,7486,7500.5
1784501100,7500.75,7502,7494.5,7495.75
1784502000,7496,7498.5,7492.25,7495.75
1784502900,7495.75,7498.25,7492,7493.5
1784503800,7493.5,7502,7491.25,7502
1784504700,7501.75,7505.25,7494.75,7504
1784505600,7504.5,7517.5,7496.75,7514.75
1784506500,7514.75,7517.25,7510.25,7511.5
1784507400,7511.5,7512,7503.5,7504.5
1784508300,7504.5,7506.5,7502,7503.25
1784509200,7503.5,7511.75,7502.75,7503.5
1784510100,7503.75,7507.5,7498,7499.25
1784511000,7499,7500.75,7492.75,7495.25
1784511900,7495.25,7498.25,7490,7494.75
1784512800,7494.75,7506.5,7494.75,7499.5
1784513700,7499.75,7500,7493.75,7496.5
1784514600,7496.25,7509.25,7496.25,7506.75
1784515500,7507,7511,7505.25,7505.5
1784516400,7505.5,7507.75,7501.25,7503.5
1784517300,7503.5,7507.75,7502.5,7504.25
1784518200,7503.75,7508.25,7502.5,7507.5
1784519100,7507.5,7510.25,7504,7505.5
1784520000,7505.75,7507.75,7501.25,7502
1784520900,7501.75,7508.25,7499,7507.75
1784521800,7508,7513.5,7506.25,7512.25
1784522700,7512.25,7515,7508.75,7509.25
1784523600,7509.5,7510.25,7498,7503.25
1784524500,7503,7503,7499,7500.25
1784525400,7500.25,7500.5,7497.25,7497.25
1784526300,7497.5,7499.75,7494,7496
1784527200,7496.25,7499.75,7494.5,7495
1784528100,7495,7498,7492.75,7494.5
1784529000,7494.75,7498.25,7491,7496.5
1784529900,7496.5,7497.75,7493.5,7497
1784530800,7497.25,7502.5,7497.25,7499.5
1784531700,7499.75,7510,7496.75,7509.5
1784532600,7509.5,7519.5,7509.5,7517.25
1784533500,7517.25,7518.75,7511.75,7516
1784534400,7516,7520.75,7514.25,7520
1784535300,7520,7521.75,7517,7517.75
1784536200,7517.5,7518.25,7512,7512.75
1784537100,7513,7516,7512.25,7514.25
1784538000,7514.25,7516,7510.5,7513
1784538900,7512.75,7518.25,7512.75,7517
1784539800,7517,7521,7516,7520.5
1784540700,7520.5,7527.75,7520.5,7521.75
1784541600,7521.75,7522.75,7518,7518.25
1784542500,7518.5,7521,7516,7520
1784543400,7519.75,7523,7517.5,7519.5
1784544300,7519.5,7524.25,7518.5,7522
1784545200,7522,7529.75,7520.75,7527.5
1784546100,7527.5,7528.25,7522.75,7523.5
1784547000,7523.5,7545.25,7523.25,7539.25
1784547900,7539.25,7540.75,7531,7535.5
1784548800,7535.5,7536,7521,7526
1784549700,7526,7530.25,7523.25,7530
1784550600,7530.25,7532.75,7524.25,7525.25
1784551500,7525.25,7530.75,7522.75,7527.25
1784552400,7527.25,7531.25,7526,7527.25
1784553300,7527.25,7536.25,7526.25,7534.25
1784554200,7534.5,7551.5,7532.75,7550.25
1784555100,7550,7552,7519,7520.5
1784556000,7520.75,7527.5,7511.25,7514
1784556900,7514,7521.25,7506,7520.5
1784557800,7520.75,7522.75,7511.25,7512.75
1784558700,7512.75,7521.5,7500.75,7505.25
1784559600,7505,7518.75,7502,7512
1784560500,7512,7524.25,7509.75,7522.5
1784561400,7522.5,7524.25,7516.5,7523.5
1784562300,7523.75,7528.25,7514.5,7523.5
1784563200,7523.75,7534,7519.5,7531.75
1784564100,7532,7532.75,7525.25,7528.75
1784565000,7528.75,7531.5,7508.25,7518
1784565900,7518,7526,7511,7513.75
1784566800,7513.75,7515.75,7502,7502.75
1784567700,7502.5,7508.5,7499.25,7505
1784568600,7504.75,7509.25,7499.25,7501.25
1784569500,7501.25,7512.5,7500.75,7509
1784570400,7509.25,7516,7508.5,7514
1784571300,7514,7517.75,7504.75,7508.25
1784572200,7508.5,7508.5,7488.5,7488.75
1784573100,7489,7495.75,7487.75,7490.5
1784574000,7490.25,7495.25,7480.25,7480.25
1784574900,7480.25,7492.75,7478,7490.5
1784575800,7490.75,7497.25,7486.75,7493.75
1784576700,7493.75,7496.25,7480.25,7486
1784577600,7486,7493.25,7481,7482
1784578500,7481.75,7482,7476.75,7479
1784579400,7479,7483.25,7478.75,7481.75
1784580300,7482,7484,7480.75,7483.25
1784584800,7484,7485.75,7473.25,7476
1784585700,7476,7477.5,7475,7476
1784586600,7475.75,7477,7473,7476
1784587500,7476.25,7477,7474,7475.5
1784588400,7475.5,7483.25,7474.5,7482.75
1784589300,7483,7490,7482.75,7489.75
1784590200,7489.5,7491,7487.75,7489
1784591100,7488.75,7491,7480.5,7485.25
1784592000,7485,7485,7474.25,7477.5
1784592900,7477.75,7488.5,7473.75,7486.25
1784593800,7486,7494,7486,7492.25
1784594700,7492.5,7495.75,7490.75,7492.25
1784595600,7492.25,7498.75,7489.5,7497.75
1784596500,7498,7499.25,7494.5,7495.5
1784597400,7495.75,7498.25,7491,7491.75
1784598300,7491.75,7496,7490.75,7492.5
1784599200,7493,7500,7492.25,7493
1784600100,7493,7497.25,7488.75,7494
1784601000,7494,7501.5,7493.75,7500.5
1784601900,7500.5,7501.75,7498.25,7501.75
1784602800,7501.5,7504.5,7501.5,7503.75
1784603700,7503.75,7508,7503.5,7507.75
1784604600,7508,7511.25,7507.25,7509.5
1784605500,7509.5,7513,7509.25,7512.75
1784606400,7512.75,7516.75,7512.5,7514.25
1784607300,7514,7515,7513,7513.75
1784608200,7514,7516.25,7513.5,7514.5
1784609100,7514.5,7515.75,7513,7514.25
1784610000,7514.25,7514.5,7511.25,7511.75
1784610900,7511.75,7517,7510,7516.5
1784611800,7516.75,7522,7514.5,7521
1784612700,7521.25,7523.75,7519,7520.75
1784613600,7520.75,7522.75,7519.5,7521.25
1784614500,7521.25,7522.75,7518,7520
1784615400,7520.25,7530.25,7520,7525.25
1784616300,7525.25,7525.5,7522.25,7523.75
1784617200,7524,7528,7520.75,7523
1784618100,7522.75,7522.75,7515.75,7516.75
1784619000,7517,7520.75,7514,7517.5
1784619900,7517.5,7518.5,7514.25,7517.75
1784620800,7517.75,7523,7516,7523
1784621700,7522.75,7524.5,7521.25,7523.5
1784622600,7523.5,7525.75,7522.25,7524.5
1784623500,7524.5,7524.5,7521.25,7523.25
1784624400,7523.25,7526.25,7523,7525.25
1784625300,7525.5,7528.25,7523,7523
1784626200,7523,7525.25,7521.25,7523
1784627100,7522.75,7527.25,7522,7522.5
1784628000,7522.75,7528,7520.75,7523.25
1784628900,7523.5,7526.25,7522.5,7524
1784629800,7523.75,7530.25,7521,7523.25
1784630700,7523,7527,7519.5,7522
1784631600,7522.25,7523.5,7516,7519
1784632500,7519,7519.25,7511,7514.5
1784633400,7514.5,7520.75,7514.5,7516.75
1784634300,7516.75,7518.75,7513.75,7515
1784635200,7515,7522,7513.5,7518
1784636100,7518,7518.25,7510.5,7510.75
1784637000,7510.75,7512.75,7505.25,7510
1784637900,7509.75,7517.5,7509.5,7515.5
1784638800,7515.75,7516.5,7512,7514
1784639700,7514,7526,7513.75,7526
1784640600,7526,7530.25,7505.5,7508
1784641500,7507.75,7516.75,7504.5,7516.5
1784642400,7516.75,7521.75,7512.5,7520.5
1784643300,7520.5,7533.25,7510.75,7532
1784644200,7531.75,7536,7520.75,7529.5
1784645100,7529.5,7536.5,7525.75,7531.25
1784646000,7531,7538.75,7521.5,7535.5
1784646900,7535.5,7544,7534.75,7543.75
1784647800,7543.5,7544,7537.25,7539.25
1784648700,7539.25,7543.5,7538,7538.75
1784649600,7538.5,7546.5,7538.25,7545.5
1784650500,7545.5,7550.75,7545.5,7549.75
1784651400,7549.75,7551.25,7548,7549.75
1784652300,7549.75,7554,7547.5,7550.5
1784653200,7550.25,7552,7548.5,7549.25
1784654100,7549.25,7549.75,7545.5,7547
1784655000,7546.75,7550.5,7545.25,7549.75
1784655900,7550,7552.5,7548,7549.25
1784656800,7549,7550.75,7544.25,7544.75
1784657700,7544.75,7547,7543.5,7545
1784658600,7545.25,7549.25,7542.25,7548.25
1784659500,7548.5,7549.25,7545.25,7547
1784660400,7546.75,7547.75,7544,7546
1784661300,7545.75,7548,7545,7545.75
1784662200,7545.75,7548.75,7544,7548
1784663100,7548,7549.5,7543.5,7545.75
1784664000,7545.5,7547,7541,7544.5
1784664900,7544.25,7544.25,7540.75,7541.25
1784665800,7541.5,7543.75,7541.25,7542.25
1784666700,7542.25,7543,7540.75,7542.75
1784671200,7545,7545.5,7541.25,7544.5
1784672100,7544.25,7545.5,7540.75,7541.5
1784673000,7541.5,7542.5,7540.25,7541
1784673900,7540.75,7540.75,7538.25,7540.5
1784674800,7540.5,7542,7539.5,7541.5
1784675700,7541.75,7544,7540.25,7543
1784676600,7542.75,7544,7539.5,7540.25
1784677500,7540.25,7544,7540,7543.25
1784678400,7543,7547,7542,7544.75
1784679300,7545,7545.5,7540.5,7541.75
1784680200,7542,7542.75,7539,7540.75
1784681100,7540.75,7542.25,7537.5,7542
1784682000,7542,7543,7536,7538.25
1784682900,7538.25,7539.25,7534.5,7536.25
1784683800,7536.25,7538.5,7534.25,7538.25
1784684700,7538.25,7544.5,7537.5,7541
1784685600,7541,7541.75,7536,7539.75
1784686500,7539.5,7542.75,7538.25,7541.5
1784687400,7541.25,7541.75,7538,7541.25
1784688300,7541.5,7543,7539.5,7541.25
1784689200,7541,7542.5,7537.75,7538.5
1784690100,7538.5,7544.75,7538.25,7544
1784691000,7544,7544.5,7538.5,7539
1784691900,7539.25,7540.5,7534.25,7535.5
1784692800,7535.5,7538.5,7534.25,7537.5
1784693700,7537.5,7539.25,7537.5,7538.75
1784694600,7538.5,7538.5,7535.75,7537.75
1784695500,7537.75,7538.25,7535.25,7538.25
1784696400,7538.5,7538.75,7534.5,7535.25
1784697300,7535.25,7536.5,7533.75,7534.5
1784698200,7534.5,7536.5,7532.75,7533
1784699100,7533,7537,7532,7536.25
1784700000,7536.25,7536.5,7532.75,7533.75
1784700900,7534,7534,7523.5,7524.5
1784701800,7524.5,7529.5,7524.25,7525.5
1784702700,7525.25,7526.25,7521,7522.75
1784703600,7522.5,7523.25,7516,7523.25
1784704500,7523.25,7527.25,7521.25,7525.25
1784705400,7525,7526.25,7512,7517
1784706300,7517,7518.75,7512.75,7516
1784707200,7516.25,7522.75,7514.75,7516.25
1784708100,7516.25,7523.75,7516.25,7523.5
1784709000,7523.5,7526.5,7521,7522.25
1784709900,7522.25,7526,7522.25,7525
1784710800,7525.25,7531.75,7524.5,7528
1784711700,7528,7531.25,7527,7527.25
1784712600,7527,7527.5,7522.25,7524.75
1784713500,7524.5,7526.5,7520.25,7526.25
1784714400,7526.25,7530.5,7525.5,7525.5
1784715300,7525.25,7533,7524.5,7531.75
1784716200,7531.75,7532.75,7526.25,7526.25
1784717100,7526,7532,7525.75,7530
1784718000,7530,7530.25,7525.25,7525.25
1784718900,7525.25,7527,7522.5,7523
1784719800,7523,7526.5,7511.5,7516.25
1784720700,7516,7523.25,7515.5,7517.25
1784721600,7517.5,7520.25,7514,7518.75
1784722500,7518.75,7519.25,7512,7516.5
1784723400,7516.5,7523.25,7516.25,7521.75
1784724300,7521.75,7522,7504,7514.75
1784725200,7514.75,7521,7514.75,7519
1784726100,7519,7528.75,7518.75,7528
1784727000,7527.75,7539.25,7525.25,7537.5
1784727900,7537.25,7550,7535.5,7549.75
1784728800,7550,7556.25,7543.25,7544.5
1784729700,7544.75,7546.75,7532.75,7534.5
1784730600,7534.5,7540,7529.5,7529.5
1784731500,7529.75,7542.25,7528.75,7541.75
1784732400,7542,7552.75,7541.25,7551
1784733300,7551.25,7559.5,7547.5,7557
1784734200,7556.75,7558,7550,7552.5
1784735100,7552.5,7560.75,7552.5,7560
1784736000,7560.25,7561.75,7557.25,7559.5
1784736900,7559.75,7563.5,7559.25,7561.5
1784737800,7561.5,7562.75,7559.25,7560.5
1784738700,7560.5,7562.5,7557.5,7561
1784739600,7561,7562.5,7554.75,7555.5
1784740500,7555.5,7557,7552,7553
1784741400,7552.75,7556.25,7550.75,7553.5
1784742300,7553.5,7555,7546,7547.5
1784743200,7547.75,7549.75,7542.25,7542.75
1784744100,7542.5,7548.25,7542.5,7547
1784745000,7547,7547.25,7542.5,7545.25
1784745900,7545.5,7549,7543.5,7546.75
1784746800,7547,7547.25,7541,7541.75
1784747700,7541.5,7544.75,7539,7542.5
1784748600,7542.5,7542.75,7536.25,7540.75
1784749500,7540.75,7546.25,7535.75,7536.5
1784750400,7536.75,7553.25,7531.75,7553.25
1784751300,7552.75,7554,7546.25,7548.5
1784752200,7548.25,7549.25,7543,7544.75
1784753100,7544.5,7548.75,7541,7541
1784757600,7530.25,7536,7522.75,7525.25
1784758500,7525.5,7527.25,7521.75,7522.25
1784759400,7522.25,7523,7515.75,7517.5
1784760300,7517.5,7524.5,7516.25,7522.5
1784761200,7522.5,7522.75,7517,7521
1784762100,7521,7521,7517.25,7519.5
1784763000,7519.25,7523.5,7519.25,7523.25
1784763900,7523,7530.5,7522.5,7530.25
1784764800,7530.5,7533.5,7527.75,7532
1784765700,7531.75,7545,7530.25,7540.75
1784766600,7540.75,7546.25,7540.5,7544.5
1784767500,7544.5,7549.25,7543.5,7546.5
1784768400,7546.5,7549.5,7544.5,7547.25
1784769300,7547.5,7548,7543.25,7543.75
1784770200,7544,7546,7539,7539.25
1784771100,7539,7542.25,7538.25,7538.75
1784772000,7538.75,7541.75,7536,7536.25
1784772900,7536.25,7537,7529.5,7530.75
1784773800,7531,7534.25,7526.5,7528
1784774700,7528,7531.75,7527.5,7530.75
1784775600,7531,7531.25,7521.5,7523.75
1784776500,7523.75,7525.5,7520.75,7525.25
1784777400,7525.25,7528.25,7522.75,7527.75
1784778300,7527.75,7529,7525.75,7527
1784779200,7527,7529,7521.25,7528.5
1784780100,7529,7533.75,7527.25,7532.25
1784781000,7532,7533.25,7529.75,7530
1784781900,7530,7531.75,7525.75,7527.25
1784782800,7527.5,7528,7524,7527
1784783700,7526.75,7533.75,7524.5,7533.75
1784784600,7533.75,7535.5,7528.25,7529.75
1784785500,7529.75,7530,7521.5,7522.75
1784786400,7522.5,7526.25,7522,7524.25
1784787300,7524.25,7526.5,7522.5,7525.75
1784788200,7525.75,7526.5,7520,7520.25
1784789100,7520.25,7525.5,7519.25,7519.75
1784790000,7519.75,7520.5,7498.5,7505
1784790900,7505.25,7513.25,7505.25,7509.5
1784791800,7509.5,7510.25,7497.5,7498.5
1784792700,7498.25,7504.5,7495.25,7504.5
1784793600,7504.25,7512.75,7498.75,7511.25
1784794500,7511,7515.25,7508.75,7513.5
1784795400,7513.25,7514.5,7507.75,7508.25
1784796300,7508,7519.5,7507.5,7518.75
1784797200,7518.75,7526,7515.25,7515.25
1784798100,7515.25,7517,7512.5,7513.75
1784799000,7513.75,7514,7510,7513.25
1784799900,7513.5,7515.5,7509.25,7511.25
1784800800,7511.25,7514.25,7508.5,7509.25
1784801700,7509.25,7514.25,7508.75,7512.5
1784802600,7512.25,7524.25,7511.75,7520.5
1784803500,7520.5,7522.5,7519.5,7520.5
1784804400,7520.25,7521.75,7510.5,7514
1784805300,7513.75,7515.75,7502.5,7504.5
1784806200,7504.5,7505.75,7490,7493
1784807100,7492.75,7503.25,7490.75,7500
1784808000,7500,7501.5,7492.25,7492.5
1784808900,7492.75,7496.75,7477.75,7481.5
1784809800,7481.25,7482.5,7466.75,7470.75
1784810700,7470.75,7471.75,7462,7466
1784811600,7465.75,7468,7453.25,7458.25
1784812500,7458.25,7459,7449.25,7453.5
1784813400,7453.5,7486.25,7445,7479
1784814300,7479,7480.5,7453,7455.75
1784815200,7455.75,7469.75,7448.75,7457
1784816100,7456.75,7464.75,7450,7457.75
1784817000,7457.75,7467,7446,7448.75
1784817900,7448.5,7454.75,7440,7443.5
1784818800,7443.75,7445,7424.25,7426.25
1784819700,7426.25,7437,7418,7419.25
1784820600,7419,7437,7411.75,7426.5
1784821500,7426.5,7439.25,7423.5,7438.25
1784822400,7438.25,7448.75,7435.25,7446
1784823300,7446,7457,7442,7454.75
1784824200,7454.75,7457.5,7449.75,7449.75
1784825100,7449.75,7449.75,7437.75,7446.75
1784826000,7446.75,7449.75,7438,7446
1784826900,7445.75,7452.25,7441.5,7447.75
1784827800,7447.5,7448,7433,7437.75
1784828700,7437.5,7443.25,7431.75,7432
1784829600,7431.75,7434.25,7428.25,7430
1784830500,7430,7435.5,7428.75,7435
1784831400,7434.75,7437.5,7426.75,7429
1784832300,7429,7435.5,7427,7431.25
1784833200,7431.25,7435,7425.5,7427
1784834100,7427.25,7440.75,7427,7436.25
1784835000,7436.25,7438.5,7424,7424
1784835900,7424.25,7447.75,7418.5,7444
1784836800,7444,7456,7443.5,7453.25
1784837700,7453.25,7458,7452.75,7455.25
1784838600,7455.25,7458.25,7452.5,7453.5
1784839500,7453.5,7456.5,7452.25,7455.75
1784844000,7450.5,7454,7442.75,7445
1784844900,7444.75,7450,7443.5,7446.5
1784845800,7447,7450,7446.5,7448.5
1784846700,7448.5,7454,7448.25,7453.25
1784847600,7453.25,7453.75,7447.75,7449.25
1784848500,7449.25,7451,7448,7450.25
1784849400,7449.75,7450.75,7444.5,7448.5
1784850300,7449,7452.25,7445,7449
1784851200,7449.25,7455.25,7443.5,7447.25
1784852100,7447.5,7455.25,7444.5,7450.75
1784853000,7451,7456,7446.75,7454.25
1784853900,7454.5,7457,7448.5,7454.25
1784854800,7454.5,7457.25,7452.5,7453
1784855700,7453.25,7457.5,7451,7453.25
1784856600,7453.25,7459.25,7452.5,7457
1784857500,7456.75,7457.25,7450.25,7451
1784858400,7451,7453.25,7448.5,7451.5
1784859300,7451.5,7452.75,7448,7450
1784860200,7450,7450,7442.25,7442.25
1784861100,7442.25,7443,7439.25,7439.5
1784862000,7439.5,7443,7439.25,7441.75
1784862900,7441.75,7444,7440,7442.25
1784863800,7442.25,7443.25,7438,7439
1784864700,7438.75,7441.25,7436.75,7437.25
1784865600,7437.5,7441,7435.25,7437
1784866500,7437.25,7444.75,7436.75,7444.25
1784867400,7444.25,7444.5,7437.5,7439.75
1784868300,7439.75,7443.75,7438.5,7443.5
1784869200,7443.25,7448,7441.5,7446.25
1784870100,7445.75,7449.25,7444.25,7446.75
1784871000,7447,7448.25,7444.75,7447.75
1784871900,7447.5,7450.5,7442,7442
1784872800,7442.25,7442.75,7436.5,7437.5
1784873700,7437.75,7447.25,7437,7441.75
1784874600,7441.75,7445,7437.5,7437.5
1784875500,7437.75,7443.5,7433.75,7442.5
1784876400,7442.75,7456.25,7442,7456
1784877300,7456,7462.75,7454.25,7461.75
1784878200,7462,7463.25,7454.5,7456.75
1784879100,7456.75,7458.5,7455.5,7456.5
1784880000,7456.75,7456.75,7449.25,7451.25
1784880900,7451.25,7459,7451,7458.75
1784881800,7458.75,7462,7457.25,7459.5
1784882700,7459.25,7459.75,7456,7457.25
1784883600,7457.5,7465.25,7456.25,7459.75
1784884500,7459.5,7465,7457.75,7463.5
1784885400,7463.75,7467,7462,7466.25
1784886300,7466.25,7467.5,7463.75,7465.75
1784887200,7465.75,7467,7460,7461.5
1784888100,7461.25,7462.75,7459.25,7461.75
1784889000,7461.75,7464.5,7459,7460.75
1784889900,7460.25,7461.75,7457.75,7458.5
1784890800,7458.5,7463,7458,7460.75
1784891700,7461,7462.5,7458.75,7459.75
1784892600,7459.5,7460.75,7455.25,7455.25
1784893500,7455.25,7469,7453,7465
1784894400,7465,7467.75,7457.5,7466.5
1784895300,7466.5,7467.75,7460.5,7466
1784896200,7465.75,7466.5,7454.5,7455.5
1784897100,7455.75,7456.5,7449,7450.25
1784898000,7450,7451.75,7446.5,7450.25
1784898900,7450,7453.75,7443.5,7443.75
1784899800,7444,7455,7442.25,7446.5
1784900700,7446.75,7457.25,7432.5,7433.5
1784901600,7433.75,7458.25,7431.5,7454
1784902500,7454,7458.5,7438.5,7450.25
1784903400,7450.25,7451,7437,7437.5
1784904300,7437.75,7466.5,7432.75,7465
1784905200,7464.75,7481.25,7454.75,7478
1784906100,7478,7491,7472.25,7485.25
1784907000,7485.5,7492,7479.5,7481.75
1784907900,7482,7491,7478,7489.75
1784908800,7489.75,7496.5,7485.75,7489
1784909700,7489,7495.25,7487.5,7491.25
1784910600,7491.25,7491.5,7475.5,7475.75
1784911500,7475.5,7477.5,7466.25,7473.5
1784912400,7473.75,7475,7461,7468.5
1784913300,7468.25,7477.5,7465.5,7476.25
1784914200,7476.25,7481,7469.75,7470
1784915100,7469.75,7474.5,7468.25,7469
1784916000,7469,7472.25,7464,7465.25
1784916900,7465,7465.75,7448.75,7449.5
1784917800,7449.5,7450.75,7435.5,7437.5
1784918700,7437.5,7446.25,7436.75,7443.25
1784919600,7443.25,7448.5,7434,7435.5
1784920500,7435.5,7439.5,7432,7435.5
1784921400,7435.75,7445.75,7435.5,7442
1784922300,7442,7451,7435.5,7447.75
1784923200,7448,7449,7441.75,7444.75
1784924100,7445,7450,7443.25,7443.75
1784925000,7443.75,7444.5,7439.25,7444.25
1784925900,7444.5,7447.25,7442.25,7444
1785103200,7490,7509.5,7486,7494.25
1785104100,7494.25,7497.75,7491.5,7494.75
1785105000,7495,7498.5,7494.25,7495.25
1785105900,7495.25,7495.25,7491.25,7491.75
1785106800,7492,7499,7491,7498.75
1785107700,7498.75,7500.5,7497.25,7498.75
1785108600,7498.5,7505.5,7498.5,7504.25
1785109500,7504.25,7512,7501.75,7511
1785110400,7511,7512,7500.75,7509.25
1785111300,7509.25,7509.25,7496.25,7500
1785112200,7500,7502.25,7494.75,7494.75
1785113100,7494.75,7499.5,7492.5,7492.75
1785114000,7492.5,7496.5,7490,7491
1785114900,7491,7492.5,7487,7489.75
1785115800,7489.75,7499.25,7489.5,7496
1785116700,7495.75,7498.5,7493.5,7498
1785117600,7498.25,7500.5,7495.75,7498.5
1785118500,7498.5,7502,7497.25,7500
1785119400,7500,7502.25,7496.75,7501.5
1785120300,7501.25,7502.5,7498,7499.25
1785121200,7499.25,7503.25,7499,7503
1785122100,7503,7503.5,7500.5,7500.75
1785123000,7501,7502.5,7498.25,7500.5
1785123900,7500.25,7501,7498,7499.5
1785124800,7499.5,7502,7498.75,7502
1785125700,7501.75,7503.75,7499.5,7501.5
1785126600,7501.5,7505.75,7500,7505.25
1785127500,7505.25,7507,7504,7504.75
1785128400,7504.75,7509.5,7504.25,7509
1785129300,7508.75,7510.5,7508,7510.5
1785130200,7510.5,7517,7509.5,7512.25
1785131100,7512.5,7515.25,7512,7514.5
1785132000,7514.5,7520,7514.5,7517.5
1785132900,7517.25,7518.25,7514,7515
1785133800,7514.75,7516.75,7512.75,7513.75
1785134700,7513.75,7514,7510.75,7511.75
1785135600,7511.75,7517,7511,7516.75
1785136500,7516.75,7517.25,7512.75,7513
1785137400,7513,7513,7508.75,7511.5
1785138300,7511.25,7512.25,7505.75,7505.75
1785139200,7505.75,7512.25,7505.5,7512.25
1785140100,7512,7515.75,7509.75,7514.75
1785141000,7515,7519.75,7512.75,7519
1785141900,7519,7520,7517.25,7519.25
1785142800,7519.25,7519.25,7516.5,7517
1785143700,7517,7520,7516.5,7517.75
1785144600,7517.75,7522.5,7517,7522
1785145500,7521.75,7524.75,7521.5,7522.25
1785146400,7522.25,7523.25,7518.5,7520.5
1785147300,7520.75,7522,7519.75,7520.75
1785148200,7521,7522.75,7519.25,7522.5
1785149100,7522.25,7524.25,7521.5,7521.75
1785150000,7521.75,7522,7516.75,7517.75
1785150900,7517.5,7519.25,7508.25,7509
1785151800,7509,7515,7507.75,7512.25
1785152700,7512.25,7513.25,7511.25,7511.75
1785153600,7511.75,7515.25,7504.5,7505.25
1785154500,7505.25,7509.5,7505,7508.25
1785155400,7508.25,7511.75,7506.5,7511.75
1785156300,7511.5,7514.5,7510.75,7513.25
1785157200,7513.5,7515.25,7510,7512.5
1785158100,7512.5,7514,7507,7507.5
1785159000,7507.75,7514,7492.5,7493.25
1785159900,7493.5,7500,7473.75,7474
1785160800,7474,7479.25,7462.5,7467.5
1785161700,7467.75,7473.5,7439.75,7440.75
1785162600,7441,7443.5,7423,7426
1785163500,7426,7457.25,7426,7455.5
1785164400,7455.75,7461.75,7449.5,7452.25
1785165300,7452.25,7453.5,7436.75,7441
1785166200,7441,7441.5,7421.25,7432.5
1785167100,7432.5,7434.5,7424.75,7433
1785168000,7433,7445.25,7431.75,7432.75
1785168900,7432.5,7455.25,7426.75,7445.5
1785169800,7445.5,7452,7438.25,7441.5
1785170700,7441.5,7446.25,7424.25,7428
1785171600,7428.25,7429,7418.5,7424.25
1785172500,7424.5,7425.75,7416.25,7420
1785173400,7420,7430.75,7419.75,7426
1785174300,7426,7436.5,7423.25,7436
1785175200,7436.25,7437.5,7432.5,7435.5
1785176100,7435.5,7436.25,7428,7434.25
1785177000,7434.25,7434.5,7424,7432.75
1785177900,7432.75,7450.5,7431.25,7448.75
1785178800,7448.75,7454,7442.75,7448.75
1785179700,7448.75,7455.75,7448.75,7454.75
1785180600,7454.5,7456.75,7446.5,7448.25
1785181500,7448.25,7451,7443.75,7449.25
1785182400,7449.25,7454.25,7445,7448
1785183300,7448,7449.25,7446.25,7448.75
1785184200,7448.5,7456.5,7448,7452.75
1785185100,7452.75,7453.5,7449.75,7453.5
1785189600,7453,7456,7446.75,7447
1785190500,7447.25,7448.75,7444,7444.75
1785191400,7444.75,7448.5,7444.75,7445.5
1785192300,7445.75,7447.25,7444,7444.5
1785193200,7444.5,7447.25,7440,7444
1785194100,7443.5,7449,7441.75,7449
1785195000,7448.5,7448.75,7444.75,7445.25
1785195900,7445.5,7450,7442,7447.75
1785196800,7448.25,7452,7438.25,7441.75
1785197700,7441.5,7444,7436.25,7440.5
1785198600,7440.5,7445,7434.25,7443.5
1785199500,7443.25,7443.25,7435.5,7437.75
1785200400,7437.5,7438.75,7425,7427.75
1785201300,7427.75,7441.25,7426.25,7438
1785202200,7437.75,7443.5,7436.5,7441.25
1785203100,7441,7443.5,7432,7434.25
1785204000,7434.5,7435,7429,7430.75
1785204900,7430.5,7435.75,7428,7430.25
1785205800,7430.25,7431,7427,7428
1785206700,7428.25,7433.5,7426.75,7430.5
1785207600,7430.5,7431,7424,7428.5
1785208500,7428.5,7438,7427.75,7429.75
1785209400,7429.75,7442,7425.75,7440.25
1785210300,7440.5,7442,7437.5,7440.5
1785211200,7440.5,7440.5,7430,7430.75
1785212100,7430.75,7435.75,7429.75,7430.5
1785213000,7430.25,7431.75,7428.5,7430.75
1785213900,7430.5,7434.75,7426,7427.25
1785214800,7427.5,7431.5,7426.5,7427.25
1785215700,7427,7429,7424,7424.75
1785216600,7424.75,7425.25,7419,7422
1785217500,7422,7425.5,7419.5,7420.75
1785218400,7421.25,7424.5,7419.5,7423
1785219300,7423,7426.5,7419.75,7425.5
1785220200,7425.5,7429.5,7423.75,7427.25
1785221100,7427.25,7431.5,7424.25,7429.75
1785222000,7429.75,7436.75,7429,7435.75
1785222900,7435.75,7438.5,7434,7435.25
1785223800,7435,7437.5,7433.25,7434.5
1785224700,7434.25,7436.5,7429.25,7433.25
1785225600,7433.5,7436.5,7425.25,7426.25
1785226500,7426.25,7444.5,7425.5,7442.75
1785227400,7443,7446.25,7438.75,7444.5
1785228300,7444.5,7449,7440.25,7442
1785229200,7441.75,7445.25,7440.25,7441.5
1785230100,7441.75,7445.75,7441.75,7445.25
1785231000,7445.5,7445.5,7441.5,7442.25
1785231900,7442.5,7444.75,7438,7439.75
1785232800,7439.5,7441.25,7438,7439
1785233700,7439,7442.5,7436.75,7442.5
1785234600,7442.5,7444.25,7433.75,7437
1785235500,7437,7442.5,7436.5,7442.25
1785236400,7442.25,7446.25,7432.5,7433.25
1785237300,7433.25,7450,7433.25,7438
1785238200,7438,7450,7433,7437.5
1785239100,7437.5,7452.5,7437,7450.75
1785240000,7450.75,7455,7448.25,7450.5
1785240900,7450.75,7458,7448.5,7457
1785241800,7457.25,7460.5,7451.25,7459.5
1785242700,7459.5,7467,7455.5,7456.5
1785243600,7456.5,7459.25,7452.75,7456.25
1785244500,7456,7462.25,7449,7449.75
1785245400,7449.75,7452.5,7423.25,7428.25
1785246300,7428,7439.5,7417,7422
1785247200,7421.75,7439.5,7420,7423.25
1785248100,7423.5,7436.25,7421,7434.75
1785249000,7434.75,7444,7429,7439.75
1785249900,7439.75,7456,7435.75,7444
1785250800,7444.25,7454.75,7437.5,7451.5
1785251700,7451.5,7477.25,7449.25,7469.25
1785252600,7469.25,7478.5,7467.25,7478.25
1785253500,7478.25,7482.25,7475,7479.5
1785254400,7479.75,7481,7472.5,7474
1785255300,7474,7478.5,7469.5,7470
1785256200,7469.75,7479.25,7466.75,7477
1785257100,7477,7485.75,7471.25,7484
1785258000,7484,7485.5,7469.5,7471
1785258900,7471,7479.5,7468.25,7470.75
1785259800,7470.75,7477,7464,7465.5
1785260700,7465.5,7471.75,7462.75,7469.5
1785261600,7469.75,7473.25,7462,7462.25
1785262500,7462.25,7467.5,7462,7463.75
1785263400,7464,7469,7463,7465.5
1785264300,7465.5,7474,7464.75,7472.25
1785265200,7472.25,7477.5,7471.25,7472.5
1785266100,7472.5,7476.75,7470.75,7475
1785267000,7475.25,7475.5,7467.25,7471
1785267900,7471,7475,7462.5,7466
1785268800,7466,7469.25,7458.25,7467
1785269700,7467.25,7474,7464.25,7472.5
1785270600,7472.5,7473.5,7465.75,7467.5
1785271500,7467.5,7469.25,7466,7467.5
1785276000,7464,7474,7464,7467.25
1785276900,7467.25,7468.25,7457.25,7462
1785277800,7461.75,7463,7450.75,7453.25
1785278700,7453.25,7457.25,7450.5,7451.75
1785279600,7452,7465.5,7449.25,7463.5
1785280500,7463.5,7471,7459.5,7468.75
1785281400,7468.75,7484,7467.5,7482.75
1785282300,7482.5,7495.25,7479.75,7494.75
1785283200,7494.75,7499.25,7490.25,7494.5
1785284100,7494.25,7501,7490.75,7493
1785285000,7493,7495.25,7487.5,7492.75
1785285900,7492.75,7494.75,7485.25,7486.75
1785286800,7486.75,7489.25,7471.5,7472.75
1785287700,7472.5,7481,7468.75,7478.25
1785288600,7478,7479,7467,7467.5
1785289500,7467.25,7468.75,7455,7455.5
1785290400,7455.25,7465.25,7453.25,7463
1785291300,7462.75,7466.5,7457.75,7466.5
1785292200,7466.25,7468.75,7463.5,7466.25
1785293100,7466.25,7466.5,7460.75,7463.25
1785294000,7463.25,7468,7457.25,7461
1785294900,7460.75,7462.25,7455.5,7455.75
1785295800,7455.5,7457.5,7451.25,7454.75
1785296700,7454.75,7456.75,7445,7447.25
1785297600,7447.75,7448.5,7443.75,7445
1785298500,7445,7448.25,7442.25,7445
1785299400,7444.75,7447,7439.75,7440
1785300300,7440.25,7450.5,7438.5,7450.5
1785301200,7450.75,7461,7448.5,7461
1785302100,7460.75,7461.5,7454.75,7459.75
1785303000,7459.75,7462.75,7457,7460.75
1785303900,7461.25,7462,7456.5,7457.75
1785304800,7457.5,7458.25,7451.25,7455
1785305700,7455,7461.25,7454,7461
1785306600,7460.75,7474.25,7460.75,7473.75
1785307500,7473.5,7480,7471.5,7478.75
1785308400,7478.75,7483.25,7474.75,7479.5
1785309300,7479.5,7482.5,7476.75,7482
1785310200,7482.25,7485,7479.75,7482.5
1785311100,7482.5,7483.25,7478.5,7481.25
1785312000,7481.25,7482,7474.25,7474.75
1785312900,7474.75,7477.5,7469,7471.25
1785313800,7471.5,7483.25,7470,7482.5
1785314700,7482.25,7486,7479.25,7480.75
1785315600,7481,7483.75,7479.5,7482.5
1785316500,7482.5,7482.75,7478.75,7480
1785317400,7480,7484,7477.5,7482.75
1785318300,7483,7492,7482.75,7485.75
1785319200,7485.75,7488.5,7481.25,7483.5
1785320100,7483.75,7485.75,7481,7484.5
1785321000,7484.5,7486.25,7477.25,7480.75
1785321900,7480.75,7481.75,7476,7477.5
1785322800,7478,7484,7476.25,7481.5
1785323700,7481.25,7484.75,7480,7481.75
1785324600,7481.75,7482.75,7476.5,7478
1785325500,7478,7482.75,7476.75,7480.75
1785326400,7480.75,7481.5,7470.75,7471.75
1785327300,7472,7472.75,7456.5,7459
1785328200,7458.75,7466.5,7455.5,7466.25
1785329100,7466.25,7467,7462.5,7463.5
1785330000,7463.5,7464.5,7453.75,7454.5
1785330900,7454.5,7464.75,7452,7456.5
1785331800,7456.25,7461,7444.25,7453.25
1785332700,7453.5,7459,7422,7430
1785333600,7430,7439.75,7406,7410
1785334500,7410.25,7420.5,7398.25,7404.75
1785335400,7404.75,7414.5,7393,7398
1785336300,7397.75,7409.5,7394.5,7403.75
1785337200,7403.75,7412.5,7400,7402.25
1785338100,7402.25,7410.75,7399,7400
1785339000,7400.25,7405.75,7393,7395.75
1785339900,7395.5,7401.5,7385.75,7393
1785340800,7393.25,7396,7375.5,7375.5
1785341700,7375.5,7394.75,7371.75,7394
1785342600,7393.75,7398.75,7384,7387.75
1785343500,7387.75,7404.5,7385.5,7404.5
1785344400,7404.25,7422,7402.75,7421.5
1785345300,7421.75,7428.25,7412.5,7413
1785346200,7413,7419.5,7408.5,7413.25
1785347100,7413.5,7420,7409.25,7419.5
1785348000,7419.75,7451.5,7418.5,7429.5
1785348900,7429.75,7438.25,7418.25,7428.5
1785349800,7428.5,7466,7414.75,7463.25
1785350700,7463.25,7482.75,7460.5,7475.25
1785351600,7475.25,7482,7434.25,7443.25
1785352500,7443.5,7452.25,7396.5,7405.5
1785353400,7405.5,7411,7362.25,7366.5
1785354300,7366.5,7375.25,7345.75,7350.25
1785355200,7350.25,7358,7326.25,7336.5
1785356100,7337,7343.25,7324,7331
1785357000,7330.75,7346.5,7324.5,7341
1785357900,7340.75,7343.5,7334.5,7335.25
1785362400,7338,7374,7331,7369
1785363300,7369.25,7376.5,7366.5,7371.25
1785364200,7371.25,7373.25,7367.5,7372.5
1785365100,7372.5,7375.75,7367.5,7370
1785366000,7370,7379.75,7369.5,7373.25
1785366900,7373.5,7379.75,7372.5,7378.25
1785367800,7378.25,7382.75,7375.25,7377.5
1785368700,7377.5,7382.25,7374.5,7378.25
1785369600,7378.5,7387.75,7372,7384.5
1785370500,7384.5,7385.75,7374.5,7378.5
1785371400,7378.75,7381.25,7368,7370.75
1785372300,7370.5,7377.75,7369.25,7375.75
1785373200,7376.25,7389,7374.25,7378
1785374100,7378,7387,7377.25,7386
1785375000,7386,7392,7385.75,7391
1785375900,7391,7392.25,7388.25,7388.75
1785376800,7389,7392.75,7386.25,7387
1785377700,7386.75,7390.5,7384.75,7386
1785378600,7386,7387.5,7381.5,7387
1785379500,7387.25,7388.75,7377.5,7378.25
1785380400,7378.25,7384,7372.25,7373.75
1785381300,7374,7375,7370.75,7373.25
1785382200,7373.25,7378.25,7369.5,7375.25
1785383100,7375.25,7378.5,7372.75,7375
1785384000,7375,7376.5,7370.25,7370.75
1785384900,7370.5,7379.25,7368.75,7378.5
1785385800,7378.5,7378.75,7369,7369.75
1785386700,7369.5,7375.25,7366.25,7367.5
1785387600,7367.75,7368.5,7361.75,7365.75
1785388500,7365.75,7370.75,7365.25,7368.5
1785389400,7368.25,7373,7366.75,7372.25
1785390300,7372.5,7377,7365.25,7368.5
1785391200,7368.5,7369.25,7363.25,7364
1785392100,7363.75,7367.5,7359,7364.5
1785393000,7364.5,7364.5,7358.5,7358.75
1785393900,7358.75,7364.5,7358.5,7363.75
1785394800,7364,7382.25,7361.75,7375.5
1785395700,7375.5,7376.25,7362.5,7365.25
1785396600,7365.25,7368,7354.25,7365.75
1785397500,7365.5,7367.75,7358.5,7359.5
1785398400,7359.5,7371.5,7351.5,7368.25
1785399300,7368.25,7378.75,7366.25,7376.5
1785400200,7376.5,7378.75,7373,7374
1785401100,7374,7376.25,7368.5,7372.75
1785402000,7372.5,7383.75,7371.25,7379.75
1785402900,7380,7385,7378,7383.25
1785403800,7383,7388,7380.5,7382.75
1785404700,7382.75,7384.5,7374,7374.5
1785405600,7374.5,7382.25,7371.5,7377.25
1785406500,7377.5,7388.5,7377,7386
1785407400,7386,7391.5,7384,7389.75
1785408300,7389.5,7392.5,7383.75,7385
1785409200,7385.25,7393,7385.25,7390.5
1785410100,7390.5,7397.75,7389.75,7397.5
1785411000,7397.5,7399.25,7393.75,7395.25
1785411900,7395.25,7402,7395.25,7399.75
1785412800,7399.5,7404.75,7395.75,7404.25
1785413700,7404.25,7404.75,7396,7399.75
1785414600,7399.75,7406,7393,7395
1785415500,7395.25,7400.75,7392.75,7398.75
1785416400,7398.75,7410,7397.75,7402.5
1785417300,7402.5,7414.75,7401.25,7414.25
1785418200,7414.5,7421.5,7399.75,7417.5
1785419100,7417.25,7440,7416.75,7439.75
1785420000,7439.5,7443.75,7427.5,7433
1785420900,7433,7446.5,7426.75,7439.5
1785421800,7439.75,7444.5,7430,7431.5
1785422700,7431.75,7434.5,7408.75,7415.25
1785423600,7415.25,7421.25,7401,7401.5
1785424500,7401.5,7414.5,7399,7401
1785425400,7400.75,7422.75,7399.25,7419.25
1785426300,7419.5,7430,7416.25,7424.5
1785427200,7424.5,7443,7421.75,7441.75
1785428100,7441.75,7445.5,7439,7441
1785429000,7441,7444.25,7431.25,7434.25
1785429900,7434.25,7445.75,7433.75,7443.75
1785430800,7443.75,7455.5,7443.75,7451
1785431700,7450.75,7456.5,7450.25,7451.75
1785432600,7451.75,7455.5,7445.75,7453.25
1785433500,7453.25,7457.75,7450.25,7451.5
1785434400,7451.75,7456.75,7450.5,7456
1785435300,7455.75,7458,7454.25,7457.5
1785436200,7457.5,7459.75,7454,7457
1785437100,7457,7462.5,7456.75,7461.5
1785438000,7461.5,7477.75,7461.25,7474.25
1785438900,7474.5,7478.5,7471.25,7471.5
1785439800,7471.5,7473.5,7468,7471.75
1785440700,7471.5,7476.5,7464.25,7472.75
1785441600,7473,7492,7468,7486.75
1785442500,7486.75,7492,7485.25,7490.25
1785443400,7490.5,7498,7476.25,7481
1785444300,7480.75,7482,7472,7474.5
1785448800,7479.5,7480.25,7468.25,7476.5
1785449700,7476.25,7480.75,7472.75,7475
1785450600,7475,7482.5,7472.5,7482.25
1785451500,7482.25,7485.5,7481.5,7484.5
1785452400,7484.5,7489.25,7482.25,7483
1785453300,7482.75,7484,7480.25,7482.75
1785454200,7482.75,7487.75,7482,7487.75
1785455100,7487.75,7491.5,7485,7487.75
1785456000,7487.75,7496.5,7484.75,7495.75
1785456900,7495.5,7498,7493,7494.25
1785457800,7494,7497.25,7493.75,7496.5
1785458700,7497,7497,7491.25,7495
1785459600,7495,7502,7495,7500
1785460500,7500,7504.5,7499.75,7502.25
1785461400,7502.25,7502.75,7496.5,7497
1785462300,7497,7498,7494.25,7497.75
1785463200,7497.75,7500.5,7494.25,7494.75
1785464100,7495,7495,7491.25,7492.5
1785465000,7492.5,7493.75,7488.5,7492.25
1785465900,7492.5,7493.75,7489.25,7493
1785466800,7492.75,7493.5,7488.25,7491.25
1785467700,7491,7497.25,7491,7496.25
1785468600,7496.5,7498.75,7496,7497.25
1785469500,7497.25,7498,7493.25,7497.25
1785470400,7496.75,7498.5,7492.5,7498.25
1785471300,7498,7503.25,7496.75,7503
1785472200,7503,7507.75,7502.25,7507.5
1785473100,7507.5,7509.25,7506,7508.75
1785474000,7508.75,7509.75,7507,7508.25
1785474900,7508.25,7510.25,7507.5,7509
1785475800,7509.25,7510.75,7505.5,7506.75
1785476700,7506.5,7509.75,7505.75,7508.25
1785477600,7508.25,7511.25,7507.25,7510.25
1785478500,7510.5,7511,7506.5,7508
1785479400,7508,7508,7493.25,7496.5
1785480300,7496.5,7498.25,7491.75,7496.5
1785481200,7496.25,7507.5,7493.25,7505.75
1785482100,7505.75,7509.25,7500.75,7505.25
1785483000,7505.25,7507.5,7502.75,7506.75
1785483900,7506.75,7508.25,7502.75,7506.75
1785484800,7506.5,7510.5,7503,7510.5
1785485700,7510.5,7513,7508,7511.5
1785486600,7511.25,7512.25,7507.25,7508.25
1785487500,7508.25,7513.75,7508,7513
1785488400,7513,7517.75,7511.25,7516
1785489300,7516,7516.75,7511.5,7511.75
1785490200,7511.75,7512.5,7504,7506.5
1785491100,7506.25,7508.25,7503.75,7504.25
1785492000,7504,7508.25,7502,7507.25
1785492900,7507.5,7512,7506.75,7509.5
1785493800,7509.5,7510.5,7504.25,7508.25
1785494700,7508.25,7509.5,7504.75,7506.75
1785495600,7506.75,7511.5,7506,7506.75
1785496500,7507,7507,7499.25,7499.75
1785497400,7500,7500,7494.5,7496.25
1785498300,7496.25,7500.5,7495.75,7499.25
1785499200,7499.5,7499.5,7489.75,7490.5
1785500100,7490.25,7492.75,7486,7491.5
1785501000,7491,7492,7479.5,7483
1785501900,7483.25,7487,7480.25,7483
1785502800,7483,7491,7481,7490
1785503700,7490,7499.5,7490,7498.75
1785504600,7499,7515.5,7479.75,7482.75
1785505500,7483,7487.75,7466.75,7470.75
1785506400,7470.5,7475.25,7430.5,7435.75
1785507300,7435.5,7456.5,7427.5,7456
1785508200,7456,7468.25,7452,7467.5
1785509100,7467.5,7481.25,7466,7477
1785510000,7477,7479.75,7462.5,7473.25
1785510900,7473,7482.5,7452.5,7454.75
1785511800,7454.5,7475.25,7449.25,7470
1785512700,7470,7485,7462.75,7482.5
1785513600,7482.5,7488,7475.75,7486.75
1785514500,7486.75,7496,7479,7496
1785515400,7496,7501,7492.5,7493.5
1785516300,7493.5,7503,7491.25,7497.5
1785517200,7497.5,7505,7496.5,7504
1785518100,7504,7516,7502.75,7514.75
1785519000,7514.75,7517,7507.5,7510
1785519900,7510,7513,7503.25,7506
1785520800,7505.75,7512,7504.25,7508.5
1785521700,7508.5,7516,7508,7512
1785522600,7512,7514.5,7508,7512
1785523500,7512.25,7516.75,7510,7513
1785524400,7512.75,7517.25,7509,7514.75
1785525300,7514.75,7531,7514.25,7526.75
1785526200,7526.75,7533.25,7520,7532.75
1785527100,7532.75,7541,7514.75,7520
1785528000,7520.25,7527.75,7516.75,7521.75
1785528900,7521.75,7521.75,7517,7519
1785529800,7518.75,7521,7517,7518.5
1785530700,7518.5,7519.75,7499,7503.5
1785708000,7550,7559,7545.5,7555.5
1785708900,7555.5,7556.25,7549.5,7551.25
1785709800,7551.25,7552.75,7549.25,7549.25
1785710700,7549,7550.25,7544.5,7545.5
1785711600,7545.75,7550.5,7543.5,7545
1785712500,7545.25,7549.75,7545.25,7548.75
1785713400,7549,7551.5,7548,7550
1785714300,7550.25,7555,7546.75,7551.5
1785715200,7551.5,7554.25,7546.25,7554
1785716100,7553.75,7556.75,7545.5,7547
1785717000,7546.75,7553.75,7546.5,7549.5
1785717900,7549.5,7554.5,7548.25,7554.25
1785718800,7554,7556.25,7550.75,7551.75
1785719700,7551.75,7555.75,7549.75,7555.25
1785720600,7555,7557.25,7552.75,7556.75
1785721500,7557,7558.75,7555.75,7558
1785722400,7558,7560,7556.5,7559
1785723300,7559,7561.75,7557,7557
1785724200,7557,7560.5,7556.5,7558.5
1785725100,7558.75,7561,7558.5,7560.5
1785726000,7560.5,7562,7560.5,7561.5
1785726900,7561.75,7562.5,7558.75,7558.75
1785727800,7559,7562.5,7558.25,7562.5
1785728700,7562.5,7564.5,7561.5,7561.75
1785729600,7561.75,7563,7561,7562.5
1785730500,7562.5,7565,7562.5,7564.5
1785731400,7564.75,7565.5,7564,7565.25
1785732300,7565.25,7567,7563,7563.25
1785733200,7563.5,7565.25,7562,7563.75
1785734100,7563.5,7564.5,7561.75,7563.25
1785735000,7563.25,7564,7562.25,7563
1785735900,7563,7563.5,7560.25,7563
1785736800,7563.25,7566,7562,7563.75
1785737700,7563.5,7564,7558.75,7559.75
1785738600,7559.75,7562,7558.25,7558.25
1785739500,7558,7559,7555.75,7556.75
1785740400,7557,7561.25,7553,7560
1785741300,7560,7561.75,7552.75,7556.75
1785742200,7556.75,7560,7553.25,7554
1785743100,7553.75,7560,7553.5,7559.75
1785744000,7559.75,7560,7550.75,7555
1785744900,7555,7555.25,7547.5,7550.25
1785745800,7550.5,7557.25,7547.75,7554.5
1785746700,7554.5,7559.5,7552.25,7559.5
1785747600,7559.5,7560.25,7554,7556
1785748500,7556,7558.75,7555.25,7556.25
1785749400,7556,7559.75,7555.75,7556.5
1785750300,7556.75,7558.75,7553.5,7557.5
1785751200,7557.5,7560,7555.5,7558.25
1785752100,7558.25,7560.5,7557.25,7560.25
1785753000,7560,7562.5,7558.5,7562.5
1785753900,7562.5,7563,7560.75,7562.75
1785754800,7562.75,7563.25,7557.25,7560
1785755700,7560,7564,7559.5,7561.5
1785756600,7561.5,7567.75,7560.5,7564
1785757500,7563.75,7564.5,7555.75,7557.5
1785758400,7557.25,7557.5,7553.25,7556.5
1785759300,7556.5,7558.75,7553.75,7558
1785760200,7558.25,7565.75,7558.25,7565.5
1785761100,7565.75,7566.25,7562.25,7563.25
1785762000,7563.5,7565,7561.75,7562.5
1785762900,7562.5,7565.75,7544.75,7546
1785763800,7546.25,7571,7542.75,7567.25
1785764700,7567.5,7588.25,7565,7588
1785765600,7587.75,7592.5,7582.75,7591
1785766500,7591,7600,7590,7597.25
1785767400,7597,7603.75,7595,7601.25
1785768300,7601.25,7606,7598.75,7606
1785769200,7606,7606.25,7599.75,7602.5
1785770100,7602.5,7609,7602,7603.25
1785771000,7603,7610.5,7602.5,7608.5
1785771900,7608.5,7614,7608.5,7611.5
1785772800,7611.5,7613.5,7609.25,7611.5
1785773700,7611.25,7617.75,7611,7617
1785774600,7617.25,7618,7613.75,7616.25
1785775500,7616.5,7616.5,7611.75,7613.75
1785776400,7614,7617.75,7611,7616.5
1785777300,7616.75,7623.25,7616.5,7622.5
1785778200,7622.5,7626.25,7621.75,7625
1785779100,7625.25,7629.75,7624.75,7628
1785780000,7628.25,7635,7628,7631.75
1785780900,7631.75,7634.75,7626.25,7627.5
1785781800,7627.5,7632.75,7625,7632.5
1785782700,7632.5,7634.25,7629,7631.25
1785783600,7631,7637.75,7631,7633.5
1785784500,7633.5,7637.25,7633.25,7635.5
1785785400,7635.5,7637,7630.25,7632.5
1785786300,7632.5,7635.75,7625.75,7628.5
1785787200,7628.5,7633,7625.25,7632
1785788100,7632,7636.5,7632,7633
1785789000,7633,7636.5,7632.75,7635.5
1785789900,7635.5,7635.75,7630.25,7631.25
1785794400,7631,7635.5,7629,7632.5
1785795300,7632.5,7635,7632.5,7633.75
1785796200,7633.75,7636.5,7633.25,7636
1785797100,7636,7636,7634.25,7635.25
1785798000,7635.25,7635.75,7633.5,7634.5
1785798900,7634.5,7636.25,7634,7634.75
1785799800,7634.75,7636.25,7632.75,7632.75
1785800700,7633,7636,7632.75,7635.5
1785801600,7635.5,7637.25,7632.25,7634
1785802500,7634,7634,7630.75,7631.25
1785803400,7631.25,7635.25,7629.25,7634.75
1785804300,7634.75,7635.75,7631.75,7632.75
1785805200,7632.75,7635.25,7629.5,7634.25
1785806100,7634,7636.25,7632.25,7636.25
1785807000,7636.25,7640.5,7635.75,7640
1785807900,7640,7647.5,7639.75,7646.5
1785808800,7646.25,7647.5,7639.75,7640.75
1785809700,7640.75,7642.5,7639,7640
1785810600,7640.25,7644,7640.25,7643.75
1785811500,7643.75,7644.25,7641.75,7642.5
1785812400,7642.25,7644,7638.25,7639.5
1785813300,7639.5,7644.5,7639.25,7643.5
1785814200,7643.5,7645.5,7641.75,7642.75
1785815100,7642.75,7645.25,7641.75,7644.75
1785816000,7644.75,7645.25,7641.75,7642.75
1785816900,7643,7645.75,7642.75,7645.5
1785817800,7645.5,7646,7644.75,7645.25
1785818700,7645,7646.5,7644.25,7645.5
1785819600,7645.25,7645.75,7642.75,7643.25
1785820500,7643.25,7646,7643,7645.5
1785821400,7645.25,7649.5,7645.25,7647.25
1785822300,7647,7647.75,7646,7647.5
1785823200,7647.75,7650,7646.75,7649.75
1785824100,7649.75,7649.75,7647,7647.25
1785825000,7647,7648.25,7642.75,7644
1785825900,7644,7644.75,7643,7644.5
1785826800,7644.5,7647.5,7641.5,7643
1785827700,7643,7646,7642.5,7645
1785828600,7645,7648,7642,7642.5
1785829500,7642.5,7646.75,7642,7643.5
1785830400,7643.5,7645,7642,7643.75
1785831300,7644,7645.75,7642,7643.25
1785832200,7643.25,7643.25,7637,7638.25
1785833100,7638.25,7638.5,7635.25,7637.25
1785834000,7637,7637,7632,7633.75
1785834900,7634,7634.5,7631.75,7634.25
1785835800,7634.25,7638.25,7634.25,7637.75
1785836700,7637.75,7638.5,7634.75,7637.5
1785837600,7637.75,7639.75,7636.25,7638.5
1785838500,7638.5,7638.5,7636,7636.5
1785839400,7636.5,7644.75,7635.5,7643.75
1785840300,7643.5,7647.75,7641.5,7643
1785841200,7643.25,7645.25,7641.5,7643.5
1785842100,7643.5,7648.75,7643,7648.5
1785843000,7648.5,7657,7645,7654.75
1785843900,7654.75,7657.75,7651.75,7654.5
1785844800,7654.5,7656.25,7651.25,7651.75
1785845700,7651.75,7655.5,7651.25,7654.5
1785846600,7654.75,7655.75,7652.5,7655.25
1785847500,7655,7655.25,7651,7651
1785848400,7651,7654.75,7649.25,7654
1785849300,7654,7666,7653.25,7657.5
1785850200,7657.5,7673.5,7656,7670
1785851100,7669.75,7686.5,7669.75,7685.5
1785852000,7685.25,7700.75,7682.5,7700.5
1785852900,7700.75,7706.25,7693.5,7697
1785853800,7696.75,7711.75,7692.75,7710
1785854700,7710.25,7716.5,7707.75,7715.25
1785855600,7715.5,7724,7714,7721.25
1785856500,7721.5,7731,7721,7726
1785857400,7726,7735.75,7723.75,7735.25
1785858300,7735.25,7741.25,7733.75,7736.5
1785859200,7736.5,7741.75,7733.25,7734.75
1785860100,7734.5,7745.75,7734.5,7744.5
1785861000,7744.5,7752.75,7742.25,7752.25
1785861900,7752.5,7755.75,7752.25,7755.25
1785862800,7755.25,7765.75,7754.25,7764.75
1785863700,7765,7769,7762,7765.5
1785864600,7765.5,7776,7762,7775.75
1785865500,7776,7783.75,7768,7768.25
1785866400,7768.25,7774.75,7763.5,7774.25
1785867300,7774.25,7777,7771.75,7776
1785868200,7776,7777.25,7766,7769.25
1785869100,7769.5,7775,7769.25,7773
1785870000,7773,7782.5,7772.75,7780.75
1785870900,7780.75,7783,7773,7775
1785871800,7775,7785.25,7773,7784.25
1785872700,7784.25,7786,7761.25,7764
1785873600,7764.25,7781.25,7763.5,7773.75
1785874500,7773.25,7773.25,7761.25,7767
1785875400,7766.75,7773.25,7765,7771
1785876300,7771,7775.5,7770.5,7774.5
1785880800,7772,7778.75,7771,7778.25
1785881700,7778,7781.5,7777.5,7780.25
1785882600,7780.25,7783.25,7777.75,7778
1785883500,7778.25,7780.75,7777.5,7780.75
1785884400,7780.75,7782.75,7778.75,7782
1785885300,7782,7782.5,7779,7779.5
1785886200,7779.5,7780,7775.75,7779.25
1785887100,7779.25,7781.25,7777.25,7777.5
1785888000,7777.25,7780.5,7776,7780.25
1785888900,7780.25,7783.75,7778.5,7783.25
1785889800,7783.5,7785.5,7780.25,7780.5
1785890700,7780.5,7784.25,7779,7784.25
1785891600,7784.25,7784.5,7778.5,7782.25
1785892500,7782.25,7782.5,7777.75,7779
1785893400,7779,7783.75,7778.5,7782.5
1785894300,7782.25,7786,7782.25,7784.25
1785895200,7784.5,7787,7783,7785.5
1785896100,7785.75,7787,7784,7785.25
1785897000,7785,7786.5,7783.75,7786.5
1785897900,7786.5,7788.75,7786,7786.75
1785898800,7786.75,7792,7786.5,7790.75
1785899700,7790.75,7792.5,7787.25,7787.5
1785900600,7787.5,7791.5,7786.5,7791.25
1785901500,7791.25,7792,7789.5,7792
1785902400,7792,7793,7790.5,7790.75
1785903300,7791,7791,7788.25,7789.5
1785904200,7789.25,7792,7789,7791.5
1785905100,7791.25,7792.5,7789.25,7791.25
1785906000,7791.25,7795.5,7790.5,7794.75
1785906900,7794.75,7796.25,7794,7794
1785907800,7794.25,7796.25,7793.25,7796.25
1785908700,7796,7800,7795.75,7798.75
1785909600,7798.5,7799.5,7797,7798.75
1785910500,7798.75,7798.75,7791,7792.75
1785911400,7792.75,7796,7792.5,7794.25
1785912300,7794.5,7798.25,7794,7798
1785913200,7798.25,7799.5,7792.25,7793.75
1785914100,7794,7794.75,7790.75,7790.75
1785915000,7790.75,7792.25,7788,7791
1785915900,7790.75,7793,7790,7793
1785916800,7792.75,7796.75,7786.25,7787.75
1785917700,7788,7789.25,7782.25,7785
1785918600,7785.25,7785.5,7780.25,7782.5
1785919500,7782.75,7785,7780.25,7784.25
1785920400,7784.25,7787.5,7782.5,7785.75
1785921300,7785.75,7788.75,7784,7788.75
1785922200,7788.75,7792,7788.5,7790.25
1785923100,7790,7790.75,7787.25,7788.5
1785924000,7788.5,7790,7787.5,7789
1785924900,7788.75,7793.5,7788.25,7793
1785925800,7793,7795,7791.75,7793
1785926700,7793.25,7798,7792.5,7797.5
1785927600,7797.5,7799,7795.25,7797.5
1785928500,7797.75,7799.75,7794.5,7794.5
1785929400,7794.5,7798,7793.25,7794.5
1785930300,7794.25,7798.25,7792.5,7798
1785931200,7798,7802.75,7797.5,7800.5
1785932100,7800.5,7805.25,7799.25,7803
1785933000,7803.25,7804.5,7795.5,7802.5
1785933900,7802.25,7803.25,7798.5,7799.5
1785934800,7799.5,7808.5,7799.25,7806.5
1785935700,7806.25,7810.25,7803,7809.75
1785936600,7809.75,7820.25,7804,7817
1785937500,7817,7819.5,7795,7819.25
1785938400,7818.75,7818.75,7801,7814
1785939300,7813.75,7816.75,7799.25,7799.75
1785940200,7799.75,7802.5,7788,7792.25
1785941100,7792,7800.5,7776,7786.25
1785942000,7786.5,7791.5,7781.75,7782.5
1785942900,7782.25,7783.5,7761,7768.75
1785943800,7768.75,7777.25,7768.25,7771.5
1785944700,7771.5,7771.5,7754.5,7758
1785945600,7757.75,7762,7750.5,7756
1785946500,7756,7772.5,7753.75,7772.25
1785947400,7772.25,7773.75,7763.25,7767.25
1785948300,7767.25,7773,7764,7769.5
1785949200,7769.75,7773,7762,7766.5
1785950100,7766.25,7769.5,7761.75,7764.75
1785951000,7764.75,7771.75,7762.25,7768.75
1785951900,7768.75,7771.75,7765,7767
1785952800,7767,7774.5,7766.75,7769.5
1785953700,7769.25,7772.75,7768.5,7771
1785954600,7771,7771,7763.25,7767.75
1785955500,7767.5,7771.5,7765,7765.5
1785956400,7765.5,7770,7764,7768.75
1785957300,7769,7771.5,7767.75,7769.25
1785958200,7769.25,7770,7763.5,7766.25
1785959100,7766.25,7768.5,7745.75,7747.75
1785960000,7747.75,7760.5,7746.75,7759.5
1785960900,7759.75,7760.5,7754.75,7757.25
1785961800,7757.25,7761.25,7756.5,7761.25
1785962700,7761.25,7761.75,7758,7758.75
1785967200,7756.75,7761,7756.75,7758.25
1785968100,7758.25,7767.5,7758,7767
1785969000,7766.75,7770.75,7766,7768.75
1785969900,7769,7770.75,7764,7764.25
1785970800,7764.25,7766.5,7762.75,7766.25
1785971700,7766,7767.75,7765,7765.75
1785972600,7765.5,7766.75,7761.75,7763.5
1785973500,7763,7763.5,7760,7761.75
1785974400,7762,7763.25,7757.75,7760.25
1785975300,7760,7762.5,7756.75,7758
1785976200,7758.25,7762,7757.75,7760
1785977100,7760.25,7761.25,7757,7757
1785978000,7757,7757.5,7752.75,7755
1785978900,7755,7755,7748,7749.75
1785979800,7749.75,7754.25,7749.5,7750.75
1785980700,7750.75,7756.5,7750.25,7755
1785981600,7755,7763.75,7755,7761
1785982500,7761,7763.75,7759.5,7760.5
1785983400,7760,7767.25,7758.5,7767.25
1785984300,7767,7768,7763.75,7765
1785985200,7765,7767.25,7764,7765
1785986100,7765,7765.75,7760,7760.75
1785987000,7760.75,7763,7759,7761.75
1785987900,7761.5,7764,7759.25,7763.25
1785988800,7763.5,7763.75,7759.5,7761.25
1785989700,7761.25,7765,7761,7763.75
1785990600,7763.75,7765.25,7759.75,7760.75
1785991500,7760.75,7763,7760,7763
1785992400,7763,7765.5,7761.5,7763.5
1785993300,7763.75,7765.25,7761.25,7763.75
1785994200,7763.75,7764.5,7761.25,7764.5
1785995100,7764.25,7765.25,7760.5,7765
1785996000,7765.25,7765.25,7755.5,7756.25
1785996900,7756.25,7761.5,7754,7761.25
1785997800,7761,7761.5,7755.5,7757.25
1785998700,7757.5,7760.5,7755.25,7759.75
1785999600,7759.75,7764.5,7758,7763.5
1786000500,7763.5,7764.25,7759.75,7760.25
1786001400,7760.25,7760.25,7754.75,7756
1786002300,7756.25,7759,7755.25,7758.5
1786003200,7758.25,7758.75,7750,7753.25
1786004100,7753.25,7760.5,7751.5,7760.5
1786005000,7760.5,7763.5,7760,7761.5
1786005900,7761.5,7765.5,7760,7764.75
1786006800,7764.75,7764.75,7755.25,7756.25
1786007700,7756.5,7761.75,7756.25,7760.25
1786008600,7760.25,7762.25,7758.5,7761
1786009500,7761,7767.5,7761,7767
1786010400,7767,7767.25,7763,7763.5
1786011300,7763.5,7766,7762.25,7765.25
1786012200,7765.25,7765.5,7759.25,7760
1786013100,7759.75,7762,7758.75,7761.75
1786014000,7761.75,7761.75,7750.5,7756
1786014900,7756,7762.75,7755.75,7762
1786015800,7762.25,7765.5,7761.5,7762.25
1786016700,7762,7764.25,7754.5,7759.75
1786017600,7759.75,7760.5,7753.25,7754.25
1786018500,7754.25,7760.25,7751.75,7757
1786019400,7756.75,7761.5,7754.75,7758.25
1786020300,7758.25,7760,7752.5,7754.25
1786021200,7754.25,7754.75,7747.5,7749
1786022100,7749.25,7754.25,7748,7751.75
1786023000,7752,7759,7740.25,7755.25
1786023900,7755.25,7765.5,7755,7759.25
1786024800,7759.25,7767.75,7756,7765.75
1786025700,7765.75,7768.5,7750.75,7754.5
1786026600,7754.75,7759.75,7746.25,7751.5
1786027500,7751.5,7760.75,7745.25,7760
1786028400,7759.75,7762.5,7749,7749.5
1786029300,7749.5,7751,7736,7742.25
1786030200,7742.25,7744.5,7732.75,7733
1786031100,7732.75,7747.5,7729.25,7731
1786032000,7731,7735,7727.25,7729.5
1786032900,7729.5,7734.75,7724.25,7732
1786033800,7732.25,7738.5,7730,7730.25
1786034700,7730.25,7740,7728.75,7739.5
1786035600,7739.5,7741.5,7730.5,7731
1786036500,7731,7734.25,7727.75,7727.75
1786037400,7727.75,7732.5,7726.75,7731
1786038300,7731,7736.25,7729.25,7736.25
1786039200,7736.25,7742.75,7734.5,7741.25
1786040100,7741.5,7747.25,7735.75,7744
1786041000,7744,7744.25,7734.5,7737.25
1786041900,7737.5,7741.25,7736.5,7739.5
1786042800,7739.5,7747.75,7739.5,7743.25
1786043700,7743.25,7744.75,7735.25,7736.5
1786044600,7736.5,7740,7730.5,7732.75
1786045500,7733,7739.25,7727,7735.25
1786046400,7735.25,7741.5,7735.25,7737.75
1786047300,7738,7739,7728.75,7730.25
1786048200,7730.25,7731.75,7727.75,7730.25
1786049100,7730.25,7732.75,7729.75,7731.5
1786053600,7735,7740,7729.75,7739.5
1786054500,7739.25,7741,7736,7736.5
1786055400,7736.5,7736.75,7733.25,7735.75
1786056300,7736,7738.5,7735.5,7737.75
1786057200,7737.75,7738.5,7736.25,7736.75
1786058100,7737,7740.75,7736.75,7738
1786059000,7738,7740,7737.25,7739.75
1786059900,7739.75,7741.25,7738.25,7740
1786060800,7740,7742.5,7736.5,7738
1786061700,7738.25,7738.25,7729,7730.25
1786062600,7730.25,7739.5,7729.75,7734.75
1786063500,7734.75,7737,7730.5,7735.75
1786064400,7735.75,7737.75,7730.75,7731.75
1786065300,7732,7734.25,7727.25,7733.75
1786066200,7733.75,7739.25,7729.5,7732.75
1786067100,7732.5,7734.5,7729.75,7732.75
1786068000,7732.75,7735.25,7729,7732.5
1786068900,7732.5,7734.25,7731.5,7732.5
1786069800,7732.75,7732.75,7726.5,7729.5
1786070700,7729.5,7733.5,7729,7732
1786071600,7732.25,7734.25,7731.75,7732
1786072500,7732,7732.5,7728.5,7730.75
1786073400,7730.5,7732.5,7729.25,7730.25
1786074300,7730.25,7731.25,7728.5,7729
1786075200,7729.25,7730.5,7727.75,7728.25
1786076100,7728.25,7732.25,7725.5,7730.5
1786077000,7730.75,7733.5,7729.5,7729.5
1786077900,7729.5,7732.25,7729,7731.5
1786078800,7731.5,7737,7731.25,7733.75
1786079700,7733.75,7735.5,7733.75,7734.5
1786080600,7734.75,7734.75,7731.75,7733
1786081500,7733,7733.75,7731.5,7731.75
1786082400,7731.75,7738.25,7731.75,7737.75
1786083300,7737.5,7740,7736.25,7739.75
1786084200,7739.75,7739.75,7734.25,7734.75
1786085100,7734.5,7738.5,7734.25,7738
1786086000,7738,7742.75,7736,7742.25
1786086900,7742.25,7742.5,7739.75,7741.5
1786087800,7741.75,7743.75,7739.75,7740.75
1786088700,7740.75,7741.5,7738.25,7740.25
1786089600,7740.5,7746.5,7740.25,7746
1786090500,7746,7746.5,7742,7744
1786091400,7744.25,7747.25,7742,7743.75
1786092300,7743.75,7746.25,7743.25,7745.25
1786093200,7745.5,7747.75,7744.25,7747
1786094100,7747,7749.5,7745,7746.75
1786095000,7747,7748.75,7745.75,7747
1786095900,7747.25,7748.5,7745.5,7745.75
1786096800,7746,7747.25,7745.25,7745.25
1786097700,7745.25,7747,7744,7747
1786098600,7747,7749,7746,7748.75
1786099500,7749,7749.5,7744.75,7746.5
1786100400,7746.25,7751.75,7746.25,7750
1786101300,7749.75,7754.75,7749.75,7753.5
1786102200,7753.5,7756.75,7753,7756
1786103100,7755.75,7756,7748.25,7748.75
1786104000,7748.5,7755.75,7747.25,7753
1786104900,7753,7759.5,7750.5,7757
1786105800,7756.5,7776.5,7754.5,7772.25
1786106700,7772.5,7778.75,7772.25,7774.75
1786107600,7774.75,7776,7760,7761.5
1786108500,7761.5,7762.25,7753.25,7757.25
1786109400,7757.25,7768.5,7753.25,7767
1786110300,7767.25,7770.75,7751.75,7758
1786111200,7758,7763.5,7743.5,7745.75
1786112100,7746,7780.5,7744,7779.5
1786113000,7779.25,7781.25,7764.5,7767.25
1786113900,7767.25,7777.5,7766.25,7776.25
1786114800,7776.25,7781.75,7771.25,7778.75
1786115700,7778.75,7786.75,7775.25,7784.25
1786116600,7784,7786.75,7776.5,7779.5
1786117500,7779.5,7784,7775.5,7778
1786118400,7778,7781.25,7774.75,7777.5
1786119300,7777.5,7781.25,7760.75,7764.75
1786120200,7764.75,7774,7757.75,7773.25
1786121100,7773.25,7776.25,7766.75,7767
1786122000,7767,7771,7765,7768
1786122900,7767.75,7771.75,7764.25,7768.25
1786123800,7768.25,7771.5,7764.5,7769
1786124700,7769,7772.25,7767,7768.75
1786125600,7768.75,7770.25,7761.75,7763
1786126500,7763,7765.5,7761.75,7762
1786127400,7762.25,7764,7756,7757
1786128300,7757.25,7765.5,7756.25,7764.5
1786129200,7764.5,7778.25,7763.75,7776.5
1786130100,7776.75,7782.5,7775.5,7778.25
1786131000,7778.5,7779,7772.75,7773.25
1786131900,7773.25,7785.5,7773,7778.25
1786132800,7778.5,7781.25,7774,7775.25
1786133700,7775.5,7777,7773,7773.25
1786134600,7773.25,7777.25,7773,7776
1786135500,7776,7779.5,7775.25,7777.25
1786312800,7776.75,7779.25,7767,7768.25
1786313700,7768.5,7770.25,7763,7769.25
1786314600,7769.25,7770.5,7766.5,7768.75
1786315500,7768.75,7769.5,7767.75,7768.5
1786316400,7769,7772.25,7767.25,7771.75
1786317300,7771.5,7773.25,7771.25,7771.75
1786318200,7771.75,7772,7767.75,7771.25
1786319100,7771.25,7772.5,7766.75,7767
1786320000,7767,7778,7765.25,7776.25
1786320900,7776.25,7776.25,7770.5,7771
1786321800,7771,7773,7768.75,7769.75
1786322700,7770,7773,7769,7770.75
1786323600,7770.75,7777.25,7769.75,7776.75
1786324500,7777,7780.5,7776.5,7779.25
1786325400,7779.25,7780.25,7776,7780
1786326300,7780,7781.5,7779.25,7780.5
1786327200,7780.5,7781.5,7779.5,7779.5
1786328100,7779.75,7780,7777.5,7779.75
1786329000,7779.75,7782.75,7778.75,7782.75
1786329900,7782.75,7783.25,7781.75,7782.25
1786330800,7782,7783,7780.5,7781
1786331700,7781,7783.25,7780.75,7782.75
1786332600,7782.75,7785.75,7782.25,7785.75
1786333500,7785.75,7786.25,7783,7783.75
1786334400,7783.5,7786,7782.25,7786
1786335300,7786,7788.75,7785.75,7787.25
1786336200,7787.25,7787.25,7783.5,7786.25
1786337100,7786.25,7788.75,7785.75,7787.25
1786338000,7787.5,7790.75,7787.25,7790.25
1786338900,7790.25,7790.5,7788.75,7789
1786339800,7789,7790.25,7788.5,7789
1786340700,7789,7791.25,7788.75,7790.75
1786341600,7790.75,7792.75,7790.25,7791.75
1786342500,7791.5,7792,7784.75,7785.25
1786343400,7785.25,7787,7784.5,7785.5
1786344300,7785.75,7788.25,7785.5,7787
1786345200,7787,7788.75,7783.5,7785.25
1786346100,7785.5,7792.5,7785.25,7792.25
1786347000,7792.25,7794.25,7791.25,7794
1786347900,7794,7796.25,7789.5,7792.25
1786348800,7792.25,7793.75,7789.5,7791.25
1786349700,7791.25,7792.75,7789,7790.75
1786350600,7791,7793.25,7790,7791.25
1786351500,7791.25,7792.25,7789.5,7791.75
1786352400,7791.75,7792.5,7790.5,7792
1786353300,7792,7793.25,7790.5,7792.25
1786354200,7792.25,7793.25,7788.5,7789.75
1786355100,7789.75,7790,7788.75,7789
1786356000,7789,7791,7786.5,7787
1786356900,7786.75,7791,7786.5,7790.25
1786357800,7790.25,7790.25,7784.75,7786
1786358700,7785.75,7788,7784,7785.5
1786359600,7785.5,7786.25,7778.5,7780.5
1786360500,7780.5,7786,7780,7785.5
1786361400,7785.75,7787.25,7784,7784
1786362300,7783.75,7785.25,7780.75,7782.5
1786363200,7782.25,7785.75,7781,7781.25
1786364100,7781.5,7781.5,7776.5,7778.75
1786365000,7778.75,7779.25,7772.75,7774.5
1786365900,7774.25,7775.5,7771.5,7773.75
1786366800,7773.75,7777.25,7772.75,7776.5
1786367700,7776.25,7777.75,7769.75,7773
1786368600,7773,7783.5,7771.25,7773
1786369500,7773,7781.75,7771.25,7780.75
1786370400,7780.75,7789.5,7780.25,7789
1786371300,7788.75,7791.25,7784,7790.25
1786372200,7790,7793.5,7788.25,7792.5
1786373100,7792.5,7798,7781.25,7781.5
1786374000,7781.75,7786.75,7779.25,7784.75
1786374900,7784.75,7788.5,7780.75,7784.25
1786375800,7784.25,7785.5,7778,7784.5
1786376700,7784.5,7790.75,7781.5,7790
1786377600,7790,7791.25,7784.25,7784.5
1786378500,7784.25,7785.75,7780,7780.25
1786379400,7780.25,7781.25,7764.5,7767.75
1786380300,7768,7776.25,7765.75,7776.25
1786381200,7776,7779,7771.5,7777.5
1786382100,7777.5,7779.5,7775,7777.5
1786383000,7777.5,7779.25,7772.5,7773
1786383900,7773,7774.75,7771.25,7773.75
1786384800,7773.75,7777.25,7772.75,7773.25
1786385700,7773.5,7774,7771.25,7771.5
1786386600,7771.5,7775.75,7769.25,7775.25
1786387500,7775.25,7779.75,7774,7778.5
1786388400,7778.75,7780.75,7777.25,7779.75
1786389300,7779.75,7781.25,7775.25,7775.75
1786390200,7776,7779.5,7773.75,7777.5
1786391100,7777.5,7779,7770.25,7778
1786392000,7777.75,7778.25,7775,7775.5
1786392900,7775.25,7776.75,7773,7776.25
1786393800,7776,7776.5,7775,7776.25
1786394700,7776.5,7778.5,7776,7777.25
1786399200,7778.25,7781.25,7776.75,7777.5
1786400100,7777.75,7778,7773.5,7774.5
1786401000,7774.5,7774.5,7771.25,7772.25
1786401900,7772.25,7773.75,7772,7773.5
1786402800,7773.5,7774,7771.75,7772.75
1786403700,7772.75,7772.75,7769.25,7770
1786404600,7770,7772,7768.5,7771.5
1786405500,7771.5,7773,7766.5,7770.75
1786406400,7770.75,7777,7767.75,7776.25
1786407300,7776.25,7778.25,7773.25,7778
1786408200,7778,7780.25,7776.75,7779.5
1786409100,7779.75,7781.25,7779,7779.75
1786410000,7779.5,7785.25,7778,7784.75
1786410900,7784.75,7786.25,7782.5,7784.75
1786411800,7784.75,7785.75,7783.5,7784
1786412700,7784,7786.5,7783.25,7783.25
1786413600,7783,7784.25,7782.5,7783.75
1786414500,7783.75,7785,7783,7784.75
1786415400,7784.75,7786.5,7784.75,7786.5
1786416300,7786.25,7786.75,7784,7784.5
1786417200,7784.25,7786.5,7784.25,7785.75
1786418100,7786,7789.25,7785.5,7788.5
1786419000,7788.75,7789,7786.75,7787.25
1786419900,7787.5,7788,7786.25,7786.75
1786420800,7786.75,7788.25,7786.75,7787.75
1786421700,7788,7788,7786.75,7788
1786422600,7788,7789.5,7787,7787.25
1786423500,7787.25,7788,7786.75,7787
1786424400,7787,7788.75,7786.25,7788.75
1786425300,7788.75,7788.75,7784.75,7785
1786426200,7785.25,7786.25,7783,7785.5
1786427100,7785.25,7785.5,7780.5,7780.5
1786428000,7780.75,7784.5,7780.25,7783.5
1786428900,7783.5,7783.75,7775,7775.5
1786429800,7775.25,7778.5,7770.5,7777
1786430700,7777.25,7777.5,7773,7774.75
1786431600,7775,7777,7771.75,7774.25
1786432500,7774,7775,7770.75,7772.75
1786433400,7773,7777.5,7773,7776
1786434300,7775.75,7776.75,7773.5,7776
1786435200,7776,7780.5,7771,7771.25
1786436100,7771.25,7774.75,7770,7772.75
1786437000,7772.75,7776.25,7771,7776
1786437900,7776,7777.5,7774.25,7775
1786438800,7775,7776,7771.5,7774
1786439700,7774,7778.25,7773.25,7776.75
1786440600,7776.5,7780.5,7776.5,7778.25
1786441500,7778.25,7779.75,7777.25,7778
1786442400,7778,7778.5,7775.75,7776
1786443300,7776,7787.75,7775,7786
1786444200,7786,7786,7782.5,7784.75
1786445100,7784.5,7786.25,7784.25,7785.25
1786446000,7785.25,7796,7784.75,7793.5
1786446900,7793.5,7794.25,7787,7788.25
1786447800,7788.25,7789.25,7785.75,7788.25
1786448700,7788.25,7790.5,7787,7789.25
1786449600,7789.25,7792.75,7788,7792.75
1786450500,7793,7795.25,7785.25,7788.25
1786451400,7788,7791.25,7786.5,7789.75
1786452300,7789.75,7790,7786.75,7787.5
1786453200,7787.75,7791.75,7787,7787.75
1786454100,7787.75,7793.5,7786.25,7791.75
1786455000,7791.75,7792.5,7774.75,7778.75
1786455900,7779,7782.5,7771.75,7782
1786456800,7782.25,7787,7780.75,7784
1786457700,7784,7785.75,7779.25,7784.75
1786458600,7784.75,7785.25,7778,7779.5
1786459500,7779.75,7786.25,7779.5,7782
1786460400,7782,7784,7771,7772.25
1786461300,7772,7774,7767.5,7769.5
1786462200,7769.75,7771.25,7762.25,7767.25
1786463100,7767.25,7768,7763,7765.5
1786464000,7765.5,7769.5,7764.75,7765.25
1786464900,7765.25,7769.75,7759.25,7763.5
1786465800,7763.25,7765.25,7760,7761.5
1786466700,7761.25,7761.5,7755.75,7756.75
1786467600,7756.75,7758,7748.25,7748.5
1786468500,7748.5,7755.5,7747.75,7753.5
1786469400,7753.75,7758.5,7752.5,7757.75
1786470300,7758,7759,7756.25,7757.5
1786471200,7757.75,7757.75,7752,7753.75
1786472100,7753.75,7755,7738,7740.25
1786473000,7740.5,7747.75,7740.5,7743.25
1786473900,7743.25,7750.25,7743.25,7746.25
1786474800,7746,7749,7743.75,7747.75
1786475700,7747.75,7752.25,7747,7751.75
1786476600,7751.75,7756.5,7751.25,7752.75
1786477500,7752.75,7753,7743.25,7749.75
1786478400,7749.75,7753,7746.75,7752.25
1786479300,7752,7757,7751.5,7756.5
1786480200,7756.75,7757.75,7755.75,7756.5
1786481100,7756.5,7756.5,7752.5,7753.25
1786485600,7756,7756.5,7751.5,7755.25
1786486500,7755.75,7755.75,7754,7754.5
1786487400,7754.25,7755.25,7751.75,7752
1786488300,7751.75,7753.75,7750.5,7752.75
1786489200,7753,7753.75,7751.75,7752.5
1786490100,7752.5,7754.25,7752.5,7754
1786491000,7753.75,7753.75,7752,7753
1786491900,7753,7755.75,7752,7755.25
1786492800,7755.25,7755.5,7749,7752.25
1786493700,7752,7754.75,7750.25,7752.5
1786494600,7752.75,7754,7751.25,7752.5
1786495500,7752.5,7753.25,7751,7752.5
1786496400,7752.5,7754,7751.25,7752.25
1786497300,7752.5,7752.5,7748.5,7751
1786498200,7750.75,7752.5,7749.25,7752.25
1786499100,7752.25,7752.75,7748.75,7749.75
1786500000,7749.75,7751.5,7749.75,7751.5
1786500900,7751.5,7753,7751,7752.75
1786501800,7752.75,7754.5,7752.75,7753.75
1786502700,7753.75,7755.5,7753.75,7755.5
1786503600,7755.5,7756.5,7755.25,7756.25
1786504500,7756.25,7756.5,7754.5,7756
1786505400,7755.75,7756,7753.75,7754
1786506300,7754.25,7755.5,7754.25,7755.25
1786507200,7755.5,7756.25,7754.25,7755.5
1786508100,7755.5,7756.5,7754.5,7756
1786509000,7756.25,7756.25,7754.5,7755.25
1786509900,7755.25,7758,7754.75,7757.25
1786510800,7757.5,7757.5,7755,7755
1786511700,7754.75,7755.5,7752.75,7755.5
1786512600,7755.5,7757.5,7755.25,7755.5
1786513500,7755.5,7757.5,7755.5,7756.75
1786514400,7756.75,7757.75,7754.25,7755.25
1786515300,7755.25,7756.5,7754.25,7756
1786516200,7756,7758.75,7755.5,7756.5
1786517100,7756.75,7759.75,7756.75,7759.75
1786518000,7759.5,7761.5,7759,7760
1786518900,7760,7761,7757.25,7758.75
1786519800,7758.5,7760.5,7758,7760.5
1786520700,7760.25,7760.5,7757,7759.5
1786521600,7759.5,7762.75,7759,7761.75
1786522500,7761.5,7762.75,7761,7762
1786523400,7761.75,7761.75,7758.25,7760.5
1786524300,7760.25,7763.5,7760,7762.25
1786525200,7762.5,7765.25,7762.25,7764.75
1786526100,7765,7773.75,7764.25,7768.25
1786527000,7768.25,7770.5,7768.25,7769.25
1786527900,7769.25,7771,7765,7766.5
1786528800,7766.25,7769.75,7766.25,7769.25
1786529700,7769.25,7770,7768.25,7768.25
1786530600,7768.25,7770.25,7767.75,7769.5
1786531500,7769.25,7770,7759.25,7766.5
1786532400,7766.25,7769.5,7765.75,7766.75
1786533300,7766.5,7766.75,7764.5,7765.75
1786534200,7766,7769.25,7765.5,7768.5
1786535100,7768.5,7771.5,7767.75,7770.5
1786536000,7770.5,7772.25,7768.25,7769.5
1786536900,7769.75,7782.25,7768.75,7781.25
1786537800,7780,7788,7760.75,7783
1786538700,7783,7785,7779.5,7784.75
1786539600,7784.75,7787.5,7783,7785.75
1786540500,7785.75,7793.75,7785.25,7791.75
1786541400,7791.75,7794,7769.25,7772.75
1786542300,7772.75,7781.25,7765.5,7770.5
1786543200,7770.5,7772.75,7763.5,7768.25
1786544100,7768.5,7777.75,7766.5,7772.5
1786545000,7772.25,7775.5,7756.5,7775
1786545900,7775.25,7776.75,7762.75,7766.75
1786546800,7766.75,7768.75,7761.75,7766.25
1786547700,7766.25,7768.25,7761.5,7768.25
1786548600,7768.25,7769.5,7760.25,7762.5
1786549500,7762.5,7766.5,7762,7764.75
1786550400,7764.75,7770.75,7764.25,7769.75
1786551300,7769.75,7771.25,7767.75,7768.75
1786552200,7769,7773.5,7766.25,7772
1786553100,7772,7776.25,7770,7773.25
1786554000,7773.25,7777.5,7772,7774.75
1786554900,7774.75,7774.75,7770.25,7772.5
1786555800,7772.5,7774.5,7771.25,7773
1786556700,7773,7774.25,7770.75,7772.5
1786557600,7772.5,7776.75,7772.25,7775.5
1786558500,7775.5,7777.5,7774.25,7775.5
1786559400,7775.25,7781,7775.25,7779.5
1786560300,7779.75,7781,7774.75,7775
1786561200,7775,7778.75,7774.75,7775.75
1786562100,7775.75,7777,7772.75,7774.5
1786563000,7774.5,7775,7770.25,7773.5
1786563900,7773.25,7774.75,7764.5,7769.5
1786564800,7769.75,7777.75,7768.5,7772.25
1786565700,7772.25,7773.5,7767,7768
1786566600,7768.25,7769,7767.25,7768
1786567500,7768.25,7769,7766.5,7766.75
1786572000,7770,7771,7768,7769.25
1786572900,7769,7769.75,7767.75,7769
1786573800,7768.5,7768.75,7766.5,7768
1786574700,7768,7769.25,7768,7768.75
1786575600,7768.5,7771.25,7768.5,7771
1786576500,7771.25,7771.75,7770.25,7770.75
1786577400,7770.75,7771.5,7769.25,7770.75
1786578300,7771,7771,7767.5,7768.25
1786579200,7768.25,7773.5,7767.5,7770.25
1786580100,7770.5,7772.75,7768.75,7769
1786581000,7769,7770.5,7767.75,7769.5
1786581900,7769.5,7770.5,7768,7770.5
1786582800,7770.25,7770.75,7766,7766.25
1786583700,7766.25,7767,7764.25,7765.25
1786584600,7765.25,7768,7765.25,7767
1786585500,7767,7771.25,7766.5,7770
1786586400,7770.25,7772,7770,7771.75
1786587300,7771.75,7773,7770.5,7771
1786588200,7770.75,7774.5,7768,7773.25
1786589100,7773.25,7773.5,7772.5,7773
1786590000,7772.75,7773.25,7772,7773.25
1786590900,7773,7774,7772.75,7773.5
1786591800,7773.5,7774.75,7772.5,7774.5
1786592700,7774.5,7775.5,7774.25,7774.75
1786593600,7775,7777.25,7773.5,7773.75
1786594500,7773.5,7775.25,7772,7774.75
1786595400,7774.5,7776.25,7774.5,7775
1786596300,7775,7777.5,7774.5,7775.75
1786597200,7775.75,7779.75,7775,7779.5
1786598100,7779.5,7780,7778.5,7779.5
1786599000,7779.75,7780.5,7778.25,7778.5
1786599900,7778.5,7778.75,7776.25,7776.25
1786600800,7776.5,7778.75,7775.75,7778.25
1786601700,7778.25,7779.75,7777.75,7778.25
1786602600,7778.5,7779,7774.5,7775
1786603500,7775,7778.25,7773.75,7777.75
1786604400,7778,7778.75,7774,7775
1786605300,7775,7777.75,7774,7777.5
1786606200,7777.5,7779.5,7776.75,7779.5
1786607100,7779.5,7780,7777.5,7777.75
1786608000,7777.75,7780.25,7775.25,7779.5
1786608900,7779.75,7782,7777.25,7781.5
1786609800,7781.5,7782.25,7780.25,7781.75
1786610700,7781.5,7783,7780.75,7781.5
1786611600,7781.5,7782.25,7779.5,7779.5
1786612500,7779.25,7781.75,7778,7780.5
1786613400,7780.25,7783.75,7780.25,7783.5
1786614300,7783.25,7784.75,7782.5,7784.25
1786615200,7784.25,7784.5,7783,7783.5
1786616100,7783.5,7784.75,7783,7783.5
1786617000,7783.75,7784.75,7783.5,7784.5
1786617900,7784.5,7785.5,7784,7785
1786618800,7785,7785.75,7783.75,7784.75
1786619700,7784.75,7785,7782.75,7783.75
1786620600,7783.75,7788.5,7783.5,7788.5
1786621500,7788.5,7789,7783.75,7784
1786622400,7784,7784.5,7780.75,7782.5
1786623300,7782.5,7783.5,7778.5,7783.5
1786624200,7783.5,7790.25,7778,7784.25
1786625100,7784,7788.5,7783.75,7788.5
1786626000,7788.5,7791.75,7788,7790.75
1786626900,7790.75,7793.5,7790,7793.25
1786627800,7793.25,7809.25,7785.5,7801.5
1786628700,7801.5,7821.5,7800.5,7820.75
1786629600,7820.75,7830.25,7819.75,7829.75
1786630500,7829.75,7837,7824.5,7836.5
1786631400,7836.5,7838.5,7830.25,7830.25
1786632300,7830.25,7830.5,7818,7822.25
1786633200,7822,7826.75,7813.75,7815.5
1786634100,7815.75,7817,7803.5,7806
1786635000,7806,7808,7800,7803.75
1786635900,7803.5,7805.5,7797.75,7799
1786636800,7798.75,7807,7798.5,7801
1786637700,7801,7809.5,7800,7809.5
1786638600,7809.5,7811.25,7806,7808.25
1786639500,7808.5,7812.25,7808.25,7811.5
1786640400,7811.5,7818.25,7811.5,7816
1786641300,7816.25,7819.25,7815,7815.5
1786642200,7815.5,7816.75,7810.5,7810.5
1786643100,7810.5,7813.75,7810.5,7811.75
1786644000,7811.75,7815.75,7811,7815.25
1786644900,7815.5,7816.25,7811,7814.5
1786645800,7814.5,7821.5,7814.5,7820.5
1786646700,7820.5,7823.75,7820.25,7822
1786647600,7822,7828.75,7821.75,7824
1786648500,7824,7828.5,7822.5,7825
1786649400,7825,7827.25,7821.75,7821.75
1786650300,7821.75,7824.75,7818,7823.25
1786651200,7823.25,7825.25,7818.5,7822.5
1786652100,7822.25,7823,7819.75,7820.5
1786653000,7820.5,7823.75,7820.25,7823.5
1786653900,7823.75,7825.5,7823.5,7825.25
1786658400,7825,7827,7823.75,7824
1786659300,7824,7826,7822.75,7824.25
1786660200,7824.5,7824.75,7824,7824.75
1786661100,7824.5,7824.75,7823.25,7824
1786662000,7824,7827.5,7823.75,7827.25
1786662900,7827.5,7827.5,7825,7825.75
1786663800,7825.75,7826.75,7825,7826
1786664700,7826,7826.75,7825,7825.75
1786665600,7825.75,7828.75,7825,7825.5
1786666500,7825.5,7826.25,7824,7824.25
1786667400,7824,7825,7823.5,7823.75
1786668300,7823.75,7824.5,7823,7824.25
1786669200,7824,7824.25,7820.25,7820.5
1786670100,7820.5,7822.75,7820.25,7822.25
1786671000,7822.5,7824.25,7821.75,7823.75
1786671900,7823.75,7825,7823,7823.5
1786672800,7823.5,7826.25,7823.5,7826
1786673700,7826,7826.5,7825,7826.25
1786674600,7826,7827,7825.75,7826.25
1786675500,7826.5,7827,7824.25,7825
1786676400,7825,7826,7824.5,7826
1786677300,7825.75,7827.75,7825.75,7827.25
1786678200,7827.5,7827.5,7825,7825.25
1786679100,7825.25,7825.75,7824.25,7824.25
1786680000,7824.25,7825.5,7823.75,7825.25
1786680900,7825,7825.5,7824.25,7824.5
1786681800,7824.5,7825,7822.5,7823.75
1786682700,7823.75,7824,7823,7823
1786683600,7823.25,7823.75,7821.5,7823
1786684500,7823.25,7823.75,7822.25,7823.75
1786685400,7823.5,7824.5,7822.5,7824.25
1786686300,7824.25,7826,7824,7824.75
1786687200,7824.75,7824.75,7821.25,7821.5
1786688100,7821.5,7822.25,7821.25,7822
1786689000,7822,7822.25,7820.5,7821.5
1786689900,7821.5,7822.25,7821.25,7821.75
1786690800,7821.75,7823,7820,7820.25
1786691700,7820.25,7822,7820.25,7821.5
1786692600,7821.5,7824,7821,7824
1786693500,7823.75,7824.75,7822.75,7823.5
1786694400,7823.5,7826,7822,7823.5
1786695300,7823.5,7825.75,7822.75,7825.75
1786696200,7825.75,7828.25,7825.5,7826.75
1786697100,7826.75,7828.75,7826.25,7826.25
1786698000,7826.25,7826.25,7824.5,7825.75
1786698900,7825.75,7827.5,7825,7826.25
1786699800,7826,7826,7824,7824.75
1786700700,7825,7827.75,7824.75,7827.75
1786701600,7827.5,7829.5,7827,7828.25
1786702500,7828.25,7828.25,7826.25,7826.75
1786703400,7827,7828,7825.5,7827.25
1786704300,7827.25,7828.75,7826.5,7828.75
1786705200,7828.75,7829.5,7826.75,7827
1786706100,7827,7827.75,7826.25,7827
1786707000,7827,7829.75,7827,7828.75
1786707900,7828.75,7830.75,7828,7829.25
1786708800,7829.25,7830,7821,7826.75
1786709700,7826.5,7828.5,7825,7828
1786710600,7828,7831.75,7827.75,7829
1786711500,7828.75,7831.25,7828.5,7830.5
1786712400,7830.25,7831,7826,7826.25
1786713300,7826,7829.5,7825.75,7827.75
1786714200,7827.75,7828,7819.25,7826.25
1786715100,7826.5,7828.75,7820.25,7826.25
1786716000,7825.75,7830.75,7823.25,7825.25
1786716900,7825.5,7826,7813.75,7816.75
1786717800,7816.75,7817.5,7810.5,7813.75
1786718700,7813.75,7816.75,7809.5,7809.5
1786719600,7809.75,7813.75,7806.5,7806.75
1786720500,7806.75,7809.5,7801,7805
1786721400,7805,7807,7800.5,7802.5
1786722300,7802.5,7805.75,7800,7804.25
1786723200,7804.5,7808,7803,7807.5
1786724100,7807.5,7810.25,7806.5,7808.75
1786725000,7808.75,7809.5,7803.25,7803.25
1786725900,7803.25,7804.25,7798.5,7799.25
1786726800,7799.25,7803.5,7798.25,7802.75
1786727700,7802.75,7803.75,7798.75,7799.75
1786728600,7800,7802,7796.5,7798.25
1786729500,7798.25,7801.5,7796.75,7800.5
1786730400,7800.5,7805.5,7799.5,7804
1786731300,7804.25,7805.75,7801.5,7801.75
1786732200,7801.75,7805.25,7800.5,7804.5
1786733100,7804.75,7807.5,7802.75,7804.25
1786734000,7804.5,7804.75,7801.5,7803.25
1786734900,7803,7806,7800.75,7804.25
1786735800,7804,7805.75,7802.5,7804.25
1786736700,7804.25,7806.5,7801.25,7805.5
1786737600,7805.5,7806.25,7800,7800.75
1786738500,7801,7801.75,7799.75,7800.75
1786739400,7800.75,7803.25,7800.25,7802.5
1786740300,7802.75,7803,7801.5,7802.5
1786917600,7809.25,7811.25,7804,7810.75
1786918500,7810.75,7811,7809.25,7809.75
1786919400,7810,7810.25,7808.5,7809.5
1786920300,7809.5,7811,7809,7810.25
1786921200,7810.5,7810.5,7809,7809.5
1786922100,7809.25,7810.25,7808.75,7809.75
1786923000,7809.75,7811.25,7809,7811.25
1786923900,7811,7813.25,7811,7812.25
1786924800,7812.25,7814,7811.5,7812.5
1786925700,7812.75,7812.75,7808.25,7809.25
1786926600,7809.25,7810,7808,7809
1786927500,7809.25,7811,7808.75,7810.75
1786928400,7810.75,7812.75,7810.5,7810.75
1786929300,7810.75,7813.5,7810.25,7813.25
1786930200,7813,7813.25,7808.5,7809.5
1786931100,7809.5,7809.5,7807,7807.75
1786932000,7807.5,7807.75,7806.25,7807.5
1786932900,7807.75,7810,7807.5,7809.5
1786933800,7809.25,7809.75,7808.25,7809.25
1786934700,7809.25,7809.75,7808.5,7808.5
1786935600,7808.75,7809.5,7808,7808.5
1786936500,7808.5,7810.25,7808.5,7810
1786937400,7810.25,7811.25,7809.25,7811.25
1786938300,7811.25,7812.75,7811.25,7812.75
1786939200,7812.75,7813.5,7812.5,7813.25
1786940100,7813,7813.25,7812.25,7812.25
1786941000,7812.25,7813.25,7811.5,7813
1786941900,7813,7813.25,7812,7812.25
1786942800,7812.25,7814,7812,7813.75
1786943700,7813.75,7814,7812.25,7813.75
1786944600,7813.75,7816.5,7813.75,7816
1786945500,7816,7817.5,7816,7817.25
1786946400,7817.5,7819.25,7816.75,7818.5
1786947300,7818.5,7819,7816.5,7818.75
1786948200,7818.5,7820,7818,7818.5
1786949100,7818.75,7820.25,7818.25,7819.75
1786950000,7820,7821.25,7815.5,7815.75
1786950900,7815.75,7817.25,7813.25,7817.25
1786951800,7817.25,7819.25,7815.75,7819
1786952700,7819,7820,7818.25,7819
1786953600,7819,7819.25,7815.5,7815.75
1786954500,7815.75,7817,7814.75,7816.25
1786955400,7816.25,7817,7814,7814.25
1786956300,7814.25,7816.5,7813.75,7816
1786957200,7816.25,7818,7815.5,7817.5
1786958100,7817.5,7817.75,7814.75,7815.25
1786959000,7815.5,7815.75,7814,7815.75
1786959900,7815.5,7817,7814.25,7815
1786960800,7815,7816.75,7814.75,7816.5
1786961700,7816.75,7824.5,7812.75,7824
1786962600,7824,7824.5,7814.75,7817
1786963500,7817.25,7817.5,7816,7816.5
1786964400,7816.25,7818.5,7815,7816
1786965300,7816,7816.25,7813.25,7815.5
1786966200,7815.5,7817,7814.75,7815.75
1786967100,7815.75,7816,7813.25,7813.25
1786968000,7813.5,7814.25,7809.25,7813.75
1786968900,7813.75,7815,7805.75,7808
1786969800,7808.25,7809.75,7802.25,7804
1786970700,7804,7805,7801.25,7803.75
1786971600,7803.5,7806.5,7803.25,7806
1786972500,7806,7808,7802.75,7803
1786973400,7803,7809.5,7794.5,7797.25
1786974300,7797,7802,7793.25,7794.25
1786975200,7794.5,7799,7791.5,7798
1786976100,7797.75,7798,7791,7795.75
1786977000,7795.75,7797.25,7790.5,7792.75
1786977900,7792.5,7796.25,7790,7794
1786978800,7794,7797.25,7792.75,7794.75
1786979700,7794.75,7800,7794.25,7798.5
1786980600,7798.75,7799.5,7788.25,7792.25
1786981500,7792.25,7795.5,7791.25,7794.25
1786982400,7794.25,7796,7791.75,7795
1786983300,7795,7797.5,7793,7794
1786984200,7794,7795.25,7790.5,7790.75
1786985100,7791,7792,7787,7788
1786986000,7787.75,7789,7784,7784
1786986900,7784,7785.75,7775.75,7776.75
1786987800,7776.75,7779.75,7772,7778.5
1786988700,7778.75,7779.5,7774,7775
1786989600,7775.25,7778.5,7773.75,7778
1786990500,7777.75,7779,7775,7776.5
1786991400,7776.75,7777.75,7773.25,7776.75
1786992300,7776.75,7779.25,7775.5,7776
1786993200,7776,7776.75,7772,7772.5
1786994100,7772.5,7775.75,7772,7772
1786995000,7772.25,7772.5,7767.75,7770.75
1786995900,7770.75,7774.75,7766.25,7768.75
1786996800,7768.75,7769.5,7765.25,7767.25
1786997700,7767,7767.5,7764.75,7765.75
1786998600,7765.75,7766,7764.25,7764.5
1786999500,7764.5,7766.5,7763.5,7765.5
1787004000,7766,7768.5,7765,7766
1787004900,7766,7766.5,7762.5,7765.25
1787005800,7765,7765.5,7764,7764.75
1787006700,7764.75,7766,7764.75,7765.25
1787007600,7765.25,7766,7763.5,7765.25
1787008500,7765.25,7765.5,7763.75,7765.25
1787009400,7765,7768.25,7765,7767.25
1787010300,7767.5,7768.5,7764.5,7768.25
1787011200,7768,7769.75,7767,7769.5
1787012100,7769.5,7770.5,7766.75,7767.5
1787013000,7767.5,7768.5,7766.25,7767.5
1787013900,7767.5,7769.25,7766.25,7766.75
1787014800,7767,7767.75,7765.5,7767.5
1787015700,7767.5,7768,7765.75,7765.75
1787016600,7766,7767,7761.75,7762.25
1787017500,7762.5,7762.75,7755.25,7761.5
1787018400,7761.5,7762,7754.5,7754.75
1787019300,7754.75,7755.5,7748,7749.25
1787020200,7749.25,7753.25,7747.25,7747.25
1787021100,7747.25,7749.75,7742.75,7749
1787022000,7749.25,7749.75,7746.75,7747.25
1787022900,7747.25,7747.5,7742.25,7744.25
1787023800,7744.25,7746,7741,7745.25
1787024700,7745,7746.5,7743,7743.75
1787025600,7743.75,7744.5,7741.25,7742.75
1787026500,7742.75,7744.25,7739.5,7743.75
1787027400,7743.75,7744.75,7740.75,7741.75
1787028300,7741.75,7744.5,7741.25,7743.5
1787029200,7743.5,7743.5,7736.75,7738.25
1787030100,7738.25,7740.25,7738,7738
1787031000,7738.25,7738.5,7735.5,7736.5
1787031900,7736.25,7738.5,7734.25,7735
1787032800,7735.25,7736.5,7726,7735.5
1787033700,7735.25,7738.25,7733,7736.25
1787034600,7736,7737.75,7734.25,7737
1787035500,7737,7742.25,7737,7742
1787036400,7741.75,7742.25,7737,7737
1787037300,7736.75,7738.75,7735.25,7735.5
1787038200,7735.75,7736.5,7730.5,7730.75
1787039100,7730.5,7732.25,7726,7726.25
1787040000,7726.5,7727.25,7716.5,7725.75
1787040900,7725.75,7728.5,7722.75,7726.25
1787041800,7726.25,7731.75,7725.25,7730.75
1787042700,7730.75,7730.75,7725.75,7729.75
1787043600,7729.75,7731.25,7727,7727.25
1787044500,7727.25,7728,7723.75,7726.5
1787045400,7726.25,7729,7722.5,7725.5
1787046300,7725.25,7730.75,7722.75,7729.5
1787047200,7729.5,7732.25,7728.5,7730
1787048100,7730.25,7732,7728.25,7730.75
1787049000,7730.75,7734,7729.25,7729.75
1787049900,7729.75,7734.25,7729.5,7731.75
1787050800,7731.75,7736,7730.75,7735.75
1787051700,7735.5,7736.75,7734.5,7735.25
1787052600,7735.25,7736.5,7732.25,7736.25
1787053500,7736.25,7738.5,7733.75,7734.75
1787054400,7734.75,7738.75,7732.75,7733.75
1787055300,7734,7739.25,7732.25,7732.75
1787056200,7732.75,7734.25,7728.5,7729.5
1787057100,7729.75,7735.75,7729,7735.75
1787058000,7735.5,7736.5,7730,7730.75
1787058900,7730.75,7732,7724.25,7726.5
1787059800,7726.25,7735.25,7719,7727.5
1787060700,7727.5,7731.25,7721.25,7724.75
1787061600,7725,7732.75,7716.5,7721.25
1787062500,7721.5,7730.75,7720,7726.5
1787063400,7726.5,7732.75,7723.75,7724.25
1787064300,7724.25,7728,7717.25,7719.25
1787065200,7719.5,7724.25,7714.25,7717.25
1787066100,7717.5,7720.25,7713.25,7718.5
1787067000,7718.25,7722.75,7716,7720.5
1787067900,7720.75,7726.5,7720.5,7723.25
1787068800,7723.25,7727.25,7722,7725.5
1787069700,7725.25,7728.75,7721.25,7721.75
1787070600,7721.75,7725.75,7720.5,7723.5
1787071500,7723.5,7728.5,7721.5,7726
1787072400,7726,7728,7723.25,7726
1787073300,7726,7726.25,7720.75,7722.75
1787074200,7722.5,7724,7720,7720.75
1787075100,7720.75,7722,7715.75,7716
1787076000,7715.75,7721.25,7714.25,7720.75
1787076900,7720.75,7726,7720.25,7723.75
1787077800,7723.5,7724.5,7721,7721.25
1787078700,7721.25,7722.25,7716.75,7717
1787079600,7717,7719.5,7715.5,7716.5
1787080500,7716.25,7722.25,7716,7720.75
1787081400,7720.75,7722.75,7717.75,7719.5
1787082300,7719.5,7720.25,7710.25,7715.25
1787083200,7715.25,7716,7712.75,7714.25
1787084100,7714.5,7715.25,7712.25,7714.5
1787085000,7714.5,7716,7714,7714.75
1787085900,7714.5,7715.25,7711.25,7713.25
1787090400,7714,7716.25,7712.25,7713.25
1787091300,7713.5,7717.5,7711.25,7711.25
1787092200,7711.5,7712.5,7709.5,7711
1787093100,7711,7711.25,7707.5,7707.75
1787094000,7707.75,7711.75,7706.75,7710.5
1787094900,7710.5,7714.5,7708.5,7711.25
1787095800,7711.5,7712.25,7710.75,7711.75
1787096700,7711.5,7714.25,7710.5,7710.75
1787097600,7710.5,7710.75,7702,7703.5
1787098500,7703.5,7711,7702.25,7711
1787099400,7711,7716,7711,7714.75
1787100300,7714.75,7715.5,7710.5,7711
1787101200,7711,7715.25,7709.5,7713.75
1787102100,7714,7717,7711.75,7715.75
1787103000,7715.75,7716,7710,7711.25
1787103900,7710.75,7713,7709.75,7711.25
1787104800,7711.25,7712,7706,7706.75
1787105700,7706.75,7711.5,7706.25,7709.5
1787106600,7709.5,7709.75,7706.5,7707.75
1787107500,7708,7710.75,7707.5,7709.25
1787108400,7709.5,7710.75,7707,7708.5
1787109300,7708.5,7710.25,7707.5,7708.75
1787110200,7708.5,7712,7708,7708.25
1787111100,7708,7709,7705.75,7706.75
1787112000,7706.5,7706.75,7704.5,7705.75
1787112900,7705.5,7709,7704.75,7707.5
1787113800,7707.75,7708.5,7703.75,7704
1787114700,7704,7704.75,7699.5,7704.25
1787115600,7704.25,7708.25,7702,7703
1787116500,7702.75,7704.5,7699.5,7704.25
1787117400,7704.25,7704.75,7698.75,7700.25
1787118300,7700.25,7701,7698.25,7699.75
1787119200,7699.5,7701.25,7698.25,7698.75
1787120100,7699,7708.5,7699,7705.75
1787121000,7705.75,7707.75,7703.75,7707.25
1787121900,7707.5,7715,7707.5,7714.5
1787122800,7714.5,7715,7709.5,7714.5
1787123700,7714.5,7715.75,7711.75,7715.75
1787124600,7715.75,7719,7713.75,7715.5
1787125500,7715.5,7718.75,7714.5,7718.5
1787126400,7718.25,7720.75,7716.75,7718.75
1787127300,7718.75,7722,7718,7721.5
1787128200,7721.5,7721.5,7718.5,7720.5
1787129100,7720.5,7721,7717.75,7718.25
1787130000,7718,7720.75,7716.5,7716.5
1787130900,7716.5,7717,7714,7714.25
1787131800,7714.5,7716.5,7713.5,7714
1787132700,7713.75,7715,7711.75,7713.5
1787133600,7713.5,7714.25,7710.25,7713.5
1787134500,7713.25,7713.5,7709.5,7713
1787135400,7713.25,7716.25,7712,7716
1787136300,7716,7716.25,7713.25,7713.5
1787137200,7713.5,7719.25,7713.25,7717.5
1787138100,7717.75,7719,7716.5,7717.5
1787139000,7717.25,7717.75,7713.25,7715.5
1787139900,7715.75,7718,7715,7718
1787140800,7718,7718.5,7715,7717.75
1787141700,7717.5,7720.25,7715.75,7717
1787142600,7717,7740.75,7714.75,7740.5
1787143500,7740.75,7758.25,7740.75,7748.25
1787144400,7748,7749.5,7740.25,7748.5
1787145300,7748.5,7750.75,7743.25,7743.75
1787146200,7743.5,7746,7732,7740.5
1787147100,7740.75,7745.75,7720.75,7739.5
1787148000,7739.75,7742.25,7726.5,7727.5
1787148900,7727.75,7741.25,7726.75,7739.5
1787149800,7739.5,7753.25,7737.75,7750.5
1787150700,7750.5,7762.25,7746.5,7761.75
1787151600,7762,7764.75,7754.5,7758
1787152500,7757.75,7758.25,7748.25,7750.75
1787153400,7750.75,7751.25,7740,7744.25
1787154300,7744.25,7748.25,7739.75,7745.75
1787155200,7745.75,7756.25,7743.25,7755
1787156100,7755,7759.5,7745.75,7746
1787157000,7746,7747,7741.75,7743.25
1787157900,7743,7743.75,7734.25,7736
1787158800,7736,7741.5,7733.75,7737.75
1787159700,7737.5,7739.25,7729.75,7735
1787160600,7734.75,7737,7730.75,7735
1787161500,7735,7738.5,7732.75,7734.75
1787162400,7734.5,7745,7729,7734
1787163300,7734,7735.75,7730,7735
1787164200,7735,7740.5,7735,7737.25
1787165100,7737.5,7738,7734,7734.75
1787166000,7734.75,7739.25,7733.75,7736.5
1787166900,7736.5,7740,7735.25,7735.75
1787167800,7735.75,7743.5,7729.25,7729.5
1787168700,7729.25,7731.75,7721.75,7731.25
1787169600,7731.25,7732.75,7725.75,7728.5
1787170500,7728.5,7729.5,7726.25,7729.5
1787171400,7729.25,7730,7727.5,7728.75
1787172300,7729,7731.5,7729,7730.5
1787176800,7733,7743.25,7731.5,7741
1787177700,7741,7741,7738.25,7739
1787178600,7738.75,7742,7737.75,7740.5
1787179500,7740.5,7742.5,7739.25,7742
1787180400,7742.25,7746.5,7740,7742.25
1787181300,7742,7743,7740.5,7741.75
1787182200,7741.75,7743.75,7740.25,7743
1787183100,7742.75,7743.75,7739.75,7740
1787184000,7740,7740,7734,7739.5
1787184900,7739.5,7742.75,7738.5,7739
1787185800,7739,7742,7737.25,7740.5
1787186700,7740.75,7742.75,7739.75,7742.25
1787187600,7742.25,7744,7739,7740.5
1787188500,7740.25,7743.25,7738,7739.75
1787189400,7739.75,7742.25,7737.5,7742
1787190300,7742,7742.5,7737,7738.75
1787191200,7738.75,7743,7738.5,7741.75
1787192100,7741.25,7741.5,7735.5,7736.75
1787193000,7736.75,7740.75,7735,7739.25
1787193900,7739,7739.75,7735.75,7737.75
1787194800,7737.75,7741.25,7736.25,7738.5
1787195700,7738.75,7742,7738.25,7739.75
1787196600,7739.5,7740,7736.25,7739
1787197500,7739.25,7740.75,7738,7739.5
1787198400,7739.25,7742.75,7738.75,7742.5
1787199300,7742.5,7742.75,7740.75,7741.25
1787200200,7741,7741.25,7737.75,7740.5
1787201100,7740.25,7741.75,7738.75,7739.25
1787202000,7739.25,7739.25,7734.75,7735.5
1787202900,7735.5,7740.75,7735.25,7737.5
1787203800,7737.5,7739.5,7735.75,7736.75
1787204700,7736.5,7737,7734.25,7735
1787205600,7734.75,7743.25,7734.75,7741.25
1787206500,7741.25,7741.25,7738.25,7741
1787207400,7740.75,7744.25,7740,7743.5
1787208300,7743.5,7745.25,7742.25,7742.5
1787209200,7742.5,7742.5,7735.75,7736.5
1787210100,7736.25,7737.25,7731.25,7732.75
1787211000,7733,7736,7730,7732.5
1787211900,7732.25,7735.5,7730,7730
1787212800,7730.25,7733.5,7724.5,7726.75
1787213700,7726.75,7729.5,7721.75,7723
1787214600,7723,7724.5,7716.5,7720.75
1787215500,7720.5,7721.5,7715.5,7718.5
1787216400,7718.75,7727,7717.5,7724.75
1787217300,7724.75,7726.5,7722.75,7724.5
1787218200,7724.5,7725.5,7721.75,7725.25
1787219100,7725.25,7726.75,7722.25,7724
1787220000,7723.75,7729,7722,7728.5
1787220900,7728.25,7729.25,7724.75,7727.25
1787221800,7727.25,7729.25,7724.25,7725.5
1787222700,7725.5,7730.5,7725.25,7730.5
1787223600,7730.5,7733.5,7720.5,7724.25
1787224500,7724.25,7726.25,7714.5,7714.75
1787225400,7714.75,7719.25,7713,7714
1787226300,7714.25,7714.75,7703.25,7704.25
1787227200,7704.5,7704.75,7684.75,7687.25
1787228100,7687.25,7692.75,7685.75,7687
1787229000,7687.25,7689,7680.25,7688.75
1787229900,7688.75,7697.5,7687.75,7696.75
1787230800,7697,7701.75,7694.5,7695
1787231700,7695.25,7698.75,7692.5,7698
1787232600,7698,7716.25,7697.25,7712
1787233500,7712.25,7713.75,7700,7703.75
1787234400,7703.75,7707.75,7696.75,7698.25
1787235300,7698.25,7707.75,7691.75,7700.25
1787236200,7700.25,7711,7697.5,7710
1787237100,7710,7713.25,7703,7710
1787238000,7709.75,7720,7698.5,7706
1787238900,7706,7709,7697.75,7705.5
1787239800,7705.5,7707,7691.25,7691.5
1787240700,7691.75,7698.5,7690.5,7696.5
1787241600,7696.5,7699,7692.75,7693.25
1787242500,7693.25,7699,7692.75,7695.5
1787243400,7695.5,7704.75,7691.75,7704.75
1787244300,7704.5,7704.5,7698.25,7702
1787245200,7702.25,7702.25,7692.75,7693.25
1787246100,7693,7693.5,7685,7685.75
1787247000,7685.75,7687,7680.25,7682.75
1787247900,7682.5,7688.25,7682,7683.5
1787248800,7683.5,7683.5,7671.5,7673.75
1787249700,7673.75,7677.75,7669.25,7673.75
1787250600,7673.75,7674.5,7670.25,7673.75
1787251500,7674,7676.75,7670.5,7670.5
1787252400,7670.5,7675.5,7670,7673.5
1787253300,7673.5,7676.25,7670.5,7673.25
1787254200,7673.5,7675,7668,7669.25
1787255100,7669.25,7673.25,7659,7665.25
1787256000,7665.25,7667.5,7660.75,7661.5
1787256900,7661.75,7664.5,7657.75,7662.75
1787257800,7663,7667.25,7662,7666
1787258700,7666,7668.5,7665.75,7667.75
1787263200,7669,7671.5,7663.25,7664.25
1787264100,7664,7666.25,7663.75,7665.5
1787265000,7665.75,7667.5,7664,7667
1787265900,7667,7669.75,7666.75,7669.5
1787266800,7669.25,7669.5,7668,7668
1787267700,7668,7669.25,7667.5,7667.75
1787268600,7667.75,7668.75,7665.75,7667.75
1787269500,7668,7668,7664.25,7666.25
1787270400,7666.25,7673,7665.5,7672.5
1787271300,7672.5,7672.5,7665.5,7667
1787272200,7667,7669.75,7665.5,7668.25
1787273100,7668.5,7669.5,7664.25,7664.5
1787274000,7664.75,7666.75,7661.25,7665.25
1787274900,7665,7668,7663.25,7665.75
1787275800,7665.5,7667.5,7663.25,7666.5
1787276700,7666.5,7669.25,7664.5,7667.25
1787277600,7667.25,7669.75,7666.75,7669.75
1787278500,7669.5,7673,7669,7671.75
1787279400,7671.75,7672.5,7670.25,7670.5
1787280300,7670.5,7672.5,7670,7670.75
1787281200,7671,7671.75,7667.75,7667.75
1787282100,7667.75,7669,7666.75,7668.5
1787283000,7668.5,7670.75,7667.75,7668.5
1787283900,7668.25,7669.25,7666.5,7668
1787284800,7668,7670,7668,7669.75
1787285700,7669.75,7670,7665.75,7666
1787286600,7665.75,7666.75,7664.25,7665.5
1787287500,7665.25,7670,7665.25,7668.75
1787288400,7669,7670.5,7668.25,7669.75
1787289300,7669.75,7671,7667,7667.25
1787290200,7667.25,7670.5,7666.75,7668.5
1787291100,7668.25,7668.75,7665.75,7668.5
1787292000,7668.5,7670.5,7667.25,7669.75
1787292900,7669.75,7670.5,7668.5,7670.25
1787293800,7670,7675.25,7670,7670.25
1787294700,7670.25,7674.25,7669.25,7673.5
1787295600,7673.75,7678,7671,7678
1787296500,7677.75,7679.25,7676,7676.5
1787297400,7676.5,7682,7676.25,7679.5
1787298300,7679.5,7682.25,7678.5,7682
1787299200,7682,7683.75,7677.5,7679.75
1787300100,7679.75,7684.25,7678.5,7683.75
1787301000,7683.75,7686.75,7683.25,7686.5
1787301900,7686.5,7690.25,7685.75,7687.5
1787302800,7687.5,7687.75,7681.75,7686
1787303700,7686,7687,7684.75,7685
1787304600,7685,7688.5,7684.25,7687.5
1787305500,7687.5,7689,7686,7687.75
1787306400,7688,7692.25,7685.5,7686.75
1787307300,7687,7689,7685.75,7688.75
1787308200,7688.75,7689.25,7686,7686.75
1787309100,7686.75,7689,7686.75,7688.5
1787310000,7688.5,7689.75,7684.75,7687.5
1787310900,7687.75,7698,7687.5,7696.5
1787311800,7696.75,7699.5,7693.75,7698.5
1787312700,7698.5,7698.75,7693,7695
1787313600,7695,7696.75,7693,7694
1787314500,7694,7701,7693.25,7701
1787315400,7701,7704.75,7698.25,7704
1787316300,7704.25,7704.5,7700,7700.75
1787317200,7701,7702.25,7690.75,7691.75
1787318100,7691.75,7696.5,7685.25,7695.75
1787319000,7695.75,7696,7681.25,7686.5
1787319900,7686.5,7689.5,7676.75,7680.5
1787320800,7680.5,7690.75,7680.5,7682.25
1787321700,7682.5,7687.5,7680,7681.75
1787322600,7681.75,7684,7677.25,7681.5
1787323500,7681.5,7694.25,7680.75,7693.5
1787324400,7693.75,7699.75,7692.25,7692.25
1787325300,7692.5,7695.5,7689.5,7694.75
1787326200,7694.75,7709.75,7693.5,7708.5
1787327100,7708.5,7714,7704.75,7707.25
1787328000,7707.5,7708.75,7697.5,7697.5
1787328900,7697.5,7705.75,7693.75,7700.5
1787329800,7700.5,7701,7695.5,7699
1787330700,7699,7699.5,7693,7699
1787331600,7699.25,7700.75,7696,7697.5
1787332500,7697.25,7698.25,7692.25,7693.5
1787333400,7693.75,7694.5,7690,7692
1787334300,7692.25,7694.25,7689.5,7689.5
1787335200,7689.75,7692.75,7688,7688.5
1787336100,7688.5,7691.5,7687.75,7688
1787337000,7688,7690.5,7685.75,7689.25
1787337900,7689,7697.75,7688.5,7697.25
1787338800,7697.25,7699,7693.75,7695.25
1787339700,7695.5,7697.25,7693.5,7695.5
1787340600,7695.5,7700,7694.75,7699.5
1787341500,7699.5,7703,7688.75,7691.75
1787342400,7691.75,7692.25,7688.75,7691
1787343300,7691,7692,7687.5,7687.5
1787344200,7687.75,7690,7687.5,7689.5
1787345100,7689.5,7690,7687,7687.75
1787522400,7693.5,7695,7681.5,7684.25
1787523300,7684,7685.5,7681.75,7684
1787524200,7683.75,7689.5,7683.25,7689.25
1787525100,7689.25,7690.75,7689,7689.5
1787526000,7689.25,7690.75,7689.25,7690
1787526900,7689.75,7695,7689.5,7695
1787527800,7695,7697,7694.5,7694.5
1787528700,7694.75,7702.5,7694.5,7702.25
1787529600,7702.25,7703.25,7697,7698.25
1787530500,7698,7698.25,7684.75,7689
1787531400,7689.25,7690.25,7687,7688
1787532300,7688,7698,7687,7697.5
1787533200,7697.5,7702.5,7696,7701
1787534100,7701,7702.75,7697,7697.25
1787535000,7697.5,7698.5,7694.5,7697
1787535900,7696.75,7699.5,7690.25,7690.5
1787536800,7690.5,7695.75,7687.25,7695
1787537700,7695,7696.5,7693.25,7695
1787538600,7695,7696.5,7694,7696.25
1787539500,7696.25,7697.5,7692.75,7696.5
1787540400,7696.5,7696.5,7688.25,7688.75
1787541300,7688.75,7690.75,7688.25,7689
1787542200,7688.75,7689,7685,7685.25
1787543100,7685,7687.25,7682.25,7683
1787544000,7683,7684.75,7681.75,7684.5
1787544900,7684.75,7685,7680.5,7683.5
1787545800,7683.5,7684.5,7680.75,7683.75
1787546700,7683.75,7684,7679.5,7679.75
1787547600,7680,7685.5,7679.75,7685.25
1787548500,7685,7685,7680.25,7680.5
1787549400,7680.5,7682,7675.5,7678.25
1787550300,7678.25,7679.25,7675,7676.5
1787551200,7676.5,7678.75,7672,7673.25
1787552100,7673.25,7676.25,7669,7673.25
1787553000,7673,7675.5,7671,7671.75
1787553900,7671.5,7675.75,7670.25,7673.5
1787554800,7673.5,7678.5,7672,7677.75
1787555700,7678,7679.5,7674.75,7675
1787556600,7674.75,7679.25,7672.5,7672.5
1787557500,7672.5,7674.75,7670.5,7671
1787558400,7671,7681.5,7668.75,7675.75
1787559300,7675.5,7679.5,7674.25,7677.25
1787560200,7677.25,7683,7676.5,7682.5
1787561100,7682.25,7684,7680.5,7680.5
1787562000,7680.5,7684.5,7678.75,7682
1787562900,7682.25,7682.5,7677.75,7678.5
1787563800,7678.25,7681.75,7678.25,7680.75
1787564700,7681,7682.5,7679.75,7680.5
1787565600,7680.5,7682,7676.75,7677
1787566500,7677,7680,7675.25,7676
1787567400,7676,7680.25,7673.5,7674.5
1787568300,7674.5,7674.75,7669.75,7670.5
1787569200,7670.5,7671.5,7664.5,7667.75
1787570100,7667.5,7672,7667.25,7670.25
1787571000,7670.25,7686.5,7670.25,7681.25
1787571900,7681.25,7681.25,7676.25,7679.75
1787572800,7680,7680,7675.75,7677
1787573700,7677,7681.25,7675.75,7680.75
1787574600,7680.75,7682.5,7669.25,7676.25
1787575500,7676.25,7679.5,7675.25,7678
1787576400,7678,7679.75,7676.75,7677
1787577300,7677.25,7681.75,7676,7681.75
1787578200,7681.75,7682.75,7655.75,7656
1787579100,7656,7671,7655,7668.5
1787580000,7668.75,7674,7659.5,7664.25
1787580900,7664.25,7669.25,7660.5,7663.25
1787581800,7663.25,7675.5,7661.75,7671.25
1787582700,7671.25,7674,7668.25,7670.75
1787583600,7670.75,7672.5,7660.75,7661.25
1787584500,7661.25,7674.25,7657.75,7671.5
1787585400,7671.5,7678.75,7668,7676.75
1787586300,7676.75,7681.5,7675.5,7679.5
1787587200,7679.25,7686,7678.25,7680.75
1787588100,7680.75,7686.5,7680.25,7683.25
1787589000,7683.25,7684,7675.75,7677.25
1787589900,7677.25,7678.75,7675.25,7676
1787590800,7676,7682,7672.75,7679.25
1787591700,7679.25,7679.75,7667.25,7668.25
1787592600,7668,7670,7665,7665.25
1787593500,7665,7669,7664.5,7667
1787594400,7667,7677,7666.75,7676.75
1787595300,7676.5,7682.75,7675.25,7682
1787596200,7682,7685.25,7675.25,7677.5
1787597100,7677.5,7678.75,7674,7674.25
1787598000,7674,7676.5,7672.5,7675.25
1787598900,7675.5,7676.75,7673.5,7674.25
1787599800,7674.25,7677,7670,7671.25
1787600700,7671.25,7674.25,7668,7669.75
1787601600,7669.5,7673.5,7668,7670.75
1787602500,7671,7671.25,7666.5,7667
1787603400,7666.75,7671.5,7666.5,7671.25
1787604300,7671,7675,7670,7674.25
1787608800,7676,7677.5,7673.5,7674
1787609700,7674.25,7675,7673.75,7674.25
1787610600,7674.5,7674.75,7673.25,7673.75
1787611500,7673.75,7674.5,7673.5,7674.5
1787612400,7674.5,7675.5,7674,7675.25
1787613300,7675.5,7675.75,7672.5,7672.5
1787614200,7672.5,7672.75,7667.75,7669.25
1787615100,7669.25,7671.25,7668.5,7670.5
1787616000,7670.5,7671.25,7663.5,7664.25
1787616900,7664.25,7668.5,7660.25,7668.25
1787617800,7668,7674.25,7667.25,7673.25
1787618700,7673,7675.75,7671.5,7673.75
1787619600,7673.75,7675.25,7672.25,7674
1787620500,7674.25,7675.25,7670.5,7672.5
1787621400,7672.25,7676.75,7671.75,7674.5
1787622300,7674.75,7676.25,7673,7673.25
1787623200,7673.25,7675.5,7668.25,7669.5
1787624100,7669.5,7672.5,7668,7672
1787625000,7671.75,7675.25,7671,7672.25
1787625900,7672.25,7672.5,7666.5,7668
1787626800,7668,7677,7668,7674.75
1787627700,7675,7677.75,7674.75,7677.5
1787628600,7677.25,7678.75,7675.75,7676.25
1787629500,7676.25,7676.25,7673.25,7675.25
1787630400,7675,7678.25,7674.75,7678.25
1787631300,7678.25,7678.5,7677,7677.75
1787632200,7677.75,7679.5,7677,7678.5
1787633100,7678.5,7679.25,7675.25,7677
1787634000,7676.75,7680,7676,7677.75
1787634900,7677.75,7680,7677.75,7678.75
1787635800,7679,7680.5,7677.5,7677.75
1787636700,7677.75,7681,7677,7680
1787637600,7680,7683,7680,7681.5
1787638500,7681.5,7690.75,7680.25,7685.25
1787639400,7685,7688,7683.5,7687.75
1787640300,7687.75,7689.75,7685.25,7689.75
1787641200,7689.75,7692.5,7687.25,7688
1787642100,7688,7690,7682.5,7684.75
1787643000,7684.75,7686.5,7683.25,7685.5
1787643900,7686,7686,7681.5,7682.75
1787644800,7682.75,7685.25,7680.5,7681.5
1787645700,7681.5,7699.75,7681.5,7691.25
1787646600,7691.5,7695,7689.25,7692.75
1787647500,7692.75,7697.25,7692.75,7697
1787648400,7697,7700.75,7694.5,7699
1787649300,7699,7701,7697.5,7699.25
1787650200,7699.25,7709.5,7698.75,7705.25
1787651100,7705,7714,7704.5,7709.5
1787652000,7709.25,7710,7705,7707.75
1787652900,7708,7708,7703.25,7703.5
1787653800,7703.75,7704.5,7700.25,7700.25
1787654700,7700,7703,7699.75,7702.25
1787655600,7702,7702.5,7693,7698.5
1787656500,7698.5,7700.75,7696.5,7698.75
1787657400,7699,7703.25,7698.5,7701.5
1787658300,7701.75,7706.5,7701.5,7704.75
1787659200,7704.75,7705.5,7701.25,7704.25
1787660100,7704.25,7709,7703.25,7705.25
1787661000,7705.25,7705.25,7694.75,7697.5
1787661900,7697.25,7701.5,7696.5,7698
1787662800,7697.75,7700.25,7695.5,7698.25
1787663700,7698.25,7701.25,7694.75,7695
1787664600,7695,7701.25,7692,7694.75
1787665500,7694.75,7700.5,7688,7690
1787666400,7690,7691.25,7684,7684.75
1787667300,7684.75,7689.5,7680,7680
1787668200,7680,7683.75,7663.25,7676.5
1787669100,7676.25,7681.75,7673.25,7680.25
1787670000,7680,7681,7676.25,7678.75
1787670900,7679,7687,7677.75,7686
1787671800,7686.25,7691,7682,7685
1787672700,7685,7689.25,7679,7687.75
1787673600,7687.75,7691.5,7686.25,7688.25
1787674500,7688.25,7691.5,7687,7690.75
1787675400,7690.5,7692.75,7688,7688.75
1787676300,7688.75,7692,7686.25,7690.75
1787677200,7690.75,7691.5,7682.25,7686
1787678100,7686,7687.5,7679.25,7681.25
1787679000,7681,7683.5,7680.25,7681.5
1787679900,7681.5,7684.75,7681.5,7683.5
1787680800,7683.25,7683.75,7680.75,7680.75
1787681700,7681,7683,7680,7682.75
1787682600,7682.75,7689,7682.75,7688.75
1787683500,7688.75,7692,7688.25,7689.5
1787684400,7689.5,7691.5,7683.75,7684.25
1787685300,7684,7685,7681.75,7684.5
1787686200,7684.5,7689.25,7683,7686.5
1787687100,7686.5,7695,7685,7691
1787688000,7691,7693.5,7689,7692
1787688900,7692,7696,7691.25,7694.25
1787689800,7694.25,7695.5,7691.5,7691.75
1787690700,7691.5,7692,7689.75,7690.75
1787695200,7691.5,7694,7690.5,7691.75
1787696100,7691.75,7693,7690.5,7692.75
1787697000,7693,7693.25,7691.75,7692.75
1787697900,7692.75,7692.75,7691.75,7692.25
1787698800,7692,7692.5,7691.25,7691.5
1787699700,7691.5,7691.5,7687.5,7687.5
1787700600,7687.5,7688,7684.25,7684.75
1787701500,7684.75,7684.75,7680.5,7682
1787702400,7681.75,7684.25,7679.5,7681.25
1787703300,7681.5,7686,7679.25,7680.75
1787704200,7680.75,7681.25,7676.25,7677.75
1787705100,7677.5,7679.25,7673.5,7674
1787706000,7674.25,7678,7673.75,7676.5
1787706900,7676.5,7677.25,7672.75,7673.25
1787707800,7673.5,7674.75,7670.75,7673.25
1787708700,7673.25,7674.25,7671.75,7674.25
1787709600,7674.5,7676,7672.25,7675
1787710500,7675,7679,7674.75,7678.5
1787711400,7678.25,7685,7678.25,7684.75
1787712300,7684.75,7687,7684,7685.75
1787713200,7686,7688.25,7684.75,7688
1787714100,7688,7688,7685.25,7685.25
1787715000,7685.25,7688.25,7684.5,7687.5
1787715900,7687.75,7692,7687.5,7689.75
1787716800,7689.75,7691.5,7689,7690.5
1787717700,7690.5,7691,7689.25,7689.75
1787718600,7690,7690.25,7687.25,7687.25
1787719500,7687.25,7687.25,7682.25,7683.25
1787720400,7683.25,7687.5,7683,7686
1787721300,7685.75,7686.25,7684,7686
1787722200,7686.25,7687.75,7685,7686
1787723100,7686,7686,7684,7685
1787724000,7685,7686.25,7680.5,7682.75
1787724900,7682.5,7684,7679.75,7682.5
1787725800,7682.5,7688.75,7681.25,7688.75
1787726700,7688.5,7691,7685.5,7688.5
1787727600,7688,7688.75,7682.25,7687.5
1787728500,7687.75,7688.75,7682.25,7683
1787729400,7683,7684.25,7680.75,7683.5
1787730300,7683.25,7686.25,7682.75,7686
1787731200,7686,7690.25,7683.75,7685
1787732100,7685.25,7689,7683,7689
1787733000,7689,7691,7686,7690.25
1787733900,7690,7690.25,7685.5,7688.5
1787734800,7688.75,7689.75,7686,7686.5
1787735700,7686.5,7687,7683,7685
1787736600,7685,7687.5,7685,7686.5
1787737500,7686.75,7689.5,7686.5,7689
1787738400,7689,7689.25,7684.25,7684.5
1787739300,7684.5,7686.5,7683.75,7683.75
1787740200,7683.75,7690.25,7681.75,7687.25
1787741100,7687.25,7689,7686,7687
1787742000,7687.25,7690.75,7686.75,7690
1787742900,7690.25,7694.75,7688,7690
1787743800,7690,7691.75,7683.75,7686
1787744700,7686.25,7688.25,7683,7687.5
1787745600,7687.5,7688.25,7685.25,7687.75
1787746500,7687.75,7698.5,7685,7696
1787747400,7696,7696.75,7679.75,7681
1787748300,7680.75,7684.25,7676.5,7679.5
1787749200,7679.25,7682.25,7676.75,7682
1787750100,7682,7682.25,7678.25,7678.75
1787751000,7678.75,7698.5,7678.75,7695.25
1787751900,7695.5,7701.75,7688.5,7701.25
1787752800,7701.25,7702.5,7693,7694
1787753700,7694,7695.75,7680.5,7682.75
1787754600,7682.75,7688.25,7681.25,7685.75
1787755500,7686,7691.5,7682.75,7690.75
1787756400,7690.5,7697,7690.5,7695
1787757300,7694.75,7694.75,7687.75,7690.5
1787758200,7690.75,7693.5,7683,7693
1787759100,7692.75,7695.5,7685,7685.25
1787760000,7685.5,7686.5,7681,7682.5
1787760900,7682.5,7683.25,7679.25,7679.75
1787761800,7679.75,7682,7671,7672
1787762700,7672,7680,7671.25,7679.25
1787763600,7679.25,7683.75,7677.75,7683.75
1787764500,7683.75,7689.5,7683.75,7688.5
1787765400,7688.75,7690.75,7687,7689
1787766300,7689,7691,7686.5,7688.75
1787767200,7688.75,7690.75,7685.75,7686.5
1787768100,7686.25,7692,7685.5,7688.25
1787769000,7688.25,7691,7687.25,7690.75
1787769900,7690.75,7698.5,7690.5,7697.25
1787770800,7697.25,7705.5,7696.75,7702
1787771700,7702,7704.75,7700.25,7701.5
1787772600,7701.5,7701.5,7698.25,7699.25
1787773500,7699.25,7704.5,7687,7692
1787774400,7692.25,7704,7690.25,7702.75
1787775300,7703,7707,7690.25,7697.25
1787776200,7697.5,7699,7692.75,7696.75
1787777100,7696.75,7710.25,7696,7710
1787781600,7722,7735,7721.25,7733.25
1787782500,7733.25,7738.5,7731.25,7738
1787783400,7738,7741.25,7737.25,7741
1787784300,7741.25,7741.25,7735.75,7736.25
1787785200,7736,7737,7734.25,7735
1787786100,7735.25,7736,7733.25,7734
1787787000,7734.5,7735.5,7733.5,7734
1787787900,7734,7739.25,7733.75,7738.5
1787788800,7738.75,7739.25,7731,7732
1787789700,7732,7732.5,7729.25,7732
1787790600,7732.25,7732.25,7720.5,7721
1787791500,7720.75,7721.5,7714.5,7716.5
1787792400,7716.25,7721,7714.5,7717.75
1787793300,7717.5,7723.5,7717.25,7723
1787794200,7723,7726.25,7719.75,7720
1787795100,7720,7726.75,7720,7724.5
1787796000,7724.5,7727.75,7724,7727
1787796900,7727,7727.5,7725.25,7726.5
1787797800,7726.5,7728.75,7726,7727.5
1787798700,7727.5,7729.75,7727.25,7728
1787799600,7728,7729,7725.75,7727
1787800500,7727.25,7730.75,7727,7729.75
1787801400,7729.75,7730.5,7727.75,7727.75
1787802300,7727.75,7728.75,7725.5,7726
1787803200,7726,7727,7725.25,7726.25
1787804100,7726.25,7727.5,7724,7724
1787805000,7724.25,7724.5,7719.5,7720.75
1787805900,7720.75,7722.5,7719,7719.75
1787806800,7720,7720.75,7715.25,7717
1787807700,7716.75,7716.75,7712.25,7714
1787808600,7714.25,7714.75,7710,7710.5
1787809500,7710.5,7713.25,7710.25,7712
1787810400,7712.25,7712.25,7707,7710.75
1787811300,7710.75,7713.25,7710.5,7712.75
1787812200,7712.5,7716.5,7712.5,7716
1787813100,7716.25,7718,7714.75,7718
1787814000,7718,7720.75,7713.5,7720.75
1787814900,7720.75,7721.25,7718,7721.25
1787815800,7721.25,7722,7716,7717
1787816700,7717,7722,7716.75,7720.5
1787817600,7720.75,7732.75,7720.5,7731.75
1787818500,7731.75,7734.5,7726.75,7734.25
1787819400,7734.25,7734.25,7728.5,7730
1787820300,7730,7734,7727.5,7728
1787821200,7728.25,7728.75,7721,7721
1787822100,7721,7726,7718.75,7724.75
1787823000,7724.75,7728.5,7724.75,7726.75
1787823900,7726.75,7728.5,7723.75,7724.25
1787824800,7724.25,7724.25,7720.5,7722.75
1787825700,7723,7724,7719.75,7720
1787826600,7720.25,7723,7718.25,7722.5
1787827500,7722.75,7724.5,7719.75,7724
1787828400,7724,7729.75,7721.75,7728.25
1787829300,7728.25,7729.25,7722.25,7722.5
1787830200,7722.5,7725.25,7717.75,7721
1787831100,7721,7722.5,7715,7722.25
1787832000,7722,7726.5,7721.25,7725.5
1787832900,7725.5,7725.75,7722,7723.25
1787833800,7723.25,7723.5,7711.75,7712.25
1787834700,7712.25,7714.25,7711,7711.5
1787835600,7711.5,7715.5,7710.25,7713.25
1787836500,7713.25,7718,7712,7716.25
1787837400,7716.25,7723.75,7702.75,7723.5
1787838300,7723.5,7728.5,7707.25,7715.25
1787839200,7715.25,7722.25,7712,7718
1787840100,7717.75,7730.25,7717.75,7728.5
1787841000,7728.5,7732.25,7721.75,7727.75
1787841900,7727.5,7736,7725,7735.25
1787842800,7735.5,7740.25,7733.75,7740
1787843700,7740,7742.75,7733.75,7734.75
1787844600,7734.75,7737.75,7727.25,7727.75
1787845500,7728,7740.5,7725.25,7738
1787846400,7738,7741.5,7736,7737.5
1787847300,7737.75,7740.75,7735,7740.75
1787848200,7740.5,7749.75,7739.75,7748.5
1787849100,7748.5,7752.25,7747.75,7751.75
1787850000,7752,7755.5,7749.25,7753.5
1787850900,7753.75,7755,7748.5,7749.25
1787851800,7749.25,7752.5,7747.75,7747.75
1787852700,7747.75,7748.25,7742.75,7743.75
1787853600,7743.75,7745.5,7730.75,7734
1787854500,7734.25,7736.25,7723.75,7725.75
1787855400,7726,7732.5,7725.25,7730.25
1787856300,7730,7732.25,7722.75,7727.5
1787857200,7727.5,7733.75,7726.25,7730
1787858100,7730.25,7734,7729,7730.75
1787859000,7730.5,7738.25,7729.75,7737.75
1787859900,7737.75,7744.75,7735.25,7741.25
1787860800,7741.25,7743.25,7735.25,7735.25
1787861700,7735.25,7736.5,7731.75,7733.25
1787862600,7733.5,7734.25,7732.25,7733.75
1787863500,7733.5,7734.25,7731.75,7733
1787868000,7733.75,7734.75,7727.5,7731.5
1787868900,7731.75,7734,7731,7733.75
1787869800,7733.5,7734,7732,7733
1787870700,7733,7733.25,7731.5,7732.25
1787871600,7732.25,7732.5,7729.5,7730.75
1787872500,7730.75,7730.75,7729.75,7729.75
1787873400,7730,7730.5,7728.75,7729.25
1787874300,7729.25,7729.5,7727.25,7728.75
1787875200,7729,7735.5,7728.25,7735
1787876100,7735,7736,7732,7736
1787877000,7735.75,7736.75,7734,7736.25
1787877900,7736.25,7737.5,7735.5,7735.75
1787878800,7735.75,7740.25,7735.75,7739.5
1787879700,7739.25,7740,7737.5,7738.25
1787880600,7738,7740.25,7737.25,7738.75
1787881500,7738.5,7743,7737.75,7742.75
1787882400,7743,7746.75,7743,7745.75
1787883300,7745.75,7747.25,7745.25,7745.5
1787884200,7745.25,7745.25,7739.75,7740
1787885100,7740,7741.25,7738.75,7740.75
1787886000,7741,7746.25,7740.75,7745.25
1787886900,7745.25,7747.5,7744.75,7746.5
1787887800,7746.75,7746.75,7739,7739.5
1787888700,7739.25,7742.25,7738,7741.5
1787889600,7741.5,7741.5,7738.25,7740.5
1787890500,7740.25,7741,7739.25,7739.75
1787891400,7739.75,7740,7737.75,7738.25
1787892300,7738.25,7738.75,7736.75,7737.75
1787893200,7737.5,7738,7735.5,7735.75
1787894100,7735.75,7736.25,7734,7735.25
1787895000,7735,7735.5,7732,7734
1787895900,7734,7734,7731.5,7731.75
1787896800,7731.75,7735.25,7731,7733.75
1787897700,7733.75,7737,7733,7733.5
1787898600,7733.5,7739.5,7733.5,7739
1787899500,7738.75,7743.5,7738.5,7743.5
1787900400,7743.5,7744.5,7739,7740.5
1787901300,7740.5,7743.25,7739.75,7741.75
1787902200,7741.75,7743.25,7738.5,7739.25
1787903100,7739.25,7743.25,7739,7740.25
1787904000,7740.25,7741.25,7736.25,7738.25
1787904900,7738,7740.25,7736.75,7739
1787905800,7739.25,7745,7738.75,7742.75
1787906700,7742.75,7742.75,7738,7740.25
1787907600,7740,7740.25,7737.75,7738.5
1787908500,7738.5,7740.5,7736.25,7739.25
1787909400,7739.25,7739.5,7737.5,7738.25
1787910300,7738,7740.75,7737.5,7738.75
1787911200,7738.75,7739.25,7737,7738.25
1787912100,7738.25,7740,7737.5,7739
1787913000,7739.25,7740.5,7736.75,7737.25
1787913900,7737,7739.75,7736.25,7739.75
1787914800,7739.75,7741,7737.25,7739.75
1787915700,7739.75,7743,7739.75,7742.25
1787916600,7742.25,7743.5,7738.5,7739
1787917500,7739,7741.25,7738.75,7739.75
1787918400,7740,7748,7739.5,7746.75
1787919300,7746.5,7751,7746.25,7750.5
1787920200,7750.25,7750.25,7743.75,7750
1787921100,7750,7751.25,7748.75,7749.75
1787922000,7749.75,7755,7748.75,7749.75
1787922900,7749.75,7750.5,7742.75,7746.25
1787923800,7746.25,7757.5,7743.75,7755
1787924700,7755,7758,7745.5,7746.25
1787925600,7746.25,7760.5,7726.5,7731
1787926500,7731.25,7751.5,7730.25,7742
1787927400,7742,7764.75,7738,7763.25
1787928300,7763.25,7780,7761,7779.25
1787929200,7779.25,7782.5,7767.25,7771.25
1787930100,7771.25,7781.5,7771,7779
1787931000,7779.25,7779.5,7755.5,7757.5
1787931900,7757.5,7759.5,7737.25,7739.75
1787932800,7739.75,7745.25,7733.75,7738.75
1787933700,7738.75,7741.5,7720,7725.25
1787934600,7725,7735.25,7724.25,7725.5
1787935500,7725.5,7736,7725.25,7725.75
1787936400,7725.75,7726.25,7711.75,7722.5
1787937300,7722.5,7723.25,7714.5,7717
1787938200,7717.25,7724,7714.75,7719.5
1787939100,7719.5,7726.5,7717.75,7724.25
1787940000,7724.25,7727.25,7720.75,7721
1787940900,7721,7724.75,7717.75,7719.5
1787941800,7719.5,7724.75,7719,7721.75
1787942700,7721.75,7722.25,7712.25,7716
1787943600,7716,7723.25,7713.75,7721.75
1787944500,7721.75,7725.25,7719.25,7724.5
1787945400,7724.5,7727.25,7720.25,7725.5
1787946300,7725.25,7728.25,7719.5,7722.5
1787947200,7722.5,7724,7719,7720.5
1787948100,7720.75,7721.25,7719.5,7720.5
1787949000,7720.25,7724,7719.25,7723.75
1787949900,7723.75,7725.5,7723,7724.75
1788127200,7723.5,7724,7704,7710.25
1788128100,7710.25,7714.75,7709.75,7711.25
1788129000,7711.5,7712.25,7705,7706.5
1788129900,7706.25,7709.25,7705.75,7709.25
1788130800,7709,7709.5,7704.75,7705
1788131700,7704.75,7706.5,7701.25,7701.25
1788132600,7701.5,7701.75,7694.25,7699
1788133500,7699,7699,7688.25,7688.5
1788134400,7688.75,7695,7684.5,7693.5
1788135300,7693.5,7699.5,7693.5,7699
1788136200,7698.75,7703.75,7698.25,7701.5
1788137100,7701.75,7702,7696,7697.25
1788138000,7697.5,7697.5,7686.5,7691.25
1788138900,7691,7692.75,7686.75,7689.75
1788139800,7689.75,7691.5,7686.75,7688.5
1788140700,7688.5,7690.5,7687.25,7690
1788141600,7689.75,7696.75,7687.75,7696
1788142500,7695.75,7696.25,7686.75,7690.5
1788143400,7690,7691,7683.75,7685.75
1788144300,7686,7692.25,7684.5,7692
1788145200,7692,7696,7691,7694
1788146100,7694,7695,7692.75,7693.25
1788147000,7693,7693.75,7690.75,7692
1788147900,7692,7693,7691,7692.75
1788148800,7693,7693.25,7691,7692.75
1788149700,7693,7693.25,7691.25,7692.5
1788150600,7692.75,7696.5,7690.75,7696.5
1788151500,7696.25,7702.25,7693.75,7700.5
1788152400,7700.5,7705.75,7699,7705.75
1788153300,7705.5,7710.5,7705,7708.25
1788154200,7708.5,7708.75,7700.25,7702.75
1788155100,7702.75,7705,7702,7704.5
1788156000,7704.75,7707.5,7702.5,7707.25
1788156900,7707.25,7709.5,7707,7709.5
1788157800,7709.5,7710.75,7707.5,7709
1788158700,7709,7712,7708.75,7711
1788159600,7710.75,7711.25,7708.25,7710.25
1788160500,7710.5,7710.75,7708,7709.25
1788161400,7709,7710.75,7708,7709
1788162300,7709,7710,7707.25,7709.5
1788163200,7709.5,7718.5,7707.75,7710.75
1788164100,7710.75,7713,7709.25,7712.5
1788165000,7712.25,7713,7710.25,7711.25
1788165900,7711.75,7714.5,7711.25,7712.75
1788166800,7712.5,7714.5,7710.75,7713.75
1788167700,7713.75,7716,7713.25,7713.5
1788168600,7713.25,7713.5,7709.5,7710
1788169500,7710,7710.5,7706.75,7707.25
1788170400,7707.5,7709.5,7705.5,7709
1788171300,7708.75,7709.75,7706.25,7708.5
1788172200,7708.25,7709,7706.75,7708.5
1788173100,7708.25,7711.25,7707.5,7709.75
1788174000,7709.75,7711,7707.25,7707.5
1788174900,7707.25,7711.25,7706.75,7710.5
1788175800,7710.5,7710.5,7702.75,7702.75
1788176700,7703,7704.75,7700.5,7702.25
1788177600,7702.5,7708.25,7694.25,7705
1788178500,7705.25,7709.25,7694.75,7698
1788179400,7697.75,7701.5,7691.5,7693
1788180300,7693,7695.25,7691.5,7693.75
1788181200,7693.75,7698.5,7692.75,7698.25
1788182100,7698.25,7702.5,7697.5,7701.25
1788183000,7701.25,7704.25,7685.25,7686
1788183900,7686.25,7695,7682.5,7689.5
1788184800,7689.75,7691,7681.25,7686.25
1788185700,7686.25,7688.25,7674.75,7676.75
1788186600,7676.75,7688.75,7675.75,7686
1788187500,7686,7692,7681.5,7687.5
1788188400,7687.5,7692.5,7683.25,7685.25
1788189300,7685.5,7689.75,7681.5,7687.5
1788190200,7687.25,7688,7681.75,7686
1788191100,7686.25,7691.25,7680.75,7682
1788192000,7682,7685.75,7677.25,7685
1788192900,7685,7687.25,7680.25,7687
1788193800,7686.75,7687.25,7679.5,7682
1788194700,7681.75,7687.75,7681.75,7686.5
1788195600,7686.5,7687.25,7683,7687.25
1788196500,7687,7688.5,7681.5,7682
1788197400,7682,7690.5,7679.25,7690.5
1788198300,7690.5,7696.25,7689.25,7693
1788199200,7693,7695,7689.75,7695
1788200100,7694.75,7696.25,7690.75,7691
1788201000,7690.75,7692,7678,7681.5
1788201900,7681.25,7686.5,7679.5,7684.5
1788202800,7684.5,7690.25,7684.5,7689.75
1788203700,7689.75,7695.5,7687.75,7694.25
1788204600,7694.25,7700.25,7689.75,7698
1788205500,7698.25,7708.25,7693.75,7698
1788206400,7697.75,7704.75,7696.5,7701.75
1788207300,7701.5,7702.75,7700.75,7702.5
1788208200,7702.5,7703,7701,7702.5
1788209100,7702.25,7702.75,7700.25,7701.25
1788213600,7701.25,7702.75,7700,7702.25
1788214500,7702.5,7702.5,7700.75,7701.5
1788215400,7701.5,7702.75,7701.25,7701.5
1788216300,7701.75,7702.25,7700.5,7701.25
1788217200,7701,7703.25,7700.75,7702.25
1788218100,7702.25,7703,7700.5,7702.75
1788219000,7702.5,7705.25,7702,7704
1788219900,7704,7704.75,7702,7703.5
1788220800,7703.75,7707.75,7700.5,7703.75
1788221700,7703.5,7708,7702.5,7706
1788222600,7706,7707.5,7703.5,7705.5
1788223500,7705.75,7706,7704,7705
1788224400,7704.75,7705.75,7702.25,7704.75
1788225300,7704.75,7704.75,7699,7699.5
1788226200,7699.25,7705,7698,7704.5
1788227100,7704.75,7705.25,7702.5,7703.25
1788228000,7703,7703.75,7698.25,7698.75
1788228900,7698.75,7699.5,7695.5,7696.75
1788229800,7696.75,7699,7693.75,7694.5
1788230700,7694.25,7700.5,7694,7700.25
1788231600,7700.25,7700.25,7696.25,7696.25
1788232500,7696.5,7697.5,7695.5,7695.75
1788233400,7696,7697.75,7695.25,7696.75
1788234300,7696.5,7697.75,7695.75,7696.75
1788235200,7696.75,7698.5,7696,7696.5
1788236100,7696.5,7698,7695,7696.25
1788237000,7696.25,7697.25,7693.25,7693.5
1788237900,7693.75,7696.75,7692,7692.75
1788238800,7692.75,7693.25,7690.75,7691.75
1788239700,7691.75,7695,7690,7694.5
1788240600,7694.5,7703.25,7694,7702.75
1788241500,7703,7706.25,7701.25,7704.5
1788242400,7704.75,7705.5,7700,7700.5
1788243300,7700.25,7700.5,7696.5,7696.75
1788244200,7696.75,7700.25,7696,7699.25
1788245100,7699.5,7699.5,7697.25,7697.5
1788246000,7697.25,7705.5,7696.5,7705
1788246900,7704.75,7705.25,7701.25,7703
1788247800,7703,7703.25,7691,7691.25
1788248700,7691,7694,7687,7690.5
1788249600,7690.5,7693,7673.5,7676.5
1788250500,7677,7679.25,7664.5,7665.75
1788251400,7665.75,7669,7658.75,7661
1788252300,7661,7666,7658.5,7658.5
1788253200,7658.75,7660,7651.5,7652.25
1788254100,7652,7654.5,7648.5,7651
1788255000,7651.25,7653.5,7649.5,7652.5
1788255900,7652.75,7656.25,7652.5,7653.25
1788256800,7653.5,7656.5,7650.75,7655.5
1788257700,7655.5,7662,7653.25,7660.5
1788258600,7660.5,7664.5,7658.75,7659
1788259500,7659,7662.5,7654.25,7656.5
1788260400,7656.25,7657,7652.5,7655.75
1788261300,7655.75,7658.25,7654.5,7657.25
1788262200,7657,7663.25,7656.75,7660.75
1788263100,7661,7661.5,7651.25,7652.25
1788264000,7652.25,7653,7648.5,7652.25
1788264900,7652,7654.75,7648.75,7653.25
1788265800,7653,7653,7645,7647.75
1788266700,7647.5,7651.5,7646.5,7647.5
1788267600,7647.25,7647.5,7640.5,7644
1788268500,7644,7648.75,7643,7647
1788269400,7647,7650.75,7638.75,7646.5
1788270300,7646.5,7652.75,7641.5,7647
1788271200,7647.25,7658,7644.5,7657
1788272100,7657,7667.75,7656.75,7664.75
1788273000,7664.75,7673,7664.5,7668.5
1788273900,7668.75,7670.75,7660.25,7662.25
1788274800,7662.5,7663.5,7653.75,7656.25
1788275700,7656.25,7663,7655.5,7662.75
1788276600,7663,7669.5,7661.25,7669.25
1788277500,7669,7673.75,7668,7670
1788278400,7670,7670.5,7661.75,7662
1788279300,7662.25,7663,7649.25,7652
1788280200,7652,7653.25,7642.5,7643.75
1788281100,7643.75,7650.75,7643,7649.5
1788282000,7649.5,7649.5,7641.75,7646.5
1788282900,7646.25,7648.25,7635,7643.5
1788283800,7643.75,7649,7642.75,7647.25
1788284700,7647.25,7648,7641.25,7644.75
1788285600,7645,7647,7639.75,7640.25
1788286500,7640.25,7645.25,7637.25,7638.75
1788287400,7638.75,7639.5,7623.5,7624
1788288300,7624,7635.75,7621.5,7634
1788289200,7634,7641.75,7632.75,7641.5
1788290100,7641.5,7643,7637.5,7640.75
1788291000,7640.75,7641,7634.25,7637.75
1788291900,7637.75,7645.5,7633,7644.25
1788292800,7644,7647.25,7640.75,7644.5
1788293700,7644.5,7648.75,7644.25,7647
1788294600,7646.75,7648.75,7645,7647.5
1788295500,7647.25,7648,7645.75,7647.5
1788300000,7645,7648,7641.5,7642.5
1788300900,7642.25,7644,7641.75,7643.25
1788301800,7643,7644.25,7642.75,7643.25
1788302700,7643.5,7647.25,7643.5,7645.25
1788303600,7645.25,7646,7645,7645.5
1788304500,7645.75,7646,7644.25,7645.75
1788305400,7646,7646.75,7645,7646.25
1788306300,7646.5,7647.25,7645.5,7646.25
1788307200,7646.5,7647,7641.75,7644.5
1788308100,7644.5,7651.5,7644,7644.25
1788309000,7644.25,7647,7642.25,7645.5
1788309900,7645.5,7646.25,7640,7640
1788310800,7640,7642.75,7637,7638.5
1788311700,7638.25,7642.75,7638,7640.75
1788312600,7641,7642.25,7636.25,7637
1788313500,7637,7637.5,7632.25,7636.75
1788314400,7637,7637,7633.5,7636.75
1788315300,7636.5,7641.75,7636.5,7640.25
1788316200,7640.5,7640.5,7638,7640.25
1788317100,7640.25,7641.75,7639.5,7641
1788318000,7641.25,7642,7638,7640.75
1788318900,7640.75,7641,7637.75,7638
1788319800,7638.25,7638.25,7635.75,7636
1788320700,7636,7637,7634.25,7634.75
1788321600,7634.75,7635.5,7632.75,7634.5
1788322500,7634.5,7636.25,7634,7634.25
1788323400,7634.25,7636.5,7634,7634.75
1788324300,7634.75,7636,7634.25,7635.25
1788325200,7635.5,7637.5,7632.75,7637
1788326100,7637,7640.75,7636.75,7640.5
1788327000,7640.5,7643,7637,7641.25
1788327900,7641.5,7641.75,7635.75,7637.25
1788328800,7637.5,7639.25,7633.75,7635.75
1788329700,7636,7636.5,7631.75,7632.25
1788330600,7632.25,7643,7631.75,7639.75
1788331500,7640,7641.5,7637,7641.25
1788332400,7641.25,7647.25,7639.25,7643.75
1788333300,7643.5,7646.5,7639.75,7643
1788334200,7642.75,7643.5,7638,7639
1788335100,7639,7640,7635.25,7637.5
1788336000,7637.5,7643,7636,7640
1788336900,7640,7642,7635.5,7636.5
1788337800,7636.75,7639.25,7633.5,7634.25
1788338700,7634.25,7634.5,7623.25,7626.5
1788339600,7626.5,7633,7624.25,7624.5
1788340500,7624.5,7628.5,7623.5,7626
1788341400,7626,7626.25,7621.5,7623
1788342300,7623,7626,7622.5,7625.75
1788343200,7625.75,7626.25,7621.25,7626
1788344100,7625.75,7628.75,7624.5,7627
1788345000,7626.75,7627.25,7622.75,7623.25
1788345900,7623.5,7626.75,7621.75,7626.75
1788346800,7626.5,7635.75,7618.5,7634.25
1788347700,7634.25,7638,7629.75,7635.75
1788348600,7636,7641.75,7635,7637.75
1788349500,7637.75,7646.25,7637.25,7646.25
1788350400,7646.25,7654,7645,7653
1788351300,7652.5,7658.75,7649,7650.25
1788352200,7650,7650.75,7644.25,7645.25
1788353100,7645.25,7645.5,7639.25,7640.25
1788354000,7640,7645.75,7639.75,7643.75
1788354900,7643.75,7654.5,7643,7650.5
1788355800,7650.5,7654.5,7643,7654.25
1788356700,7654,7657,7645.75,7656.75
1788357600,7656.5,7669.25,7654.75,7668.75
1788358500,7668.75,7682.5,7667,7679.5
1788359400,7679.25,7690.25,7675.5,7689.5
1788360300,7689.5,7690,7678,7679.75
1788361200,7679.5,7684.25,7677.5,7681.75
1788362100,7681.75,7690.75,7680.25,7689.5
1788363000,7689.75,7691.25,7682.75,7683
1788363900,7683,7686,7676,7685.75
1788364800,7685.5,7685.75,7681.75,7683.25
1788365700,7683.5,7683.5,7673,7675
1788366600,7674.75,7679.5,7673.25,7673.25
1788367500,7673.25,7678.75,7673.25,7675.5
1788368400,7675.5,7681.25,7672.25,7675.5
1788369300,7675.5,7676,7670.75,7673.75
1788370200,7673.75,7676,7670,7675.5
1788371100,7675.75,7679.5,7674,7678
1788372000,7678.25,7680.75,7673.75,7678.5
1788372900,7678.25,7687.75,7677.75,7680
1788373800,7680,7681.75,7672.75,7673.75
1788374700,7673.75,7677,7672.5,7674.5
1788375600,7674.25,7681.5,7673.25,7680.5
1788376500,7680.5,7681.75,7677,7681
1788377400,7681.25,7681.5,7676.75,7679.75
1788378300,7680,7681.25,7674,7678.25
1788379200,7678.25,7682.5,7677.25,7680.25
1788380100,7680.25,7680.25,7667.5,7671.25
1788381000,7671.25,7672.25,7669.75,7669.75
1788381900,7669.75,7672.5,7668.75,7669.25
1788386400,7673.5,7677.5,7671.5,7677.25
1788387300,7677,7680,7675.75,7678.25
1788388200,7678.25,7678.75,7677.25,7678
1788389100,7678,7678,7675.75,7676
1788390000,7676.25,7677.75,7675.25,7675.5
1788390900,7675.5,7676.75,7674.5,7676.75
1788391800,7676.75,7678,7676.25,7677.75
1788392700,7677.75,7681.25,7677.75,7679.75
1788393600,7679.75,7679.75,7675,7676
1788394500,7675.75,7675.75,7671.5,7673.25
1788395400,7673.25,7673.75,7672,7672.75
1788396300,7672.75,7673.75,7672.25,7672.75
1788397200,7672.5,7677.25,7671.75,7676.75
1788398100,7676.5,7679,7673.25,7676.5
1788399000,7676.25,7679.25,7675.25,7675.75
1788399900,7675.5,7677,7671.5,7671.75
1788400800,7671.75,7679.25,7671,7678.5
1788401700,7678.5,7679.5,7676.75,7678.5
1788402600,7678.5,7680.5,7676.5,7677
1788403500,7677,7679.75,7676.25,7678.75
1788404400,7678.5,7680.5,7677.75,7680.25
1788405300,7680.25,7683.75,7680.25,7681.25
1788406200,7681.25,7682.75,7681,7682
1788407100,7682,7683.5,7681,7683
1788408000,7683,7684.5,7682.25,7683.25
1788408900,7683.5,7683.75,7681.75,7681.75
1788409800,7681.75,7683.5,7680.5,7681.25
1788410700,7681.25,7682,7679.25,7679.75
1788411600,7679.5,7679.75,7671,7672
1788412500,7671.75,7672,7661.25,7665.25
1788413400,7664.75,7671.75,7664.5,7670.75
1788414300,7670.75,7679,7669,7678.75
1788415200,7678.75,7680.5,7675.5,7677
1788416100,7677.25,7678.75,7675,7676.75
1788417000,7676.5,7677.5,7674.25,7676.25
1788417900,7676.25,7676.25,7672,7674.25
1788418800,7674.25,7683.5,7672.25,7679.5
1788419700,7679.5,7680.5,7675,7678.25
1788420600,7678.5,7686.25,7677.75,7684.75
1788421500,7685,7685,7676.25,7683
1788422400,7682.75,7694.5,7681.75,7687.25
1788423300,7687,7690.25,7685,7689.25
1788424200,7689.25,7689.25,7685.75,7686
1788425100,7685.75,7687,7683.25,7683.5
1788426000,7683.5,7686.75,7683.5,7686.25
1788426900,7686.5,7686.75,7682.25,7682.25
1788427800,7682.25,7683.25,7679,7680
1788428700,7680,7680.25,7672,7673.5
1788429600,7673.75,7677.25,7671.5,7672.5
1788430500,7672.25,7673.75,7669.75,7671.25
1788431400,7671.25,7673.5,7669.25,7673
1788432300,7673,7673.25,7669.25,7673.25
1788433200,7673.25,7681.75,7670.25,7681
1788434100,7681,7685.25,7680.75,7682.5
1788435000,7682.5,7684,7671.5,7678.75
1788435900,7678.75,7678.75,7672.75,7673.75
1788436800,7673.5,7680.75,7673.5,7677
1788437700,7677.25,7683,7674.5,7681
1788438600,7681.25,7701.5,7680.75,7690.75
1788439500,7690.75,7704,7690.25,7701.25
1788440400,7701.25,7703.75,7694,7702.25
1788441300,7702,7706.25,7697,7704
1788442200,7704.25,7724.5,7704.25,7723.5
1788443100,7723.25,7726.5,7717,7722
1788444000,7721.75,7722,7700.5,7709.25
1788444900,7709,7716.25,7707.5,7712.25
1788445800,7712.25,7715.25,7703.75,7707.25
1788446700,7707.25,7719,7700,7718.25
1788447600,7718.25,7741.25,7718,7741.25
1788448500,7741.5,7756,7740.75,7755.5
1788449400,7755.5,7758.5,7749,7752.25
1788450300,7752.25,7759.5,7752,7759.5
1788451200,7759.5,7759.5,7749.75,7752.75
1788452100,7752.75,7754.75,7748,7750.25
1788453000,7750.25,7758.25,7748.75,7757.5
1788453900,7757.5,7758.25,7753.25,7755
1788454800,7755,7756,7749,7750.25
1788455700,7750.25,7752.75,7747,7752.5
1788456600,7752.25,7757.75,7752.25,7756.5
1788457500,7756.5,7761,7754.75,7758.75
1788458400,7758.75,7765.5,7758.5,7764
1788459300,7764.25,7766.5,7761.25,7763
1788460200,7763.25,7765,7761,7761.75
1788461100,7761.75,7764.25,7759.75,7762.5
1788462000,7762.5,7763,7758.75,7759.5
1788462900,7759.25,7761.75,7756.75,7759.75
1788463800,7759.75,7761,7757.25,7757.5
1788464700,7757.5,7759.5,7752,7756.25
1788465600,7756.25,7757,7751,7753.5
1788466500,7753.5,7753.75,7750,7750.25
1788467400,7750.25,7752,7750,7750.75
1788468300,7750.5,7751,7748,7749.25
1788472800,7749.75,7751.75,7748.25,7749.5
1788473700,7749.5,7751.75,7749.5,7751
1788474600,7750.75,7752.5,7750.75,7751.75
1788475500,7751.75,7753.25,7751.5,7753
1788476400,7753,7753.75,7752.25,7752.5
1788477300,7752.5,7753.25,7751.25,7752.75
1788478200,7752.75,7753.5,7752,7752.75
1788479100,7752.75,7754.25,7752,7752.75
1788480000,7752.5,7754,7750.5,7752.25
1788480900,7752,7755,7751.25,7754
1788481800,7754,7755,7753.5,7754.75
1788482700,7754.75,7757,7754.75,7756
1788483600,7756,7756,7753.5,7754
1788484500,7754,7756.5,7753,7756
1788485400,7756,7757.25,7755.25,7756.75
1788486300,7756.75,7756.75,7753.75,7756.5
1788487200,7756.5,7757.5,7755,7757
1788488100,7757,7757.75,7756.25,7757.25
1788489000,7757.5,7758.75,7755.75,7756.5
1788489900,7756.5,7758.5,7756,7758
1788490800,7758,7758.25,7756.75,7757.25
1788491700,7757.25,7759.25,7757.25,7757.75
1788492600,7758,7759.25,7757.75,7757.75
1788493500,7757.75,7758.25,7757,7757.5
1788494400,7757.75,7759,7756,7758.75
1788495300,7758.75,7761,7757.75,7760.75
1788496200,7760.75,7761.75,7759.75,7760.25
1788497100,7760.25,7761.5,7759.5,7761.25
1788498000,7761.25,7763.25,7760.5,7762.75
1788498900,7762.75,7764.5,7762.25,7762.5
1788499800,7762.5,7763.75,7762,7762.25
1788500700,7762.5,7763,7759.5,7761.5
1788501600,7761.25,7763.75,7760.75,7763.5
1788502500,7763.5,7764,7760.75,7762.75
1788503400,7762.5,7762.75,7759,7759.5
1788504300,7759.5,7759.5,7755,7755.75
1788505200,7755.75,7759.25,7754.75,7758.25
1788506100,7758.5,7759.75,7756.25,7759.5
1788507000,7759.75,7762.75,7759.25,7762
1788507900,7761.75,7763,7758.75,7759.75
1788508800,7760,7761,7758.5,7759.25
1788509700,7759.5,7761.75,7758.75,7761.5
1788510600,7761.5,7762.25,7759,7761
1788511500,7761,7763,7759.75,7762
1788512400,7762,7762.25,7757.75,7758
1788513300,7758,7759,7755.5,7756.5
1788514200,7756.5,7758.75,7755.5,7758
1788515100,7758,7759.75,7757.5,7758.25
1788516000,7758.25,7760.75,7758.25,7760
1788516900,7760,7763.25,7759.25,7761.25
1788517800,7761,7762.25,7759,7761.25
1788518700,7761,7763.75,7761,7761.75
1788519600,7761.75,7762.25,7757.25,7758.25
1788520500,7758.25,7760.5,7758.25,7758.5
1788521400,7758.75,7761,7758.75,7760.5
1788522300,7760.5,7764,7760.25,7762
1788523200,7762,7763,7749.75,7750.25
1788524100,7750.25,7761.5,7748.5,7758.75
1788525000,7760.75,7762,7732,7739.5
1788525900,7739.75,7740.5,7731.25,7738.25
1788526800,7738.25,7739.5,7733.75,7738.5
1788527700,7738.25,7743.25,7737.75,7742
1788528600,7742.25,7751,7739.75,7743.5
1788529500,7743.5,7748.25,7740.25,7745
1788530400,7745,7745.5,7730.25,7738.5
1788531300,7738.25,7739,7729.5,7734.25
1788532200,7734.25,7735.25,7724.5,7725
1788533100,7725,7727,7715,7716.25
1788534000,7716.25,7721.5,7712.25,7721.25
1788534900,7721.25,7722,7712.75,7716.25
1788535800,7716.5,7722.5,7711.75,7721.75
1788536700,7721.75,7722.75,7718.25,7721.25
1788537600,7721.25,7729.5,7720.25,7729.25
1788538500,7729.5,7733.5,7727.5,7728.5
1788539400,7728.5,7731.75,7727.25,7731.25
1788540300,7731.25,7735.25,7730.5,7730.75
1788541200,7730.75,7731.5,7724.75,7725.5
1788542100,7725.5,7726.75,7719.75,7720.5
1788543000,7720.5,7720.5,7714.5,7715
1788543900,7714.75,7717,7712.75,7716.25
1788544800,7716,7719,7713.5,7718.25
1788545700,7718.25,7721.5,7717.5,7720.5
1788546600,7720.75,7723.75,7719.5,7723.25
1788547500,7723.5,7725.75,7722.5,7724.25
1788548400,7724.25,7726,7717.5,7718
1788549300,7718,7722.5,7717.5,7722
1788550200,7721.75,7722.5,7718,7720.75
1788551100,7721,7726.75,7719.25,7723.75
1788552000,7723.75,7724.25,7716.25,7718.5
1788552900,7718.75,7719.25,7716,7716.25
1788553800,7716.25,7716.5,7713.75,7715.75
1788554700,7716,7717,7714.5,7715
1788732000,7715.5,7723.75,7715.25,7721.75
1788732900,7721.5,7722.25,7721.25,7721.25
1788733800,7721.5,7722.5,7721,7721.75
1788734700,7722,7723,7721.75,7722
1788735600,7722,7723,7721.25,7721.25
1788736500,7721.25,7722,7719.5,7720
1788737400,7719.75,7722.5,7719,7722
1788738300,7722,7722.5,7719,7720
1788739200,7720,7723.25,7718.25,7721.75
1788740100,7721.75,7722.5,7718,7718.25
1788741000,7718.25,7719.5,7716.25,7718.75
1788741900,7718.75,7719.75,7716.5,7716.75
1788742800,7717,7720.25,7715.5,7716.5
1788743700,7716.25,7719.75,7715.25,7719.75
1788744600,7719.75,7721.25,7718.75,7720
1788745500,7720,7720.5,7719,7720.25
1788746400,7720.5,7720.75,7718.5,7719.25
1788747300,7719.5,7719.75,7717,7719
1788748200,7719,7721.75,7719,7720.5
1788749100,7720.5,7720.5,7716,7716.25
1788750000,7716.25,7716.25,7712.75,7714
1788750900,7714,7717.75,7713.75,7717.25
1788751800,7717,7720.75,7715.5,7715.75
1788752700,7715.5,7716.75,7714,7714.75
1788753600,7714.75,7714.75,7712.75,7713.5
1788754500,7713.5,7713.75,7711.25,7712.25
1788755400,7712.25,7712.5,7709.75,7711.5
1788756300,7711.5,7714.5,7711.25,7714.25
1788757200,7714,7714,7711.25,7712.25
1788758100,7712,7716.25,7711.25,7715.75
1788759000,7715.75,7720,7715.5,7719.75
1788759900,7719.75,7720.25,7715.25,7715.5
1788760800,7715.5,7719.25,7714,7719
1788761700,7719,7720.75,7718.25,7719.75
1788762600,7719.75,7725,7719.25,7722.25
1788763500,7722.5,7724,7720,7724
1788764400,7724,7728.5,7722.5,7725.25
1788765300,7725.25,7725.25,7720.75,7720.75
1788766200,7720.75,7723,7716.5,7718.25
1788767100,7718.25,7724.75,7717.75,7724
1788768000,7724,7724.75,7719,7721.5
1788768900,7721.5,7723.75,7721.25,7722.25
1788769800,7722.25,7723,7720.75,7720.75
1788770700,7721,7722.25,7719,7720.75
1788771600,7721,7721.75,7719.25,7719.75
1788772500,7719.5,7719.75,7716.25,7717.5
1788773400,7717.5,7719.25,7715,7718.5
1788774300,7718.75,7719,7716.5,7716.75
1788775200,7717,7719.25,7716.5,7718.5
1788776100,7718.5,7720.25,7718,7718
1788777000,7718,7719,7716.25,7718
1788777900,7717.75,7718.25,7710.5,7712
1788778800,7712,7712.5,7706.75,7711.25
1788779700,7711.25,7711.5,7705,7707.25
1788780600,7707.25,7709.25,7705.25,7707.5
1788781500,7707.5,7709.25,7704.5,7705
1788782400,7705,7709,7704.5,7704.75
1788783300,7704.5,7705.5,7703.5,7705
1788784200,7705,7707.5,7704.75,7706.25
1788785100,7706.5,7713,7706.5,7711.25
1788786000,7711,7714,7708.75,7713.5
1788786900,7713.75,7716.25,7711,7714.5
1788787800,7714.75,7717.25,7712,7713.25
1788788700,7713.5,7714.75,7712.75,7713.5
1788789600,7713.5,7715.75,7709.75,7710.5
1788790500,7710.5,7711.25,7708.75,7710
1788791400,7710.25,7712,7706.5,7711.25
1788792300,7711.25,7711.25,7704.5,7704.5
1788793200,7704.5,7707.75,7704.25,7705.5
1788794100,7705.25,7707,7703.5,7705.5
1788795000,7705.5,7708.5,7705.5,7707.5
1788795900,7707.75,7707.75,7705.5,7707.25
1788796800,7707.5,7708.75,7706.5,7708.75
1788797700,7709,7709.5,7707,7707.75
1788798600,7707.75,7710.25,7707.5,7709.75
1788799500,7709.75,7710,7708.25,7708.75
1788818400,7710,7710.75,7707.25,7708.75
1788819300,7708.75,7709,7705.5,7706
1788820200,7706,7706,7702.5,7705
1788821100,7705,7705.75,7703.5,7704.75
1788822000,7704.75,7705.5,7703,7703.75
1788822900,7703.5,7704,7698.25,7703.5
1788823800,7703.25,7710,7702,7709.75
1788824700,7709.5,7713,7708.75,7712.25
1788825600,7712,7714.75,7709.5,7710
1788826500,7710,7711,7704.25,7710.5
1788827400,7710.75,7713.25,7709.5,7711.5
1788828300,7711.75,7712.75,7710.5,7711
1788829200,7711,7711.75,7703.75,7711.25
1788830100,7711.25,7713.5,7709.5,7712.5
1788831000,7712.75,7717.75,7712,7716
1788831900,7716,7720.75,7715.5,7720.5
1788832800,7720.5,7721.25,7717.75,7718.75
1788833700,7718.75,7721.25,7718.5,7719
1788834600,7719,7719.75,7717.5,7717.5
1788835500,7717.75,7718.25,7712.75,7713
1788836400,7713.25,7718,7713,7717.5
1788837300,7717.5,7723,7717.25,7722.75
1788838200,7722.5,7723.25,7720.25,7721.5
1788839100,7721.25,7723,7720,7722.5
1788840000,7722.5,7723.75,7721.25,7723
1788840900,7723,7725,7722.25,7724
1788841800,7723.75,7725.5,7721.25,7725
1788842700,7725,7725.75,7722.25,7723.25
1788843600,7723.25,7723.5,7715.5,7716.25
1788844500,7716.5,7722.5,7715,7716.5
1788845400,7716.25,7716.25,7709,7709.5
1788846300,7709.5,7711,7705,7705.5
1788847200,7705.75,7707,7700.5,7701.75
1788848100,7701.5,7702.75,7694.75,7697.75
1788849000,7697.75,7703.75,7695,7702.75
1788849900,7702.75,7704.75,7701,7703.25
1788850800,7703.5,7710.5,7701.25,7705.5
1788851700,7705.25,7706.25,7702.25,7704.5
1788852600,7704.5,7704.75,7693.5,7696
1788853500,7696,7696.5,7690,7692.25
1788854400,7692.25,7696.5,7687.5,7692.75
1788855300,7693,7695.25,7690.25,7690.75
1788856200,7690.5,7694.25,7688.25,7690
1788857100,7689.75,7695.5,7688.25,7692.5
1788858000,7692.5,7699,7689,7697.75
1788858900,7697.75,7700.5,7696,7700.25
1788859800,7700.25,7706.75,7699.5,7703
1788860700,7703,7709,7702.75,7709
1788861600,7709,7709,7703.75,7705.75
1788862500,7705.75,7718.25,7705,7706.75
1788863400,7707,7707,7701.25,7703.25
1788864300,7703,7703,7695.75,7698.5
1788865200,7698.75,7702,7693,7695.5
1788866100,7695.5,7700.5,7695.5,7698
1788867000,7698.25,7701.25,7696.75,7697.75
1788867900,7698,7706.25,7695.75,7705.75
1788868800,7706,7706,7697.75,7698
1788869700,7698.25,7705.5,7696.25,7705.5
1788870600,7705.5,7710.5,7705,7710.5
1788871500,7710.5,7714.25,7708.5,7714
1788872400,7714,7715,7711,7713.5
1788873300,7713.5,7715.5,7709.75,7711.25
1788874200,7711.5,7717.75,7691.25,7693.5
1788875100,7693.5,7701.25,7688.25,7695
1788876000,7695,7696.75,7680,7685
1788876900,7684.75,7692,7681.25,7687.25
1788877800,7687.25,7692.5,7684.5,7691.5
1788878700,7691.75,7700,7686.75,7696.75
1788879600,7697,7703.75,7695,7700.75
1788880500,7700.75,7704,7693.75,7698.75
1788881400,7698.75,7701.25,7694,7700.25
1788882300,7700.5,7701,7693.75,7694.25
1788883200,7694.25,7698.25,7690.5,7692.75
1788884100,7692.75,7697,7688.25,7691.75
1788885000,7691.5,7693.75,7688.5,7690.75
1788885900,7690.75,7697,7685.75,7690
1788886800,7689.75,7701.75,7689.75,7696.75
1788887700,7696.75,7697.75,7692.5,7695.25
1788888600,7695.5,7699.5,7693.75,7694.25
1788889500,7694,7699,7694,7695.25
1788890400,7695.25,7699.25,7695,7698
1788891300,7698,7699.5,7695.5,7698.25
1788892200,7698.25,7698.5,7691,7695.75
1788893100,7695.75,7696.75,7676.75,7688
1788894000,7688.25,7691.5,7685.25,7689.5
1788894900,7689.5,7691.25,7685.5,7690.75
1788895800,7690.5,7692.25,7687.5,7689
1788896700,7688.75,7689.75,7672.25,7681
1788897600,7681,7683,7673.75,7678.75
1788898500,7678.75,7679.75,7674.5,7675.5
1788899400,7675.75,7677.75,7674,7677.5
1788900300,7677.5,7679.25,7676.75,7678.25
1788904800,7681,7681,7676.5,7678.5
1788905700,7678.25,7680.25,7677.75,7679.5
1788906600,7679.5,7680,7678.25,7679.5
1788907500,7679.25,7682.75,7679.25,7682.5
1788908400,7682.5,7682.75,7680,7680.25
1788909300,7680.25,7680.25,7677.75,7678
1788910200,7678,7678.5,7675.5,7676
1788911100,7676,7676.75,7672.75,7674.5
1788912000,7674.75,7684.25,7674.5,7681
1788912900,7681,7681,7676.25,7678.25
1788913800,7678,7680,7675.25,7679.75
1788914700,7679.75,7682.5,7678.5,7682.25
1788915600,7682.25,7684.25,7681.25,7683.25
1788916500,7683.25,7687,7682.75,7685.75
1788917400,7685.75,7687.75,7684.75,7684.75
1788918300,7684.75,7686.75,7683.75,7685.25
1788919200,7685.25,7687,7684,7684.5
1788920100,7684.5,7686,7682.75,7685.25
1788921000,7685.25,7687,7684.5,7686.5
1788921900,7686.5,7687.25,7685.75,7686
1788922800,7686,7686.5,7682.75,7683.75
1788923700,7684,7686,7684,7685
1788924600,7684.75,7685.75,7683.75,7685
1788925500,7684.75,7685.25,7682,7682.5
1788926400,7682.5,7685,7680.5,7681.5
1788927300,7681.5,7686.75,7681.25,7685.5
1788928200,7685.5,7688.25,7684.25,7688
1788929100,7688,7689.75,7687.75,7688.75
1788930000,7688.75,7689,7686.75,7688.25
1788930900,7688.25,7688.25,7683.75,7686
1788931800,7686.25,7687.5,7684,7686.25
1788932700,7686,7691,7685.75,7691
1788933600,7691,7691.25,7687.5,7690.5
1788934500,7690.5,7690.75,7684.5,7685.25
1788935400,7685.25,7688.5,7684.5,7688.25
1788936300,7688.25,7688.5,7684.75,7685.25
1788937200,7685.25,7691.25,7683,7684.75
1788938100,7685,7691,7683.5,7691
1788939000,7690.75,7691,7686.25,7687
1788939900,7687,7687,7681.5,7685.25
1788940800,7685.25,7687.75,7683.25,7683.75
1788941700,7684,7685.75,7681,7684.75
1788942600,7684.75,7686,7678.5,7678.5
1788943500,7678.5,7683.25,7677.75,7682
1788944400,7682,7683.75,7677.75,7680.75
1788945300,7680.75,7681.75,7675,7677.25
1788946200,7677.25,7679.5,7669.5,7670.5
1788947100,7670.25,7671.75,7657,7659.25
1788948000,7659.5,7664.5,7655.75,7659.75
1788948900,7659.5,7665,7657.5,7661
1788949800,7661,7661.25,7654.5,7654.75
1788950700,7654.75,7655,7647.25,7650
1788951600,7650,7657.5,7649,7654.25
1788952500,7654.5,7658.5,7649.75,7656
1788953400,7656,7656,7650.5,7651.25
1788954300,7651,7663.5,7651,7652.75
1788955200,7652.75,7653.5,7644.5,7644.75
1788956100,7644.75,7649.75,7644.75,7647
1788957000,7646.75,7654,7645.75,7652.75
1788957900,7652.5,7657,7652.5,7655.5
1788958800,7655.5,7659.25,7654,7656.5
1788959700,7656.5,7662.25,7655,7660.5
1788960600,7660.75,7663.75,7651.75,7656.75
1788961500,7656.75,7662,7654,7661
1788962400,7660.75,7662,7653.5,7658.75
1788963300,7658.5,7660.75,7644.5,7659.5
1788964200,7659.5,7660,7652.25,7657.5
1788965100,7657.5,7659.25,7654,7657.75
1788966000,7658,7665,7633.5,7636
1788966900,7635.75,7641.5,7628.75,7635.25
1788967800,7635.25,7650.75,7634.5,7642.25
1788968700,7642.25,7646.25,7638.25,7641.5
1788969600,7641.5,7643.75,7633.75,7636
1788970500,7636,7638,7632.75,7635.75
1788971400,7635.75,7644.5,7635.5,7644.25
1788972300,7644.5,7648.75,7641.5,7645.75
1788973200,7645.75,7652.25,7643.5,7651.25
1788974100,7651.5,7653,7647.5,7649
1788975000,7649.25,7650.5,7643.5,7648.75
1788975900,7649,7653.25,7648.75,7650.25
1788976800,7650.25,7652,7643.75,7644
1788977700,7644,7650.5,7642.75,7648.5
1788978600,7648.25,7653,7645.75,7651.75
1788979500,7651.5,7653.75,7648.75,7648.75
1788980400,7648.75,7651.5,7646.25,7649.5
1788981300,7649.75,7654.5,7649.5,7651.25
1788982200,7651.25,7652.25,7646,7648.25
1788983100,7648.25,7649.75,7641.25,7644.75
1788984000,7644.5,7647.25,7642.5,7646
1788984900,7646.25,7646.5,7644.75,7645.25
1788985800,7645.25,7647.75,7645,7646.75
1788986700,7647,7648.25,7645.75,7648
1788991200,7646.5,7651,7646.25,7646.75
1788992100,7647,7647.25,7645.75,7646
1788993000,7646,7647.75,7646,7647.5
1788993900,7647.5,7648,7646.25,7647
1788994800,7647,7647.25,7646.25,7646.25
1788995700,7646.25,7648,7645.75,7647.25
1788996600,7647.5,7648.25,7647.25,7648
1788997500,7648,7653,7647.25,7652
1788998400,7652.25,7654.75,7650.5,7651.75
1788999300,7651.75,7656.5,7651.5,7656.25
1789000200,7656,7656.25,7652.25,7654.25
1789001100,7654,7654,7647.25,7647.5
1789002000,7647.5,7650.5,7646.25,7648
1789002900,7648,7650.5,7644.75,7645.5
1789003800,7645.5,7649.75,7644,7649.25
1789004700,7649,7652,7648.25,7651.5
1789005600,7651.5,7652.25,7648.5,7651.25
1789006500,7651,7651.25,7648.25,7649
1789007400,7649,7655.5,7648.75,7654.25
1789008300,7654,7655,7653,7654.5
1789009200,7654.5,7656.75,7654.25,7654.5
1789010100,7654.5,7656,7652,7654.25
1789011000,7654,7655,7653.25,7654.75
1789011900,7654.75,7656.75,7654.5,7656.5
1789012800,7656.5,7657.5,7655.5,7656.75
1789013700,7656.75,7657.25,7655,7656.25
1789014600,7656.25,7657.75,7655.75,7656
1789015500,7656.25,7660,7656,7659
1789016400,7659,7660.5,7657.75,7660
1789017300,7660,7663,7659.25,7662.75
1789018200,7663,7664.75,7661.25,7662.75
1789019100,7663,7665.75,7661,7663.5
1789020000,7663.5,7664.75,7661,7661.5
1789020900,7661.75,7663.5,7659.25,7663.5
1789021800,7663.75,7666.25,7662.75,7664.75
1789022700,7664.75,7666.25,7663,7664
1789023600,7664,7664,7660,7662.75
1789024500,7662.75,7664,7657.5,7657.75
1789025400,7657.75,7660.75,7656.25,7660.5
1789026300,7660.5,7661.25,7658.5,7659.25
1789027200,7659.5,7662.5,7657.5,7658
1789028100,7658,7660.75,7656.5,7660
1789029000,7660.25,7661,7652.75,7653.5
1789029900,7653.75,7655.25,7651.25,7652.5
1789030800,7652.5,7655.5,7651.25,7652.75
1789031700,7653,7654.25,7649.75,7650.5
1789032600,7650.25,7650.75,7646,7650.5
1789033500,7650.5,7654.75,7650.25,7652
1789034400,7652,7654,7649.75,7650.5
1789035300,7650.5,7653.5,7650.5,7651
1789036200,7651.25,7653.25,7647.25,7651.25
1789037100,7651.25,7657,7646.25,7648.25
1789038000,7648,7648.75,7642.75,7645.25
1789038900,7645,7645.75,7642.5,7643
1789039800,7643.25,7648.5,7643,7644.5
1789040700,7644.5,7645.75,7632,7632
1789041600,7632,7635,7628.75,7632.75
1789042500,7633,7633.75,7623.75,7625.75
1789043400,7627,7630,7598.75,7602.5
1789044300,7602.5,7606.75,7597.75,7601.5
1789045200,7601.5,7609,7600.5,7601
1789046100,7600.75,7603.5,7595,7598.75
1789047000,7599,7606.75,7593.75,7600.25
1789047900,7600.25,7609,7586,7586.75
1789048800,7586.75,7597,7585.5,7593
1789049700,7592.75,7620,7590.5,7606.25
1789050600,7606.25,7615.5,7605.5,7607.75
1789051500,7607.75,7614.5,7603.75,7613.5
1789052400,7613.25,7614,7604.75,7609.75
1789053300,7609.75,7615,7605.75,7611.25
1789054200,7611.5,7619.25,7609.25,7613.25
1789055100,7613.5,7614.75,7601.25,7604.75
1789056000,7605,7610.25,7597.5,7600.5
1789056900,7600.25,7603.75,7597,7600.25
1789057800,7600,7608.5,7591.5,7607.25
1789058700,7607.25,7613,7606.25,7611.5
1789059600,7611.25,7617.75,7607,7609.5
1789060500,7609.5,7611.25,7604.25,7605.25
1789061400,7605,7607.25,7599.5,7603.5
1789062300,7603.75,7605,7601.25,7602.25
1789063200,7602.25,7605.25,7594.25,7596.5
1789064100,7596.25,7600,7594,7596.75
1789065000,7596.5,7598.75,7591.75,7597.75
1789065900,7597.5,7603.5,7593.5,7597
1789066800,7597,7599.5,7592.5,7597.5
1789067700,7597.75,7599.25,7593,7595.75
1789068600,7595.75,7602.75,7594.25,7600
1789069500,7600.25,7602.75,7595.75,7598.75
1789070400,7598.5,7606.25,7595.75,7605.75
1789071300,7606,7606.5,7603.25,7603.5
1789072200,7603.75,7605,7603.25,7604
1789073100,7604.25,7605.5,7599.25,7602
1789077600,7599.5,7603.75,7599.5,7602.75
1789078500,7602.5,7607.25,7601,7601
1789079400,7601,7602,7598.75,7599
1789080300,7599,7602,7598.25,7599.75
1789081200,7599.5,7601.5,7599.25,7601.25
1789082100,7601.25,7601.75,7599.5,7600.25
1789083000,7600.25,7601.75,7599.75,7601
1789083900,7601,7601,7594.5,7595
1789084800,7595,7606.25,7594.25,7604.25
1789085700,7604.5,7609,7603,7608.5
1789086600,7608.5,7612.25,7605.25,7606.75
1789087500,7607,7613.75,7606.75,7613.25
1789088400,7613.25,7616.25,7612.5,7613.25
1789089300,7613.25,7613.5,7609,7609.25
1789090200,7609.25,7611.5,7606.75,7608.5
1789091100,7608.5,7610,7606.75,7610
1789092000,7610,7611.25,7608.5,7610
1789092900,7610.25,7610.25,7605,7606.25
1789093800,7606.25,7606.75,7602.25,7603
1789094700,7603.25,7608,7602.5,7603.75
1789095600,7603.5,7604.25,7599.75,7602.25
1789096500,7602,7603.5,7600,7601.25
1789097400,7601.25,7604.25,7597.75,7603.75
1789098300,7603.75,7604,7599.25,7601
1789099200,7600.75,7607.25,7598.5,7606.75
1789100100,7606.5,7611,7604.75,7610.75
1789101000,7610.75,7612.5,7610,7612.5
1789101900,7612.5,7614.5,7611,7611.25
1789102800,7611,7616.5,7610.75,7616.25
1789103700,7616.25,7617,7611.5,7612
1789104600,7612,7620.75,7612,7620.25
1789105500,7620,7627.5,7617.5,7626
1789106400,7626,7629.5,7622.5,7627.75
1789107300,7628,7629,7625.25,7627
1789108200,7627,7629,7623.75,7626.25
1789109100,7626.5,7632.25,7626.5,7631
1789110000,7631,7633,7629,7630.5
1789110900,7630.5,7631.5,7627,7627
1789111800,7627,7629,7625.25,7626.25
1789112700,7626,7627.5,7624.5,7626.75
1789113600,7626.75,7630.25,7623.25,7627
1789114500,7627,7644.25,7626,7631.25
1789115400,7631.25,7638,7631.25,7634.5
1789116300,7634.5,7643.75,7633.5,7643.75
1789117200,7643.75,7647.75,7637.25,7637.5
1789118100,7637.25,7640.25,7636.5,7638.75
1789119000,7638.75,7640.75,7638.5,7639.25
1789119900,7639.25,7642.25,7638.75,7641
1789120800,7640.75,7645.25,7635.5,7642.25
1789121700,7642.5,7643.5,7639.75,7640.75
1789122600,7640.75,7643.5,7640,7640
1789123500,7640,7640,7638,7638.5
1789124400,7638.75,7639.5,7635.5,7636.25
1789125300,7636.25,7641.25,7635.5,7639.5
1789126200,7639.5,7640.5,7635.75,7640.5
1789127100,7640.75,7642.5,7637.75,7640.75
1789128000,7640.75,7644,7637.5,7641.75
1789128900,7641.75,7657.5,7640.75,7653.75
1789129800,7653.5,7655.25,7620.5,7646.5
1789130700,7646.75,7677.5,7644.75,7676.25
1789131600,7676.25,7683.5,7665.5,7667.25
1789132500,7667.5,7673,7664.5,7665
1789133400,7665,7677.75,7659.75,7672.25
1789134300,7672.5,7682,7664.75,7681
1789135200,7681,7681.25,7664.5,7666.5
1789136100,7666.75,7678.75,7664,7675
1789137000,7675,7676,7656,7657.75
1789137900,7657.75,7665.5,7653.25,7657.25
1789138800,7657.25,7670.25,7655.25,7663.5
1789139700,7663.5,7680.25,7663.5,7677.5
1789140600,7677.5,7680.5,7673.75,7679
1789141500,7679,7679.25,7671.5,7675
1789142400,7674.75,7680,7673,7673.5
1789143300,7673.75,7674.25,7666.25,7667
1789144200,7667,7675.5,7665.75,7672
1789145100,7672,7674.5,7670.5,7674.25
1789146000,7674.25,7678.75,7673,7673.25
1789146900,7673.5,7681,7673.5,7677.5
1789147800,7677.75,7680.25,7675.5,7676.5
1789148700,7676.25,7677.5,7674,7674.75
1789149600,7675,7677.75,7672.75,7673.5
1789150500,7673.25,7675,7668.75,7672
1789151400,7672,7673.5,7668.5,7669.25
1789152300,7669,7671.5,7667,7668
1789153200,7668,7669.5,7663,7666.75
1789154100,7666.75,7670.5,7666.25,7667.75
1789155000,7667.75,7668.75,7666,7667.5
1789155900,7667.5,7667.75,7657.5,7659
1789156800,7658.75,7662,7658.5,7660.5
1789157700,7660.5,7661.75,7659.75,7661
1789158600,7661,7663.5,7660,7660.75
1789159500,7661,7661.5,7659.75,7660.75
1789336800,7609.25,7625.75,7604.25,7612.25
1789337700,7612.25,7619,7609.25,7619
1789338600,7618.5,7622.75,7617.25,7617.5
1789339500,7617.5,7620.75,7616.75,7618.5
1789340400,7618.75,7620.25,7617.5,7620
1789341300,7619.75,7624.75,7619,7624.75
1789342200,7624.5,7625.5,7617.75,7619
1789343100,7618.75,7619.5,7614.75,7615.5
1789344000,7615.25,7623.25,7614.5,7620.75
1789344900,7621,7623,7617.75,7620
1789345800,7620,7623,7619.25,7622.75
1789346700,7622.75,7624.5,7621,7621.5
1789347600,7621.75,7625.75,7620.5,7622
1789348500,7622.25,7624,7620,7623.5
1789349400,7623.5,7627.75,7621.5,7626.75
1789350300,7626.75,7634.5,7626.75,7632.75
1789351200,7633,7634,7631.5,7632.5
1789352100,7632.5,7633.25,7631.5,7632
1789353000,7632,7633,7629,7629.5
1789353900,7629.25,7632,7629,7629.5
1789354800,7629.5,7629.5,7625.25,7625.5
1789355700,7625.75,7626.5,7624,7626.5
1789356600,7626.25,7626.25,7622.25,7622.5
1789357500,7622.75,7624,7621.75,7622.25
1789358400,7622.5,7624.25,7620.75,7621.25
1789359300,7621.25,7622.75,7620.75,7622
1789360200,7622,7622.75,7619.25,7620
1789361100,7620.25,7623.25,7619.5,7620.25
1789362000,7620.25,7621.25,7618.5,7620.25
1789362900,7620.25,7620.5,7616,7618.75
1789363800,7618.75,7620.25,7615.25,7616.75
1789364700,7616.75,7620.25,7615.5,7620
1789365600,7620,7624.75,7619.75,7623.5
1789366500,7623.5,7624.25,7621,7621
1789367400,7621,7621,7612.25,7614.25
1789368300,7614.5,7615.5,7606.25,7609.5
1789369200,7609.75,7615.5,7607.25,7614.5
1789370100,7614.5,7615.25,7610.75,7611.25
1789371000,7611.25,7613,7605.25,7606
1789371900,7606.25,7609,7604,7608.5
1789372800,7608.75,7613.5,7607.25,7610.25
1789373700,7610.25,7610.5,7603.5,7603.75
1789374600,7603.75,7610.75,7603.75,7607.75
1789375500,7607.75,7609,7600,7608.25
1789376400,7608,7609.75,7599.25,7601
1789377300,7601,7601.25,7593.75,7599.25
1789378200,7599,7601.25,7594.5,7595
1789379100,7595.25,7598.75,7594.25,7596.5
1789380000,7596.5,7600.75,7596.25,7599.25
1789380900,7599.5,7604.5,7596.25,7604
1789381800,7604,7609,7603.25,7607.75
1789382700,7607.75,7610.75,7606,7609.25
1789383600,7609.25,7613.75,7607,7611.75
1789384500,7612,7617.5,7612,7616.5
1789385400,7616.75,7617.75,7610.5,7615
1789386300,7615,7617.25,7611.25,7611.5
1789387200,7611.5,7612,7606.75,7609.75
1789388100,7610,7615,7607.5,7610
1789389000,7610,7612.5,7596.5,7607.75
1789389900,7607.75,7609.5,7601.25,7606.5
1789390800,7606.5,7607,7596.5,7606
1789391700,7606,7609.25,7604.5,7606.5
1789392600,7606.5,7611.5,7601,7610.5
1789393500,7610.5,7622.25,7610.25,7615.75
1789394400,7615.75,7627,7615.25,7620.25
1789395300,7620.5,7622.75,7597.75,7604
1789396200,7604,7607,7596.75,7602.5
1789397100,7602.75,7606.5,7595.25,7601.5
1789398000,7601.5,7615,7597.5,7602.25
1789398900,7602,7615,7601,7612
1789399800,7612,7638.75,7610.25,7637.5
1789400700,7637.5,7638,7629.25,7634.25
1789401600,7634.25,7635.75,7628.5,7631
1789402500,7631.25,7642.75,7631,7636.75
1789403400,7636.5,7640.75,7634.75,7639.5
1789404300,7639.5,7652,7636.75,7645
1789405200,7645.25,7646.75,7637.75,7638
1789406100,7638,7643.5,7635.25,7643.5
1789407000,7643.5,7645,7641.25,7642.5
1789407900,7642.5,7644.75,7639.75,7639.75
1789408800,7640,7644.5,7637.25,7640
1789409700,7640,7641.25,7635.5,7636.75
1789410600,7636.5,7641.75,7636,7640
1789411500,7640,7642,7637.25,7638
1789412400,7638,7638.75,7632.5,7637
1789413300,7637,7637,7633,7634
1789414200,7634,7636,7632.5,7633
1789415100,7633,7635.5,7623.5,7624.75
1789416000,7624.75,7626.75,7622.75,7624.75
1789416900,7624.5,7627.75,7622,7627.75
1789417800,7627.75,7628,7626,7627.25
1789418700,7627,7632.5,7627,7632.25
1789423200,7699.25,7700.25,7695.5,7696.75
1789424100,7696.75,7697.5,7695,7696.25
1789425000,7696.5,7697.25,7695.5,7695.5
1789425900,7695.75,7698.5,7695.75,7696.75
1789426800,7696.75,7697.5,7694.75,7697
1789427700,7697,7697.25,7694.5,7695
1789428600,7695,7697,7694.75,7696
1789429500,7696.25,7696.75,7694,7696
1789430400,7696,7697.5,7692,7696
1789431300,7696,7696.5,7692.75,7694.75
1789432200,7695,7700.25,7694,7699.5
1789433100,7699.5,7700.5,7697.25,7697.75
1789434000,7697.5,7700.75,7696.25,7700.25
1789434900,7700.25,7701,7697.75,7698
1789435800,7698.25,7698.25,7690,7692
1789436700,7692,7695,7690.5,7693.5
1789437600,7693.25,7695.25,7692.75,7693.5
1789438500,7693.5,7693.5,7691.5,7692.5
1789439400,7692.5,7693.5,7690,7690.5
1789440300,7690.5,7692,7689.75,7690.5
1789441200,7690.25,7691.75,7687.75,7688.75
1789442100,7688.75,7689.25,7687.25,7688
1789443000,7688,7688.75,7687,7687.75
1789443900,7687.75,7688.5,7681.75,7682.25
1789444800,7682,7684.5,7680.25,7680.5
1789445700,7680.5,7681,7674.25,7675.5
1789446600,7675.75,7677,7671.75,7675.5
1789447500,7675.5,7676.75,7668.75,7669
1789448400,7668.75,7671.25,7664.75,7665.75
1789449300,7665.5,7669,7663,7668.25
1789450200,7668,7675,7665.75,7674.5
1789451100,7674.5,7679.25,7673.25,7674.75
1789452000,7675,7677.75,7673,7674.75
1789452900,7674.5,7675.75,7671.5,7672
1789453800,7672,7672.25,7667.5,7668
1789454700,7668,7669.75,7664.75,7667.5
1789455600,7667.5,7670,7660.25,7660.75
1789456500,7660.5,7668.75,7660.5,7665.25
1789457400,7665.25,7666.75,7656.25,7656.5
1789458300,7656.25,7659.75,7653.5,7658.5
1789459200,7658.75,7658.75,7645,7653.25
1789460100,7653.25,7660,7651.25,7654
1789461000,7654,7655,7649.5,7650
1789461900,7650.25,7653.75,7649,7651
1789462800,7651.25,7653.25,7648.25,7650.25
1789463700,7650,7652.25,7645.75,7652
1789464600,7652,7659,7650.75,7657.5
1789465500,7657.5,7666.5,7657.5,7666
1789466400,7666.25,7672,7664.25,7667.75
1789467300,7667.5,7669.25,7665,7668.25
1789468200,7668.5,7676.25,7667,7672
1789469100,7672.25,7680.5,7670.25,7676.25
1789470000,7676,7680.25,7675.25,7678.75
1789470900,7678.75,7681.5,7677.25,7678.25
1789471800,7678.25,7680,7675.5,7678
1789472700,7678,7682.25,7677.5,7681.75
1789473600,7681.75,7684.25,7679.25,7683.75
1789474500,7683.75,7685.25,7678.5,7683
1789475400,7683,7686.25,7679.75,7684
1789476300,7684,7697.5,7683.5,7689.25
1789477200,7689,7692.5,7688,7688.5
1789478100,7688.5,7693.5,7684.25,7684.25
1789479000,7684.5,7687,7670.25,7682.5
1789479900,7682.5,7684.75,7674.5,7678.25
1789480800,7678.5,7678.5,7661.5,7662.25
1789481700,7662.25,7667,7654,7657
1789482600,7657.25,7658.75,7650.75,7654
1789483500,7654.25,7656,7643.5,7646.25
1789484400,7646.5,7655,7646.25,7651.75
1789485300,7651.5,7657.25,7650,7656.75
1789486200,7657,7659.75,7651.25,7657.25
1789487100,7657.25,7658,7651,7653
1789488000,7653,7655.25,7648,7649.75
1789488900,7649.75,7661,7649,7658
1789489800,7657.75,7660,7655,7658.25
1789490700,7658.25,7662.75,7655,7659.25
1789491600,7659.5,7660.25,7652.25,7653
1789492500,7653,7653.25,7648,7650.75
1789493400,7650.75,7654.75,7650.25,7653.75
1789494300,7653.5,7656.25,7651.5,7655.25
1789495200,7655.5,7662,7653.5,7660.25
1789496100,7660.5,7660.75,7655.75,7659.25
1789497000,7659.25,7659.25,7653.5,7654
1789497900,7654.25,7657.25,7649.5,7657
1789498800,7657.25,7658.75,7653,7654
1789499700,7654,7655.25,7651.75,7652.5
1789500600,7652.5,7653.5,7648,7650.25
1789501500,7650.25,7657.75,7648.75,7657
1789502400,7656.75,7665,7656.5,7664.25
1789503300,7664.5,7664.75,7663,7663.5
1789504200,7663.25,7665.25,7663,7663.5
1789505100,7663.75,7664.5,7663,7663.75
1789509600,7663.25,7665,7661.5,7661.75
1789510500,7662,7663.75,7661.5,7663.25
1789511400,7663,7666.75,7663,7665.75
1789512300,7665.75,7667.25,7665.25,7666.5
1789513200,7666.5,7666.75,7664.25,7664.25
1789514100,7664.5,7664.75,7662.5,7663
1789515000,7662.75,7666.25,7662.5,7665.5
1789515900,7665.75,7666.5,7664.75,7665.5
1789516800,7665.5,7667.25,7663,7666.25
1789517700,7666.25,7667,7664.5,7666.25
1789518600,7666.25,7667.25,7663.75,7664.5
1789519500,7664.5,7666.25,7663.75,7665
1789520400,7665,7666.5,7660,7666.25
1789521300,7666.25,7667.75,7665,7666
1789522200,7666,7666,7661.75,7662.25
1789523100,7662.25,7664.25,7658.75,7659
1789524000,7659,7664.25,7659,7660.75
1789524900,7660.75,7666.25,7660.5,7666
1789525800,7666,7668.25,7664.25,7665
1789526700,7665,7668.25,7665,7668
1789527600,7668,7673.5,7668,7672.5
1789528500,7672.75,7678,7672.5,7674
1789529400,7673.75,7674,7670,7672.25
1789530300,7672.25,7674,7672,7672.75
1789531200,7672.75,7674.5,7672.25,7672.25
1789532100,7672.25,7673.25,7670.25,7670.75
1789533000,7670.5,7671,7667.25,7668
1789533900,7668,7670.5,7668,7668
1789534800,7668,7670,7665.5,7669.25
1789535700,7669.25,7671.5,7668.75,7671.25
1789536600,7671.25,7673.5,7669.5,7673.5
1789537500,7673.25,7674,7670,7670.75
1789538400,7670.5,7675.25,7669.5,7673.75
1789539300,7673.5,7674.25,7669.75,7671.5
1789540200,7671.5,7672.25,7669.25,7671
1789541100,7671,7674.5,7669.5,7673.75
1789542000,7673.75,7678,7672.5,7676.5
1789542900,7676.5,7676.75,7671.75,7674.5
1789543800,7674.5,7676.75,7672,7672.25
1789544700,7672.5,7673,7669.75,7670.75
1789545600,7670.75,7671.25,7663.5,7666
1789546500,7666,7672.25,7665.25,7668.5
1789547400,7668.5,7671,7665.75,7670
1789548300,7670.25,7673.5,7668.75,7672.75
1789549200,7672.5,7673.75,7669,7669.25
1789550100,7669.25,7670.75,7665.5,7667.5
1789551000,7667.5,7674.75,7667,7673.5
1789551900,7673.75,7675,7670.75,7673
1789552800,7673.25,7674,7669.5,7671.75
1789553700,7671.75,7673,7670.5,7672.75
1789554600,7672.75,7673.5,7671.75,7673.25
1789555500,7673.25,7677,7671.75,7676.5
1789556400,7676.5,7681.5,7673.5,7673.5
1789557300,7673.75,7676.25,7672,7675
1789558200,7675.25,7681.25,7675,7680
1789559100,7680,7683.5,7679.75,7683.25
1789560000,7683,7689.25,7682.5,7683.25
1789560900,7683.25,7684,7679.5,7683.75
1789561800,7683.5,7684,7675,7675.25
1789562700,7675,7680.75,7674,7679.75
1789563600,7679.75,7681,7673,7680.5
1789564500,7680.5,7682.25,7676.25,7676.5
1789565400,7676.5,7679,7669,7669.75
1789566300,7669.75,7686.5,7669.5,7684.25
1789567200,7684.5,7686.5,7673,7677.5
1789568100,7677.75,7679.25,7669.5,7671.75
1789569000,7671.75,7680.75,7670,7680.75
1789569900,7680.5,7685,7678,7684.25
1789570800,7684.5,7692.75,7683.75,7689.75
1789571700,7690,7690.5,7685.25,7686
1789572600,7685.75,7688.25,7682,7688
1789573500,7687.75,7699,7687,7689
1789574400,7689,7689.75,7683.75,7685.75
1789575300,7685.75,7686.75,7680.25,7683.25
1789576200,7683.25,7684,7678.25,7680.75
1789577100,7680.75,7683.5,7678.75,7679.25
1789578000,7679.5,7679.75,7674,7678.75
1789578900,7678.75,7681,7676.75,7680.75
1789579800,7681,7682.25,7674.5,7674.75
1789580700,7674.75,7684.75,7674.75,7683.5
1789581600,7684.5,7694.25,7668.75,7681.25
1789582500,7681.25,7685,7669.25,7678
1789583400,7678.25,7683.25,7641,7671.25
1789584300,7671.5,7677.25,7617.5,7618.75
1789585200,7618.75,7633.75,7591,7592.5
1789586100,7592.5,7600.75,7575,7591.75
1789587000,7591.75,7608,7590.5,7600.75
1789587900,7600.75,7625,7600.5,7622
1789588800,7622.5,7626,7620,7621.75
1789589700,7621.75,7623,7617.25,7620.25
1789590600,7620.25,7623,7619,7621.25
1789591500,7621.25,7623,7618.5,7622
1789596000,7624,7628.25,7617.5,7626.25
1789596900,7626.25,7632.5,7625.5,7632.25
1789597800,7632.25,7639.75,7632,7638.75
1789598700,7638.5,7639.25,7634.75,7636.75
1789599600,7636.5,7640,7635.75,7638.5
1789600500,7638.75,7647.75,7638.75,7645
1789601400,7645.25,7654,7645,7652
1789602300,7652.25,7657.5,7651.5,7657.25
1789603200,7657.5,7662.25,7656,7656
1789604100,7656,7660.25,7654,7656.75
1789605000,7656.75,7667.75,7656.75,7665.5
1789605900,7665.5,7666,7659.75,7664
1789606800,7664,7668,7660.75,7663.75
1789607700,7663.5,7664.5,7662,7663.25
1789608600,7663.25,7666.75,7659.5,7663.5
1789609500,7663.25,7664.25,7658.25,7660
1789610400,7660,7664.75,7659.75,7662
1789611300,7661.5,7665.25,7661.5,7663.75
1789612200,7664,7669.75,7663.75,7668.75
1789613100,7668.5,7668.75,7664.75,7665.25
1789614000,7665.25,7667.5,7664.75,7667.25
1789614900,7667.5,7668.25,7664.75,7668
1789615800,7667.75,7670.25,7666.75,7669.5
1789616700,7669.5,7670,7666.75,7669
1789617600,7668.75,7670.25,7667.25,7668.25
1789618500,7668.25,7668.25,7665.75,7667.25
1789619400,7667.25,7670.25,7666,7668.75
1789620300,7669,7670.25,7666.5,7667.25
1789621200,7667.25,7667.75,7664,7664.5
1789622100,7664.5,7665.25,7662.5,7663.5
1789623000,7663.5,7664,7659,7659
1789623900,7659,7660.25,7656.25,7657.25
1789624800,7657,7664.5,7656.75,7661.5
1789625700,7661.75,7671.5,7658.5,7671.25
1789626600,7671.25,7676.75,7671,7676.25
1789627500,7676,7677.5,7674.25,7675.25
1789628400,7675.25,7684,7673.5,7680.25
1789629300,7680.5,7687,7678.75,7686.75
1789630200,7686.5,7689.25,7684.75,7685.75
1789631100,7685.75,7686.25,7679,7680.25
1789632000,7680,7681.75,7673.5,7674.5
1789632900,7674.25,7678.25,7671.25,7677.75
1789633800,7677.75,7680.75,7676.25,7679
1789634700,7679,7684.5,7678.75,7683.25
1789635600,7683.25,7689.25,7683,7686.75
1789636500,7686.75,7687.75,7683.5,7683.75
1789637400,7683.5,7687,7683.5,7685.75
1789638300,7685.5,7685.75,7681.25,7682.75
1789639200,7682.5,7687,7682.5,7685.25
1789640100,7685.25,7689.5,7683.5,7687.5
1789641000,7687.75,7689.5,7684.25,7684.75
1789641900,7684.75,7688.75,7684.25,7687.5
1789642800,7687.75,7690.75,7685.75,7688
1789643700,7688.25,7688.75,7684.75,7686.25
1789644600,7686,7687.5,7683,7683
1789645500,7683,7695.5,7682.25,7695.25
1789646400,7695,7703.5,7690,7701.75
1789647300,7702,7716.75,7701.25,7716.5
1789648200,7716.25,7722.25,7713,7717.75
1789649100,7717.75,7720,7715.25,7717.5
1789650000,7717.75,7722,7714.75,7716
1789650900,7716,7718.5,7712.5,7713.5
1789651800,7713.5,7716.25,7688.25,7690.5
1789652700,7690.75,7697.25,7688.25,7693.75
1789653600,7693.5,7693.75,7680.5,7692.25
1789654500,7692.25,7703.75,7691,7697.5
1789655400,7697.5,7703.25,7696.25,7699.5
1789656300,7699.5,7700.25,7684.5,7688.25
1789657200,7688,7692.75,7683.75,7692
1789658100,7691.75,7698,7689.75,7696.25
1789659000,7696.25,7706.25,7695.25,7703.5
1789659900,7703.5,7706.5,7701.5,7706.5
1789660800,7706.5,7707.25,7701.5,7704
1789661700,7703.75,7707.5,7702.75,7706.25
1789662600,7706.25,7707.75,7700.5,7707.5
1789663500,7707.5,7708,7697,7706
1789664400,7706,7709.25,7702.75,7703.5
1789665300,7703.75,7704.5,7699.5,7702
1789666200,7702,7706.5,7700.25,7706
1789667100,7705.75,7708,7704.25,7707.75
1789668000,7707.75,7710,7705.75,7708.75
1789668900,7709,7711.25,7706.75,7708.5
1789669800,7708.75,7710.25,7702.75,7704.75
1789670700,7705,7708,7703.25,7705.75
1789671600,7705.75,7711.75,7705.5,7709
1789672500,7709,7710.5,7706.25,7706.75
1789673400,7706.75,7712,7706.75,7711.75
1789674300,7711.5,7715.5,7705,7707.25
1789675200,7707.5,7708.5,7704,7704.5
1789676100,7704.25,7705.25,7701.75,7702
1789677000,7701.75,7703,7701.5,7701.75
1789677900,7701.5,7704,7701,7702.25
1789682400,7703.5,7704.25,7699.5,7701.5
1789683300,7701.25,7701.5,7697.75,7698
1789684200,7697.75,7699.25,7697,7698
1789685100,7698,7699.25,7697,7699
1789686000,7699.25,7702,7699.25,7700
1789686900,7700,7701.5,7699,7700
1789687800,7700,7702.25,7699.5,7701.25
1789688700,7701.5,7702.5,7700.5,7700.75
1789689600,7700.75,7701.75,7698,7701.25
1789690500,7701,7702.75,7699.75,7701
1789691400,7701,7703,7698.75,7701.25
1789692300,7701.25,7701.5,7698.25,7699.5
1789693200,7699.5,7701.25,7697.5,7698
1789694100,7697.75,7698.5,7696,7697.25
1789695000,7697.5,7699.75,7696.25,7697.5
1789695900,7697.75,7701.25,7697.75,7701
1789696800,7701,7701.75,7699,7700.75
1789697700,7700.75,7703.25,7700.25,7703
1789698600,7703,7704.25,7702.25,7703
1789699500,7703,7705,7702.75,7703.75
1789700400,7703.75,7709.5,7703.5,7709.25
1789701300,7709,7709.75,7707,7709
1789702200,7709,7712,7708.5,7711.5
1789703100,7711.75,7714.25,7711.75,7713.5
1789704000,7713.75,7715.75,7713,7714.75
1789704900,7714.75,7715.5,7712.75,7715
1789705800,7715.25,7719.25,7715.25,7718.75
1789706700,7719,7721.75,7718.5,7721.75
1789707600,7721.5,7723,7721.25,7722.75
1789708500,7723,7724.5,7722.25,7723.25
1789709400,7723.5,7730,7723,7730
1789710300,7729.75,7730.25,7725.75,7726.75
1789711200,7726.75,7729.25,7726.75,7728
1789712100,7728,7730.75,7725.75,7728.75
1789713000,7728.75,7734.5,7728.75,7733.5
1789713900,7733.5,7734.75,7732.5,7733.75
1789714800,7733.75,7736,7732.25,7733.25
1789715700,7733.25,7738,7733,7737.75
1789716600,7737.75,7739.25,7733.25,7734.25
1789717500,7734.25,7736.75,7733.75,7734.5
1789718400,7734.25,7735.5,7728.75,7729.25
1789719300,7729.25,7732,7725,7725.25
1789720200,7725.5,7729.25,7724.5,7729
1789721100,7728.75,7730.25,7727,7727.5
1789722000,7727.5,7728.5,7725.5,7726.75
1789722900,7726.75,7728.5,7723.5,7723.75
1789723800,7723.75,7723.75,7717.25,7717.25
1789724700,7717.5,7719.75,7716.75,7717
1789725600,7716.75,7718.5,7716,7718.5
1789726500,7718.25,7720.25,7717.25,7719.25
1789727400,7719.25,7725.25,7719,7724.75
1789728300,7724.75,7725,7719.75,7720.25
1789729200,7720.25,7724,7713.75,7717.5
1789730100,7717.25,7717.25,7711.5,7713
1789731000,7712.75,7717.75,7712.25,7713
1789731900,7713,7714.25,7710.25,7712
1789732800,7712.25,7715,7702,7703
1789733700,7703.25,7705.5,7697.75,7699
1789734600,7699,7703.75,7698,7702.5
1789735500,7702.25,7703.5,7699.25,7700.75
1789736400,7700.75,7703,7699.25,7701.5
1789737300,7701.5,7710,7692.25,7710
1789738200,7710,7714.5,7701.75,7705
1789739100,7705,7707.5,7691.25,7693
1789740000,7693,7695.25,7684,7688
1789740900,7687.75,7692,7683.25,7689
1789741800,7688.75,7693.5,7684,7685.5
1789742700,7685.75,7695.25,7684,7695
1789743600,7695,7696,7689.5,7691.25
1789744500,7691.25,7696.25,7690,7695.5
1789745400,7695.5,7697,7686.5,7688.25
1789746300,7688.5,7689.5,7683.75,7685.25
1789747200,7685.25,7687.75,7682,7685.75
1789748100,7685.75,7687.25,7675,7683.25
1789749000,7683.25,7689,7681.25,7686.75
1789749900,7686.75,7691.5,7683.5,7689.75
1789750800,7690,7691.5,7686.25,7689.25
1789751700,7689.25,7692,7688.5,7690
1789752600,7690.25,7694,7688.25,7694
1789753500,7694,7695,7692.25,7694.5
1789754400,7694.75,7696,7693,7694.5
1789755300,7694.5,7703.25,7694.5,7701.75
1789756200,7701.75,7702.75,7699,7702.5
1789757100,7702.25,7715.75,7702.25,7710
1789758000,7709.75,7712,7707.75,7709
1789758900,7709,7710.5,7705.75,7706.25
1789759800,7706.25,7712.25,7704.25,7712
1789760700,7712.25,7718.25,7710.25,7712.25
1789761600,7712.25,7729.25,7711.5,7725.5
1789762500,7725.5,7726.25,7723.75,7726
1789763400,7726.25,7727.5,7724.5,7727.25
1789764300,7727,7728.75,7724,7725
1789941600,7722,7726.5,7713.75,7725.75
1789942500,7725.5,7728,7724.25,7727.75
1789943400,7727.75,7733.75,7727.25,7730.25
1789944300,7730.25,7734.5,7729.25,7733.75
1789945200,7733.75,7734,7731.5,7732
1789946100,7732.25,7733.5,7731.25,7733
1789947000,7733.25,7735.25,7732.75,7734.25
1789947900,7734,7735,7732.5,7734.5
1789948800,7734.5,7737.75,7733.25,7734.5
1789949700,7734.25,7737.75,7730.75,7736.5
1789950600,7736.5,7741.25,7736.5,7738.5
1789951500,7738.5,7740.25,7737.75,7739.5
1789952400,7739.5,7743.75,7739.5,7742.5
1789953300,7742.25,7743.5,7740.75,7741
1789954200,7741,7743.25,7740.75,7742.25
1789955100,7742.25,7742.25,7738.25,7738.75
1789956000,7738.5,7741.5,7737.75,7739.75
1789956900,7739.75,7740.75,7738.25,7739.75
1789957800,7739.5,7740.75,7737.5,7740
1789958700,7740,7742.75,7739.75,7740.25
1789959600,7740.25,7743.75,7740.25,7743.5
1789960500,7743.5,7746,7743.25,7744.25
1789961400,7744.25,7744.75,7743,7744.5
1789962300,7744.5,7746.25,7744,7744.25
1789963200,7744,7746,7742.5,7744.25
1789964100,7744,7746.5,7744,7745.75
1789965000,7745.5,7746,7743.75,7744.75
1789965900,7745,7746,7744.5,7744.75
1789966800,7745,7745.25,7743.5,7743.75
1789967700,7743.75,7744.75,7743.25,7744.5
1789968600,7744.25,7748.5,7744,7746
1789969500,7745.75,7746,7743.75,7745.5
1789970400,7745.5,7749.25,7745.5,7747
1789971300,7746.75,7748.25,7745.5,7747.5
1789972200,7747.25,7749.75,7747.25,7749
1789973100,7749.25,7752.25,7748.5,7752
1789974000,7752,7757.25,7751.5,7755.25
1789974900,7755.25,7757,7752.75,7755.75
1789975800,7755.75,7757,7753,7754.25
1789976700,7754.25,7759,7752.5,7757.25
1789977600,7757.25,7761.5,7757,7760.25
1789978500,7760.5,7761.25,7759,7760
1789979400,7759.75,7764,7759.5,7763.5
1789980300,7763.25,7764.25,7760.5,7761
1789981200,7761.25,7762.25,7759.25,7760.75
1789982100,7761,7763.25,7760,7761
1789983000,7760.75,7762.75,7760.5,7762.25
1789983900,7762.25,7764.5,7761.75,7762.5
1789984800,7762.25,7765.5,7762.25,7765.5
1789985700,7765.75,7767,7764.75,7766.25
1789986600,7766.25,7769,7765.25,7767.25
1789987500,7767.25,7768.75,7765.75,7766
1789988400,7765.75,7767,7763.25,7764.5
1789989300,7764.25,7766,7763,7764.25
1789990200,7764,7768.25,7763.75,7768.25
1789991100,7768,7771.25,7767,7767.5
1789992000,7767.75,7770.5,7764,7765.25
1789992900,7765.25,7767,7763.25,7763.5
1789993800,7763.5,7768,7763,7767.5
1789994700,7767.5,7767.75,7761.25,7761.5
1789995600,7761.5,7764.5,7760.75,7762.5
1789996500,7762.5,7763.75,7758.75,7760.5
1789997400,7760.5,7766.25,7758.25,7766
1789998300,7766.25,7775,7765.75,7774.75
1789999200,7774.75,7777,7767.75,7775.5
1790000100,7775.5,7791,7775.25,7788
1790001000,7788.25,7793.5,7786.25,7787.75
1790001900,7787.75,7792.25,7785,7790
1790002800,7790,7796.25,7789,7796
1790003700,7796.25,7800,7795.75,7796.25
1790004600,7796.25,7805,7795.75,7805
1790005500,7804.75,7811.5,7803,7805.25
1790006400,7805.25,7816.5,7802.75,7813.25
1790007300,7813.5,7818.25,7812,7816
1790008200,7816,7824.75,7815.75,7818
1790009100,7818,7821.25,7817.25,7821
1790010000,7821.25,7827,7819.5,7826
1790010900,7826.25,7828,7822,7826
1790011800,7826.25,7827.25,7820,7826.75
1790012700,7826.75,7830,7825.25,7826.75
1790013600,7827,7832.5,7827,7830.75
1790014500,7830.75,7838.25,7829.75,7837
1790015400,7837,7839.75,7833.75,7839.75
1790016300,7839.5,7844.75,7839,7841.25
1790017200,7841.5,7843.5,7837.75,7842.75
1790018100,7842.75,7843,7838.25,7839.25
1790019000,7839.25,7847.25,7838.75,7842.5
1790019900,7842.25,7843.5,7832,7833.25
1790020800,7833.25,7835,7828.5,7831
1790021700,7831,7831.25,7827.25,7830.25
1790022600,7830.25,7830.5,7826.75,7827.5
1790023500,7827.25,7830.25,7826.5,7829.25
1790028000,7830,7833.5,7829,7832.25
1790028900,7832.5,7835,7831.5,7834.75
1790029800,7834.5,7835.75,7832.75,7834.5
1790030700,7834.5,7835.75,7833,7834.5
1790031600,7834.75,7837.75,7833.5,7836.75
1790032500,7836.75,7837.25,7834,7835
1790033400,7835,7836.75,7834,7836
1790034300,7836,7836.25,7834.75,7835.25
1790035200,7835.25,7840,7834.5,7837.75
1790036100,7838,7838,7835,7837.25
1790037000,7837.25,7838.5,7832.25,7834.75
1790037900,7835,7836.25,7834.5,7835.25
1790038800,7835.5,7835.5,7832.5,7833.75
1790039700,7834,7834.25,7831.75,7833.5
1790040600,7833.75,7836.25,7832.25,7835
1790041500,7835,7836,7833.5,7833.5
1790042400,7833.5,7836.5,7833.25,7834.25
1790043300,7834.25,7836,7833.5,7835.25
1790044200,7835.5,7836,7833.5,7835.25
1790045100,7835.25,7835.5,7834,7834.75
1790046000,7834.75,7834.75,7832.5,7834
1790046900,7834,7835,7833.75,7834
1790047800,7834.25,7834.25,7833.5,7833.75