time,open,high,low,close,Plot,Plot,Plot,Plot
1789113900,7626,7626.5,7623.25,7624,,,,
1789114200,7624.25,7628.75,7623,7627,,,,
1789114500,7627,7631.25,7626,7628.5,,,,
1789114800,7628.5,7643.25,7628.25,7635,,,,
1789115100,7635,7635.5,7630.5,7631.25,,,,
1789115400,7631.5,7638.25,7631.25,7636.5,,,,
1789115700,7636.5,7637.25,7634.5,7635,,,,
1789116000,7634.75,7636,7633.75,7634.25,,,,
1789116300,7634.5,7637.75,7633.5,7636.5,,,,
1789116600,7636.5,7642.25,7636.5,7640.75,,,,
1789116900,7640.5,7643.75,7639.75,7643.75,,,,
1789117200,7644,7647.25,7642.75,7643.25,,,,
1789117500,7643,7643.25,7639.25,7639.25,,,,
1789117800,7639.25,7640,7637.5,7637.5,,,,
1789118100,7637.25,7640,7636.5,7639.5,,,,
1789118400,7639.5,7640.25,7638.5,7639.5,,,,
1789118700,7639.25,7639.75,7638.25,7638.75,,,,
1789119000,7638.75,7640.25,7638.5,7639.5,,,,
1789119300,7639.75,7640.5,7639,7640,,,,
1789119600,7640,7641,7638.75,7639.25,,,,
1789119900,7639.25,7641.25,7638.75,7640,,,,
1789120200,7640,7640.75,7639.25,7639.75,,,,
1789120500,7639.75,7642.25,7639.5,7641,,,,
1789120800,7640.75,7645.25,7635.25,7644.75,,,,
1789121100,7644.5,7644.5,7643,7643.75,,,,
1789121400,7643.75,7644,7641.25,7642.5,,,,
1789121700,7642.25,7643.25,7641.25,7642.5,,,,
1789122000,7642.25,7643.25,7640.5,7641.75,,,,
1789122300,7641.75,7642,7639.75,7640.75,,,,
1789122600,7640.75,7642.75,7640.25,7642.25,,,,
1789122900,7642.75,7643.5,7640.5,7642,,,,
1789123200,7641.75,7641.75,7639.75,7639.75,,,,
1789123500,7640,7640.25,7638,7638.75,,,,
1789123800,7638.75,7639.75,7638,7638.25,,,,
1789124100,7638.5,7639.5,7637.75,7638.5,,,,
1789124400,7638.75,7639.75,7637.75,7638.25,,,,
1789124700,7638.25,7638.5,7635.5,7636.5,,,,
1789125000,7636.25,7637.25,7635.75,7636,,,,
1789125300,7636.25,7638.75,7635.5,7638.5,,,,
1789125600,7638.75,7639,7636,7638.25,,,,
1789125900,7638.25,7641.25,7638.25,7639.25,,,,
1789126200,7639.25,7640.75,7636,7636.5,,,,
1789126500,7636.5,7638.5,7635.5,7638,,,,
1789126800,7637.75,7640.75,7637.75,7640.25,,,,
1789127100,7640.5,7641.75,7637.5,7641,,,,
1789127400,7641,7641,7639.25,7640.5,,,,
1789127700,7640.5,7642.5,7639.75,7641,,,,
1789128000,7640.75,7641.5,7637.5,7639.5,,,,
1789128300,7639.5,7640.5,7638.25,7640.5,,,,
1789128600,7640.5,7644.25,7639.25,7641.75,,,,
1789128900,7641.75,7646,7640.5,7644.5,,,,
1789129200,7644.75,7646.75,7643,7643.5,,,,
1789129500,7643.75,7656.5,7642.75,7653.5,,,,
1789129800,7653,7655.75,7620.25,7642.75,,,,
1789130100,7642.75,7650.75,7640.25,7647.75,,,,
1789130400,7647.75,7650,7644.5,7646.5,,,,
1789130700,7646.75,7658.25,7644.75,7655.75,,,,
1789131000,7656,7668.5,7655.75,7667.25,,,,
1789131300,7667.25,7677.25,7666.5,7676,,,,
1789131600,7676.25,7683.25,7675.75,7677.25,,,,
1789131900,7677.25,7680,7671.25,7673.25,,,,
1789132200,7673.25,7674.25,7665.5,7667.5,,,,
1789132500,7667.25,7669,7665,7665.5,,,,
1789132800,7665.5,7668.25,7665.5,7667,,,,
1789133100,7667,7673,7664.5,7665.25,,,,
1789133400,7665.25,7676.5,7659.75,7675.5,,,,
1789133700,7675.25,7677.75,7671.25,7673.5,,,,
1789134000,7673.25,7676,7664,7672.25,,,,
1789134300,7672.25,7677.25,7665.5,7667.25,,,,
1789134600,7667.5,7670.75,7664.75,7669,,,,
1789134900,7669,7682,7667.75,7681,,,,
1789135200,7681,7681.25,7671.25,7672,,,,
1789135500,7672,7673.75,7666.75,7671.75,,,,
1789135800,7672,7674.75,7665.25,7666.5,,,,
1789136100,7666.5,7675.5,7664,7675,,,,
1789136400,7675,7678.75,7673.5,7675.5,,,,
1789136700,7675.25,7678.75,7673.25,7674.75,,,,
1789137000,7675,7675.75,7664.5,7665,,,,
1789137300,7664.75,7665.25,7657.5,7660.25,,,,
1789137600,7660.75,7665,7656,7657.75,,,,
1789137900,7657.75,7665.75,7653.25,7664.75,,,,
1789138200,7664.75,7665,7657.25,7658,,,,
1789138500,7658.25,7659.5,7654.25,7657,,,,
1789138800,7657.25,7664.25,7655.25,7664,,,,
1789139100,7664,7670.25,7663.25,7666.5,,,,
1789139400,7666.5,7667.25,7658.25,7663.5,,,,
1789139700,7663.25,7673.25,7663.25,7671.5,,,,
1789140000,7671.5,7676.75,7670.75,7676.25,,,,
1789140300,7676,7680,7674.25,7677.5,,,,
1789140600,7677.5,7679.5,7675,7676.5,,,,
1789140900,7676.5,7678.25,7673.75,7677,,,,
1789141200,7677.25,7680.5,7676.25,7678.75,,,,
1789141500,7679,7679.25,7675.25,7676.75,,,,
1789141800,7676.75,7677.75,7671.75,7673.25,,,,
1789142100,7673,7676,7671.5,7675,,,,
1789142400,7675,7680,7675,7679,,,,
1789142700,7679.25,7679.75,7675.25,7677,,,,
1789143000,7676.75,7678,7673,7673.75,,,,
1789143300,7673.5,7674.25,7671.5,7672.5,,,,
1789143600,7672.5,7674,7670.25,7671.25,,,,
1789143900,7671.5,7673.75,7666.25,7667.25,,,,
1789144200,7666.75,7675.5,7665.75,7673.75,,,,
1789144500,7673.5,7673.75,7666.75,7667.25,,,,
1789144800,7667,7672.5,7666.25,7672.25,,,,
1789145100,7672.25,7674,7670.75,7670.75,,,,
1789145400,7670.75,7673.25,7670.5,7671.75,,,,
1789145700,7672,7674.5,7671.5,7674,,,,
1789146000,7674.25,7676.5,7673.25,7674.25,,,,
1789146300,7674,7678.75,7673.75,7675.25,,,,
1789146600,7675.25,7676.75,7673,7673.25,,,,
1789146900,7673.5,7677.25,7673.25,7676.75,,,,
1789147200,7677,7680.5,7676.5,7680.25,,,,
1789147500,7680.25,7681.25,7677,7677.75,,,,
1789147800,7677.75,7680.5,7676.75,7677.5,,,,
1789148100,7677.75,7678.25,7675.5,7676,,,,
1789148400,7675.75,7677.75,7675.5,7676.25,,,,
1789148700,7676.25,7677.25,7675,7676.75,,,,
1789149000,7676.75,7677.5,7676,7676.25,,,,
1789149300,7676,7676.5,7674,7674.75,,,,
1789149600,7675,7677.75,7674.5,7676.5,,,,
1789149900,7676.25,7676.25,7673.5,7674.75,,,,
1789150200,7674.75,7675,7672.75,7673.25,,,,
1789150500,7673.25,7675,7672.75,7673.5,,,,
1789150800,7673.5,7673.75,7668.75,7671.25,,,,
1789151100,7671.25,7673.25,7669.5,7672,,,,
1789151400,7672,7673.75,7669.25,7672.25,,,,
1789151700,7672.25,7673.25,7670,7670.75,,,,
1789152000,7670.75,7671.75,7668.5,7669,,,,
1789152300,7669,7671.25,7667.25,7668.25,,,,
1789152600,7668.25,7669.5,7668,7668,,,,
1789152900,7668.25,7670.25,7667,7667.75,,,,
1789153200,7668,7669.75,7667.5,7669,,,,
1789153500,7669,7669,7664.75,7665.25,,,,
1789153800,7665,7667,7663,7666.5,,,,
1789154100,7666.75,7668.5,7666.25,7667.5,,,,
1789154400,7667.5,7669.75,7666.5,7669.5,,,,
1789154700,7669.5,7670.5,7667.5,7667.75,,,,
1789155000,7668,7668.75,7666.25,7667.25,,,,
1789155300,7667.25,7667.5,7666,7666.75,,,,
1789155600,7666.75,7668,7666.25,7667.75,,,,
1789155900,7667.5,7667.75,7664.5,7664.75,,,,
1789156200,7664.75,7665.5,7661.75,7664,,,,
1789156500,7664,7664.25,7657.5,7658.75,,,,
1789156800,7658.75,7661.25,7658.5,7661,,,,
1789157100,7661,7661.75,7660.5,7661,,,,
1789157400,7661.25,7662,7659.5,7660.5,,,,
1789157700,7660.75,7661,7659.75,7660.25,,,,
1789158000,7660.25,7662,7660.25,7661.5,,,,
1789158300,7661.5,7662,7660.5,7661.25,,,,
1789158600,7660.75,7663.5,7660.75,7662.5,,,,
1789158900,7662.5,7662.75,7661.75,7662,,,,
1789159200,7661.75,7662.25,7660,7660.75,,,,
1789159500,7661.25,7661.25,7659.75,7660.25,,,,
1789159800,7660.25,7661.5,7659.75,7661.25,,,,
1789160100,7661.25,7661.5,7660.25,7660.75,,,,
1789336800,7609.5,7626,7602.5,7617.5,,,,
1789337100,7617,7620.5,7608.75,7609.75,,,,
1789337400,7609.5,7613,7607.75,7612.5,,,,
1789337700,7612.25,7614,7609.25,7613.5,,,,
1789338000,7613.5,7615.5,7612,7614,,,,
1789338300,7614,7619,7614,7619,,,,
1789338600,7618.75,7622.75,7618.25,7622.25,,,,
1789338900,7622.25,7622.75,7617.5,7620.75,,,,
1789339200,7621,7621,7616.75,7617.5,,,,
1789339500,7617.5,7619.5,7616.5,7618.25,,,,
1789339800,7618.25,7620.25,7618,7619.25,,,,
1789340100,7619.25,7621.5,7618.25,7618.75,,,,
1789340400,7618.5,7619.75,7617.25,7618,,,,
1789340700,7618.5,7619.75,7617.25,7619.25,,,,
1789341000,7619.25,7620.25,7618.75,7620,,,,
1789341300,7619.75,7620.25,7618.75,7619,,,,
1789341600,7619,7624,7618.75,7624,,,,
1789341900,7623.5,7624.75,7622.5,7624.5,,,,
1789342200,7624.5,7625.5,7623.75,7623.75,,,,
1789342500,7623.5,7623.5,7618,7619.75,,,,
1789342800,7619.75,7621,7617.5,7619,,,,
1789343100,7618.75,7618.75,7615.75,7616.75,,,,
1789343400,7616.5,7619.75,7616,7617,,,,
1789343700,7617,7617.5,7614.75,7615.5,,,,
1789344000,7615.25,7620,7614,7618.75,,,,
1789344300,7618.75,7623,7618.5,7622.25,,,,
1789344600,7622.5,7623.5,7619.5,7621,,,,
1789344900,7621.25,7623,7620,7621.25,,,,
1789345200,7621.5,7621.5,7619.25,7620.5,,,,
1789345500,7620.75,7621.25,7617.5,7620,,,,
1789345800,7620,7622.5,7619.25,7621.25,,,,
1789346100,7621.25,7622,7619,7619.75,,,,
1789346400,7619.75,7623,7619.25,7622.75,,,,
1789346700,7623,7624.25,7621.75,7623.25,,,,
1789347000,7623,7624.25,7620.5,7624,,,,
1789347300,7623.75,7624.5,7620.25,7621.75,,,,
1789347600,7621.75,7624.25,7620.5,7622.5,,,,
1789347900,7622.25,7624.5,7622.25,7624.25,,,,
1789348200,7624.25,7625.75,7621.75,7622,,,,
1789348500,7622,7622.5,7620.5,7621,,,,
1789348800,7621.25,7623,7620.25,7622.25,,,,
1789349100,7621.75,7624,7620.75,7623.25,,,,
1789349400,7623.5,7623.75,7621.5,7622.5,,,,
1789349700,7622,7627,7621.75,7626.5,,,,
1789350000,7626.5,7628.25,7625.5,7626.75,,,,
1789350300,7626.75,7630.5,7626.75,7630.25,,,,
1789350600,7630.5,7632.25,7630,7631.75,,,,
1789350900,7631.75,7634.5,7631.5,7632.75,,,,
1789351200,7633,7634,7631.5,7631.5,,,,
1789351500,7631.5,7634,7631.5,7632.75,,,,
1789351800,7632.75,7633.75,7632,7632.25,,,,
1789352100,7632.5,7633,7631.25,7632.5,,,,
1789352400,7632.25,7633.5,7631.75,7632,,,,
1789352700,7632.25,7632.75,7631.75,7632,,,,
1789353000,7632.25,7633.5,7631.5,7632.25,,,,
1789353300,7632.25,7632.75,7631,7631,,,,
1789353600,7631,7631.5,7629,7629.25,,,,
1789353900,7629.5,7631.75,7629,7631.5,,,,
1789354200,7631.75,7632.25,7631,7631.5,,,,
1789354500,7631.25,7631.25,7629.5,7629.75,,,,
1789354800,7629.5,7629.75,7627,7627,,,,
1789355100,7627.25,7628.25,7627,7627.75,,,,
1789355400,7627.75,7627.75,7625.25,7625.5,,,,
1789355700,7625.75,7626.5,7623.5,7625,,,,
1789356000,7625,7625.75,7623.75,7625.25,,,,
1789356300,7625,7626.75,7624.25,7626.5,,,,
1789356600,7626.25,7626.5,7623.25,7624.5,,,,
1789356900,7624.5,7624.75,7623.25,7624,,,,
1789357200,7624,7624,7622.25,7622.5,,,,
1789357500,7622.75,7623.75,7621.75,7623,,,,
1789357800,7622.75,7624,7622,7623.75,,,,
1789358100,7623.75,7623.75,7622,7622.25,,,,
1789358400,7622.5,7624.25,7622.25,7624,,,,
1789358700,7624,7624.75,7622.5,7623,,,,
1789359000,7623,7623,7620.75,7621.25,,,,
1789359300,7621.5,7622.25,7620.75,7622,,,,
1789359600,7622.25,7622.25,7621.25,7622.25,,,,
1789359900,7622.5,7623,7622,7622,,,,
1789360200,7622.25,7622.25,7619.25,7619.25,,,,
1789360500,7619.75,7622.5,7619,7622.5,,,,
1789360800,7622.25,7622.75,7619.25,7620,,,,
1789361100,7620.25,7622.5,7620.25,7621.75,,,,
1789361400,7622,7623.75,7620.25,7620.25,,,,
1789361700,7620.75,7621.5,7619.5,7620.25,,,,
1789362000,7620,7621,7619.25,7620.75,,,,
1789362300,7620.5,7621.25,7620,7620,,,,
1789362600,7620,7620.5,7618.5,7620.25,,,,
1789362900,7620.5,7620.5,7618,7618.75,,,,
1789363200,7618.75,7619,7616,7616.25,,,,
1789363500,7616.25,7619.75,7616,7618.75,,,,
1789363800,7619,7620,7617.75,7618.75,,,,
1789364100,7618.75,7620.5,7617.75,7619,,,,
1789364400,7619,7619.5,7615.25,7616.75,,,,
1789364700,7617,7618,7615.5,7615.75,,,,
1789365000,7615.75,7619.25,7615.5,7619.25,,,,
1789365300,7619.25,7620.25,7617.75,7620,,,,
1789365600,7620,7623,7619.5,7622.75,,,,
1789365900,7622.75,7623.5,7621.5,7622.75,,,,
1789366200,7622.5,7624.75,7622,7623.25,,,,
1789366500,7623.5,7624.25,7622.5,7623.5,,,,
1789366800,7623.25,7624,7621,7623,,,,
1789367100,7623,7624,7621,7621,,,,
1789367400,7621,7621,7616.25,7617.25,,,,
1789367700,7617.5,7617.75,7616,7616.75,,,,
1789368000,7616.75,7617.25,7612,7614.25,,,,
1789368300,7614.25,7615.5,7611.75,7612,,,,
1789368600,7612.25,7614.25,7611.5,7613,,,,
1789368900,7613,7614,7607.75,7609.5,,,,
1789369200,7609.75,7613.5,7606.75,7613.25,,,,
1789369500,7613.5,7615.5,7611.5,7613.25,,,,
1789369800,7613,7615.5,7611.5,7614.75,,,,
1789370100,7614.5,7615.5,7612,7612.75,,,,
1789370400,7612.25,7615.25,7610.75,7614,,,,
1789370700,7614,7614.5,7610.75,7611.25,,,,
1789371000,7611.25,7613.25,7610.5,7611.5,,,,
1789371300,7611.25,7612,7609.5,7610.25,,,,
1789371600,7610.5,7611.5,7605.25,7606,,,,
1789371900,7606.5,7608.25,7604.75,7608,,,,
1789372200,7608,7608.5,7603.75,7605.5,,,,
1789372500,7605.75,7609.25,7605.75,7608.5,,,,
1789372800,7608.75,7613.25,7607.25,7611.75,,,,
1789373100,7611.75,7613.5,7609.75,7613.25,,,,
1789373400,7613,7613.25,7608.25,7610.25,,,,
1789373700,7610.25,7610.5,7606.25,7607.25,,,,
1789374000,7607.25,7609,7606.25,7606.75,,,,
1789374300,7606.5,7607.5,7603.75,7603.75,,,,
1789374600,7603.75,7606.75,7603.25,7605.75,,,,
1789374900,7606,7609.25,7606,7609,,,,
1789375200,7609.25,7610.25,7607,7607.75,,,,
1789375500,7607.75,7609,7600.75,7604.75,,,,
1789375800,7604.75,7606.5,7601.75,7602.25,,,,
1789376100,7602.5,7608.25,7602,7608.25,,,,
1789376400,7608,7609.5,7605,7606.75,,,,
1789376700,7606.75,7607.75,7605.5,7606.5,,,,
1789377000,7606.25,7607.25,7599.5,7601.25,,,,
1789377300,7600.75,7601,7597.75,7598.25,,,,
1789377600,7598.25,7599.25,7592.75,7594.75,,,,
1789377900,7594.75,7600.75,7594.5,7599.25,,,,
1789378200,7599.25,7601.25,7598.5,7599.25,,,,
1789378500,7599.25,7599.25,7595,7596.25,,,,
1789378800,7596,7599,7594.5,7595,,,,
1789379100,7595.25,7597.75,7594,7595.75,,,,
1789379400,7595.75,7598.75,7594.25,7598,,,,
1789379700,7598,7598.75,7594.75,7596.25,,,,
1789380000,7596.75,7598.5,7596.25,7597.25,,,,
1789380300,7597.5,7599.5,7596.75,7598.25,,,,
1789380600,7598.25,7600.75,7597.5,7599.25,,,,
1789380900,7599.25,7600,7596,7597.75,,,,
1789381200,7598,7603.5,7597.75,7601.75,,,,
1789381500,7602.25,7604.5,7602.25,7604.25,,,,
1789381800,7604.25,7605.5,7603.25,7605,,,,
1789382100,7605.25,7607.25,7605,7605.25,,,,
1789382400,7605.5,7609,7605,7607.75,,,,
1789382700,7607.75,7609.75,7607.25,7608.75,,,,
1789383000,7609,7609.5,7606.25,7606.75,,,,
1789383300,7606.75,7610.75,7606.5,7609.25,,,,
1789383600,7609.25,7612.25,7606.75,7612,,,,
1789383900,7612,7613,7611,7612.25,,,,
1789384200,7611.75,7614,7609.5,7612,,,,
1789384500,7612,7614,7612,7613.5,,,,
1789384800,7613.5,7615.25,7612.25,7615,,,,
1789385100,7615,7617.75,7614.25,7616.75,,,,
1789385400,7617,7617.75,7613.25,7613.75,,,,
1789385700,7613.75,7615,7610.5,7614,,,,
1789386000,7614.25,7617.5,7613.5,7615,,,,
1789386300,7615,7616.5,7613.5,7616.25,,,,
1789386600,7615.75,7615.75,7611.75,7613.5,,,,
1789386900,7613.5,7614.5,7611,7611.5,,,,
1789387200,7611.5,7612,7606.75,7608,,,,
1789387500,7608,7610.25,7606.5,7610,,,,
1789387800,7609.75,7612.25,7608.25,7609.75,,,,
1789388100,7609.75,7615.25,7609.75,7611,,,,
1789388400,7611,7612.5,7609,7610.5,,,,
1789388700,7610.25,7611,7607.75,7609.75,,,,
1789389000,7609.75,7612.5,7606,7607,,,,
1789389300,7607,7607.25,7596.5,7601.25,,,,
1789389600,7601,7608.5,7597.5,7607.5,,,,
1789389900,7607.5,7609.75,7603.75,7606.25,,,,
1789390200,7606,7607.5,7603,7603.75,,,,
1789390500,7603.5,7607.25,7601.5,7606.5,,,,
1789390800,7606.5,7606.75,7597.75,7598.75,,,,
1789391100,7599,7601.75,7595,7599.25,,,,
1789391400,7599,7607,7598.5,7606,,,,
1789391700,7606,7608.75,7604.75,7607.5,,,,
1789392000,7607.75,7609.25,7607,7607.75,,,,
1789392300,7607.75,7609,7605.5,7606.25,,,,
1789392600,7606.5,7608.5,7602.25,7603.25,,,,
1789392900,7603.25,7606,7601,7602,,,,
1789393200,7602.25,7611.75,7601,7610.75,,,,
1789393500,7610.75,7622,7610.25,7619,,,,
1789393800,7619.25,7622.75,7617,7618,,,,
1789394100,7617.75,7618.75,7613.5,7616,,,,
1789394400,7615.75,7622,7615,7620.5,,,,
1789394700,7620.25,7627.5,7619,7624.5,,,,
1789395000,7624.5,7626.25,7620,7620.25,,,,
1789395300,7620.5,7622.75,7613.5,7614.5,,,,
1789395600,7614.5,7614.5,7602,7604,,,,
1789395900,7603.75,7604.5,7597.75,7604.25,,,,
1789396200,7604,7607.25,7600.5,7606.75,,,,
1789396500,7606.75,7606.75,7598.5,7600.5,,,,
1789396800,7600.5,7602.75,7596.5,7602.75,,,,
1789397100,7602.75,7606.5,7600.5,7602.5,,,,
1789397400,7602.25,7602.75,7596.75,7598,,,,
1789397700,7598,7601.75,7595,7601.5,,,,
1789398000,7601.5,7602,7597.5,7597.75,,,,
1789398300,7597.75,7616,7597.25,7607.25,,,,
1789398600,7607.5,7608.25,7602,7602.25,,,,
1789398900,7602,7608,7601,7606.5,,,,
1789399200,7606.75,7611.75,7605.75,7611.5,,,,
1789399500,7611.25,7615,7609,7612,,,,
1789399800,7612,7625,7610.5,7623.75,,,,
1789400100,7624,7629.5,7620.5,7628.5,,,,
1789400400,7628.5,7638.75,7626.25,7637.5,,,,
1789400700,7637.5,7638,7631,7631.25,,,,
1789401000,7631,7636,7629,7634.5,,,,
1789401300,7634.75,7637,7633.25,7634.5,,,,
1789401600,7634,7635.75,7629.5,7629.5,,,,
1789401900,7629.5,7631.5,7628.5,7630.25,,,,
1789402200,7630.5,7633.25,7630,7631,,,,
1789402500,7631.25,7641,7631.25,7640,,,,
1789402800,7640.5,7642.75,7636.75,7640.5,,,,
1789403100,7640.5,7641.25,7635.25,7636.5,,,,
1789403400,7636.5,7641,7635.75,7636,,,,
1789403700,7636,7638,7634.5,7637,,,,
1789404000,7637,7639.25,7635.5,7639.25,,,,
1789404300,7639.5,7651.75,7636.75,7649.25,,,,
1789404600,7649.25,7651.75,7646.5,7646.75,,,,
1789404900,7646.75,7647.5,7641.75,7645,,,,
1789405200,7645,7646.75,7641.5,7642.75,,,,
1789405500,7643,7644.5,7639.5,7640.75,,,,
1789405800,7640.75,7645,7637.75,7638,,,,
1789406100,7638,7639.25,7635.25,7636.5,,,,
1789406400,7637,7640.5,7636.5,7639.25,,,,
1789406700,7639.25,7643.5,7638,7643.5,,,,
1789407000,7643.25,7645,7641,7642.75,,,,
1789407300,7642.5,7645,7641.25,7644.25,,,,
1789407600,7644.25,7644.5,7641,7642.5,,,,
1789407900,7642.5,7644.5,7641.75,7642.75,,,,
1789408200,7643,7645,7642,7644.25,,,,
1789408500,7643.75,7644.75,7639.5,7639.75,,,,
1789408800,7640,7644.25,7638.25,7638.75,,,,
1789409100,7638.75,7642.25,7637.25,7640.75,,,,
1789409400,7640.5,7641,7638,7639.75,,,,
1789409700,7640,7641.25,7638.25,7639,,,,
1789410000,7639,7639.75,7637.5,7637.5,,,,
1789410300,7637.75,7638.25,7635.25,7636.5,,,,
1789410600,7636.5,7640,7636,7638.75,,,,
1789410900,7638.5,7641.25,7638.25,7639.75,,,,
1789411200,7639.5,7641.75,7638.75,7640,,,,
1789411500,7640.25,7642,7637.25,7641.75,,,,
1789411800,7641.5,7642,7639.25,7639.75,,,,
1789412100,7639.5,7641.25,7637.25,7638,,,,
1789412400,7638,7638.75,7635,7636,,,,
1789412700,7635.75,7636.5,7632.5,7635,,,,
1789413000,7635,7637.75,7634.75,7637,,,,
1789413300,7636.75,7637,7634.5,7635.25,,,,
1789413600,7635.25,7636.25,7633,7634.75,,,,
1789413900,7634.75,7635.5,7633.5,7634,,,,
1789414200,7634,7636.25,7633.25,7634,,,,
1789414500,7634,7634.25,7632.5,7633,,,,
1789414800,7633,7634.25,7631.75,7633,,,,
1789415100,7633,7635.5,7632.5,7634.25,,,,
1789415400,7634,7635.25,7628,7629.25,,,,
1789415700,7629.5,7630.5,7623.25,7624.75,,,,
1789416000,7624.75,7627,7622.75,7624.5,,,,
1789416300,7624.5,7624.75,7623,7623.5,,,,
1789416600,7623.5,7625.25,7623,7624.5,,,,
1789416900,7624.5,7624.75,7621.5,7624.5,,,,
1789417200,7624.5,7627,7624.25,7627,,,,
1789417500,7627,7628,7626.5,7627.5,,,,
1789417800,7627.5,7627.75,7626,7627,,,,
1789418100,7626.75,7627.75,7626.75,7627.5,,,,
1789418400,7627.25,7628,7626.75,7627,,,,
1789418700,7627.5,7631,7627,7630.25,,,,
1789419000,7630.25,7631.5,7630,7631.25,,,,
1789419300,7631,7632.25,7630.25,7632,,,,
1789423200,7700.25,7700.5,7696,7697.5,,,,
1789423500,7697.75,7699.25,7695.5,7696,,,,
1789423800,7696,7697.25,7695.75,7696.75,,,,
1789424100,7696.75,7697.75,7695.25,7696.5,,,,
1789424400,7696.5,7696.75,7695.75,7696,,,,
1789424700,7696,7696.5,7694.75,7696.25,,,,
1789425000,7696.25,7697.25,7696.25,7697,,,,
1789425300,7696.75,7697.25,7696.25,7696.5,,,,
1789425600,7696.25,7696.5,7695.25,7695.75,,,,
1789425900,7695.75,7697.75,7695.5,7697.25,,,,
1789426200,7697.5,7698.5,7697.5,7697.75,,,,
1789426500,7698,7698,7696.5,7696.5,,,,
1789426800,7696.75,7697,7694.75,7696,,,,
1789427100,7696,7696.5,7695.25,7696.25,,,,
1789427400,7696.25,7697.5,7695.75,7697,,,,
1789427700,7697,7697.25,7694.75,7695,,,,
1789428000,7695,7696.5,7694.5,7696.25,,,,
1789428300,7696.25,7696.75,7694.75,7695.25,,,,
1789428600,7695,7696.25,7695,7695.75,,,,
1789428900,7695.75,7696.75,7695.5,7696.75,,,,
1789429200,7696.5,7697,7695.25,7696,,,,
1789429500,7696,7696.5,7694.75,7695.5,,,,
1789429800,7695.5,7695.5,7694,7694.75,,,,
1789430100,7695,7696.5,7694.75,7696.25,,,,
1789430400,7696,7697.75,7693,7694,,,,
1789430700,7694,7697,7692,7696,,,,
1789431000,7696.25,7696.5,7693.75,7696,,,,
1789431300,7696,7696,7692.5,7694,,,,
1789431600,7693.75,7696.25,7692.75,7696.25,,,,
1789431900,7696.25,7696.75,7694.25,7695,,,,
1789432200,7695,7695.5,7694,7694,,,,
1789432500,7694.25,7697.75,7694,7697.5,,,,
1789432800,7697.5,7700.25,7697.5,7699.25,,,,
1789433100,7699.5,7699.5,7697,7698.75,,,,
1789433400,7698.5,7700.5,7698.5,7699.5,,,,
1789433700,7699.5,7700.25,7697.25,7698,,,,
1789434000,7697.75,7701,7696,7699.75,,,,
1789434300,7699.75,7700,7697.25,7698.5,,,,
1789434600,7698.25,7700.75,7698.25,7700.5,,,,
1789434900,7700.5,7701,7699.75,7700.25,,,,
1789435200,7700,7700.5,7699.25,7699.75,,,,
1789435500,7700,7700,7697.5,7698,,,,
1789435800,7698,7698.5,7695,7695.5,,,,
1789436100,7695.25,7695.5,7693,7694.25,,,,
1789436400,7694.5,7694.5,7690,7692.25,,,,
1789436700,7692,7693.75,7690.5,7693.75,,,,
1789437000,7693.5,7695,7690.5,7693.5,,,,
1789437300,7693.25,7694.75,7692.5,7693.25,,,,
1789437600,7693.25,7695.25,7692.5,7694.75,,,,
1789437900,7694.5,7694.75,7692.75,7694,,,,
1789438200,7694.25,7694.75,7693,7693.5,,,,
1789438500,7693.5,7693.5,7692,7692.25,,,,
1789438800,7692.25,7693,7691.5,7693,,,,
1789439100,7692.75,7693.5,7692,7692.25,,,,
1789439400,7692.5,7693.5,7691.5,7692.25,,,,
1789439700,7692,7692.75,7690.5,7691.5,,,,
1789440000,7691.5,7692.25,7690,7690.75,,,,
1789440300,7690.75,7692,7690,7691.75,,,,
1789440600,7691.5,7691.75,7690,7691.25,,,,
1789440900,7691.25,7692.25,7690.25,7690.5,,,,
1789441200,7690.5,7691.5,7689.25,7690,,,,
1789441500,7689.75,7690,7688.25,7688.5,,,,
1789441800,7688.25,7689.25,7687.75,7689,,,,
1789442100,7689,7689.25,7687.75,7687.75,,,,
1789442400,7688,7688.5,7687.75,7688,,,,
1789442700,7688.25,7688.25,7687.5,7688,,,,
1789443000,7688,7688.75,7687,7688,,,,
1789443300,7688.25,7688.75,7687.25,7687.5,,,,
1789443600,7687.25,7687.75,7687.25,7687.5,,,,
1789443900,7688,7688.75,7685.75,7686.25,,,,
1789444200,7686.5,7686.75,7683.25,7683.25,,,,
1789444500,7683.25,7683.5,7681.75,7682.25,,,,
1789444800,7682.25,7683.25,7680.5,7683,,,,
1789445100,7683,7684.5,7681.5,7682,,,,
1789445400,7682,7682.75,7680.25,7680.5,,,,
1789445700,7680.75,7681,7679.25,7680,,,,
1789446000,7680,7680.5,7676.5,7677,,,,
1789446300,7676.75,7677.25,7674.25,7675.5,,,,
1789446600,7675.75,7677,7675,7675.5,,,,
1789446900,7675.5,7675.75,7671.5,7673.5,,,,
1789447200,7673.5,7677,7673,7675.5,,,,
1789447500,7675.75,7676.75,7674.25,7675,,,,
1789447800,7674.75,7675.25,7670.5,7672.25,,,,
1789448100,7672,7672,7668.75,7669,,,,
1789448400,7669,7671.25,7668.75,7669,,,,
1789448700,7669,7669.75,7666,7666.25,,,,
1789449000,7666,7666.75,7664.5,7665.5,,,,
1789449300,7665.75,7665.75,7663,7664.25,,,,
1789449600,7664,7666,7663.75,7665,,,,
1789449900,7664.75,7668.75,7664.5,7668.5,,,,
1789450200,7668.25,7670,7667,7669.25,,,,
1789450500,7669.25,7669.5,7666,7668.25,,,,
1789450800,7668.75,7675,7668.5,7674.5,,,,
1789451100,7674.5,7677,7673,7674.5,,,,
1789451400,7674.75,7679.25,7674,7679.25,,,,
1789451700,7679,7679,7674.5,7674.75,,,,
1789452000,7675,7677.75,7674.75,7676.75,,,,
1789452300,7676.5,7677,7673.5,7674.5,,,,
1789452600,7674.5,7675.75,7673,7675,,,,
1789452900,7674.5,7675.5,7673.5,7675,,,,
1789453200,7674.75,7675.5,7673,7673,,,,
1789453500,7673.25,7673.5,7671.5,7672,,,,
1789453800,7672,7672.25,7669.25,7669.25,,,,
1789454100,7669.75,7671.75,7668,7669.25,,,,
1789454400,7669.25,7671,7667.5,7668,,,,
1789454700,7668,7670,7667.25,7668.25,,,,
1789455000,7668.25,7668.5,7666,7666.75,,,,
1789455300,7666.25,7668.75,7665,7667.5,,,,
1789455600,7667.5,7670,7664.25,7668,,,,
1789455900,7668,7669.25,7664,7666.25,,,,
1789456200,7666.5,7667.25,7660,7660.75,,,,
1789456500,7660.75,7664.25,7660.5,7664.25,,,,
1789456800,7664,7668.25,7663.25,7668.25,,,,
1789457100,7668.25,7669,7662.75,7665.25,,,,
1789457400,7665.25,7666.75,7664,7665,,,,
1789457700,7664.75,7665.25,7660,7660.75,,,,
1789458000,7660.75,7661.25,7656.25,7656.5,,,,
1789458300,7656.5,7659.75,7656,7657.75,,,,
1789458600,7658.25,7659,7653.5,7656.25,,,,
1789458900,7656,7659,7654.5,7658.5,,,,
1789459200,7658.75,7658.75,7653,7653.75,,,,
1789459500,7654,7654.75,7647.25,7647.25,,,,
1789459800,7647,7653.75,7644.75,7653,,,,
1789460100,7653.25,7658.5,7652.75,7658.5,,,,
1789460400,7658.25,7660,7655,7655.25,,,,
1789460700,7655.5,7657.25,7650.75,7654,,,,
1789461000,7654,7655,7651.5,7652.25,,,,
1789461300,7652.25,7655,7650.75,7652.5,,,,
1789461600,7652.75,7652.75,7649.5,7650.25,,,,
1789461900,7650.25,7650.75,7649,7650.25,,,,
1789462200,7650.25,7652.25,7650,7651.25,,,,
1789462500,7651.25,7654,7650,7651,,,,
1789462800,7651,7651.5,7648,7650.75,,,,
1789463100,7650.5,7653,7649,7649.5,,,,
1789463400,7649.25,7651.75,7648.5,7650.25,,,,
1789463700,7650,7651,7645.75,7647,,,,
1789464000,7647,7652.25,7646.5,7647.25,,,,
1789464300,7647.75,7652.25,7647,7651.75,,,,
1789464600,7652,7654.5,7650.75,7654.25,,,,
1789464900,7654,7659,7653.75,7658.25,,,,
1789465200,7658.25,7659,7656.75,7657.5,,,,
1789465500,7657.75,7664.25,7657.5,7663.25,,,,
1789465800,7663,7666.5,7663,7665.75,,,,
1789466100,7665.75,7666.5,7663.75,7666.25,,,,
1789466400,7666.25,7667.75,7665,7665.25,,,,
1789466700,7665.5,7667.25,7664.75,7666.75,,,,
1789467000,7666.75,7671.75,7666.5,7667.75,,,,
1789467300,7667.5,7667.5,7665,7666,,,,
1789467600,7666.25,7669,7666,7669,,,,
1789467900,7668.75,7669,7667.25,7668.25,,,,
1789468200,7668.25,7670,7666.75,7669.5,,,,
1789468500,7669.25,7671.5,7668.75,7671.25,,,,
1789468800,7671,7674,7670.5,7672,,,,
1789469100,7672,7673.75,7670.25,7673,,,,
1789469400,7673,7676.5,7672.75,7676,,,,
1789469700,7676,7678.5,7675.25,7675.75,,,,
1789470000,7676,7678.5,7675.25,7677.25,,,,
1789470300,7677.25,7680.25,7675.25,7679.5,,,,
1789470600,7679.75,7680.5,7678.25,7678.75,,,,
1789470900,7678.75,7681.5,7677.75,7680,,,,
1789471200,7680.25,7681,7678.5,7678.75,,,,
1789471500,7679,7679.5,7677.25,7678.25,,,,
1789471800,7678,7678.75,7675.5,7678.75,,,,
1789472100,7678.5,7680,7677,7677.25,,,,
1789472400,7677.25,7679,7676.75,7678.25,,,,
1789472700,7678,7679.75,7677.5,7678,,,,
1789473000,7678,7681.25,7677.75,7678.5,,,,
1789473300,7678.5,7682.25,7678,7682,,,,
1789473600,7681.75,7683.25,7679.25,7682,,,,
1789473900,7681.75,7682,7679.5,7680.75,,,,
1789474200,7681,7684.5,7680.5,7684,,,,
1789474500,7683.75,7685,7681.75,7683.5,,,,
1789474800,7683.5,7684,7678.5,7679.5,,,,
1789475100,7679.25,7683.75,7679.25,7683,,,,
1789475400,7683,7685.75,7679.75,7685.75,,,,
1789475700,7685.75,7686.25,7684,7685.25,,,,
1789476000,7685.25,7685.5,7681.75,7684.25,,,,
1789476300,7684.25,7695,7683.25,7692.5,,,,
1789476600,7692.25,7696.25,7690.75,7695.75,,,,
1789476900,7696,7697.5,7688.75,7689.25,,,,
1789477200,7689.25,7692.25,7688,7692.25,,,,
1789477500,7692,7692.5,7689.25,7689.75,,,,
1789477800,7690,7691,7688,7688.75,,,,
1789478100,7688.5,7692.25,7687.75,7689.25,,,,
1789478400,7689,7691,7687.5,7690.25,,,,
1789478700,7690.25,7693,7684.25,7684.25,,,,
1789479000,7684.5,7687,7670.25,7672,,,,
1789479300,7672,7681.75,7671.75,7681.25,,,,
1789479600,7681,7683.25,7677,7682.25,,,,
1789479900,7682.5,7684.75,7675,7676.5,,,,
1789480200,7676.5,7680.75,7674.5,7679.75,,,,
1789480500,7679.5,7679.75,7676.25,7678.25,,,,
1789480800,7678.25,7678.5,7671,7671,,,,
1789481100,7671,7674,7667.5,7668,,,,
1789481400,7667.75,7668,7661.5,7662.25,,,,
1789481700,7662.25,7667.25,7661.75,7664.75,,,,
1789482000,7665,7666.25,7654,7659,,,,
1789482300,7659,7659.75,7656.75,7657,,,,
1789482600,7657.25,7658.75,7653,7656,,,,
1789482900,7655.75,7658.5,7652.5,7653.5,,,,
1789483200,7653.5,7654.75,7650.75,7654.25,,,,
1789483500,7654,7656,7651.25,7651.5,,,,
1789483800,7651.25,7652.25,7643.5,7647.75,,,,
1789484100,7647.75,7650.75,7645.5,7646.25,,,,
1789484400,7646.5,7654,7646.25,7654,,,,
1789484700,7653.75,7655,7650,7650.75,,,,
1789485000,7650.75,7652.75,7649,7651.75,,,,
1789485300,7651.5,7655.75,7649.75,7654.5,,,,
1789485600,7654.5,7657.25,7651.5,7656.75,,,,
1789485900,7656.75,7657.25,7653.75,7657,,,,
1789486200,7657,7658,7651.25,7655.25,,,,
1789486500,7655.5,7657.25,7653.5,7655,,,,
1789486800,7655,7659.75,7655,7657.5,,,,
1789487100,7657.25,7657.75,7651,7652,,,,
1789487400,7651.75,7657.5,7651.5,7652.75,,,,
1789487700,7653,7657.75,7651.5,7653,,,,
1789488000,7653,7655.25,7651.75,7655.25,,,,
1789488300,7655,7655,7647.75,7649.25,,,,
1789488600,7649.25,7650.5,7648.5,7649.75,,,,
1789488900,7649.5,7653,7648.75,7653,,,,
1789489200,7652.75,7659,7652.75,7658.75,,,,
1789489500,7658.75,7661,7657,7657.75,,,,
1789489800,7657.75,7660.25,7655,7658.5,,,,
1789490100,7658.5,7659.5,7656.5,7657.25,,,,
1789490400,7657.25,7658.75,7656.5,7658.25,,,,
1789490700,7658.25,7659.5,7655.25,7656.5,,,,
1789491000,7656.5,7662.25,7656.25,7662,,,,
1789491300,7662,7662.75,7657.5,7659.5,,,,
1789491600,7659.25,7660.5,7653.25,7653.5,,,,
1789491900,7653.5,7656.25,7652.25,7654,,,,
1789492200,7654,7657.5,7652.75,7653,,,,
1789492500,7652.75,7653.25,7650.5,7652.25,,,,
1789492800,7652.25,7652.75,7648.25,7648.75,,,,
1789493100,7648.5,7651.25,7647.75,7651,,,,
1789493400,7651,7654,7650.25,7652,,,,
1789493700,7652.25,7653.75,7651.5,7653.25,,,,
1789494000,7653.5,7654.75,7651,7653.5,,,,
1789494300,7653.5,7654.75,7651.25,7651.75,,,,
1789494600,7651.75,7655.25,7651.75,7655,,,,
1789494900,7654.75,7656.25,7653.75,7655.5,,,,
1789495200,7655.5,7657.75,7653.5,7657.75,,,,
1789495500,7657.5,7659,7656.5,7659,,,,
1789495800,7659.25,7662,7658,7660.25,,,,
1789496100,7660.25,7661,7657,7657.5,,,,
1789496400,7657.5,7658.75,7656.25,7657,,,,
1789496700,7657,7659.25,7655.75,7659,,,,
1789497000,7659,7659,7653.5,7654.25,,,,
1789497300,7654.25,7655.5,7653.75,7654.75,,,,
1789497600,7655,7658.75,7653.5,7654.25,,,,
1789497900,7654.25,7654.5,7649.5,7650.75,,,,
1789498200,7650.75,7653.75,7650.75,7653,,,,
1789498500,7653,7657.25,7652.75,7657.25,,,,
1789498800,7657.25,7658.75,7655,7655.75,,,,
1789499100,7655.75,7656.5,7654.5,7655.75,,,,
1789499400,7655.75,7656,7653,7654,,,,
1789499700,7654,7655.25,7653,7654.5,,,,
1789500000,7654.25,7654.75,7653,7653.75,,,,
1789500300,7653.25,7654,7651.75,7652.5,,,,
1789500600,7652.5,7653.5,7651.5,7652,,,,
1789500900,7651.75,7652,7648.5,7649.5,,,,
1789501200,7649.25,7651,7648,7650.25,,,,
1789501500,7650,7653,7649.25,7652.75,,,,
1789501800,7652.75,7653.5,7648.75,7653,,,,
1789502100,7653,7657.75,7650.75,7657,,,,
1789502400,7657,7662.25,7656.75,7661.75,,,,
1789502700,7661.75,7662.75,7661,7661.75,,,,
1789503000,7662,7665,7661.5,7664.5,,,,
1789503300,7664.5,7664.75,7663,7663.75,,,,
1789503600,7663.75,7664.25,7663,7664,,,,
1789503900,7663.75,7664,7662.75,7663.25,,,,
1789504200,7663.5,7665,7663,7663.75,,,,
1789504500,7663.5,7664.25,7663,7663.25,,,,
1789504800,7663,7664.25,7663,7663.75,,,,
1789505100,7663.5,7664.5,7663,7664.25,,,,
1789505400,7664.5,7664.5,7663.25,7663.5,,,,
1789505700,7663.5,7664,7663.25,7663.75,,,,
1789509600,7663.75,7664.75,7661.75,7663.5,,,,
1789509900,7663.5,7663.75,7661.75,7662.75,,,,
1789510200,7663,7663,7661.5,7661.75,,,,
1789510500,7662,7663,7661.5,7661.75,,,,
1789510800,7661.75,7663.75,7661.25,7663,,,,
1789511100,7662.75,7663.5,7662.5,7663,,,,
1789511400,7662.75,7665,7662.75,7664.25,,,,
1789511700,7664.5,7666.5,7664.5,7666.5,,,,
1789512000,7666.25,7666.25,7665,7666,,,,
1789512300,7665.75,7666.75,7665.25,7666.75,,,,
1789512600,7666.5,7667.25,7666.25,7666.75,,,,
1789512900,7667,7667.25,7666.25,7666.75,,,,
1789513200,7666.25,7666.75,7664.75,7665,,,,
1789513500,7665,7665.25,7664.5,7664.75,,,,
1789513800,7664.75,7665.25,7664,7664.25,,,,
1789514100,7664.5,7664.75,7663.25,7664,,,,
1789514400,7664,7664,7663,7663.5,,,,
1789514700,7663.5,7663.75,7662.5,7662.75,,,,
1789515000,7662.75,7663.5,7662.5,7663.25,,,,
1789515300,7663,7664.75,7662.5,7664.5,,,,
1789515600,7664.5,7666.5,7664,7665.75,,,,
1789515900,7665.75,7666.5,7664.5,7665,,,,
1789516200,7665,7666.75,7665,7666.75,,,,
1789516500,7666.5,7666.5,7664.75,7665.5,,,,
1789516800,7665.5,7667,7663,7664.25,,,,
1789517100,7664.5,7666,7664,7664,,,,
1789517400,7664.5,7667.5,7663.5,7666.5,,,,
1789517700,7666.5,7667,7665,7666.5,,,,
1789518000,7666.5,7666.5,7665,7665.25,,,,
1789518300,7665,7666.5,7664.5,7666.25,,,,
1789518600,7666.25,7667.25,7664.5,7664.75,,,,
1789518900,7664.5,7665.75,7663.75,7665.5,,,,
1789519200,7665.25,7665.5,7664.25,7664.25,,,,
1789519500,7664.5,7666.5,7663.75,7665.5,,,,
1789519800,7665.75,7666.25,7665,7665.5,,,,
1789520100,7665.5,7666,7664,7665,,,,
1789520400,7665,7665.75,7663.25,7663.5,,,,
1789520700,7663.25,7663.5,7660,7660.75,,,,
1789521000,7660.75,7666.5,7660,7666.5,,,,
1789521300,7666.25,7667,7665,7666,,,,
1789521600,7665.75,7667.5,7665.5,7666.75,,,,
1789521900,7667,7668,7666,7666,,,,
1789522200,7666,7666,7663.25,7665,,,,
1789522500,7665.25,7665.75,7661.75,7662.5,,,,
1789522800,7662.25,7663.75,7662,7662.25,,,,
1789523100,7662.5,7664,7661.5,7661.75,,,,
1789523400,7661.5,7662,7659,7659.75,,,,
1789523700,7659.75,7660.5,7658.75,7659.25,,,,
1789524000,7659.25,7664.25,7658.75,7663.25,,,,
1789524300,7663.25,7663.5,7660.5,7662.25,,,,
1789524600,7662.5,7663.5,7659.75,7660.5,,,,
1789524900,7660.75,7662.5,7660.5,7662.25,,,,
1789525200,7662,7663.75,7661.25,7663.5,,,,
1789525500,7663.25,7666.25,7663.25,7666.25,,,,
1789525800,7666,7668.25,7665.5,7667,,,,
1789526100,7667,7668.75,7666.25,7666.5,,,,
1789526400,7666.5,7667,7664,7665,,,,
1789526700,7665,7666.25,7664.75,7665.75,,,,
1789527000,7665.5,7667.5,7665,7666.75,,,,
1789527300,7666.5,7668.25,7666.5,7668,,,,
1789527600,7668,7671.25,7668,7670,,,,
1789527900,7670,7671.5,7669.5,7670.25,,,,
1789528200,7670.5,7673.25,7669.75,7672.75,,,,
1789528500,7672.75,7676,7672.25,7675.5,,,,
1789528800,7675.5,7678.25,7674.75,7676.75,,,,
1789529100,7676.75,7677.5,7673.5,7673.75,,,,
1789529400,7673.75,7674.25,7671.25,7671.25,,,,
1789529700,7671.75,7672,7670,7671.5,,,,
1789530000,7671.75,7672.75,7671,7672,,,,
1789530300,7672.25,7674,7672.25,7672.5,,,,
1789530600,7672.75,7674,7672.25,7672.25,,,,
1789530900,7672.25,7673.5,7672,7672.5,,,,
1789531200,7672.5,7674.25,7672.5,7674,,,,
1789531500,7673.75,7673.75,7672.5,7672.75,,,,
1789531800,7672.5,7673.25,7672,7672.25,,,,
1789532100,7672.5,7672.5,7671.25,7671.25,,,,
1789532400,7671.5,7673.25,7671.5,7672.5,,,,
1789532700,7672.5,7672.75,7670.25,7670.75,,,,
1789533000,7670.5,7670.75,7667.5,7668,,,,
1789533300,7667.75,7669,7667,7668.5,,,,
1789533600,7668.5,7669.75,7667.25,7668,,,,
1789533900,7668,7670.25,7667.75,7669.75,,,,
1789534200,7669.75,7670.25,7668.5,7669,,,,
1789534500,7668.75,7669.5,7668,7668,,,,
1789534800,7667.75,7668.5,7665.5,7668.5,,,,
1789535100,7668.5,7669,7667.25,7669,,,,
1789535400,7669,7670.25,7668,7669.25,,,,
1789535700,7669.25,7671.25,7669,7670.75,,,,
1789536000,7670.25,7670.75,7668.5,7669.5,,,,
1789536300,7669.5,7671.5,7669,7671.5,,,,
1789536600,7671.25,7671.25,7669.75,7670.75,,,,
1789536900,7670.75,7672,7670.25,7671.25,,,,
1789537200,7671.25,7673.75,7671.25,7673.5,,,,
1789537500,7673.5,7674,7670,7670.25,,,,
1789537800,7670.25,7671.75,7669.75,7671.5,,,,
1789538100,7671.5,7672,7670.5,7670.75,,,,
1789538400,7670.5,7674.25,7669.25,7670.25,,,,
1789538700,7670.25,7674.25,7670.25,7673,,,,
1789539000,7673,7675.25,7672.75,7673.5,,,,
1789539300,7673.5,7674.25,7672.25,7674.25,,,,
1789539600,7674,7674.25,7671,7672,,,,
1789539900,7672,7672.75,7669.75,7671.5,,,,
1789540200,7671.5,7672,7669.75,7671.75,,,,
1789540500,7671.5,7671.75,7670,7670.75,,,,
1789540800,7671,7671.25,7669.5,7671,,,,
1789541100,7671,7671.75,7669.5,7671,,,,
1789541400,7670.75,7674.5,7670.75,7672.75,,,,
1789541700,7672.75,7674.25,7672,7673.75,,,,
1789542000,7673.75,7678,7672.5,7677.5,,,,
1789542300,7677.5,7677.75,7674.25,7676.25,,,,
1789542600,7676.25,7677.5,7675.25,7676.5,,,,
1789542900,7676.5,7676.75,7672.25,7672.25,,,,
1789543200,7672.25,7675.75,7671.75,7674.75,,,,
1789543500,7674.25,7675.75,7674.25,7674.5,,,,
1789543800,7674.75,7676.75,7674.25,7674.75,,,,
1789544100,7675.25,7675.25,7672.75,7673.25,,,,
1789544400,7673,7673.75,7672,7672.25,,,,
1789544700,7672.5,7673,7671.5,7672,,,,
1789545000,7672,7672,7669.75,7669.75,,,,
1789545300,7669.75,7673,7669.75,7670.75,,,,
1789545600,7670.5,7671,7667,7667.25,,,,
1789545900,7667,7668.25,7665,7666.5,,,,
1789546200,7666,7666.5,7663.5,7666,,,,
1789546500,7666.25,7672.25,7665.75,7668.5,,,,
1789546800,7668.5,7671.25,7666.5,7666.75,,,,
1789547100,7666.75,7668.75,7665.25,7668.5,,,,
1789547400,7668.5,7671,7666.25,7667.75,,,,
1789547700,7667.75,7668.5,7666,7666,,,,
1789548000,7665.75,7670.25,7665.5,7670.25,,,,
1789548300,7670.25,7671,7668.75,7669,,,,
1789548600,7669,7672.25,7668.75,7671.75,,,,
1789548900,7671.5,7673.5,7671.25,7672.5,,,,
1789549200,7672.75,7673.25,7670.75,7672.75,,,,
1789549500,7672.75,7673.75,7671,7672.25,,,,
1789549800,7672,7672.5,7669,7669.5,,,,
1789550100,7669.25,7669.75,7665.75,7665.75,,,,
1789550400,7665.75,7668,7665.5,7665.75,,,,
1789550700,7666,7671,7665.5,7667.5,,,,
1789551000,7667.5,7669.5,7667,7669,,,,
1789551300,7669.25,7672,7668.5,7671.75,,,,
1789551600,7671.75,7674.75,7671.25,7673.5,,,,
1789551900,7673.75,7673.75,7670.5,7671.75,,,,
1789552200,7672,7674.25,7672,7673.75,,,,
1789552500,7673.75,7675,7673.25,7673.25,,,,
1789552800,7673,7674,7671.25,7671.25,,,,
1789553100,7671,7673.5,7670,7673,,,,
1789553400,7673,7673.75,7669.5,7671.75,,,,
1789553700,7671.75,7672.75,7670.5,7672.25,,,,
1789554000,7672.25,7673.25,7671,7672,,,,
1789554300,7671.75,7673,7671.5,7673,,,,
1789554600,7672.75,7673,7671.75,7671.75,,,,
1789554900,7672.25,7673.25,7671.75,7673.25,,,,
1789555200,7673.25,7673.75,7672.75,7673.5,,,,
1789555500,7673.25,7673.5,7672,7673,,,,
1789555800,7673,7673.25,7671.5,7672,,,,
1789556100,7672,7677.25,7671.75,7676.5,,,,
1789556400,7676.5,7681.5,7674.5,7675.75,,,,
1789556700,7675.75,7678,7673.25,7676.5,,,,
1789557000,7676.25,7677.25,7673.5,7673.5,,,,
1789557300,7673.75,7674.25,7672,7674,,,,
1789557600,7674,7675.25,7672.75,7674.75,,,,
1789557900,7675,7676.5,7674.5,7675.25,,,,
1789558200,7675.5,7677.75,7674.75,7677.5,,,,
1789558500,7677.5,7679.5,7676.75,7678.5,,,,
1789558800,7678.75,7681,7675.25,7680,,,,
1789559100,7680.25,7681.25,7679.5,7680.75,,,,
1789559400,7681,7682.75,7680.5,7682.75,,,,
1789559700,7682.75,7683.5,7681.5,7683.25,,,,
1789560000,7683,7686,7682.25,7684,,,,
1789560300,7684,7686.5,7682.75,7685.5,,,,
1789560600,7685,7685.5,7683,7683,,,,
1789560900,7683,7684.25,7681.75,7683,,,,
1789561200,7683,7683.25,7679.5,7680,,,,
1789561500,7680,7684,7679.75,7683.5,,,,
1789561800,7683.5,7684.25,7679.25,7681.25,,,,
1789562100,7681,7681.5,7675.5,7676.5,,,,
1789562400,7676.5,7677.5,7674.75,7675,,,,
1789562700,7675,7679,7674,7678.75,,,,
1789563000,7678.75,7681,7676,7676,,,,
1789563300,7676,7680.75,7675.5,7679.75,,,,
1789563600,7679.5,7681,7673.25,7673.5,,,,
1789563900,7673.75,7677.25,7673.25,7676.75,,,,
1789564200,7677,7680.75,7676.25,7680.25,,,,
1789564500,7680.5,7681.25,7677.5,7678,,,,
1789564800,7678,7682.25,7677,7679.75,,,,
1789565100,7680,7681,7676,7676.25,,,,
1789565400,7676.5,7679,7673.25,7674,,,,
1789565700,7674,7676.75,7669.25,7670,,,,
1789566000,7670.25,7673.25,7669,7669.75,,,,
1789566300,7669.5,7681.75,7669.5,7681.25,,,,
1789566600,7681,7686.5,7680.75,7684.5,,,,
1789566900,7684.25,7686.25,7681.75,7684.25,,,,
1789567200,7684.5,7686.5,7678.25,7678.75,,,,
1789567500,7678.75,7680.75,7675.25,7679.25,,,,
1789567800,7679,7680,7673,7677.5,,,,
1789568100,7677.5,7679.25,7674,7674.75,,,,
1789568400,7674.75,7675.5,7671.25,7671.75,,,,
1789568700,7671.5,7672.25,7669.25,7671.75,,,,
1789569000,7671.75,7674.25,7669.75,7673.5,,,,
1789569300,7673.5,7677.25,7671.25,7675.75,,,,
1789569600,7675.75,7681,7675.25,7680.75,,,,
1789569900,7680.75,7682,7678,7678.25,,,,
1789570200,7678.5,7681.25,7678,7678.75,,,,
1789570500,7679,7685,7679,7684.5,,,,
1789570800,7684.5,7688.5,7683.75,7687.25,,,,
1789571100,7687.5,7692.75,7685,7691.5,,,,
1789571400,7691.5,7692.5,7687,7690,,,,
1789571700,7690,7690.5,7685.75,7688.5,,,,
1789572000,7688.5,7688.5,7686.25,7688,,,,
1789572300,7687.75,7690.5,7685.25,7686,,,,
1789572600,7686,7687,7682,7683.5,,,,
1789572900,7683.75,7688,7683.5,7686.25,,,,
1789573200,7686.25,7688.25,7685.25,7688,,,,
1789573500,7687.75,7699,7687,7692.5,,,,
1789573800,7692.75,7693,7688.75,7689.75,,,,
1789574100,7690,7690.75,7688.25,7688.75,,,,
1789574400,7689,7689.5,7685,7685.5,,,,
1789574700,7685.25,7687.25,7685,7687,,,,
1789575000,7687,7687.25,7683.75,7686,,,,
1789575300,7686,7686.75,7684.75,7685.25,,,,
1789575600,7685.25,7685.25,7681.25,7681.5,,,,
1789575900,7681.75,7683.5,7680.25,7683,,,,
1789576200,7683,7684,7678.25,7678.5,,,,
1789576500,7678.5,7681.25,7678.5,7680.75,,,,
1789576800,7680.5,7682,7679.75,7680.5,,,,
1789577100,7680.75,7683.5,7680.75,7682.75,,,,
1789577400,7682.5,7683,7678.75,7680.75,,,,
1789577700,7680.75,7682,7679.25,7679.25,,,,
1789578000,7679.5,7679.75,7674,7675.5,,,,
1789578300,7675.5,7677.5,7675.25,7677.5,,,,
1789578600,7677.25,7679.75,7675.75,7678.75,,,,
1789578900,7678.75,7680,7678.25,7679.25,,,,
1789579200,7679,7680.75,7676.75,7678,,,,
1789579500,7677.75,7681,7677.75,7681,,,,
1789579800,7681,7682.25,7678,7679.25,,,,
1789580100,7679.5,7680.5,7677.5,7677.75,,,,
1789580400,7677.75,7678,7674.5,7675,,,,
1789580700,7674.75,7679,7674.75,7677,,,,
1789581000,7677,7680,7676.25,7679.5,,,,
1789581300,7679.25,7684.5,7677.5,7683.5,,,,
1789581600,7684,7691.75,7669.25,7683.5,,,,
1789581900,7684,7694,7683,7688.5,,,,
1789582200,7688.25,7690.25,7679.75,7681.25,,,,
1789582500,7681.25,7685.25,7678,7681,,,,
1789582800,7681,7684.75,7677.5,7680,,,,
1789583100,7680.25,7681.75,7669.25,7678,,,,
1789583400,7678,7680.75,7656.5,7657.5,,,,
1789583700,7657.25,7661.25,7641,7659.75,,,,
1789584000,7659.75,7683.25,7658.75,7671.25,,,,
1789584300,7671.25,7677,7655.25,7656.5,,,,
1789584600,7656.25,7659.25,7631,7632,,,,
1789584900,7632,7638,7617.5,7618.75,,,,
1789585200,7619,7633.5,7617,7627.5,,,,
1789585500,7627.25,7627.75,7609.75,7612,,,,
1789585800,7611.75,7613.5,7591,7592.5,,,,
1789586100,7592.5,7600.75,7584.25,7589,,,,
1789586400,7589,7593,7580.5,7586.25,,,,
1789586700,7586.5,7592.75,7575.25,7592,,,,
1789587000,7591.75,7605.75,7590.25,7605.25,,,,
1789587300,7605.5,7606.5,7594,7604,,,,
1789587600,7604,7608,7597.25,7600.75,,,,
1789587900,7600.75,7616.75,7600.5,7615.25,,,,
1789588200,7615,7623.25,7614,7621.75,,,,
1789588500,7621.75,7625,7618.25,7622.25,,,,
1789588800,7622.25,7626.25,7620.25,7623.75,,,,
1789589100,7623.5,7624.25,7620.25,7622,,,,
1789589400,7621.75,7623,7620.75,7621.75,,,,
1789589700,7622,7623,7620,7621.5,,,,
1789590000,7621.25,7621.75,7620,7620.25,,,,
1789590300,7620.25,7620.5,7617.25,7620.5,,,,
1789590600,7620.25,7622.75,7618.75,7622.25,,,,
1789590900,7622.25,7622.5,7620.25,7622.5,,,,
1789591200,7622.5,7623,7619.75,7621,,,,
1789591500,7621,7622.5,7620.25,7622.25,,,,
1789591800,7622.25,7623,7620.5,7621.5,,,,
1789592100,7621.25,7622.25,7618.5,7622,,,,
1789596000,7624,7625,7617.5,7618,,,,
1789596300,7618.25,7625.75,7618.25,7625.25,,,,
1789596600,7625.5,7627.5,7624.5,7626,,,,
1789596900,7626.25,7627.75,7625.5,7627.5,,,,
1789597200,7627.75,7629.75,7627.25,7629.5,,,,
1789597500,7629.75,7632.5,7629,7632.5,,,,
1789597800,7632.25,7634.75,7632,7634.5,,,,
1789598100,7634.5,7637.75,7634.25,7637.25,,,,
1789598400,7637.25,7639.75,7637,7638.5,,,,
1789598700,7638.5,7639.25,7635.75,7635.75,,,,
1789599000,7635.75,7636.5,7634.75,7635.25,,,,
1789599300,7635.25,7636.75,7634.75,7636.75,,,,
1789599600,7636.75,7638.25,7635.75,7637,,,,
1789599900,7636.75,7640,7636.5,7639.5,,,,
1789600200,7639.5,7640,7638,7638.5,,,,
1789600500,7638.5,7643.25,7638.5,7641.25,,,,
1789600800,7641.25,7644.75,7641.25,7644.25,,,,
1789601100,7644.5,7647.5,7643.25,7645.25,,,,
1789601400,7645.25,7648,7645.25,7648,,,,
1789601700,7647.75,7647.75,7645,7646.25,,,,
1789602000,7646.5,7652.75,7645.25,7652.25,,,,
1789602300,7652.25,7656.5,7651.5,7655,,,,
1789602600,7655.25,7657,7654,7655.5,,,,
1789602900,7655.5,7657.5,7654.75,7657.5,,,,
1789603200,7657.25,7660,7655.75,7658.75,,,,
1789603500,7658.75,7662.25,7657.25,7661.25,,,,
1789603800,7661.5,7662,7656,7656,,,,
1789604100,7656,7660,7654.25,7659.5,,,,
1789604400,7659.5,7660,7656,7657.25,,,,
1789604700,7656.75,7659,7656,7656.75,,,,
1789605000,7656.75,7663.5,7656.5,7662,,,,
1789605300,7662,7664.75,7661.5,7664.25,,,,
1789605600,7664.25,7667.75,7664,7665.5,,,,
1789605900,7665.5,7665.5,7662.25,7663.75,,,,
1789606200,7663.75,7664.25,7660,7660.75,,,,
1789606500,7661,7665.75,7660.5,7664,,,,
1789606800,7664.25,7665.25,7662,7664.5,,,,
1789607100,7664.5,7668,7663.75,7664,,,,
1789607400,7664.25,7664.25,7660.75,7663.75,,,,
1789607700,7663.5,7664,7662,7663.25,,,,
1789608000,7663.25,7664.5,7662.75,7663.25,,,,
1789608300,7663.5,7664.25,7662.5,7663.25,,,,
1789608600,7663.25,7666.75,7663.25,7664.25,,,,
1789608900,7664.5,7666.25,7662,7662,,,,
1789609200,7662.25,7663.75,7659.75,7663.25,,,,
1789609500,7663.5,7664.25,7663,7663.25,,,,
1789609800,7663.25,7663.75,7660.5,7662.75,,,,
1789610100,7662.5,7663,7658.25,7659.75,,,,
1789610400,7660,7664,7659.75,7663.75,,,,
1789610700,7664,7664.5,7661,7661.5,,,,
1789611000,7661.5,7662.75,7660.75,7661.75,,,,
1789611300,7661.75,7664,7661.5,7663.25,,,,
1789611600,7663.25,7664.25,7662.25,7663.5,,,,
1789611900,7663.5,7665.25,7663,7664,,,,
1789612200,7664,7667.25,7663.75,7666,,,,
1789612500,7666,7668.75,7665.75,7667.75,,,,
1789612800,7667.75,7670,7667.5,7668.5,,,,
1789613100,7668.75,7668.75,7666.75,7667.75,,,,
1789613400,7667.5,7668.75,7664.75,7665.5,,,,
1789613700,7665.25,7666.75,7664.75,7665.25,,,,
1789614000,7665.25,7666.5,7664.75,7666.25,,,,
1789614300,7666.25,7667.5,7665.75,7666.25,,,,
1789614600,7666.5,7667.5,7665,7667.25,,,,
1789614900,7667.5,7667.75,7665.75,7666.25,,,,
1789615200,7666.25,7668,7664.75,7668,,,,
1789615500,7668,7668.5,7667.25,7668.25,,,,
1789615800,7668,7668.25,7666.75,7667.75,,,,
1789616100,7668,7668.75,7667,7668.75,,,,
1789616400,7669,7670,7668.5,7669.5,,,,
1789616700,7669.5,7669.75,7666.5,7669.5,,,,
1789617000,7669.5,7669.5,7667.5,7667.75,,,,
1789617300,7668.25,7670,7668.25,7668.75,,,,
1789617600,7669,7670.25,7668.75,7669.5,,,,
1789617900,7669.75,7669.75,7668.25,7668.75,,,,
1789618200,7668.5,7669,7667,7668,,,,
1789618500,7668,7668.25,7666.75,7666.75,,,,
1789618800,7667,7667.25,7666.25,7666.25,,,,
1789619100,7666.75,7668,7665.5,7667.25,,,,
1789619400,7667.25,7667.75,7666,7666.75,,,,
1789619700,7667,7669.25,7666.75,7669.25,,,,
1789620000,7669,7670.25,7668.5,7669,,,,
1789620300,7669,7670.5,7668.75,7668.75,,,,
1789620600,7668.75,7669,7666.5,7666.75,,,,
1789620900,7666.75,7668,7666.75,7667.5,,,,
1789621200,7667.25,7667.75,7666.25,7667.25,,,,
1789621500,7667.25,7667.25,7666,7666,,,,
1789621800,7666,7666.5,7664,7664.75,,,,
1789622100,7664.5,7664.75,7663.5,7663.75,,,,
1789622400,7663.75,7663.75,7662.25,7663.5,,,,
1789622700,7663.5,7665.25,7663.25,7663.5,,,,
1789623000,7664,7664,7661.25,7662.75,,,,
1789623300,7663,7663,7660.25,7661.25,,,,
1789623600,7661.5,7661.75,7659,7659.25,,,,
1789623900,7659,7660.25,7658.75,7659.25,,,,
1789624200,7659.25,7660.25,7657.75,7658.25,,,,
1789624500,7658.25,7658.25,7656.25,7657.25,,,,
1789624800,7657,7663.25,7656.5,7662.25,,,,
1789625100,7662,7664.75,7660.25,7661.5,,,,
1789625400,7661.25,7662.25,7660,7661.5,,,,
1789625700,7661.75,7662,7658.5,7661.5,,,,
1789626000,7661.5,7665.75,7660.75,7665.75,,,,
1789626300,7665.5,7671.25,7665.25,7671,,,,
1789626600,7671.25,7674.25,7670.75,7672.25,,,,
1789626900,7672.25,7675.25,7671.5,7672,,,,
1789627200,7672.25,7676.75,7672,7676.25,,,,
1789627500,7676,7677.5,7674.75,7676,,,,
1789627800,7676,7677,7675.25,7676.25,,,,
1789628100,7676.25,7676.25,7674.25,7675.25,,,,
1789628400,7675.25,7679,7673.5,7678.5,,,,
1789628700,7678.25,7683.25,7678.25,7682.25,,,,
1789629000,7682.75,7684,7679.25,7680.25,,,,
1789629300,7680.5,7683.5,7679.75,7680.75,,,,
1789629600,7680.75,7683,7678.75,7682.25,,,,
1789629900,7682.25,7687,7681.75,7686.5,,,,
1789630200,7686.5,7688.5,7685.5,7686.5,,,,
1789630500,7686.5,7686.5,7685,7686.25,,,,
1789630800,7686.25,7686.75,7684.5,7685.75,,,,
1789631100,7685.75,7686.25,7683,7683.25,,,,
1789631400,7683,7683.5,7680.5,7681,,,,
1789631700,7680.75,7681,7678.75,7680,,,,
1789632000,7680.25,7681.5,7678.25,7680.75,,,,
1789632300,7680.75,7681,7678.75,7679.5,,,,
1789632600,7679.25,7680.25,7673.5,7674.5,,,,
1789632900,7674.25,7675.25,7671.25,7673,,,,
1789633200,7672.5,7675.5,7672.5,7675.5,,,,
1789633500,7675.25,7678.25,7675,7677.75,,,,
1789633800,7677.75,7679.75,7676,7679.75,,,,
1789634100,7679.75,7680.5,7678.5,7680.5,,,,
1789634400,7680.5,7680.75,7678,7679.25,,,,
1789634700,7679.25,7681,7678.75,7680.25,,,,
1789635000,7680.5,7684,7680.25,7683.75,,,,
1789635300,7683.5,7684.75,7682.5,7683.25,,,,
1789635600,7683,7686.5,7683,7685.25,,,,
1789635900,7685.25,7687.25,7684.75,7686.25,,,,
1789636200,7686.5,7689.25,7686.25,7686.5,,,,
1789636500,7686.75,7687.75,7684.25,7684.5,,,,
1789636800,7684.5,7686,7684,7685.25,,,,
1789637100,7685.25,7685.25,7683.25,7683.5,,,,
1789637400,7683.5,7686.75,7683.5,7686.25,,,,
1789637700,7686.5,7687,7685.25,7685.25,,,,
1789638000,7685,7686.5,7684.75,7685.75,,,,
1789638300,7685.5,7686,7681.25,7682,,,,
1789638600,7682.25,7684,7682,7684,,,,
1789638900,7683.75,7684.75,7682.25,7682.75,,,,
1789639200,7682.75,7684.75,7682.5,7684.25,,,,
1789639500,7684.25,7687,7684,7685.75,,,,
1789639800,7686,7686.75,7685,7685.25,,,,
1789640100,7685.25,7686,7683.25,7683.25,,,,
1789640400,7683.5,7688.5,7683.5,7688.5,,,,
1789640700,7688.5,7689.5,7687.25,7687.5,,,,
1789641000,7687.75,7689.5,7685.75,7685.75,,,,
1789641300,7685.75,7688.5,7685.5,7687.25,,,,
1789641600,7687,7687.5,7684.25,7684.75,,,,
1789641900,7684.75,7685.5,7684,7685,,,,
1789642200,7685,7687,7684.75,7686.25,,,,
1789642500,7686.25,7688.75,7685.75,7687.75,,,,
1789642800,7687.75,7690.75,7687.25,7688,,,,
1789643100,7688.25,7689,7687,7687,,,,
1789643400,7687.25,7688.75,7685.75,7688.25,,,,
1789643700,7688.25,7688.75,7684.75,7686.25,,,,
1789644000,7686,7688.25,7685.75,7686,,,,
1789644300,7686,7687.25,7685,7686.25,,,,
1789644600,7686,7687.5,7685,7685.75,,,,
1789644900,7685.25,7687,7684.5,7686.5,,,,
1789645200,7686.25,7686.25,7682.75,7683,,,,
1789645500,7682.75,7685.25,7682.75,7683.5,,,,
1789645800,7683.5,7688,7682.25,7687,,,,
1789646100,7687.25,7695.5,7685.5,7695,,,,
1789646400,7695.25,7696.5,7690,7694.5,,,,
1789646700,7694.5,7701.75,7693.75,7701.5,,,,
1789647000,7701.5,7703.5,7700.5,7701.75,,,,
1789647300,7702,7708.25,7701.25,7708.25,,,,
1789647600,7708.25,7712,7708,7710.5,,,,
1789647900,7710.75,7716.75,7710,7716.5,,,,
1789648200,7716.25,7722.25,7713.5,7721.25,,,,
1789648500,7721.25,7722.25,7717.5,7720.75,,,,
1789648800,7720.5,7721.5,7717.5,7717.75,,,,
1789649100,7717.75,7718,7715,7716.5,,,,
1789649400,7716.5,7720,7716,7718,,,,
1789649700,7718,7719.25,7716,7717.5,,,,
1789650000,7717.5,7722,7716.5,7718.5,,,,
1789650300,7718.5,7719.5,7716.5,7716.75,,,,
1789650600,7716.75,7717.5,7714.75,7716,,,,
1789650900,7716,7718.5,7715.5,7716.25,,,,
1789651200,7715.75,7717.25,7713.5,7714,,,,
1789651500,7713.75,7717,7712.5,7713.25,,,,
1789651800,7713.5,7716.25,7695.75,7695.75,,,,
1789652100,7695.75,7697.75,7691.75,7692.75,,,,
1789652400,7693,7694.25,7688.25,7690.75,,,,
1789652700,7690.75,7696,7688.25,7694.75,,,,
1789653000,7695,7697.25,7691,7691,,,,
1789653300,7691,7693.75,7688.25,7693.5,,,,
1789653600,7693.75,7693.75,7683.75,7687,,,,
1789653900,7687,7687.5,7680.5,7683,,,,
1789654200,7683.25,7692.75,7681.75,7692.25,,,,
1789654500,7692.25,7695.75,7691.25,7695.75,,,,
1789654800,7695.5,7701.5,7693.25,7700.75,,,,
1789655100,7700.75,7704,7697,7697.75,,,,
1789655400,7697.75,7701.25,7696.25,7701,,,,
1789655700,7701,7701.5,7697.25,7697.5,,,,
1789656000,7697.75,7703.25,7697,7699.5,,,,
1789656300,7699.5,7700.25,7691.25,7693.25,,,,
1789656600,7693.25,7693.5,7685.5,7686.5,,,,
1789656900,7686.5,7691.5,7684.25,7688.25,,,,
1789657200,7688,7690.25,7686,7686.25,,,,
1789657500,7686.5,7689.25,7683.75,7688.25,,,,
1789657800,7688,7692.75,7686.75,7692,,,,
1789658100,7691.75,7695.5,7689.5,7694.75,,,,
1789658400,7695,7695.25,7691,7693.25,,,,
1789658700,7693.25,7698,7693.25,7696.25,,,,
1789659000,7696.25,7698.75,7695.25,7698.25,,,,
1789659300,7698.25,7701.25,7697.5,7700.75,,,,
1789659600,7700.75,7706.25,7700.75,7703.5,,,,
1789659900,7703.5,7705.25,7702.75,7704.5,,,,
1789660200,7704.5,7705.75,7701.75,7705,,,,
1789660500,7705,7706.5,7701.5,7706.5,,,,
1789660800,7706.5,7707.25,7704.25,7704.5,,,,
1789661100,7704.5,7706.5,7701.25,7705.75,,,,
1789661400,7705.75,7706.25,7702.25,7704,,,,
1789661700,7704,7705,7702.75,7703.75,,,,
1789662000,7703.75,7707,7703.25,7705.75,,,,
1789662300,7706,7707.5,7705,7706.25,,,,
1789662600,7706.5,7707.75,7700.5,7702,,,,
1789662900,7702,7704,7701,7703,,,,
1789663200,7703,7707.75,7702,7707.75,,,,
1789663500,7707.75,7708,7705.25,7705.75,,,,
1789663800,7706,7706.75,7704.75,7705,,,,
1789664100,7705,7706,7697,7706,,,,
1789664400,7706,7709,7704.25,7707.5,,,,
1789664700,7707.75,7709.25,7704.5,7705,,,,
1789665000,7705.25,7705.75,7702.75,7703.5,,,,
1789665300,7703.75,7704.5,7702.25,7703,,,,
1789665600,7703,7703.75,7699.75,7700.25,,,,
1789665900,7700.25,7702.5,7699.25,7701.75,,,,
1789666200,7702,7704.75,7700.25,7704.5,,,,
1789666500,7704.75,7705.5,7702.75,7703.5,,,,
1789666800,7703.75,7706.5,7703.75,7706,,,,
1789667100,7705.5,7708,7705.25,7706,,,,
1789667400,7705.75,7706,7704.25,7705,,,,
1789667700,7705.25,7708,7705.25,7707.75,,,,
1789668000,7707.75,7709.75,7706.75,7709,,,,
1789668300,7709.25,7710,7705.5,7706.75,,,,
1789668600,7706.5,7709.5,7705.75,7708.75,,,,
1789668900,7709,7711.25,7707.75,7710.25,,,,
1789669200,7710.25,7710.75,7706.75,7707,,,,
1789669500,7707.25,7709.75,7706.5,7708.5,,,,
1789669800,7708.75,7710.25,7706.25,7706.25,,,,
1789670100,7706.5,7707,7703,7703.75,,,,
1789670400,7703.5,7705.5,7702.75,7704.75,,,,
1789670700,7704.75,7708,7704.25,7706.25,,,,
1789671000,7706,7706.5,7703,7704.25,,,,
1789671300,7704.25,7706.25,7703.75,7705.75,,,,
1789671600,7705.75,7710,7705.5,7710,,,,
1789671900,7709.75,7711.75,7708.5,7709,,,,
1789672200,7709.25,7710.5,7708.25,7708.75,,,,
1789672500,7708.75,7710.5,7708,7710,,,,
1789672800,7710.25,7710.25,7707,7707.25,,,,
1789673100,7707.25,7708.75,7706.25,7706.75,,,,
1789673400,7706.75,7710.25,7706.75,7709.25,,,,
1789673700,7709.25,7711.5,7709,7710.5,,,,
1789674000,7710.25,7712.25,7708,7711.75,,,,
1789674300,7711.5,7711.5,7707.75,7708.5,,,,
1789674600,7708.25,7715.5,7707.75,7711,,,,
1789674900,7711.25,7712.75,7705,7707.25,,,,
1789675200,7707.25,7708.25,7704.75,7705.25,,,,
1789675500,7705,7708.5,7705,7708,,,,
1789675800,7708,7708,7703.75,7704.5,,,,
1789676100,7704.25,7705,7702,7702.25,,,,
1789676400,7702,7703,7702,7702.5,,,,
1789676700,7702.5,7703,7701.75,7702,,,,
1789677000,7702,7702.5,7701.5,7702,,,,
1789677300,7702,7703,7701.75,7702.75,,,,
1789677600,7702.5,7703,7701.25,7701.5,,,,
1789677900,7701.75,7702,7701,7701.5,,,,
1789678200,7701.25,7703,7700.75,7702.75,,,,
1789678500,7702.5,7703.75,7701.75,7702.25,,,,
1789682400,7704.75,7704.75,7701,7701,,,,
1789682700,7701.5,7702,7699.5,7700.25,,,,
1789683000,7700.25,7701.5,7700,7701.5,,,,
1789683300,7701.25,7701.5,7699.75,7700.5,,,,
1789683600,7700.5,7700.75,7698.75,7699.25,,,,
1789683900,7699.5,7700,7697.75,7698,,,,
1789684200,7698,7698.5,7697.25,7698,,,,
1789684500,7697.75,7699,7697.75,7698,,,,
1789684800,7698.25,7698.5,7696.75,7698,,,,
1789685100,7698,7698.25,7697.5,7698.25,,,,
1789685400,7698,7698.25,7697,7697.25,,,,
1789685700,7697,7699.25,7697,7699.25,,,,
1789686000,7699,7700.75,7699,7700.75,,,,
1789686300,7700.5,7702,7700.25,7701.75,,,,
1789686600,7701.75,7702.25,7699.5,7700,,,,
1789686900,7699.75,7700.5,7699.25,7700,,,,
1789687200,7700.25,7701.5,7700,7700.75,,,,
1789687500,7700.5,7700.75,7699.5,7699.75,,,,
1789687800,7700,7701.25,7699.25,7701,,,,
1789688100,7701,7701.5,7700.5,7701,,,,
1789688400,7701.25,7702.25,7700.75,7701.25,,,,
1789688700,7701.5,7702.25,7700.5,7701.75,,,,
1789689000,7701,7702,7700.5,7701.5,,,,
1789689300,7701.25,7701.75,7700.75,7700.75,,,,
1789689600,7700.75,7702,7698.5,7700.25,,,,
1789689900,7699.75,7701,7698.25,7700,,,,
1789690200,7700.25,7701.25,7697.75,7701,,,,
1789690500,7701.25,7702,7699.75,7701.5,,,,
1789690800,7701.5,7702.25,7700.5,7702.25,,,,
1789691100,7702,7702.75,7700,7701,,,,
1789691400,7701,7702.75,7701,7702.75,,,,
1789691700,7702.75,7702.75,7699.75,7699.75,,,,
1789692000,7699.75,7702,7698.75,7701.25,,,,
1789692300,7701,7701.5,7698.75,7699,,,,
1789692600,7699,7699.75,7698.5,7699.5,,,,
1789692900,7699.25,7699.75,7698.75,7699.5,,,,
1789693200,7699.5,7701.25,7698,7698.25,,,,
1789693500,7698.5,7699.75,7698.25,7698.25,,,,
1789693800,7698.25,7699.25,7697.25,7698,,,,
1789694100,7697.75,7697.75,7696.25,7697.25,,,,
1789694400,7697.75,7698.5,7696.75,7697.5,,,,
1789694700,7697.5,7697.75,7696.5,7697.5,,,,
1789695000,7697.5,7698,7696.25,7697,,,,
1789695300,7697,7698.25,7696.5,7697.5,,,,
1789695600,7697.5,7699.75,7697.5,7698,,,,
1789695900,7697.75,7700.5,7697.75,7700.25,,,,
1789696200,7700.25,7700.25,7698.5,7700,,,,
1789696500,7700,7701.25,7699,7701,,,,
1789696800,7701,7702,7700.75,7700.75,,,,
1789697100,7700.75,7701.25,7700,7700,,,,
1789697400,7700,7701,7699,7700.75,,,,
1789697700,7700.75,7701.75,7700.25,7701.75,,,,
1789698000,7701.75,7703,7701.25,7702.75,,,,
1789698300,7702.75,7703.25,7701.75,7703,,,,
1789698600,7703,7704,7702.5,7704,,,,
1789698900,7704,7704,7702.5,7703,,,,
1789699200,7703,7704.25,7702.75,7703,,,,
1789699500,7703.25,7704,7702.75,7703.75,,,,
1789699800,7703.75,7704.5,7702.75,7703.5,,,,
1789700100,7703.5,7704.5,7702.75,7703.75,,,,
1789700400,7703.75,7705.75,7703.25,7705.5,,,,
1789700700,7705.5,7708.25,7705.5,7707.75,,,,
1789701000,7707.5,7709.5,7707.5,7709,,,,
1789701300,7709,7709.25,7707,7708.25,,,,
1789701600,7708,7709.5,7708,7708.5,,,,
1789701900,7708.75,7709.75,7708.5,7709,,,,
1789702200,7709,7710.5,7708.5,7709.75,,,,
1789702500,7710,7711,7710,7710.5,,,,
1789702800,7710.5,7712,7710.5,7711.75,,,,
1789703100,7711.5,7714.25,7711.5,7713.75,,,,
1789703400,7713.75,7714.25,7712.75,7713.5,,,,
1789703700,7713.25,7713.5,7712.75,7713.5,,,,
1789704000,7713.75,7714.75,7713.25,7714.5,,,,
1789704300,7714.5,7715.25,7714.25,7715,,,,
1789704600,7715,7715.75,7714.25,7715,,,,
1789704900,7714.75,7715.5,7714,7715,,,,
1789705200,7714.5,7714.5,7713.5,7714,,,,
1789705500,7713.75,7715.25,7712.75,7715,,,,
1789705800,7715.25,7717,7715.25,7715.75,,,,
1789706100,7716,7716.25,7715.25,7716,,,,
1789706400,7716,7719.25,7715.5,7719,,,,
1789706700,7719,7719.5,7718.5,7719.5,,,,
1789707000,7719.5,7721.25,7719.5,7720,,,,
1789707300,7720.25,7721.75,7720,7721.5,,,,
1789707600,7721.75,7722.5,7721,7722.5,,,,
1789707900,7722.5,7722.75,7721.75,7722,,,,
1789708200,7722,7723,7722,7723,,,,
1789708500,7723,7723.5,7722.5,7723,,,,
1789708800,7723,7723.75,7722.5,7723.75,,,,
1789709100,7723.5,7724.5,7722,7723.25,,,,
1789709400,7723.5,7725.5,7723,7725,,,,
1789709700,7725,7728,7724.75,7727.5,,,,
1789710000,7727.75,7730,7727.25,7730,,,,
1789710300,7730,7730.5,7726.75,7727,,,,
1789710600,7727,7728.5,7726.25,7726.5,,,,
1789710900,7726.25,7727.25,7725.75,7726.75,,,,
1789711200,7726.75,7729.25,7726.75,7728,,,,
1789711500,7728,7728,7726.5,7727,,,,
1789711800,7727.25,7728.5,7727.25,7727.75,,,,
1789712100,7727.75,7729,7725.75,7726.5,,,,
1789712400,7726.5,7730.5,7726.25,7729.5,,,,
1789712700,7729.5,7730.75,7728.5,7728.75,,,,
1789713000,7728.75,7733.75,7728.75,7733,,,,
1789713300,7732.75,7734.25,7732,7734.25,,,,
1789713600,7734.25,7734.5,7732.5,7733.5,,,,
1789713900,7733.5,7734.5,7732.25,7734,,,,
1789714200,7734.25,7734.75,7733.25,7733.75,,,,
1789714500,7733.75,7734.75,7733.25,7734,,,,
1789714800,7733.75,7734.5,7732.25,7733.25,,,,
1789715100,7733.5,7734,7732.5,7733.75,,,,
1789715400,7733.75,7736,7733.25,7733.25,,,,
1789715700,7733.25,7735.25,7733,7734.5,,,,
1789716000,7734.75,7735.5,7733.75,7735,,,,
1789716300,7734.75,7738,7734.5,7737.75,,,,
1789716600,7738,7739,7735,7736,,,,
1789716900,7736,7737,7734.5,7736.5,,,,
1789717200,7736.5,7736.5,7733,7734,,,,
1789717500,7734,7735.75,7733.75,7735.25,,,,
1789717800,7735.5,7736.75,7734,7736.5,,,,
1789718100,7736.5,7736.75,7734,7734.5,,,,
1789718400,7734.25,7735.25,7732.5,7732.5,,,,
1789718700,7732.75,7733.75,7730.5,7730.75,,,,
1789719000,7730.75,7731.5,7728.75,7729.25,,,,
1789719300,7729.25,7730.5,7728.25,7730.25,,,,
1789719600,7730.5,7732,7728.5,7729,,,,
1789719900,7729.25,7729.75,7725,7725.25,,,,
1789720200,7725.25,7727.75,7724.75,7727.75,,,,
1789720500,7727.5,7728.25,7726.25,7727.25,,,,
1789720800,7727.25,7729.25,7726.75,7729,,,,
1789721100,7728.75,7730,7728,7728.5,,,,
1789721400,7728.75,7729.5,7727.5,7727.5,,,,
1789721700,7727.5,7729,7727,7727.5,,,,
1789722000,7727.5,7727.75,7725.25,7726.25,,,,
1789722300,7726.25,7728.5,7726,7727,,,,
1789722600,7727,7728.25,7726.25,7727,,,,
1789722900,7727,7728.5,7726.25,7728.25,,,,
1789723200,7728.5,7728.5,7727,7727,,,,
1789723500,7727,7727,7723.25,7723.75,,,,
1789723800,7723.75,7724,7721.5,7721.75,,,,
1789724100,7722,7723,7718.5,7719,,,,
1789724400,7718.5,7720,7717.25,7717.5,,,,
1789724700,7717.25,7719,7716.75,7718.25,,,,
1789725000,7718,7720,7717.75,7718.75,,,,
1789725300,7719,7719,7716.5,7717,,,,
1789725600,7716.75,7718.25,7716,7717.25,,,,
1789725900,7716.75,7718.5,7716.5,7717.75,,,,
1789726200,7718,7718.5,7717,7718.25,,,,
1789726500,7718.5,7719.75,7718.25,7719,,,,
1789726800,7719,7720.5,7718.75,7719,,,,
1789727100,7719,7719.25,7717,7719.25,,,,
1789727400,7719.25,7723.25,7719,7723,,,,
1789727700,7723,7725.25,7722.75,7724.5,,,,
1789728000,7724.75,7725.25,7724.25,7724.75,,,,
1789728300,7724.5,7725,7722,7722.5,,,,
1789728600,7722.75,7723,7720,7720.5,,,,
1789728900,7720.75,7721.75,7719.5,7720.25,,,,
1789729200,7720.25,7724.25,7717.25,7724.25,,,,
1789729500,7723.75,7724,7713.5,7718,,,,
1789729800,7717.75,7719.25,7714.75,7717.5,,,,
1789730100,7717.5,7717.5,7711.75,7713.5,,,,
1789730400,7713.5,7714.75,7711.5,7713.25,,,,
1789730700,7713.25,7714,7712.5,7713,,,,
1789731000,7712.75,7716.5,7712.75,7715.25,,,,
1789731300,7715,7717.75,7714.5,7716.25,,,,
1789731600,7716.25,7716.5,7712.25,7713.25,,,,
1789731900,7713,7714.25,7712,7713.5,,,,
1789732200,7713.5,7714,7712.25,7713.75,,,,
1789732500,7713.5,7714,7710,7712.25,,,,
1789732800,7712.25,7714.5,7708,7712.5,,,,
1789733100,7712.5,7715,7705.25,7705.5,,,,
1789733400,7705.5,7705.75,7702,7703.25,,,,
1789733700,7703.25,7705.5,7701,7701,,,,
1789734000,7701,7702.5,7697.75,7698,,,,
1789734300,7697.75,7700.5,7697.75,7699,,,,
1789734600,7699,7703,7697.75,7702.25,,,,
1789734900,7702.25,7703.25,7699.5,7702,,,,
1789735200,7702,7703.5,7701,7702.5,,,,
1789735500,7702.25,7703.75,7701,7701,,,,
1789735800,7701.25,7702.5,7700.25,7701.5,,,,
1789736100,7701.25,7702,7699.25,7701,,,,
1789736400,7701,7702.25,7699.25,7700,,,,
1789736700,7700.25,7702.5,7700.25,7701.75,,,,
1789737000,7701.75,7703,7701,7701.25,,,,
1789737300,7701.5,7703.25,7701,7702.75,,,,
1789737600,7702.75,7702.75,7698,7698,,,,
1789737900,7698,7710,7692.25,7710,,,,
1789738200,7710,7714.5,7706.25,7707,,,,
1789738500,7706.75,7708,7701.75,7705.25,,,,
1789738800,7705.25,7710.25,7703.25,7705,,,,
1789739100,7705,7707.5,7700.5,7700.75,,,,
1789739400,7700.75,7701.5,7694.5,7695,,,,
1789739700,7695,7697,7691.25,7693,,,,
1789740000,7692.75,7695.25,7685,7686.25,,,,
1789740300,7686.25,7690.5,7684,7690.25,,,,
1789740600,7690.25,7695,7687.5,7687.75,,,,
1789740900,7687.75,7689.5,7683.25,7689,,,,
1789741200,7689.25,7691.75,7686.5,7687.25,,,,
1789741500,7687.25,7692,7686.25,7688.75,,,,
1789741800,7688.75,7690,7686.25,7687.5,,,,
1789742100,7687.75,7693.5,7685.25,7690.75,,,,
1789742400,7690.25,7691,7684,7685.75,,,,
1789742700,7685.75,7690.75,7684,7690.25,,,,
1789743000,7690,7695.5,7688.75,7693.75,,,,
1789743300,7693.75,7695.25,7691.5,7695,,,,
1789743600,7695,7695.75,7689.5,7692.25,,,,
1789743900,7692.25,7696,7691.5,7692.75,,,,
1789744200,7693,7695,7690.25,7691,,,,
1789744500,7691.25,7693.75,7690,7693.5,,,,
1789744800,7693.5,7694.75,7692,7693.75,,,,
1789745100,7693.75,7696.5,7693.25,7695.5,,,,
1789745400,7695.5,7696.75,7690.5,7693.75,,,,
1789745700,7693.5,7694.75,7687.75,7688.25,,,,
1789746000,7688.25,7689.75,7686.5,7688.25,,,,
1789746300,7688.5,7689.5,7686.25,7687,,,,
1789746600,7687,7689,7684.25,7685,,,,
1789746900,7684.75,7687.5,7683.75,7685.25,,,,
1789747200,7685.25,7685.5,7682,7683.5,,,,
1789747500,7683.75,7687.75,7683.25,7686.75,,,,
1789747800,7686.75,7687.5,7685,7686,,,,
1789748100,7685.75,7687.25,7684.25,7686.5,,,,
1789748400,7686.5,7686.5,7677.5,7678,,,,
1789748700,7677.75,7685,7675,7683.25,,,,
1789749000,7683.25,7689,7681.25,7687,,,,
1789749300,7687,7688.5,7684,7685.5,,,,
1789749600,7685.5,7688.75,7684,7686.75,,,,
1789749900,7686.75,7687.75,7683.5,7687.75,,,,
1789750200,7687.5,7691.5,7687.25,7690.5,,,,
1789750500,7690.5,7691.5,7689,7689.75,,,,
1789750800,7690,7690.75,7687.75,7689.5,,,,
1789751100,7689.5,7691.5,7688.5,7689.25,,,,
1789751400,7689.25,7689.75,7686,7689.25,,,,
1789751700,7689.25,7691,7688.5,7689.5,,,,
1789752000,7689.75,7691.25,7688.5,7691.25,,,,
1789752300,7691.25,7692,7689.75,7690.25,,,,
1789752600,7690.25,7690.75,7688.25,7690.25,,,,
1789752900,7690.5,7693.5,7690.25,7693.25,,,,
1789753200,7693,7694,7691.5,7693.75,,,,
1789753500,7693.75,7694.5,7692.25,7692.5,,,,
1789753800,7692.5,7695,7692.5,7694,,,,
1789754100,7694,7695.25,7693.5,7694.75,,,,
1789754400,7694.75,7696.25,7693,7695.25,,,,
1789754700,7695.25,7696,7693.75,7694.25,,,,
1789755000,7694.25,7695.5,7693,7694.5,,,,
1789755300,7694.5,7697.75,7694.5,7697.75,,,,
1789755600,7697.75,7703.25,7697.25,7700.25,,,,
1789755900,7700,7701.75,7698.75,7701.75,,,,
1789756200,7701.75,7702.25,7699.25,7702.25,,,,
1789756500,7702.25,7702.25,7699,7700.5,,,,
1789756800,7700.5,7702.75,7699.5,7702.5,,,,
1789757100,7702.5,7712.25,7702.25,7709.75,,,,
1789757400,7709.75,7715.75,7709,7712.25,,,,
1789757700,7712.25,7712.5,7708.75,7709.75,,,,
1789758000,7710,7711.75,7708,7710.25,,,,
1789758300,7710.5,7712,7708,7709.5,,,,
1789758600,7709.5,7711.25,7707.75,7709,,,,
1789758900,7709,7709.75,7707.5,7709.25,,,,
1789759200,7709.25,7710.25,7707.5,7708.25,,,,
1789759500,7708.25,7708.75,7705.75,7706.25,,,,
1789759800,7706,7706.75,7704.25,7704.5,,,,
1789760100,7704.75,7710,7704.25,7709.25,,,,
1789760400,7709.5,7712.25,7708,7712.25,,,,
1789760700,7712.25,7715,7710.75,7715,,,,
1789761000,7714.75,7716.5,7710.25,7712.75,,,,
1789761300,7712.75,7718.25,7710.25,7712.25,,,,
1789761600,7712.25,7723.5,7711.75,7722.5,,,,
1789761900,7722.25,7723.75,7721.75,7722.75,,,,
1789762200,7722.75,7729.25,7722.75,7725.75,,,,
1789762500,7725.75,7726.25,7723.75,7723.75,,,,
1789762800,7724,7725.5,7724,7725,,,,
1789763100,7725,7726.25,7724.75,7726.25,,,,
1789763400,7726.25,7726.75,7724.75,7725.5,,,,
1789763700,7725.5,7726,7724.5,7725.75,,,,
1789764000,7725.75,7727.5,7725.5,7727.25,,,,
1789764300,7727.25,7728.75,7725.75,7726.75,,,,
1789764600,7726.5,7728,7724.75,7725,,,,
1789764900,7725,7726,7724.25,7725.5,,,,
1789941600,7722.25,7724.5,7713.75,7716.5,,,,
1789941900,7716.5,7721.75,7716.5,7721.75,,,,
1789942200,7721.75,7726.5,7721.25,7726,,,,
1789942500,7725.5,7727.75,7724,7725.5,,,,
1789942800,7726,7727.25,7725,7725.5,,,,
1789943100,7725.5,7728,7725.25,7728,,,,
1789943400,7727.75,7731,7727,7731,,,,
1789943700,7731,7733.75,7730.75,7731,,,,
1789944000,7731,7733,7729.5,7730.25,,,,
1789944300,7730,7732.5,7729.25,7730.5,,,,
1789944600,7730.5,7731.5,7730,7731,,,,
1789944900,7731,7734.75,7731,7734,,,,
1789945200,7733.75,7734,7731.75,7732,,,,
1789945500,7732.25,7732.5,7731.5,7732,,,,
1789945800,7732,7732.75,7731.5,7732,,,,
1789946100,7732.25,7732.75,7731.25,7732,,,,
1789946400,7732,7732.5,7731.25,7732.5,,,,
1789946700,7732.5,7733.5,7732,7732.75,,,,
1789947000,7733.25,7734,7732.75,7733,,,,
1789947300,7733.25,7735,7733,7734,,,,
1789947600,7734,7734.75,7733.5,7734,,,,
1789947900,7734,7734.5,7732.75,7733.25,,,,
1789948200,7733.5,7734,7732.5,7733.5,,,,
1789948500,7733.25,7735,7733.25,7734.5,,,,
1789948800,7734.5,7736.25,7733,7736,,,,
1789949100,7736,7738,7735,7736,,,,
1789949400,7735.75,7736,7733.5,7734.5,,,,
1789949700,7734.25,7734.5,7730.75,7731.5,,,,
1789950000,7731.5,7736.75,7730.75,7736,,,,
1789950300,7736,7737.75,7735.5,7736.5,,,,
1789950600,7736.5,7740.25,7736.5,7739.75,,,,
1789950900,7739.75,7741,7738.75,7740.5,,,,
1789951200,7740.5,7741.25,7738,7738.5,,,,
1789951500,7738.5,7739,7737.75,7738.25,,,,
1789951800,7738.25,7740,7738,7739,,,,
1789952100,7738.75,7740.5,7737.75,7739.75,,,,
1789952400,7739.75,7742.5,7739.75,7741.25,,,,
1789952700,7741.25,7744,7741,7743,,,,
1789953000,7743,7743.5,7741,7742.25,,,,
1789953300,7742.25,7743.25,7741.5,7742,,,,
1789953600,7742,7742.5,7740.75,7742,,,,
1789953900,7741.75,7743.25,7740.75,7741,,,,
1789954200,7741,7743,7740.75,7742.5,,,,
1789954500,7742.75,7742.75,7741,7741.75,,,,
1789954800,7742.25,7743.25,7742,7742.5,,,,
1789955100,7742.25,7742.5,7739.75,7740.25,,,,
1789955400,7740,7741.25,7739,7740.5,,,,
1789955700,7740.5,7741,7738.25,7738.5,,,,
1789956000,7738.5,7741.5,7737.5,7740.75,,,,
1789956300,7740.75,7741.25,7738.75,7740,,,,
1789956600,7740.25,7740.5,7739.25,7740,,,,
1789956900,7739.75,7740,7738.25,7739,,,,
1789957200,7739,7739.75,7738.25,7739.75,,,,
1789957500,7739.75,7740.5,7739.25,7739.75,,,,
1789957800,7739.75,7739.75,7737.5,7738.5,,,,
1789958100,7738.5,7740,7738.5,7739.5,,,,
1789958400,7739.25,7741,7739,7740.25,,,,
1789958700,7740,7742.5,7740,7742.5,,,,
1789959000,7742.25,7742.75,7740.5,7741.25,,,,
1789959300,7741.25,7741.5,7739.75,7740.25,,,,
1789959600,7740.25,7743.5,7740,7743.25,,,,
1789959900,7743.25,7743.75,7742.5,7743,,,,
1789960200,7742.75,7743.75,7742.5,7743.5,,,,
1789960500,7743.5,7745.5,7743.25,7745,,,,
1789960800,7745.25,7745.25,7744.5,7745,,,,
1789961100,7744.75,7746,7744,7744.25,,,,
1789961400,7744.25,7744.5,7743,7744.5,,,,
1789961700,7744.5,7745,7743.25,7744,,,,
1789962000,7744,7744.75,7743.75,7744.75,,,,
1789962300,7744.75,7746.25,7744.5,7744.5,,,,
1789962600,7744.5,7745.75,7744.25,7745,,,,
1789962900,7745,7745,7743.75,7744,,,,
1789963200,7744,7746,7743.75,7744,,,,
1789963500,7744,7744.75,7742.5,7743.75,,,,
1789963800,7744,7744.5,7742.5,7744.25,,,,
1789964100,7744,7746.75,7744,7746,,,,
1789964400,7746,7746.5,7744.75,7745.5,,,,
1789964700,7745.5,7746.25,7745.25,7745.5,,,,
1789965000,7745.5,7745.75,7744,7744.75,,,,
1789965300,7744.75,7744.75,7744,7744.75,,,,
1789965600,7744.75,7746,7744.75,7744.75,,,,
1789965900,7744.75,7746,7744.75,7745.5,,,,
1789966200,7745.5,7745.5,7744.5,7744.75,,,,
1789966500,7744.75,7745.5,7744.5,7744.75,,,,
1789966800,7745,7745.25,7744.25,7744.25,,,,
1789967100,7744.5,7744.5,7743.5,7743.75,,,,
1789967400,7744,7744.25,7743.5,7743.75,,,,
1789967700,7743.75,7744.5,7743.25,7743.75,,,,
1789968000,7743.75,7744.75,7743.75,7744.75,,,,
1789968300,7744.75,7744.75,7743.5,7744.25,,,,
1789968600,7744.25,7746.25,7743.75,7745.5,,,,
1789968900,7745.75,7747.5,7745,7746.5,,,,
1789969200,7746.75,7748.5,7745.75,7745.75,,,,
1789969500,7745.75,7746.25,7743.75,7743.75,,,,
1789969800,7744,7746,7743.75,7745.25,,,,
1789970100,7745,7745.75,7745,7745.5,,,,
1789970400,7745.5,7748.25,7745.5,7747.75,,,,
1789970700,7747.75,7748,7746.5,7747.75,,,,
1789971000,7748,7749.25,7746.25,7747,,,,
1789971300,7747.25,7748.25,7746.5,7747,,,,
1789971600,7747.25,7747.5,7745.75,7746.25,,,,
1789971900,7746.5,7747.5,7746,7747.5,,,,
1789972200,7747.5,7749.75,7747.5,7749.5,,,,
1789972500,7749.5,7749.5,7748.5,7749,,,,
1789972800,7749,7749.5,7748.75,7749,,,,
1789973100,7749.25,7750.75,7749.25,7750.5,,,,
1789973400,7750.5,7750.75,7748.5,7749.25,,,,
1789973700,7749.25,7752.25,7749.25,7752,,,,
1789974000,7752,7757.25,7751.25,7756.75,,,,
1789974300,7756.75,7757.25,7754.5,7756,,,,
1789974600,7756,7756,7752,7755.25,,,,
1789974900,7755.25,7757,7754.25,7756,,,,
1789975200,7756,7756.25,7753.25,7754,,,,
1789975500,7754.25,7755.75,7752.75,7755.75,,,,
1789975800,7755.75,7757,7754.75,7756,,,,
1789976100,7756,7757,7755,7755.75,,,,
1789976400,7756,7756.25,7753.25,7754,,,,
1789976700,7754.25,7755,7752.5,7754.5,,,,
1789977000,7754.5,7757.75,7754.5,7757.5,,,,
1789977300,7757.75,7759,7757.25,7757.25,,,,
1789977600,7757.25,7761.75,7756.75,7760.5,,,,
1789977900,7760.25,7760.75,7758.25,7760.5,,,,
1789978200,7760.5,7761.25,7759.5,7760.25,,,,
1789978500,7760.5,7760.75,7759.25,7759.25,,,,
1789978800,7759.25,7761,7758.75,7760.25,,,,
1789979100,7760.5,7760.75,7759,7760,,,,
1789979400,7759.75,7763.5,7759.5,7762.25,,,,
1789979700,7762.25,7763.5,7761.5,7762,,,,
1789980000,7762,7763.75,7761.25,7763.5,,,,
1789980300,7763.5,7764.25,7762.25,7763,,,,
1789980600,7763,7763,7760.5,7760.75,,,,
1789980900,7760.75,7761.75,7760.5,7761,,,,
1789981200,7761.25,7761.5,7759.25,7759.75,,,,
1789981500,7759.5,7762.25,7759.5,7761,,,,
1789981800,7760.75,7761.25,7759.75,7760.75,,,,
1789982100,7761,7761.75,7760,7760.25,,,,
1789982400,7760.25,7762.5,7760.25,7761.25,,,,
1789982700,7761,7763.25,7760.75,7760.75,,,,
1789983000,7761,7761.75,7760.25,7761.25,,,,
1789983300,7761.5,7762.25,7760.75,7762,,,,
1789983600,7762,7762.5,7761.5,7762.25,,,,
1789983900,7762.25,7762.75,7761.5,7762.25,,,,
1789984200,7762.25,7764.5,7762.25,7764.25,,,,
1789984500,7764,7764.25,7762,7762.5,,,,
1789984800,7762.25,7764.5,7762.25,7764.5,,,,
1789985100,7764.5,7765.25,7764,7765,,,,
1789985400,7765,7765.75,7764.25,7765.5,,,,
1789985700,7765.75,7767,7765,7765.5,,,,
1789986000,7765.5,7766,7764.5,7765.25,,,,
1789986300,7765.25,7767.25,7765,7766.25,,,,
1789986600,7766.5,7769,7765.25,7768,,,,
1789986900,7768.25,7768.5,7765.75,7767.25,,,,
1789987200,7767.25,7767.75,7766.25,7767.25,,,,
1789987500,7767.5,7769,7766.25,7766.5,,,,
1789987800,7766.75,7768,7766.25,7767.75,,,,
1789988100,7768,7768,7765.5,7766,,,,
1789988400,7765.75,7767,7765,7765,,,,
1789988700,7765,7765.5,7763.5,7764,,,,
1789989000,7763.75,7765,7763.25,7764.5,,,,
1789989300,7764.5,7765.75,7764,7765.75,,,,
1789989600,7765.5,7765.75,7763,7763.5,,,,
1789989900,7763.5,7764.75,7763.25,7764,,,,
1789990200,7764,7766.75,7763.75,7766.5,,,,
1789990500,7766.25,7768,7764.25,7766.5,,,,
1789990800,7766.5,7768.25,7766.25,7768.25,,,,
1789991100,7768.25,7768.5,7767,7768.25,,,,
1789991400,7768,7769.5,7767,7769,,,,
1789991700,7769.25,7770.75,7767.5,7767.75,,,,
1789992000,7767.75,7769.5,7764.25,7769.25,,,,
1789992300,7769.5,7770.5,7768.25,7768.75,,,,
1789992600,7768.75,7769,7765.25,7765.25,,,,
1789992900,7765.25,7766.5,7765,7765.5,,,,
1789993200,7765.5,7767,7763.25,7764,,,,
1789993500,7764,7765,7763,7763.25,,,,
1789993800,7763.5,7765,7763.25,7763.75,,,,
1789994100,7764,7764.5,7762.75,7764,,,,
1789994400,7763.75,7768,7763.75,7767.75,,,,
1789994700,7767.75,7767.75,7763,7763.75,,,,
1789995000,7763.75,7764,7762.5,7763,,,,
1789995300,7762.75,7763,7761.25,7761.5,,,,
1789995600,7761.75,7763.5,7760.75,7763.25,,,,
1789995900,7763.25,7764.25,7762,7764.25,,,,
1789996200,7764.25,7764.75,7761.75,7762.25,,,,
1789996500,7762.5,7763.75,7761.5,7763.5,,,,
1789996800,7763.5,7763.5,7759.75,7759.75,,,,
1789997100,7760,7763.25,7758.75,7760.5,,,,
1789997400,7760.5,7764.5,7758.25,7762,,,,
1789997700,7762,7765,7761.25,7764.5,,,,
1789998000,7764.5,7766.25,7762.25,7766.25,,,,
1789998300,7766.25,7769.25,7765.75,7767.75,,,,
1789998600,7767.75,7773.25,7767.25,7773,,,,
1789998900,7773,7775,7770.5,7774.75,,,,
1789999200,7774.5,7776,7772,7772.25,,,,
1789999500,7772.5,7772.75,7767.75,7771.5,,,,
1789999800,7771.25,7777,7771.25,7775.25,,,,
1790000100,7775.5,7782.75,7775.25,7781.75,,,,
1790000400,7782,7789.5,7780.25,7788.25,,,,
1790000700,7788.5,7791,7787,7788,,,,
1790001000,7788,7791.5,7786.5,7789.25,,,,
1790001300,7789.25,7793.5,7789,7790.75,,,,
1790001600,7790.5,7793.5,7786.5,7787.75,,,,
1790001900,7787.75,7790.75,7785,7787.5,,,,
1790002200,7787.5,7790,7786.25,7789.75,,,,
1790002500,7789.5,7792.25,7787.5,7789.75,,,,
1790002800,7790,7793.5,7789,7793.25,,,,
1790003100,7793.5,7794.25,7791.25,7793.5,,,,
1790003400,7793.75,7796.25,7791.75,7796,,,,
1790003700,7796.25,7799.75,7796.25,7799.5,,,,
1790004000,7799.5,7799.75,7796.75,7797.25,,,,
1790004300,7797.25,7798.75,7795.75,7796.5,,,,
1790004600,7796.5,7798,7796,7796.5,,,,
1790004900,7796.5,7803.5,7796.25,7802.75,,,,
1790005200,7802.5,7805,7801.25,7804.75,,,,
1790005500,7805,7809.75,7805,7807.25,,,,
1790005800,7807.5,7811.5,7804.5,7804.5,,,,
1790006100,7804.5,7805.75,7803,7805.25,,,,
1790006400,7805.25,7808.75,7802.75,7808,,,,
1790006700,7808.25,7815.25,7806.25,7814.25,,,,
1790007000,7814.5,7817,7812,7813.5,,,,
1790007300,7813.5,7816,7812,7813.75,,,,
1790007600,7813.75,7814.75,7812,7814.25,,,,
1790007900,7814.25,7818.25,7813.75,7816,,,,
1790008200,7816,7824.75,7815.75,7822.25,,,,
1790008500,7822.25,7823.5,7816.25,7816.5,,,,
1790008800,7816.75,7819.5,7815.75,7817.75,,,,
1790009100,7818,7821.25,7817.75,7820,,,,
1790009400,7820,7821.25,7817.25,7819,,,,
1790009700,7819.25,7821.25,7818,7821.25,,,,
1790010000,7821,7823,7819.5,7820.25,,,,
1790010300,7820.5,7823,7820.5,7821.5,,,,
1790010600,7821.5,7827,7821.25,7826,,,,
1790010900,7826,7827.75,7824,7826.25,,,,
1790011200,7826.75,7828,7823,7823.75,,,,
1790011500,7823.75,7826,7822,7826,,,,
1790011800,7826.25,7826.5,7820.75,7821.5,,,,
1790012100,7821.5,7823.25,7820.25,7820.5,,,,
1790012400,7820.5,7827.25,7820,7826.5,,,,
1790012700,7826.75,7830,7825.25,7825.75,,,,
1790013000,7825.75,7828.5,7825.5,7827.5,,,,
1790013300,7827.25,7827.75,7825.25,7827,,,,
1790013600,7827,7830.25,7827,7830.25,,,,
1790013900,7830.25,7831.75,7829.25,7830,,,,
1790014200,7830,7832.25,7828.75,7830.75,,,,
1790014500,7830.75,7832.5,7829.75,7831.5,,,,
1790014800,7831.5,7837,7831,7836.25,,,,
1790015100,7836.25,7838.25,7835.25,7836.75,,,,
1790015400,7837,7838.25,7833.75,7835.5,,,,
1790015700,7835.5,7837.75,7834,7837.25,,,,
1790016000,7837.5,7839.75,7836.75,7839.75,,,,
1790016300,7839.75,7843,7839,7842,,,,
1790016600,7841.75,7844.75,7841.5,7843.25,,,,
1790016900,7843,7844,7840,7841.25,,,,
1790017200,7841.5,7843.5,7839.75,7840,,,,
1790017500,7839.75,7840.5,7838.25,7840.25,,,,
1790017800,7840.5,7842.75,7837.75,7842.75,,,,
1790018100,7842.75,7843,7840.75,7842,,,,
1790018400,7841.75,7842.25,7838.5,7839,,,,
1790018700,7839,7841.5,7838.25,7839,,,,
1790019000,7839,7843.75,7838.75,7842.75,,,,
1790019300,7843,7847.25,7842.25,7845.75,,,,
1790019600,7845.75,7846.5,7840.75,7842.5,,,,
1790019900,7842.25,7843.5,7839,7840,,,,
1790020200,7839.75,7839.75,7834.75,7835,,,,
1790020500,7835,7837.25,7832,7833,,,,
1790020800,7833,7835,7828.75,7829.5,,,,
1790021100,7829.5,7832.75,7829,7832,,,,
1790021400,7832,7832.25,7829.75,7831,,,,
1790021700,7831,7831.25,7827.25,7828.25,,,,
1790022000,7828.5,7829,7828,7828,,,,
1790022300,7828.25,7830.75,7828,7830,,,,
1790022600,7830.5,7830.75,7828.75,7829.5,,,,
1790022900,7829.25,7829.5,7827.5,7828,,,,
1790023200,7828,7828.5,7827,7827.25,,,,
1790023500,7827.5,7828,7826.5,7827.25,,,,
1790023800,7827.5,7828.25,7827,7828.25,,,,
1790024100,7828,7830.25,7827.5,7829,,,,
1790028000,7830,7832.25,7828.75,7832.25,,,,
1790028300,7832.25,7833.25,7831,7833,,,,
1790028600,7833,7833.5,7830.25,7832.5,,,,
1790028900,7832.5,7833.75,7831.5,7832.75,,,,
1790029200,7833,7833.25,7831.5,7832.75,,,,
1790029500,7833,7834.75,7832.75,7834.5,,,,
1790029800,7834.5,7835.75,7833.5,7834.5,,,,
1790030100,7834.5,7835,7833.75,7834.25,,,,
1790030400,7834.25,7834.5,7832.75,7834.25,,,,
1790030700,7834.25,7835.25,7833.25,7835,,,,
1790031000,7835,7835.5,7833.75,7835.25,,,,
1790031300,7835.25,7835.75,7834.75,7834.75,,,,
1790031600,7834.75,7835.75,7833.5,7834.75,,,,
1790031900,7834.75,7836,7834.5,7836,,,,
1790032200,7836,7837.5,7835.25,7836.75,,,,
1790032500,7836.5,7837.25,7834.75,7836.25,,,,
1790032800,7836.25,7836.25,7835.25,7835.5,,,,
1790033100,7835.75,7835.75,7834,7834.75,,,,
1790033400,7834.75,7836,7834,7835.5,,,,
1790033700,7835.75,7836,7834.5,7835.25,,,,
1790034000,7835.25,7836.75,7835.25,7835.75,,,,
1790034300,7835.75,7836.25,7835,7835.75,,,,
1790034600,7835.75,7835.75,7834.75,7835.5,,,,
1790034900,7835.5,7836.25,7834.75,7835.25,,,,
1790035200,7835.25,7837.5,7834.25,7837.25,,,,
1790035500,7837.25,7839.75,7836.75,7839.75,,,,
1790035800,7839.75,7840,7837.75,7838,,,,
1790036100,7838,7838.25,7835,7835.5,,,,
1790036400,7835.5,7837,7834.75,7836.25,,,,
1790036700,7836.25,7837.5,7835.5,7837.25,,,,
1790037000,7837.25,7838.5,7834,7834,,,,
1790037300,7834.25,7834.5,7832.25,7833.25,,,,
1790037600,7833.25,7835.25,7832.5,7834.75,,,,
1790037900,7834.75,7836.25,7834.5,7835.5,,,,
1790038200,7835.25,7836,7834.75,7836,,,,
1790038500,7836,7836,7834.75,7835.5,,,,
1790038800,7835.5,7835.5,7834,7834.25,,,,
1790039100,7834.25,7835.5,7833.25,7834.25,,,,
1790039400,7834.25,7834.5,7832.25,7834,,,,
1790039700,7833.5,7834,7832,7832.5,,,,
1790040000,7832.5,7833.75,7831.5,7833.5,,,,
1790040300,7833.25,7834.25,7832.5,7833.75,,,,
1790040600,7833.5,7835,7832,7835,,,,
1790040900,7835.25,7836.25,7834.5,7835.25,,,,
1790041200,7835,7836,7834.75,7835,,,,
1790041500,7835,7836,7834.25,7834.5,,,,
1790041800,7834.5,7835.75,7834,7835.25,,,,
1790042100,7835.25,7835.5,7833.5,7833.5,,,,
1790042400,7833.75,7836.5,7833.5,7836.5,,,,
1790042700,7836.5,7836.5,7835,7835,,,,
1790043000,7835.25,7835.25,7833.75,7834,,,,
1790043300,7834,7834.75,7833.25,7834,,,,
1790043600,7834.25,7836,7834.25,7835,,,,
1790043900,7835,7836,7834.75,7835.25,,,,
1790044200,7835.25,7835.5,7833.25,7833.75,,,,
1790044500,7834.25,7835.5,7833.75,7835.5,,,,
1790044800,7835.5,7836,7834.5,7835.25,,,,
1790045100,7835.25,7835.5,7834.5,7835,,,,
1790045400,7835,7835.25,7834.25,7835.25,,,,
1790045700,7835,7835.25,7834,7834.75,,,,
1790046000,7834.75,7834.75,7833.25,7834,,,,
1790046300,7834,7834,7832.75,7833,,,,
1790046600,7833,7834,7832.75,7834,,,,
1790046900,7834,7835,7833.75,7834.25,,,,
1790047200,7834.5,7834.75,7834,7834,,,,
1790047500,7834,7834.5,7834,7834.25,,,,
1790047800,7834.25,7834.5,7833.5,7834.25,,,,
1790048100,7834.5,7835.5,7834.25,7834.75,,,,
1790048400,7834.5,7835,7833.5,7833.5,,,,
1790048700,7833.75,7833.75,7832.75,7833.5,,,,
1790049000,7833.75,7833.75,7832.5,7833,,,,
1790049300,7832.75,7833.5,7831.25,7832.75,,,,
1790049600,7833,7833.75,7832.75,7833.75,,,,
1790049900,7833.5,7833.5,7832.75,7832.75,,,,
1790050200,7832.75,7835,7832.5,7834.25,,,,
1790050500,7834.5,7834.5,7832.75,7833,,,,
1790050800,7833.25,7834.25,7833,7834,,,,
1790051100,7834.25,7835.5,7833.75,7834.5,,,,
1790051400,7834.75,7836,7834.5,7835,,,,
1790051700,7835,7836,7834.75,7835.25,,,,
1790052000,7835.25,7836.5,7834.5,7835,,,,
1790052300,7835,7835.5,7834.25,7834.5,,,,
1790052600,7834.5,7834.5,7833.5,7834,,,,
1790052900,7834.5,7834.75,7834,7834.5,,,,
1790053200,7834.25,7834.5,7833,7833.25,,,,
1790053500,7833.5,7834.25,7832.75,7832.75,,,,
1790053800,7832.75,7834.25,7832.5,7834,,,,
1790054100,7834,7834,7832.5,7833,,,,
1790054400,7833,7835,7832.75,7833.25,,,,
1790054700,7833,7834.25,7833,7833.5,,,,
1790055000,7833.25,7834.75,7832.25,7834.25,,,,
1790055300,7834.25,7836.25,7834.25,7836.25,,,,
1790055600,7836.25,7837.25,7836,7837,,,,
1790055900,7837,7839.5,7837,7839.25,,,,
1790056200,7839.25,7839.25,7837.75,7838.25,,,,
1790056500,7838.25,7839,7837.75,7838.25,,,,
1790056800,7838.5,7838.5,7834,7834.75,,,,
1790057100,7834.75,7837,7834.25,7837,,,,
1790057400,7836.75,7837.75,7835.5,7836.75,,,,
1790057700,7836.75,7838,7835,7835.25,,,,
1790058000,7835.25,7836.25,7833.75,7834.75,,,,
1790058300,7834.75,7836.75,7834.75,7836.75,,,,
1790058600,7836.75,7837.25,7836,7836.75,,,,
1790058900,7836.75,7838.5,7836.75,7837.5,,,,
1790059200,7837.5,7838.25,7836.25,7836.75,,,,
1790059500,7836.75,7838.5,7836.25,7837.5,,,,
1790059800,7837.5,7838.25,7836,7836,,,,
1790060100,7836.25,7837.75,7836,7836.25,,,,
1790060400,7836.25,7837.5,7834.5,7836.25,,,,
1790060700,7836.5,7837.5,7834,7836,,,,
1790061000,7835.75,7837,7834,7835.75,,,,
1790061300,7835.75,7837.75,7834,7834,,,,
1790061600,7834.25,7836.5,7834,7835.25,,,,
1790061900,7835.5,7835.75,7834.5,7835,,,,
1790062200,7835.25,7835.25,7832.75,7833,,,,
1790062500,7833.25,7833.25,7832,7832.25,,,,
1790062800,7832.25,7832.75,7831.5,7832.25,,,,
1790063100,7832.5,7832.5,7829.25,7829.75,,,,
1790063400,7829.75,7830,7827.25,7828.25,,,,
1790063700,7828,7829.25,7826,7826.75,,,,
1790064000,7826.5,7826.75,7822.75,7823,,,,
1790064300,7823,7825.5,7822,7823,,,,
1790064600,7823.25,7823.25,7820.25,7820.25,,,,
1790064900,7820.5,7820.75,7816,7819,,,,
1790065200,7819,7819.25,7815,7817,,,,
1790065500,7816.75,7822,7812.25,7813.5,,,,
1790065800,7813.25,7816.25,7810.5,7813.75,,,,
1790066100,7813.5,7824.5,7813.5,7823.75,,,,
1790066400,7823.25,7829,7821.25,7828.5,,,,
1790066700,7828.5,7834,7827,7833.5,,,,
1790067000,7833.5,7836.25,7832.5,7834.75,,,,
1790067300,7834.75,7836,7832.5,7833.5,,,,
1790067600,7833.25,7836,7827.25,7827.25,,,,
1790067900,7827.25,7831,7826.75,7829.25,,,,
1790068200,7829,7831,7826,7827.5,,,,
1790068500,7827.25,7830.75,7826.75,7827.5,,,,
1790068800,7827.25,7828.25,7825.5,7827,,,,
1790069100,7827.25,7827.75,7826,7827.25,,,,
1790069400,7827.25,7830,7827.25,7828.75,,,,
1790069700,7829,7829,7827.25,7827.75,,,,
1790070000,7827.75,7833.25,7827.75,7833,,,,
1790070300,7833,7833.5,7831.5,7832,,,,
1790070600,7832.25,7843,7832.25,7838.25,,,,
1790070900,7838.25,7842.25,7833,7838.75,,,,
1790071200,7838.75,7840,7835,7839,,,,
1790071500,7839.5,7840.75,7838.25,7839.25,,,,
1790071800,7839.25,7840,7835,7837.25,,,,
1790072100,7837.25,7838.75,7835.75,7836.5,,,,
1790072400,7836.75,7837.25,7835.5,7836,,,,
1790072700,7835.75,7837.75,7834.5,7836.75,,,,
1790073000,7837,7838.25,7836,7837,,,,
1790073300,7837.25,7838.5,7836.5,7838.25,,,,
1790073600,7838.5,7841.5,7837.5,7840.75,,,,
1790073900,7840.75,7842.75,7838.75,7842.5,,,,
1790074200,7842.5,7843.75,7841.5,7842.5,,,,
1790074500,7842.5,7842.75,7838,7838,,,,
1790074800,7838.25,7839.5,7835,7837.75,,,,
1790075100,7837.75,7838.75,7828.5,7833.25,,,,
1790075400,7833.5,7836.25,7830.75,7833.75,,,,
1790075700,7833.75,7835.5,7833.75,7834.5,,,,
1790076000,7834.5,7837.75,7833.5,7837.25,,,,
1790076300,7837,7838.5,7835.25,7835.75,,,,
1790076600,7835.75,7837.75,7835.25,7836.5,,,,
1790076900,7836.5,7839.75,7836.25,7838.75,,,,
1790077200,7838.5,7839.75,7837,7838.75,,,,
1790077500,7838.75,7842,7837.25,7838.75,,,,
1790077800,7839,7839.25,7836.5,7836.75,,,,
1790078100,7836.75,7839.5,7835.5,7835.5,,,,
1790078400,7835.75,7839.75,7835,7838.75,,,,
1790078700,7838.75,7840,7834,7835.75,,,,
1790079000,7835.75,7838,7835.75,7836.75,,,,
1790079300,7837,7839,7835.25,7836.5,,,,
1790079600,7836.5,7839.5,7836.25,7838,,,,
1790079900,7838.25,7840.25,7838,7840,,,,
1790080200,7840,7842.75,7839,7841.25,,,,
1790080500,7841.5,7842,7837.75,7838,,,,
1790080800,7838.25,7841.5,7838,7839.25,,,,
1790081100,7839,7839.75,7838.25,7838.75,,,,
1790081400,7838.75,7839,7835.75,7836.75,,,,
1790081700,7836.5,7837.75,7835.75,7837.25,,,,
1790082000,7837,7840.5,7836.25,7839.5,,,,
1790082300,7839.5,7842,7836.5,7840,,,,
1790082600,7840,7841.5,7838.75,7841,,,,
1790082900,7840.75,7843.25,7839.75,7840.5,,,,
1790083200,7840.75,7841,7839,7839.25,,,,
1790083500,7839.25,7839.75,7836.25,7837,,,,
1790083800,7837,7847.25,7835.5,7844.75,,,,
1790084100,7845,7848.5,7843.5,7846.25,,,,
1790084400,7846.5,7846.5,7840.5,7842.75,,,,
1790084700,7842.75,7844,7835.25,7839.75,,,,
1790085000,7839.5,7841,7836.5,7837.25,,,,
1790085300,7837,7838,7833,7835,,,,
1790085600,7835,7839.5,7834.5,7837.75,,,,
1790085900,7837.75,7838.75,7834.25,7834.5,,,,
1790086200,7834.5,7845.75,7834.25,7840,,,,
1790086500,7840.25,7841.25,7831.75,7835.25,,,,
1790086800,7835,7836.5,7832.5,7834.25,,,,
1790087100,7834,7835.5,7831.5,7831.75,,,,
1790087400,7832,7837.5,7831.25,7833.75,,,,
1790087700,7833.75,7840.75,7829.25,7831.5,,,,
1790088000,7831.5,7832.25,7826.75,7829.5,,,,
1790088300,7829.25,7834,7826.5,7833.75,,,,
1790088600,7833.75,7835.75,7829.75,7832.75,,,,
1790088900,7832.5,7834.5,7829.5,7831,,,,
1790089200,7831,7834.25,7830,7832,,,,
1790089500,7832,7834.75,7830,7830.25,,,,
1790089800,7830.5,7833,7828.5,7832.75,,,,
1790090100,7832.75,7834,7830.75,7832.25,,,,
1790090400,7832.25,7833.75,7830.75,7831.75,,,,
1790090700,7831.75,7834,7829.5,7830.25,,,,
1790091000,7830.25,7830.5,7825.25,7826.5,,,,
1790091300,7826.5,7827,7823,7824,,,,
1790091600,7824,7825.75,7822.5,7824.5,,,,
1790091900,7824.75,7827.5,7824,7825.5,,,,
1790092200,7825.25,7826.25,7824,7824.25,,,,
1790092500,7824.25,7827,7822.75,7826.75,,,,
1790092800,7826.75,7828.75,7824.75,7826.5,,,,
1790093100,7826.25,7830.25,7825,7828.75,,,,
1790093400,7829,7830.25,7828,7830.25,,,,
1790093700,7830,7830,7826.5,7826.75,,,,
1790094000,7827,7828.5,7823.5,7823.75,,,,
1790094300,7823.75,7825.75,7823,7825.5,,,,
1790094600,7825.75,7828.75,7825.25,7828.5,,,,
1790094900,7828.5,7828.5,7824.75,7826.5,,,,
1790095200,7826.75,7827.25,7824.25,7827,,,,
1790095500,7827,7833.75,7826.25,7833,,,,
1790095800,7833.25,7833.75,7830.75,7831.5,,,,
1790096100,7831.75,7832.75,7830,7832,,,,
1790096400,7832.25,7832.75,7829.75,7829.75,,,,
1790096700,7829.75,7833,7828.75,7830.25,,,,
1790097000,7830.25,7831,7828.5,7829.5,,,,
1790097300,7829.25,7829.75,7828,7829.25,,,,
1790097600,7829.25,7829.25,7827.25,7828.5,,,,
1790097900,7828.25,7832.5,7828,7832.25,,,,
1790098200,7832.25,7832.5,7829.5,7830,,,,
1790098500,7830,7830.25,7828,7828.5,,,,
1790098800,7828.25,7831.5,7827.25,7831.5,,,,
1790099100,7831.5,7832.25,7830,7831,,,,
1790099400,7830.75,7839,7830,7837.5,,,,
1790099700,7837.25,7838.75,7836.25,7837.5,,,,
1790100000,7837.5,7838.5,7833.5,7835.5,,,,
1790100300,7835.5,7838,7835,7837.5,,,,
1790100600,7837.5,7838,7835,7835.75,,,,
1790100900,7835.75,7837.5,7835.75,7837,,,,
1790101200,7836.75,7840.5,7836.5,7839.25,,,,
1790101500,7839.25,7839.75,7837.5,7837.75,,,,
1790101800,7837.75,7839.25,7836.25,7836.75,,,,
1790102100,7837,7837.25,7833.75,7835.5,,,,
1790102400,7835.5,7838.5,7833.5,7837.5,,,,
1790102700,7837.5,7838.5,7836.75,7838,,,,
1790103000,7837.75,7838,7836.25,7837,,,,
1790103300,7836.75,7837,7833,7834,,,,
1790103600,7834.25,7835.5,7833.5,7835,,,,
1790103900,7835,7836.5,7834.5,7835.25,,,,
1790104200,7835.5,7837.5,7835,7836.5,,,,
1790104500,7836.75,7839.25,7836.5,7839,,,,
1790104800,7838.75,7839.75,7837.5,7838.5,,,,
1790105100,7838.75,7841.5,7838.5,7840.25,,,,
1790105400,7840.25,7845.75,7839.5,7845.25,,,,
1790105700,7845.25,7846.5,7844,7845.5,,,,
1790106000,7845.5,7845.75,7839.5,7841.5,,,,
1790106300,7841.75,7844.5,7841.5,7844.25,,,,
1790106600,7844,7846,7840,7840.25,,,,
1790106900,7840.25,7840.25,7829.75,7831.25,,,,
1790107200,7830.75,7833.25,7830.25,7832.5,,,,
1790107500,7832.5,7834,7831.25,7833.25,,,,
1790107800,7833.25,7834,7832,7832.25,,,,
1790108100,7832,7832.25,7831,7831,,,,
1790108400,7831.25,7831.5,7828.75,7830.25,,,,
1790108700,7830,7830.75,7829.5,7830.25,,,,
1790109000,7830.5,7830.5,7829.5,7829.5,,,,
1790109300,7829.75,7830.25,7829.25,7829.25,,,,
1790109600,7829.25,7830.25,7828.75,7828.75,,,,
1790109900,7829,7829.25,7827.25,7827.75,,,,
1790110200,7828,7829,7826.75,7827.75,,,,
1790110500,7827.75,7828.75,7826,7827.75,,,,
1790114400,7830,7833.5,7829,7830.25,,,,
1790114700,7830.5,7833.5,7830.5,7831.25,,,,
1790115000,7831.5,7832.5,7830.25,7832.5,,,,
1790115300,7832.25,7832.75,7831.25,7831.5,,,,
1790115600,7831.75,7834,7831.75,7833.25,,,,
1790115900,7833.25,7833.5,7831.75,7832.5,,,,
1790116200,7832.5,7833.75,7832.5,7833.5,,,,
1790116500,7833.25,7834,7832.5,7833,,,,
1790116800,7832.75,7834,7832.75,7832.75,,,,
1790117100,7833,7833,7830.25,7830.25,,,,
1790117400,7830.5,7831.75,7829.75,7831.5,,,,
1790117700,7831.75,7832,7831,7831,,,,
1790118000,7831.25,7832.5,7831.25,7832.25,,,,
1790118300,7832.25,7832.75,7832,7832.25,,,,
1790118600,7832.25,7832.5,7831.5,7831.75,,,,
1790118900,7832,7832.25,7831.5,7832.25,,,,
1790119200,7832.25,7833.25,7831.75,7832.75,,,,
1790119500,7832.5,7832.75,7831.75,7832.5,,,,
1790119800,7832.25,7833,7832,7832.75,,,,
1790120100,7832.75,7833.25,7832.5,7832.75,,,,
1790120400,7832.75,7833,7832,7832.5,,,,
1790120700,7832.5,7832.5,7831.25,7831.25,,,,
1790121000,7831.25,7832.75,7831,7832.5,,,,
1790121300,7832.5,7834,7832,7833.5,,,,
1790121600,7833.25,7834,7830.5,7832.75,,,,
1790121900,7833,7833.5,7831.5,7832.5,,,,
1790122200,7832.5,7833.75,7832,7832.5,,,,
1790122500,7832.25,7833,7831.75,7832.25,,,,
1790122800,7832,7832.75,7830.25,7832.5,,,,
1790123100,7832.5,7832.75,7830.75,7831,,,,
1790123400,7831,7832.5,7830.25,7830.5,,,,
1790123700,7830.5,7831.75,7830,7831.25,,,,
1790124000,7831.5,7832,7830.75,7831,,,,
1790124300,7831.25,7832,7829.25,7829.25,,,,
1790124600,7829.25,7830.25,7828,7828,,,,
1790124900,7828,7829.25,7827.75,7829.25,,,,
1790125200,7829,7829.5,7827.75,7829.5,,,,
1790125500,7829,7831.5,7829,7830.75,,,,
1790125800,7830.75,7830.75,7829.5,7830.75,,,,
1790126100,7830.5,7831.75,7829.75,7831.5,,,,
1790126400,7831.5,7832.75,7831,7832.75,,,,
1790126700,7832.5,7834.25,7831.75,7834,,,,
1790127000,7833.75,7835.25,7832.25,7832.75,,,,
1790127300,7832.75,7833.75,7832.5,7833.75,,,,
1790127600,7833.5,7833.75,7831.25,7831.25,,,,
1790127900,7831.5,7832.75,7831.25,7832,,,,
1790128200,7832,7832.75,7831.75,7832.25,,,,
1790128500,7832,7832.75,7831.5,7832.5,,,,
1790128800,7832.5,7833,7831,7831.75,,,,
1790129100,7831.75,7831.75,7830.25,7830.5,,,,
1790129400,7830,7830.5,7829.25,7829.5,,,,
1790129700,7829.75,7832.75,7827.25,7830.75,,,,
1790130000,7830.5,7832.25,7830.25,7831.75,,,,
1790130300,7831.75,7833.25,7831.75,7832.25,,,,
1790130600,7832.25,7832.75,7831.75,7831.75,,,,
1790130900,7831.75,7832.25,7831,7831,,,,
1790131200,7831.25,7832.25,7831,7831.5,,,,
1790131500,7831.5,7833,7831.5,7832.5,,,,
1790131800,7832.5,7832.75,7832,7832.75,,,,
1790132100,7833,7833,7832,7832.25,,,,
1790132400,7832.5,7832.5,7831.75,7832,,,,
1790132700,7832.25,7832.75,7831.75,7832.75,,,,
1790133000,7832.5,7833.75,7832.25,7833.5,,,,
1790133300,7833.75,7834.25,7832.75,7833.5,,,,
1790133600,7833.5,7835.5,7833.5,7834.75,,,,
1790133900,7835,7836,7834.25,7834.5,,,,
1790134200,7834.25,7836.25,7834,7836.25,,,,
1790134500,7836,7836.25,7835.25,7835.75,,,,
1790134800,7835.5,7837.5,7835.5,7836.25,,,,
1790135100,7836.25,7837,7836,7836.5,,,,
1790135400,7836.25,7837.25,7836.25,7837,,,,
1790135700,7837,7837.25,7835.5,7835.75,,,,
1790136000,7835.75,7837.75,7835.75,7837.5,,,,
1790136300,7837.5,7839.25,7837.5,7838.75,,,,
1790136600,7839,7839.5,7838,7838.75,,,,
1790136900,7838.75,7839.5,7838.5,7839.25,,,,
1790137200,7839.5,7840.25,7839,7839,,,,
1790137500,7839,7839.5,7838.75,7839.25,,,,
1790137800,7839.25,7840.25,7839,7840,,,,
1790138100,7840.25,7840.75,7839.5,7839.75,,,,
1790138400,7840,7840.5,7839.5,7840.5,,,,
1790138700,7840.25,7840.75,7839.75,7840.5,,,,
1790139000,7840.5,7840.5,7839.25,7839.5,,,,
1790139300,7839.25,7839.75,7838.25,7838.75,,,,
1790139600,7838.75,7839.25,7837.75,7838.5,,,,
1790139900,7838.75,7839.25,7838,7838.5,,,,
1790140200,7838.5,7839.75,7838.5,7838.75,,,,
1790140500,7839,7839.5,7838,7838.25,,,,
1790140800,7838.25,7838.25,7836.75,7837.25,,,,
1790141100,7837.5,7839,7837.25,7838.25,,,,
1790141400,7838.5,7838.5,7835.5,7835.75,,,,
1790141700,7836,7837.5,7835.5,7837.25,,,,
1790142000,7837.25,7838.25,7835.75,7836.75,,,,
1790142300,7836.75,7838.5,7836.5,7837,,,,
1790142600,7837,7839,7837,7838,,,,
1790142900,7838,7838.25,7836,7836.25,,,,
1790143200,7836.5,7839.5,7836.25,7837.75,,,,
1790143500,7837.75,7840.25,7837.5,7838,,,,
1790143800,7838.25,7839.75,7838.25,7839.75,,,,
1790144100,7839.75,7840,7838.75,7839.25,,,,
1790144400,7839.5,7839.5,7835.75,7837.75,,,,
1790144700,7838,7839.25,7838,7838.5,,,,
1790145000,7838.75,7841,7838.25,7841,,,,
1790145300,7841.25,7842.5,7841.25,7842.25,,,,
1790145600,7842.5,7843.25,7841.25,7843,,,,
1790145900,7843,7843,7839,7842,,,,
1790146200,7841.75,7842,7839.25,7839.75,,,,
1790146500,7839.5,7839.5,7837,7837.5,,,,
1790146800,7837.25,7839.25,7836.75,7839.25,,,,
1790147100,7839,7839,7836,7836.5,,,,
1790147400,7836.25,7838.75,7835.75,7838.5,,,,
1790147700,7838.75,7839.25,7836.5,7837,,,,
1790148000,7836.75,7837.75,7836,7836,,,,
1790148300,7836.25,7839,7835.5,7838.75,,,,
1790148600,7838.75,7839,7835.5,7836.75,,,,
1790148900,7836.25,7838.5,7836.25,7837,,,,
1790149200,7837.25,7838.75,7837.25,7838,,,,
1790149500,7838.25,7840.25,7837.75,7840.25,,,,
1790149800,7840,7841.25,7838,7838.5,,,,
1790150100,7838.5,7840.5,7838.5,7839.5,,,,
1790150400,7839.5,7840.75,7837.25,7838,,,,
1790150700,7838,7840.25,7837,7840,,,,
1790151000,7840,7841.25,7839.5,7840.5,,,,
1790151300,7840.5,7841,7839.25,7840.75,,,,
1790151600,7840.5,7842,7840.5,7841.75,,,,
1790151900,7841.75,7841.75,7839,7839.75,,,,
1790152200,7839,7840.5,7839,7839.5,,,,
1790152500,7840,7840,7835.75,7836.75,,,,
1790152800,7836.5,7837.25,7834.75,7835.5,,,,
1790153100,7835.5,7836.25,7834.25,7836.25,,,,
1790153400,7836.25,7836.75,7835.5,7836.5,,,,
1790153700,7836.75,7837.75,7836,7836.75,,,,
1790154000,7836.75,7838.25,7834.75,7835.25,,,,
1790154300,7835,7837.5,7834.75,7837,,,,
1790154600,7837,7837,7834.75,7835.25,,,,
1790154900,7834.75,7836,7833.75,7835.75,,,,
1790155200,7836,7838.5,7835.25,7838.5,,,,
1790155500,7838.75,7839.5,7837,7837.25,,,,
1790155800,7837.25,7838.25,7836.25,7836.75,,,,
1790156100,7836.75,7838,7836.25,7836.5,,,,
1790156400,7836.5,7836.5,7835.25,7835.75,,,,
1790156700,7835.75,7835.75,7832.5,7833.75,,,,
1790157000,7833.75,7835.5,7833.5,7835.25,,,,
1790157300,7835,7835.5,7833.75,7834.75,,,,
1790157600,7835,7837,7834.25,7836.5,,,,
1790157900,7836.25,7837.25,7835.75,7836.5,,,,
1790158200,7837,7838,7835.75,7838,,,,
1790158500,7838,7839.25,7837.5,7839.25,,,,
1790158800,7839.25,7839.25,7836.75,7837.5,,,,
1790159100,7837.75,7838.5,7837,7838,,,,
1790159400,7838.75,7838.75,7836,7836,,,,
1790159700,7836.25,7837.25,7834.5,7837.25,,,,
1790160000,7837,7837,7835.5,7836,,,,
1790160300,7836,7836,7834.25,7835,,,,
1790160600,7835,7836,7834,7835.75,,,,
1790160900,7835.75,7836.75,7835.75,7836,,,,
1790161200,7835.75,7836.25,7833,7833.5,,,,
1790161500,7833.5,7834.25,7832,7834,,,,
1790161800,7834,7835,7833,7833.5,,,,
1790162100,7833.5,7835.25,7833.25,7833.5,,,,
1790162400,7833.5,7833.75,7828,7828.5,,,,
1790162700,7828.75,7829.75,7826.5,7826.75,,,,
1790163000,7827,7827.5,7823.25,7824,,,,
1790163300,7824.25,7824.5,7819.75,7822.25,,,,
1790163600,7822.25,7822.75,7819,7822,,,,
1790163900,7821.5,7827.5,7821.5,7826.25,,,,
1790164200,7826.25,7827.25,7824.5,7825.75,,,,
1790164500,7825.75,7827,7825.5,7826.5,,,,
1790164800,7826.5,7828.25,7822.5,7822.75,,,,
1790165100,7822.75,7824.25,7821.5,7822.5,,,,
1790165400,7822.5,7823.25,7819.5,7820.5,,,,
1790165700,7820.5,7821.25,7818.75,7820.75,,,,
1790166000,7820.75,7822.75,7819.75,7822.5,,,,
1790166300,7822.75,7823.25,7820.75,7822.5,,,,
1790166600,7822.5,7824,7822.25,7823.25,,,,
1790166900,7823.25,7825,7822.5,7823.5,,,,
1790167200,7823.5,7823.75,7821,7821.75,,,,
1790167500,7821.5,7823.5,7820.75,7821.5,,,,
1790167800,7821.5,7822,7820,7821,,,,
1790168100,7821,7824.25,7819.5,7823.5,,,,
1790168400,7823.75,7824,7821.25,7822.5,,,,
1790168700,7822.75,7823,7820.25,7820.75,,,,
1790169000,7820.5,7821.75,7819.25,7821.5,,,,
1790169300,7821.25,7823.5,7820.25,7822.25,,,,
1790169600,7822.25,7823.25,7820.5,7821.5,,,,
1790169900,7821.75,7825.75,7821.25,7823.25,,,,
1790170200,7823.5,7826.5,7819.75,7819.75,,,,
1790170500,7820,7820,7815.75,7816.75,,,,
1790170800,7817,7818,7814.25,7814.25,,,,
1790171100,7814.5,7815.25,7805,7806.5,,,,
1790171400,7806.5,7808.25,7801.75,7802.25,,,,
1790171700,7802.25,7804,7799.25,7801.5,,,,
1790172000,7801.75,7805.5,7798.25,7799.5,,,,
1790172300,7799.75,7800.75,7793.75,7795,,,,
1790172600,7795,7795.25,7787.25,7790.75,,,,
1790172900,7791,7793.75,7785.5,7786,,,,
1790173200,7785.75,7788.25,7779.25,7783.25,,,,
1790173500,7783,7784.75,7778.25,7783,,,,
1790173800,7783,7789.5,7782.5,7788.5,,,,
1790174100,7788.25,7793.5,7782.75,7783,,,,
1790174400,7783,7788,7781,7786.25,,,,
1790174700,7786.25,7788,7784.75,7786.75,,,,
1790175000,7786.75,7801,7783,7798.75,,,,
1790175300,7798.5,7799.5,7793,7797.25,,,,
1790175600,7797.25,7797.5,7790.25,7793.25,,,,
1790175900,7793,7795.25,7790.25,7794.25,,,,
1790176200,7794.25,7795,7790.5,7791.25,,,,
1790176500,7791.5,7793.25,7788,7791.25,,,,
1790176800,7791,7794.75,7789.5,7793.75,,,,
1790177100,7793.5,7795,7784,7785.25,,,,
1790177400,7785,7785.75,7783,7783.75,,,,
1790177700,7783.5,7785.5,7782,7783.75,,,,
1790178000,7783.75,7787.25,7781,7786.25,,,,
1790178300,7786.5,7787,7779,7779.5,,,,
1790178600,7779.25,7781.75,7776.5,7781.75,,,,
1790178900,7781.75,7783,7779.5,7780.5,,,,
1790179200,7780.75,7780.75,7777,7778.25,,,,
1790179500,7778.25,7781,7777,7779.25,,,,
1790179800,7779,7781.5,7778.25,7780.5,,,,
1790180100,7780,7781.75,7775.5,7778,,,,
1790180400,7778,7778.25,7775.25,7777.75,,,,
1790180700,7777.75,7779,7776.25,7778.25,,,,
1790181000,7778.25,7781.5,7777.75,7778.25,,,,
1790181300,7778.25,7779.5,7775.75,7777.25,,,,
1790181600,7777,7777.25,7772,7772,,,,
1790181900,7772,7775.25,7769.5,7770,,,,
1790182200,7770.25,7770.25,7764.25,7764.5,,,,
1790182500,7764.75,7769.75,7764,7768.75,,,,
1790182800,7768.5,7771.75,7759,7762,,,,
1790183100,7761.75,7766.5,7760.25,7765.5,,,,
1790183400,7765.5,7767.25,7762.5,7765.75,,,,
1790183700,7765.75,7774,7763.75,7773.25,,,,
1790184000,7773.25,7773.75,7766,7766,,,,
1790184300,7766,7768.5,7765.5,7767,,,,
1790184600,7767,7770.25,7764.75,7770,,,,
1790184900,7769.75,7770.5,7767,7768,,,,
1790185200,7768,7780.5,7765.75,7779.25,,,,
1790185500,7779.25,7783,7776.75,7778.75,,,,
1790185800,7778.5,7780.5,7776.5,7779.25,,,,
1790186100,7779.25,7785.25,7778,7784.5,,,,
1790186400,7784.5,7784.75,7775.5,7776.25,,,,
1790186700,7776,7779,7774.75,7778.25,,,,
1790187000,7778.5,7779.75,7777.25,7779,,,,
1790187300,7779,7782,7776.75,7779.75,,,,
1790187600,7779.75,7780.25,7777.5,7779.5,,,,
1790187900,7779.5,7780.5,7776.25,7777,,,,
1790188200,7777,7778,7773.5,7775.25,,,,
1790188500,7775.25,7776.5,7770.25,7771.5,,,,
1790188800,7771.5,7775.25,7771.5,7773.25,,,,
1790189100,7773.5,7775.75,7772.5,7775.75,,,,
1790189400,7775.5,7776.5,7772.75,7774,,,,
1790189700,7774,7778.25,7773.5,7777,,,,
1790190000,7776.75,7778.25,7772.25,7773,,,,
1790190300,7773,7778.25,7771.75,7776.25,,,,
1790190600,7776.25,7777.25,7773.25,7774.5,,,,
1790190900,7774.25,7775,7770.75,7772.75,,,,
1790191200,7772.75,7772.75,7770.5,7771.75,,,,
1790191500,7771.75,7773.25,7769.25,7771.75,,,,
1790191800,7771.75,7775.5,7770.25,7775.25,,,,
1790192100,7775,7775.75,7773,7775.25,,,,
1790192400,7775.25,7777,7768.25,7771,,,,
1790192700,7771,7775.25,7770.5,7774.75,,,,
1790193000,7775,7775.5,7761,7764,,,,
1790193300,7764,7776.25,7764,7774,,,,
1790193600,7774,7774.5,7771.25,7772,,,,
1790193900,7772,7772.5,7770.25,7772.25,,,,
1790194200,7772.25,7773.5,7771,7771,,,,
1790194500,7771.25,7773,7770.25,7772.5,,,,
1790194800,7772.75,7773.25,7771.75,7772.75,,,,
1790195100,7772.5,7772.75,7770.75,7772.25,,,,
1790195400,7772,7773,7771,7771,,,,
1790195700,7771,7773.75,7771,7773.25,,,,
1790196000,7773.5,7773.75,7772.75,7773.5,,,,
1790196300,7773.5,7774,7771.75,7771.75,,,,
1790196600,7772,7772.75,7772,7772.5,,,,
1790196900,7772.75,7773.25,7771.25,7772.75,,,,
1790200800,7775.5,7778.25,7773.25,7776.75,,,,
1790201100,7776.25,7778.25,7775.25,7778,,,,
1790201400,7778,7778,7777,7778,,,,
1790201700,7778,7779.5,7776.75,7777.25,,,,
1790202000,7777.25,7777.75,7776.25,7777,,,,
1790202300,7777.25,7777.5,7776.5,7776.75,,,,
1790202600,7776.75,7777.75,7775.25,7775.75,,,,
1790202900,7775.75,7775.75,7774,7775.25,,,,
1790203200,7774.75,7776.25,7774.5,7775.5,,,,
1790203500,7775.5,7775.75,7774.75,7775.5,,,,
1790203800,7775.5,7776,7774.75,7775,,,,
1790204100,7775.25,7775.25,7774.75,7774.75,,,,
1790204400,7775.25,7776,7774.5,7775.5,,,,
1790204700,7775.5,7775.5,7774.5,7775,,,,
1790205000,7774.75,7775,7772.75,7773,,,,
1790205300,7773,7774.25,7771.5,7772,,,,
1790205600,7772.25,7772.5,7770,7770.5,,,,
1790205900,7770.5,7770.75,7769,7769.5,,,,
1790206200,7769.25,7769.75,7768.25,7769,,,,
1790206500,7769,7770,7768.5,7769.5,,,,
1790206800,7769.5,7770.25,7768.5,7769,,,,
1790207100,7769,7770,7767.5,7767.75,,,,
1790207400,7767.75,7770.25,7767,7769.25,,,,
1790207700,7769.5,7769.5,7767.75,7768.25,,,,
1790208000,7768.25,7769.75,7767,7768.75,,,,
1790208300,7768.25,7769.25,7767.75,7768.25,,,,
1790208600,7768,7768.25,7764.75,7765.75,,,,
1790208900,7765.5,7769,7765,7768.75,,,,
1790209200,7769,7769.5,7766,7767.25,,,,
1790209500,7767.5,7767.75,7765.75,7766.75,,,,
1790209800,7766.5,7768.5,7765.75,7768,,,,
1790210100,7767.75,7768,7766.25,7766.5,,,,
1790210400,7766.25,7766.5,7763.5,7764.25,,,,
1790210700,7764.5,7764.5,7762,7763,,,,
1790211000,7763,7764,7761.25,7762.25,,,,
1790211300,7762,7765.25,7761.75,7764.75,,,,
1790211600,7764.5,7766,7764,7764.75,,,,
1790211900,7764.75,7768,7763.5,7767,,,,
1790212200,7766.75,7767,7764.5,7766.75,,,,
1790212500,7766.75,7767.25,7766,7766.5,,,,
1790212800,7766.75,7767.25,7765.5,7766,,,,
1790213100,7766.25,7767,7764.75,7765.25,,,,
1790213400,7765.5,7767.75,7765,7767.25,,,,
1790213700,7767.25,7767.5,7764.5,7765.25,,,,
1790214000,7765.25,7766.5,7763.75,7763.75,,,,
1790214300,7763.75,7764,7760.25,7762.25,,,,
1790214600,7762.5,7765,7759.5,7763.75,,,,
1790214900,7763.5,7765,7762.5,7764.75,,,,
1790215200,7764.75,7765.75,7763.75,7764.25,,,,