time,open,high,low,close,Plot,Plot,Plot,Plot
1785708000,28567.5,28627.75,28550,28615,,,,
1785708300,28615.5,28617.5,28578.75,28604.5,,,,
1785708600,28602.75,28642,28600.25,28623.75,,,,
1785708900,28623.75,28631.75,28580.5,28595.75,,,,
1785709200,28596.5,28633,28595.5,28612,,,,
1785709500,28612.25,28629.5,28600.5,28613.5,,,,
1785709800,28613.5,28624.25,28607,28613.75,,,,
1785710100,28615,28622.25,28609.5,28613,,,,
1785710400,28613,28622.5,28595,28599.5,,,,
1785710700,28599.25,28605.5,28587.25,28587.75,,,,
1785711000,28588.75,28593.25,28581.25,28585.5,,,,
1785711300,28584.5,28591.25,28560,28570.5,,,,
1785711600,28570,28591.25,28567,28577,,,,
1785711900,28577,28589.75,28552,28552.25,,,,
1785712200,28552,28566.75,28541.5,28557.5,,,,
1785712500,28557.5,28565.5,28553,28561,,,,
1785712800,28561,28598,28555.5,28590.5,,,,
1785713100,28589.5,28595,28578.5,28585.25,,,,
1785713400,28585.5,28622,28579,28589.75,,,,
1785713700,28589.5,28591.75,28579,28581,,,,
1785714000,28580.25,28609.25,28573.75,28604.25,,,,
1785714300,28604.25,28616,28570.5,28603,,,,
1785714600,28603.5,28637.75,28559,28591,,,,
1785714900,28591.25,28621.25,28577.25,28613.5,,,,
1785715200,28611.75,28611.75,28562,28571,,,,
1785715500,28570.5,28600,28554.25,28597.25,,,,
1785715800,28596,28614.75,28572.75,28610,,,,
1785716100,28610,28630.25,28594.5,28599.5,,,,
1785716400,28599.5,28614,28578.25,28579,,,,
1785716700,28579.25,28587.75,28536.5,28555,,,,
1785717000,28554.25,28588,28542,28583.25,,,,
1785717300,28583.25,28611,28577,28598.25,,,,
1785717600,28597.5,28611.25,28573.25,28582.5,,,,
1785717900,28583,28618,28572,28617,,,,
1785718200,28617,28624,28582.25,28613.5,,,,
1785718500,28614,28627,28604.25,28622.25,,,,
1785718800,28622.25,28630,28601.25,28624.5,,,,
1785719100,28624.5,28635,28603.5,28616.75,,,,
1785719400,28616.5,28627.75,28584,28591.75,,,,
1785719700,28592.5,28594.25,28564,28569.5,,,,
1785720000,28569.25,28594.75,28565.75,28591.5,,,,
1785720300,28591,28615.75,28590.25,28608.25,,,,
1785720600,28607,28618,28595,28598.75,,,,
1785720900,28598.25,28601.75,28578.25,28601.75,,,,
1785721200,28602,28630,28598.75,28629.25,,,,
1785721500,28630,28633,28618,28620.25,,,,
1785721800,28620.5,28641.25,28618.75,28631.25,,,,
1785722100,28631,28650,28625.25,28643.75,,,,
1785722400,28644.25,28663.75,28631,28654.75,,,,
1785722700,28655,28659.75,28633.5,28640,,,,
1785723000,28640.5,28668.75,28638.75,28663,,,,
1785723300,28663,28676.25,28654.5,28675.25,,,,
1785723600,28675.25,28680.75,28658.25,28661.75,,,,
1785723900,28661.75,28662.75,28634.5,28640,,,,
1785724200,28639,28662.5,28634.5,28662,,,,
1785724500,28662.5,28670,28653,28656.25,,,,
1785724800,28656,28664.25,28644.75,28644.75,,,,
1785725100,28644.5,28651.5,28638.75,28645.5,,,,
1785725400,28645.5,28660.25,28644.5,28656.5,,,,
1785725700,28657.5,28666.25,28652.75,28660.75,,,,
1785726000,28661.5,28676,28657.75,28660.75,,,,
1785726300,28661,28675.5,28657.25,28666.5,,,,
1785726600,28667,28671,28662,28664.25,,,,
1785726900,28664,28671.75,28657.5,28671.75,,,,
1785727200,28671,28676.25,28641.25,28645,,,,
1785727500,28644.5,28659,28641.75,28646.75,,,,
1785727800,28647.25,28660,28640.5,28654,,,,
1785728100,28653.25,28667.75,28648.75,28664,,,,
1785728400,28664.25,28674.5,28662.25,28671.75,,,,
1785728700,28672.25,28678,28664.75,28674.75,,,,
1785729000,28675.25,28698.25,28673.75,28692.5,,,,
1785729300,28693,28693.25,28667.5,28670.5,,,,
1785729600,28670,28673,28660,28661.5,,,,
1785729900,28661.75,28668.25,28655.25,28658.5,,,,
1785730200,28658.75,28662.75,28652.5,28661.75,,,,
1785730500,28661.25,28673,28660.75,28670.5,,,,
1785730800,28671.5,28685,28666.5,28683.25,,,,
1785731100,28683.5,28688.5,28677.5,28682.5,,,,
1785731400,28682,28686,28673,28674.5,,,,
1785731700,28675,28681.75,28672.25,28672.5,,,,
1785732000,28673,28674.75,28667,28674.5,,,,
1785732300,28675,28689.5,28666.75,28681.25,,,,
1785732600,28681.5,28682.25,28657.75,28662,,,,
1785732900,28661.5,28663.25,28647.25,28651,,,,
1785733200,28651,28667.5,28646,28650.5,,,,
1785733500,28650.5,28650.5,28632.5,28642,,,,
1785733800,28641.5,28660,28636.5,28639.5,,,,
1785734100,28638.75,28638.75,28622.5,28625.75,,,,
1785734400,28625.5,28637,28625,28636,,,,
1785734700,28635.25,28649,28631,28638,,,,
1785735000,28638.25,28648.75,28632.75,28632.75,,,,
1785735300,28634,28647,28628,28644,,,,
1785735600,28643.25,28652,28632.25,28634.75,,,,
1785735900,28634.75,28647.75,28633.25,28639.25,,,,
1785736200,28639.25,28640,28617.5,28621.5,,,,
1785736500,28621,28642,28621,28641.75,,,,
1785736800,28642,28657.25,28631,28650.75,,,,
1785737100,28651,28656,28632.5,28641,,,,
1785737400,28641.5,28661.25,28640.25,28641.75,,,,
1785737700,28641.25,28647,28633.75,28642,,,,
1785738000,28639.75,28651.75,28630,28632,,,,
1785738300,28631.25,28632.5,28617.75,28625.75,,,,
1785738600,28625.75,28645.75,28624,28638,,,,
1785738900,28638.25,28641.75,28613.75,28621.25,,,,
1785739200,28621.25,28623.75,28610,28610.5,,,,
1785739500,28610.5,28618,28592.5,28598,,,,
1785739800,28598.75,28601.75,28583.5,28596,,,,
1785740100,28596.25,28596.25,28576,28592.75,,,,
1785740400,28593.5,28603.75,28562.75,28597.5,,,,
1785740700,28598.25,28629.25,28598.25,28612.75,,,,
1785741000,28612,28635.25,28609.25,28619,,,,
1785741300,28619,28631,28569,28583.25,,,,
1785741600,28583.25,28609.5,28577.5,28601.5,,,,
1785741900,28600.75,28609.5,28584.75,28603.25,,,,
1785742200,28602.75,28609.75,28595.5,28605.5,,,,
1785742500,28605.75,28616.25,28580.25,28583,,,,
1785742800,28582.75,28583,28560,28563,,,,
1785743100,28563.5,28587.75,28560.5,28576.5,,,,
1785743400,28577,28578.5,28558,28570.75,,,,
1785743700,28570.5,28590,28567.5,28587.5,,,,
1785744000,28587.5,28592,28526.75,28535,,,,
1785744300,28535.25,28549.25,28519,28540.5,,,,
1785744600,28540.25,28568,28537,28562.25,,,,
1785744900,28562,28564.5,28511.75,28513.75,,,,
1785745200,28513.5,28522,28488.5,28493.5,,,,
1785745500,28492.5,28497.75,28473,28487.5,,,,
1785745800,28487.75,28495.75,28472,28483.25,,,,
1785746100,28483.5,28540,28483.5,28538.5,,,,
1785746400,28537.75,28554.75,28526.5,28536,,,,
1785746700,28536,28553.5,28527.25,28545.75,,,,
1785747000,28544.75,28566.5,28541.75,28561.5,,,,
1785747300,28561,28595.5,28560.5,28593.75,,,,
1785747600,28594,28601.5,28568.25,28570.75,,,,
1785747900,28570.75,28596.75,28567.5,28573,,,,
1785748200,28573,28575.75,28543,28558.5,,,,
1785748500,28559.25,28582.25,28554.75,28574,,,,
1785748800,28574,28576,28551.75,28552,,,,
1785749100,28552.25,28560.25,28547.25,28556.5,,,,
1785749400,28556,28566.5,28547.5,28556.25,,,,
1785749700,28556.25,28581,28546.25,28551.25,,,,
1785750000,28552.75,28561.75,28543,28544.5,,,,
1785750300,28545.5,28560.75,28538.5,28545,,,,
1785750600,28545.25,28547,28520.5,28542.5,,,,
1785750900,28542.5,28563.5,28535.5,28558.5,,,,
1785751200,28559.25,28566,28537,28549.25,,,,
1785751500,28548.75,28551.75,28535.75,28541.25,,,,
1785751800,28541.5,28544.75,28525.25,28527.25,,,,
1785752100,28526.25,28540.75,28520.5,28525.25,,,,
1785752400,28525,28528,28491.25,28493.5,,,,
1785752700,28494,28511.5,28488.5,28509.5,,,,
1785753000,28508.75,28524,28490,28523.25,,,,
1785753300,28522.25,28532.5,28512.75,28527.25,,,,
1785753600,28527,28529.25,28514.5,28527,,,,
1785753900,28527.75,28537.25,28519.25,28520.5,,,,
1785754200,28520.5,28533.25,28513.5,28528.5,,,,
1785754500,28528.5,28547.75,28527.75,28541,,,,
1785754800,28542.25,28547.25,28481,28500.25,,,,
1785755100,28500.25,28503.5,28466.5,28478,,,,
1785755400,28478.25,28490.75,28473.5,28488,,,,
1785755700,28488,28513,28481,28504,,,,
1785756000,28503,28510.25,28486.5,28488.25,,,,
1785756300,28489,28493,28468.75,28469.75,,,,
1785756600,28469,28511.75,28466.75,28506,,,,
1785756900,28505.25,28513.5,28457.25,28459.75,,,,
1785757200,28459.25,28477,28450.5,28475,,,,
1785757500,28474.5,28477.5,28442.5,28457.75,,,,
1785757800,28457.5,28457.5,28410,28412.75,,,,
1785758100,28411.75,28423,28403.5,28420,,,,
1785758400,28419.5,28420.75,28389.25,28395.75,,,,
1785758700,28395.5,28419,28382.75,28416.5,,,,
1785759000,28416.75,28435.75,28406.25,28435.5,,,,
1785759300,28435.75,28447.5,28425.25,28440.25,,,,
1785759600,28440.25,28457.75,28432,28434.25,,,,
1785759900,28434.5,28462,28421.5,28449.75,,,,
1785760200,28450,28463.25,28440.5,28454.25,,,,
1785760500,28453.75,28456.25,28440,28446.75,,,,
1785760800,28447,28487.75,28437.25,28487.5,,,,
1785761100,28487.5,28491.5,28454.25,28458.5,,,,
1785761400,28458,28474.5,28441,28469.75,,,,
1785761700,28469.25,28479.75,28453,28459.25,,,,
1785762000,28459.75,28472.5,28439,28466,,,,
1785762300,28466,28478.25,28456,28459.5,,,,
1785762600,28459.75,28468.25,28442.25,28460.25,,,,
1785762900,28460.75,28496.5,28458.75,28487,,,,
1785763200,28487,28490,28461.75,28471.25,,,,
1785763500,28471,28471,28396,28417,,,,
1785763800,28417.5,28436.25,28313,28381.5,,,,
1785764100,28381,28540.25,28374,28502.5,,,,
1785764400,28501.5,28522.25,28416,28492.25,,,,
1785764700,28494,28539,28443.75,28475,,,,
1785765000,28475.25,28526.25,28455,28524,,,,
1785765300,28524,28629.25,28513.75,28629.25,,,,
1785765600,28624.25,28630,28534.75,28554.25,,,,
1785765900,28553.75,28597.5,28525,28571.75,,,,
1785766200,28571.75,28616.75,28558.5,28571,,,,
1785766500,28570.5,28639,28555.5,28613.75,,,,
1785766800,28614.25,28666.5,28605.75,28661.5,,,,
1785767100,28662,28684.75,28635,28678.25,,,,
1785767400,28677.75,28692.25,28661,28685,,,,
1785767700,28685,28731.25,28683.25,28716.5,,,,
1785768000,28716.25,28735.75,28702.5,28707.75,,,,
1785768300,28707.5,28744.5,28699.5,28738.75,,,,
1785768600,28738.25,28798.5,28731.5,28779.5,,,,
1785768900,28779.5,28805,28779.5,28802,,,,
1785769200,28801.25,28802.25,28781.5,28791.25,,,,
1785769500,28790.75,28796,28760.25,28766,,,,
1785769800,28766.25,28781.5,28747.25,28757.5,,,,
1785770100,28757,28788,28755.75,28780.75,,,,
1785770400,28780.75,28798.75,28768.5,28780,,,,
1785770700,28780,28792,28723.25,28734.75,,,,
1785771000,28734.25,28780.5,28731.5,28764.25,,,,
1785771300,28765,28779.25,28744.5,28766.25,,,,
1785771600,28766.75,28789.75,28764.5,28782,,,,
1785771900,28782,28796,28776.25,28785.5,,,,
1785772200,28785.75,28813,28776,28804.25,,,,
1785772500,28804.75,28806.25,28779.25,28792,,,,
1785772800,28792.25,28827.5,28790.25,28806.25,,,,
1785773100,28806.5,28821.5,28799.5,28812.75,,,,
1785773400,28813,28818.75,28800.75,28814.25,,,,
1785773700,28813.75,28847.5,28812.25,28845.25,,,,
1785774000,28845.5,28846.75,28827,28833.5,,,,
1785774300,28833,28840,28825.5,28837,,,,
1785774600,28837,28845,28823.25,28835.25,,,,
1785774900,28835,28838.75,28814.5,28822.25,,,,
1785775200,28822,28835.25,28810,28834,,,,
1785775500,28834,28842.75,28830.5,28832.75,,,,
1785775800,28832.75,28843,28819.5,28822.75,,,,
1785776100,28823,28834.5,28819.75,28821.75,,,,
1785776400,28823,28832.75,28812.75,28827.5,,,,
1785776700,28827.5,28842.5,28823.25,28836.75,,,,
1785777000,28836.5,28863.25,28835.75,28857.5,,,,
1785777300,28857.25,28871.5,28855.5,28870.5,,,,
1785777600,28870,28882.5,28860.25,28878.75,,,,
1785777900,28878.5,28890.5,28872.5,28885.5,,,,
1785778200,28885.5,28895,28875,28891.25,,,,
1785778500,28891.25,28894.25,28877.25,28879,,,,
1785778800,28878.75,28888.25,28874,28885.5,,,,
1785779100,28885.5,28899.5,28884.75,28892.25,,,,
1785779400,28892.75,28900,28890,28898.75,,,,
1785779700,28898.75,28921.75,28898.25,28917.75,,,,
1785780000,28917.5,28948,28917.25,28945.75,,,,
1785780300,28945.5,28958.5,28939.75,28953.75,,,,
1785780600,28954.5,28965,28934.25,28940.25,,,,
1785780900,28940.5,28959.5,28925.5,28928.25,,,,
1785781200,28928.25,28934.75,28919,28921.25,,,,
1785781500,28920.75,28927.25,28890.25,28892.75,,,,
1785781800,28891.75,28907,28884.75,28893.25,,,,
1785782100,28893,28902.75,28882.25,28890,,,,
1785782400,28890,28914.25,28885.75,28913.25,,,,
1785782700,28913.25,28923,28892.5,28921.5,,,,
1785783000,28921.75,28928.75,28909.5,28915,,,,
1785783300,28914.75,28918.5,28904,28907.5,,,,
1785783600,28907.5,28943.75,28906.25,28933.5,,,,
1785783900,28934,28936.75,28900,28909.25,,,,
1785784200,28909.5,28920,28894.25,28900,,,,
1785784500,28899.75,28926.75,28898.75,28923.25,,,,
1785784800,28923.5,28926,28911,28916.5,,,,
1785785100,28916.25,28924.25,28908,28913.25,,,,
1785785400,28912.75,28926,28903.5,28911.75,,,,
1785785700,28912,28923.5,28902,28905.25,,,,
1785786000,28905.25,28919.75,28898.5,28915,,,,
1785786300,28915,28921.75,28901.5,28915.25,,,,
1785786600,28914.75,28935.75,28890.25,28899.75,,,,
1785786900,28899.25,28904.75,28865.75,28900.75,,,,
1785787200,28901.5,28902.25,28877.75,28884.75,,,,
1785787500,28884,28923,28883.5,28909,,,,
1785787800,28908.5,28918.75,28904,28911.5,,,,
1785788100,28910.75,28933.25,28910,28928.75,,,,
1785788400,28928.75,28942.5,28920.5,28920.75,,,,
1785788700,28921.5,28926,28910.25,28914.25,,,,
1785789000,28913.25,28921.5,28909.5,28913.75,,,,
1785789300,28914.25,28929.5,28912.75,28923.5,,,,
1785789600,28923.25,28932.25,28922.5,28929.5,,,,
1785789900,28929.25,28933.25,28917.5,28921.25,,,,
1785790200,28921.5,28923.25,28914.5,28919.75,,,,
1785790500,28919.75,28930.5,28919,28929.25,,,,
1785794400,28930,28944.25,28918,28928.25,,,,
1785794700,28928.5,28945.75,28927.25,28940.5,,,,
1785795000,28940.5,28950.5,28923,28928,,,,
1785795300,28928,28948.25,28928,28944.5,,,,
1785795600,28944,28947.25,28936.25,28945,,,,
1785795900,28945.25,28946,28937.25,28942.75,,,,
1785796200,28942.75,28958.5,28932.25,28951.25,,,,
1785796500,28950.75,28956,28937,28951.25,,,,
1785796800,28951.5,28962.25,28951,28957.5,,,,
1785797100,28956.75,28957.5,28940.5,28946,,,,
1785797400,28945,28952.5,28942,28951.75,,,,
1785797700,28952,28952.5,28944.5,28945.75,,,,
1785798000,28945.25,28948.25,28935.75,28940,,,,
1785798300,28940,28943.5,28929.5,28937.75,,,,
1785798600,28938,28941.75,28934.25,28938.25,,,,
1785798900,28937.5,28957,28936.5,28951.25,,,,
1785799200,28951,28958.25,28947,28947,,,,
1785799500,28947.5,28952,28941.25,28948.75,,,,
1785799800,28948,28960,28940.25,28956.25,,,,
1785800100,28956.25,28957,28932,28937.5,,,,
1785800400,28938,28946.75,28936,28940.5,,,,
1785800700,28940.5,28964.75,28939.5,28956.5,,,,
1785801000,28955.75,28964,28948,28953,,,,
1785801300,28952.5,28972.25,28948.5,28971.5,,,,
1785801600,28971.25,28979,28940.25,28966.75,,,,
1785801900,28966.5,28974,28947.25,28961.25,,,,
1785802200,28963.25,28963.25,28925.75,28931.5,,,,
1785802500,28931.25,28933.5,28902.5,28912.75,,,,
1785802800,28913.25,28927,28900,28913.5,,,,
1785803100,28913.75,28923.75,28903,28906.25,,,,
1785803400,28905.5,28906.75,28881.5,28884,,,,
1785803700,28883.75,28893,28871.75,28882.25,,,,
1785804000,28882.75,28896.25,28864,28892,,,,
1785804300,28891.75,28900,28870.5,28891.75,,,,
1785804600,28891.5,28909,28882.5,28894.75,,,,
1785804900,28894.5,28898.25,28868.5,28877.25,,,,
1785805200,28876.75,28876.75,28831.5,28849.25,,,,
1785805500,28848.25,28863,28837.75,28855.5,,,,
1785805800,28856,28871.75,28851,28860,,,,
1785806100,28859.25,28880,28851.25,28875.75,,,,
1785806400,28875.75,28893.75,28874.25,28884.5,,,,
1785806700,28883.75,28902.5,28872.25,28902,,,,
1785807000,28902.75,28925,28899,28923.5,,,,
1785807300,28923.5,28933.25,28904.25,28906.5,,,,
1785807600,28906.5,28943.75,28905.5,28942.5,,,,
1785807900,28942.25,28971,28941.5,28965,,,,
1785808200,28964.75,29049.25,28964.75,29038.5,,,,
1785808500,29038.5,29044.75,29025.25,29041,,,,
1785808800,29041.25,29045,29011.75,29012.5,,,,
1785809100,29012.5,29014.75,28980.75,28999.5,,,,
1785809400,29000,29000,28967.5,28971,,,,
1785809700,28970.25,28977,28958.5,28970.75,,,,
1785810000,28970.5,28978,28942.75,28964.5,,,,
1785810300,28963.5,28969.75,28947.5,28949.25,,,,
1785810600,28948.75,28982,28948,28974.25,,,,
1785810900,28974,28994.25,28966.75,28984.75,,,,
1785811200,28984.75,28993.75,28973.75,28985.5,,,,
1785811500,28987,28987.5,28958.5,28971,,,,
1785811800,28970.5,28992.25,28964.75,28987.25,,,,
1785812100,28987.25,28988.25,28970,28972.75,,,,
1785812400,28972.5,28993,28963.75,28968,,,,
1785812700,28968,28971.75,28949,28958.25,,,,
1785813000,28958.75,28960.25,28932,28942.5,,,,
1785813300,28943,28953,28930,28944.75,,,,
1785813600,28944,28975.25,28938.75,28971.75,,,,
1785813900,28972.25,28986.25,28966.75,28977,,,,
1785814200,28977.5,29005,28977,28996.75,,,,
1785814500,28996.5,29000,28984.25,28988.25,,,,
1785814800,28988.75,28990,28957.5,28968,,,,
1785815100,28967,28985.75,28958,28981.75,,,,
1785815400,28981.25,28991.5,28979.75,28984,,,,
1785815700,28984.25,29008,28982.5,28995.5,,,,
1785816000,28995.75,29006.25,28982.5,28984.75,,,,
1785816300,28985.25,28998,28978,28990.5,,,,
1785816600,28989.5,28990,28968.5,28977.25,,,,
1785816900,28977.5,29011.75,28974.25,29006.5,,,,
1785817200,29007,29009.25,28998.5,29007,,,,
1785817500,29007.75,29016.75,29004.5,29007,,,,
1785817800,29007.75,29015,29005,29006.5,,,,
1785818100,29006,29009.25,28997,28997.5,,,,
1785818400,28998.5,29004.25,28995,28999,,,,
1785818700,28999,29011,28994.25,29010,,,,
1785819000,29009.75,29022.75,29003.75,29018.75,,,,
1785819300,29018.5,29023.5,29002,29015.75,,,,
1785819600,29016,29022.25,28993,29003,,,,
1785819900,29003.25,29009,28994.25,29006.25,,,,
1785820200,29005.25,29006.25,28978.5,28988,,,,
1785820500,28987.5,29005,28982.75,29004.25,,,,
1785820800,29004.25,29019.75,29001.5,29018.75,,,,
1785821100,29019.25,29030.5,29005.75,29025.75,,,,
1785821400,29026.5,29045,29024,29041,,,,
1785821700,29041.5,29074.75,29041,29049.5,,,,
1785822000,29049,29062.25,29045.75,29058.25,,,,
1785822300,29058,29058.75,29043.75,29050.25,,,,
1785822600,29049.5,29065,29043.5,29059.5,,,,
1785822900,29059,29074.5,29053.75,29072.75,,,,
1785823200,29073,29081.75,29067,29075.75,,,,
1785823500,29075,29090,29068,29081.75,,,,
1785823800,29081.25,29094,29079.25,29089,,,,
1785824100,29089,29094,29076.25,29082.25,,,,
1785824400,29082.5,29095.5,29079.25,29086,,,,
1785824700,29085.75,29099,29079.5,29081.75,,,,
1785825000,29081.75,29089.5,29069.75,29070.5,,,,
1785825300,29071.25,29071.25,29050,29056.5,,,,
1785825600,29056.75,29060,29042.25,29054.5,,,,
1785825900,29055.5,29063,29051,29057.5,,,,
1785826200,29057,29065,29054.5,29061.25,,,,
1785826500,29062.5,29074.25,29052.25,29072.75,,,,
1785826800,29072,29100.75,29070,29095.25,,,,
1785827100,29094.75,29096.25,29053.25,29055,,,,
1785827400,29053.75,29070,29037.25,29069.25,,,,
1785827700,29069.75,29088.25,29062.5,29069.25,,,,
1785828000,29069.75,29091.75,29065.5,29090.5,,,,
1785828300,29091.25,29109,29088.25,29099,,,,
1785828600,29099,29118.25,29097,29104,,,,
1785828900,29104,29106,29080,29088.25,,,,
1785829200,29088.25,29093,29074.25,29081.5,,,,
1785829500,29081.5,29109.75,29078.75,29104.75,,,,
1785829800,29104.25,29105.25,29074.5,29076.5,,,,
1785830100,29076.5,29079.5,29065.75,29070.75,,,,
1785830400,29072.25,29117.75,29067,29109,,,,
1785830700,29110,29124.75,29106.25,29119.25,,,,
1785831000,29118.5,29119.5,29100,29108.5,,,,
1785831300,29108.75,29125.75,29104.75,29118.5,,,,
1785831600,29119,29132.25,29099,29103,,,,
1785831900,29103.75,29112.5,29096.75,29111.5,,,,
1785832200,29110,29111,29063.75,29076,,,,
1785832500,29077,29081.25,29060,29074.75,,,,
1785832800,29074.75,29076.5,29060,29068.75,,,,
1785833100,29068.75,29069,29037.75,29060.25,,,,
1785833400,29060.75,29067.5,29056.5,29064,,,,
1785833700,29063.25,29077.75,29060,29069.25,,,,
1785834000,29069,29069.25,29039.5,29046,,,,
1785834300,29045.5,29051.5,29016.5,29023.5,,,,
1785834600,29022.5,29038.75,29012,29033.5,,,,
1785834900,29033.25,29036.25,29007.5,29022.75,,,,
1785835200,29022.75,29030.75,29014.75,29027.5,,,,
1785835500,29026.5,29045.75,29021,29045.25,,,,
1785835800,29046,29057,29042.25,29053,,,,
1785836100,29053,29066.25,29050.5,29065.75,,,,
1785836400,29065.75,29081,29065.75,29077,,,,
1785836700,29076.75,29086,29060.25,29082,,,,
1785837000,29081,29081.25,29058,29063.75,,,,
1785837300,29063,29077.75,29058.25,29077.75,,,,
1785837600,29077.5,29088.25,29066,29075.5,,,,
1785837900,29076.25,29097,29072.75,29095,,,,
1785838200,29095.25,29112,29090.5,29106,,,,
1785838500,29106.25,29107.25,29086.5,29095.75,,,,
1785838800,29096.5,29115.75,29089.75,29111.25,,,,
1785839100,29111,29114,29094,29095.5,,,,
1785839400,29096,29111.25,29093,29093.5,,,,
1785839700,29093,29096,29073.5,29086.75,,,,
1785840000,29087,29131.5,29083,29121.5,,,,
1785840300,29120.5,29145.5,29113.25,29132.5,,,,
1785840600,29132.25,29134.25,29111,29119.5,,,,
1785840900,29119.5,29123.75,29103.75,29116.5,,,,
1785841200,29116.75,29147,29114,29142,,,,
1785841500,29141.5,29147,29124.75,29128.75,,,,
1785841800,29129,29149.5,29119.75,29143.75,,,,
1785842100,29144.5,29153.75,29139.5,29150.25,,,,
1785842400,29150.5,29167.25,29148.75,29149.25,,,,
1785842700,29150,29171.5,29147.75,29170.5,,,,
1785843000,29170.75,29173.75,29161,29170,,,,
1785843300,29170,29174.5,29158.5,29167,,,,
1785843600,29166.75,29212.5,29151,29204.25,,,,
1785843900,29204.75,29217,29189.75,29215.75,,,,
1785844200,29215.25,29246,29214.75,29239.25,,,,
1785844500,29239.25,29243.5,29223.5,29237.75,,,,
1785844800,29237.25,29238.5,29213.75,29222.75,,,,
1785845100,29222.5,29225.75,29203.5,29216,,,,
1785845400,29216.25,29218,29199.75,29206,,,,
1785845700,29205.75,29227,29204.5,29224.75,,,,
1785846000,29226,29234.25,29216.25,29220.25,,,,
1785846300,29219.5,29226.25,29216.75,29222,,,,
1785846600,29222,29230.25,29197.75,29213.25,,,,
1785846900,29212.5,29222.25,29205.25,29215.25,,,,
1785847200,29215.5,29222.75,29211,29219.25,,,,
1785847500,29219.5,29222.5,29194.5,29198,,,,
1785847800,29198.75,29206.5,29191.5,29195,,,,
1785848100,29194.25,29213.5,29186.5,29202.75,,,,
1785848400,29203,29227.5,29185,29219,,,,
1785848700,29219.25,29231.75,29217.75,29227.5,,,,
1785849000,29227.75,29235.75,29224.75,29230.75,,,,
1785849300,29230.5,29238,29221,29225.25,,,,
1785849600,29224.25,29284,29221.5,29240.25,,,,
1785849900,29240.5,29254.5,29218,29233.75,,,,
1785850200,29234.25,29386.25,29208,29382.5,,,,
1785850500,29382,29413.25,29352.5,29393,,,,
1785850800,29392.75,29452.5,29384.5,29411.5,,,,
1785851100,29411.25,29463,29410.25,29459.5,,,,
1785851400,29459.75,29504.5,29454.75,29500.75,,,,
1785851700,29501.25,29502.25,29425,29469,,,,
1785852000,29466.75,29498,29432.5,29487.5,,,,
1785852300,29486.5,29533,29485,29518.25,,,,
1785852600,29518.25,29544,29506.25,29540.25,,,,
1785852900,29540.5,29546.25,29498.5,29523.25,,,,
1785853200,29523.5,29524.75,29482.25,29508.5,,,,
1785853500,29508.25,29564.25,29505.5,29559,,,,
1785853800,29558.75,29567.75,29524.5,29543.75,,,,
1785854100,29543.75,29579.25,29515,29527,,,,
1785854400,29527.5,29558.5,29521.75,29557,,,,
1785854700,29557.5,29562.75,29542,29545.75,,,,
1785855000,29546.25,29556.5,29527.5,29544.75,,,,
1785855300,29544.75,29552.5,29523.25,29549.5,,,,
1785855600,29549.5,29589.25,29544,29584.75,,,,
1785855900,29584.75,29596,29566.25,29594,,,,
1785856200,29594.5,29624.75,29587.5,29619,,,,
1785856500,29619.25,29635.75,29613.25,29632.5,,,,
1785856800,29632.75,29662.5,29630.5,29658.5,,,,
1785857100,29658.5,29664.5,29634.25,29639.75,,,,
1785857400,29639.5,29646,29621.75,29629.25,,,,
1785857700,29629,29681.75,29628.25,29667.75,,,,
1785858000,29667,29679.5,29655.75,29676.75,,,,
1785858300,29676.5,29690.5,29676.25,29682.75,,,,
1785858600,29682.5,29697,29672.75,29676.25,,,,
1785858900,29676.25,29685.5,29667.25,29671.25,,,,
1785859200,29671.25,29699.5,29669.5,29687.75,,,,
1785859500,29688.25,29698,29675.5,29676,,,,
1785859800,29675.75,29685.25,29660.75,29675.25,,,,
1785860100,29674.5,29707.75,29673.75,29705.5,,,,
1785860400,29705.25,29720,29702.75,29715.5,,,,
1785860700,29715.25,29716.25,29704,29706.5,,,,
1785861000,29706.5,29726,29695,29721.25,,,,
1785861300,29721.5,29731.5,29708,29715.5,,,,
1785861600,29714.75,29730.25,29705.25,29726.25,,,,
1785861900,29726.25,29743.5,29726.25,29743,,,,
1785862200,29743.25,29744.75,29734.5,29736.5,,,,
1785862500,29736.75,29746.25,29731.75,29743,,,,
1785862800,29742.75,29782.75,29739,29781.25,,,,
1785863100,29781.5,29795,29768.75,29785.75,,,,
1785863400,29785.75,29799.75,29781.25,29796.5,,,,
1785863700,29797,29804.25,29784.25,29790.5,,,,
1785864000,29790.75,29808,29780.25,29803,,,,
1785864300,29803,29826,29801,29818.75,,,,
1785864600,29819,29824,29800.25,29819.5,,,,
1785864900,29819.75,29848.25,29815,29846.5,,,,
1785865200,29846.5,29865.75,29845,29865.25,,,,
1785865500,29865.5,29898.25,29865.5,29880.25,,,,
1785865800,29880.25,29880.25,29841.25,29846.25,,,,
1785866100,29846.5,29865,29832,29834.5,,,,
1785866400,29835,29855.75,29809.5,29818.5,,,,
1785866700,29818.25,29847.75,29810,29839,,,,
1785867000,29838.5,29860.25,29823.75,29859.25,,,,
1785867300,29859,29874.5,29855.25,29868.75,,,,
1785867600,29868.5,29884.25,29858.25,29870,,,,
1785867900,29869.5,29880.5,29859.75,29879.75,,,,
1785868200,29879.75,29893,29868.75,29872.25,,,,
1785868500,29872.5,29877.75,29853.5,29859.75,,,,
1785868800,29859.25,29863.5,29840,29853.75,,,,
1785869100,29854.75,29895.5,29854.25,29881.75,,,,
1785869400,29882,29895.75,29875.5,29880.25,,,,
1785869700,29880.25,29886.75,29874.5,29881,,,,
1785870000,29881.5,29926.25,29878.25,29914,,,,
1785870300,29914.5,29931.25,29903.25,29929.75,,,,
1785870600,29929.5,29936.5,29922.75,29926.75,,,,
1785870900,29926.25,29945.75,29923,29940.25,,,,
1785871200,29940.25,29943.25,29916.5,29922.75,,,,
1785871500,29922,29927.5,29888.5,29900.5,,,,
1785871800,29900.5,29916.5,29889,29912.75,,,,
1785872100,29912.75,29931.75,29903.25,29921.75,,,,
1785872400,29920.75,29951.75,29919.5,29950,,,,
1785872700,29950,29956.5,29919.5,29921.5,,,,
1785873000,29921.5,29930.75,29870.25,29871,,,,
1785873300,29871.25,29895,29847.5,29874.75,,,,
1785873600,29875.25,29902.25,29851.25,29878.25,,,,
1785873900,29879.25,29949.5,29879.25,29914.5,,,,
1785874200,29913.75,29923.75,29891.5,29915.5,,,,
1785874500,29877.5,29879.75,29757.75,29782,,,,
1785874800,29780.75,29838.5,29774.25,29801.25,,,,
1785875100,29801.5,29828.25,29786.5,29792.25,,,,
1785875400,29792.5,29815,29774.25,29779,,,,
1785875700,29778.5,29791,29764.5,29787.25,,,,
1785876000,29788.25,29817.5,29780.75,29797.25,,,,
1785876300,29797,29823.75,29791.25,29820,,,,
1785876600,29819.75,29821,29785.25,29793.75,,,,
1785876900,29794.5,29827,29791.75,29819,,,,
1785880800,29781.25,29813,29775.5,29796.5,,,,
1785881100,29797.5,29837,29797.5,29826,,,,
1785881400,29825.75,29837.25,29823.75,29835.25,,,,
1785881700,29835,29841.25,29826.5,29835,,,,
1785882000,29835.5,29844.25,29820,29821.25,,,,
1785882300,29821.25,29839.75,29810.25,29833.25,,,,
1785882600,29833.25,29841,29824.75,29835.5,,,,
1785882900,29834.75,29841.75,29822.25,29825.5,,,,
1785883200,29825.5,29826.75,29794.25,29800,,,,
1785883500,29800.5,29811.25,29793,29802.75,,,,
1785883800,29803.25,29811.5,29800.5,29806.5,,,,
1785884100,29806.5,29828.5,29802.75,29826,,,,
1785884400,29826.25,29849.25,29809.25,29838.5,,,,
1785884700,29839,29846,29832.25,29838.5,,,,
1785885000,29838.5,29844.75,29833.25,29837.75,,,,
1785885300,29838.5,29846,29838.5,29844,,,,
1785885600,29844,29844.75,29823.5,29829,,,,
1785885900,29829,29832.25,29816.25,29825,,,,
1785886200,29825,29834.5,29802.75,29804.75,,,,
1785886500,29804.25,29818.75,29802.75,29816.25,,,,
1785886800,29815.75,29845,29811.25,29842.75,,,,
1785887100,29843,29857.25,29825.25,29837.75,,,,
1785887400,29838.5,29849.75,29830.25,29839,,,,
1785887700,29839,29855.75,29831,29835.5,,,,
1785888000,29835.25,29854,29818.75,29845.75,,,,
1785888300,29845,29863.5,29825.5,29836.5,,,,
1785888600,29836.25,29858.25,29830,29857,,,,
1785888900,29857.25,29858.25,29837.25,29851.75,,,,
1785889200,29851.25,29858.75,29834.25,29851,,,,
1785889500,29852,29864,29847.5,29862.5,,,,
1785889800,29862.5,29877.5,29860.25,29871.25,,,,
1785890100,29870.75,29874.25,29837.75,29852.5,,,,
1785890400,29852.75,29858.25,29838,29838.75,,,,
1785890700,29838,29846.75,29812.5,29831.5,,,,
1785891000,29832.25,29862.25,29820.25,29840.5,,,,
1785891300,29840.5,29851,29831.5,29848.5,,,,
1785891600,29848.75,29850.25,29816.5,29833.75,,,,
1785891900,29832.75,29849.25,29829.75,29847.25,,,,
1785892200,29847,29861,29837.25,29840.5,,,,
1785892500,29840.25,29842.75,29804.75,29817.5,,,,
1785892800,29818,29832.5,29809.75,29812,,,,
1785893100,29812,29820.5,29796.75,29819.75,,,,
1785893400,29819.5,29839.5,29810.75,29818.5,,,,
1785893700,29818.5,29844,29813.5,29840.5,,,,
1785894000,29841.5,29845,29818.25,29833.75,,,,
1785894300,29833.75,29874.75,29833.5,29869.25,,,,
1785894600,29869,29873.25,29861.5,29870,,,,
1785894900,29870.25,29887,29863.25,29869.75,,,,
1785895200,29869.5,29889,29869.5,29871.25,,,,
1785895500,29871.75,29883,29862.5,29872,,,,
1785895800,29871.5,29878.5,29865,29871.25,,,,
1785896100,29871,29874.5,29862.5,29874.25,,,,
1785896400,29873.75,29876.25,29865,29866,,,,
1785896700,29866.25,29868.25,29850,29853.75,,,,
1785897000,29854.25,29860.75,29842.25,29860,,,,
1785897300,29859.25,29862.5,29845,29846.25,,,,
1785897600,29846.5,29860.5,29843,29859,,,,
1785897900,29859.25,29873.75,29855,29857,,,,
1785898200,29856.75,29875,29855.5,29868.75,,,,
1785898500,29869.75,29871,29858.75,29860.25,,,,
1785898800,29860,29876.25,29853.5,29874,,,,
1785899100,29875,29881.5,29873,29876.25,,,,
1785899400,29876.75,29890.75,29873.25,29883.75,,,,
1785899700,29883.75,29892.75,29880.5,29882,,,,
1785900000,29881.75,29890.75,29873,29874.5,,,,
1785900300,29875,29877,29863.5,29864,,,,
1785900600,29864.75,29869.75,29858.5,29868.25,,,,
1785900900,29867.75,29878,29864.75,29877,,,,
1785901200,29877.5,29891.25,29874.75,29885.5,,,,
1785901500,29885.5,29892.25,29867.75,29877.5,,,,
1785901800,29878,29892.25,29874,29887,,,,
1785902100,29887.5,29894.25,29885.5,29889.75,,,,
1785902400,29889.25,29891.5,29884.5,29885.75,,,,
1785902700,29885.5,29897.5,29882,29894.25,,,,
1785903000,29893.5,29898.25,29883,29884,,,,
1785903300,29883.25,29884.25,29869.5,29872,,,,
1785903600,29871.75,29873.25,29859.25,29866,,,,
1785903900,29866,29872.75,29863.25,29871,,,,
1785904200,29870.75,29891,29869,29888.25,,,,
1785904500,29888.25,29896.75,29888,29895.5,,,,
1785904800,29896,29909.5,29895,29904.75,,,,
1785905100,29905,29907.25,29900,29901.5,,,,
1785905400,29901.5,29904,29883,29896.5,,,,
1785905700,29896.5,29916.75,29896,29903.25,,,,
1785906000,29902.5,29924.5,29894.5,29917.25,,,,
1785906300,29917.5,29935.25,29912.75,29927,,,,
1785906600,29926.75,29940.5,29926.75,29936.5,,,,
1785906900,29937,29944.25,29934,29941.5,,,,
1785907200,29941.25,29947.25,29937,29942.75,,,,
1785907500,29943,29949,29935.75,29936.75,,,,
1785907800,29937,29945,29921.25,29925,,,,
1785908100,29925,29932.75,29920.25,29929.25,,,,
1785908400,29929,29942.25,29926.25,29941.75,,,,
1785908700,29941.5,29952.75,29940.75,29950.25,,,,
1785909000,29950.25,29978.75,29948.75,29976.5,,,,
1785909300,29976.75,29986.75,29973.75,29980.25,,,,
1785909600,29980.25,29984,29964,29965.5,,,,
1785909900,29966,29980,29961,29979,,,,
1785910200,29979.5,29990.75,29978.5,29980.75,,,,
1785910500,29980.5,29983.25,29962.75,29971.5,,,,
1785910800,29971.75,29974.25,29931.25,29938,,,,
1785911100,29938.25,29941.75,29925.25,29929.5,,,,
1785911400,29929.25,29964.75,29925.25,29955.75,,,,
1785911700,29955.5,29963,29944.25,29947.5,,,,
1785912000,29946.5,29950,29934,29939.25,,,,
1785912300,29939.75,29960.5,29936,29957.25,,,,
1785912600,29957,29961.75,29948.5,29950.75,,,,
1785912900,29951.25,29972,29950,29970,,,,
1785913200,29969.75,29987.25,29960.5,29967,,,,
1785913500,29967.25,29983.75,29953.25,29961.25,,,,
1785913800,29962,29962.5,29936.5,29951,,,,
1785914100,29951,29954.75,29932.5,29938.25,,,,
1785914400,29938,29944.75,29926.5,29929.5,,,,
1785914700,29930.25,29932,29901.25,29907.5,,,,
1785915000,29907.5,29920,29895.75,29900,,,,
1785915300,29899.75,29911.75,29885.25,29908.5,,,,
1785915600,29908.5,29911.75,29884,29886.75,,,,
1785915900,29886.5,29909.75,29885,29895.25,,,,
1785916200,29895.5,29903.5,29885.75,29894.75,,,,
1785916500,29894.5,29913.25,29891.25,29903.5,,,,
1785916800,29903,29926,29897.75,29922.25,,,,
1785917100,29922.75,29925.25,29886,29889,,,,
1785917400,29888.5,29891,29853.75,29864.25,,,,
1785917700,29864.75,29873.75,29851.25,29855,,,,
1785918000,29855.25,29859.5,29825,29827,,,,
1785918300,29827.25,29842.25,29820,29834.75,,,,
1785918600,29835,29837.75,29806.75,29819.25,,,,
1785918900,29820.25,29844,29805,29807,,,,
1785919200,29807.5,29820,29798.25,29812.75,,,,
1785919500,29813.25,29832.25,29796.75,29831.25,,,,
1785919800,29831,29840.75,29822.5,29825.75,,,,
1785920100,29826,29843.75,29822.75,29837.5,,,,
1785920400,29837.25,29848,29820.25,29844,,,,
1785920700,29844,29854.5,29839.25,29846.75,,,,
1785921000,29845.75,29850.5,29831.75,29833.25,,,,
1785921300,29833.75,29835.5,29814.5,29829.75,,,,
1785921600,29829.75,29854.25,29829.25,29850,,,,
1785921900,29849.75,29864,29844.5,29862,,,,
1785922200,29862,29873.25,29860,29873,,,,
1785922500,29872.5,29889,29871.25,29881.25,,,,
1785922800,29881,29885.5,29871.25,29883.25,,,,
1785923100,29882.75,29894.5,29855.25,29857.75,,,,
1785923400,29857.5,29868,29852.5,29864.5,,,,
1785923700,29864,29872.5,29856.5,29858.25,,,,
1785924000,29857.5,29871.75,29851.5,29865,,,,
1785924300,29866.25,29869,29850.25,29854.25,,,,
1785924600,29853.75,29853.75,29833,29840,,,,
1785924900,29840,29858.5,29836,29850,,,,
1785925200,29849.75,29860.5,29844.25,29857.75,,,,
1785925500,29858.25,29866.5,29854,29857.25,,,,
1785925800,29858,29872,29849.25,29868.25,,,,
1785926100,29868.25,29871.25,29858.25,29858.5,,,,
1785926400,29858.75,29864,29850.5,29857.5,,,,
1785926700,29857.5,29870.25,29833.75,29845.75,,,,
1785927000,29845.25,29869.25,29839.25,29860.75,,,,
1785927300,29861,29870.5,29857,29864.25,,,,
1785927600,29863.75,29905.25,29863.75,29896.75,,,,
1785927900,29897.75,29918.5,29882.75,29916.5,,,,
1785928200,29915.75,29921.25,29897.25,29904.25,,,,
1785928500,29904.25,29911.5,29896.75,29907,,,,
1785928800,29907.5,29916.75,29899.25,29915.5,,,,
1785929100,29915.75,29923.25,29900.25,29900.25,,,,
1785929400,29901,29929.75,29890.5,29926.25,,,,
1785929700,29926.25,29931.75,29916,29925.25,,,,
1785930000,29925,29931.5,29915.75,29915.75,,,,
1785930300,29915.5,29942,29903,29940,,,,
1785930600,29940,29943.75,29908.25,29914.5,,,,
1785930900,29914.25,29923.75,29908,29919.5,,,,
1785931200,29920,29926,29901.75,29903,,,,
1785931500,29903,29908.25,29892.25,29905.5,,,,
1785931800,29905.75,29923.25,29900.75,29918.75,,,,
1785932100,29919,29933.5,29900,29915.5,,,,
1785932400,29916,29935.75,29909.25,29925.25,,,,
1785932700,29925.5,29939.75,29910.5,29934.75,,,,
1785933000,29935,29941.75,29888.5,29919,,,,
1785933300,29920,29947,29918.5,29935.75,,,,
1785933600,29936.25,29943.75,29930.5,29942.5,,,,
1785933900,29942.5,29946.5,29930,29939.25,,,,
1785934200,29939.25,29942,29915.5,29918.75,,,,
1785934500,29919,29927.75,29908,29915.5,,,,
1785934800,29915,29944,29915,29938.5,,,,
1785935100,29938,29950,29935.5,29937.5,,,,
1785935400,29938,29946.5,29923,29929.5,,,,
1785935700,29929.75,29929.75,29910.25,29917.25,,,,
1785936000,29917.75,29922.25,29895.75,29909.75,,,,
1785936300,29909.5,29978.25,29908,29975.25,,,,
1785936600,29974.75,30013.5,29935,30012,,,,
1785936900,30011.75,30031,29909.5,30006.5,,,,
1785937200,30005.5,30059,29980.5,30050.25,,,,
1785937500,30052.25,30073.25,30018,30055.25,,,,
1785937800,30055.75,30065.25,29966.75,30026.75,,,,
1785938100,30026,30058.75,29978.5,30049.5,,,,
1785938400,30048.25,30048.25,29918,29965,,,,
1785938700,29965,30031,29957.75,30003.25,,,,
1785939000,30003.5,30021,29968.25,29998.5,,,,
1785939300,29998,30026.5,29971.25,29973.5,,,,
1785939600,29973.75,29978.75,29901,29959.5,,,,
1785939900,29959.25,29989.75,29910.5,29915.25,,,,
1785940200,29915.25,29918.75,29853.25,29885,,,,
1785940500,29884.5,29914.75,29840.25,29841.5,,,,
1785940800,29841.75,29873.25,29824.75,29862.25,,,,
1785941100,29862,29907.5,29838.5,29891.5,,,,
1785941400,29890.5,29905.75,29787.75,29823.5,,,,
1785941700,29823.25,29863.5,29801.25,29848,,,,
1785942000,29848.75,29881.5,29825,29846.25,,,,
1785942300,29846.25,29886,29827.5,29871.75,,,,
1785942600,29871.5,29891,29833.5,29839,,,,
1785942900,29839,29850.75,29762.25,29832.5,,,,
1785943200,29833.25,29847.75,29813.25,29818,,,,
1785943500,29817.5,29832.25,29793.75,29809.75,,,,
1785943800,29808.75,29861.75,29805.25,29820,,,,
1785944100,29819.75,29854.5,29818.25,29843.5,,,,
1785944400,29843.25,29852.75,29810.5,29819.75,,,,
1785944700,29819.5,29820,29786.5,29793,,,,
1785945000,29792.75,29807,29771.5,29777.5,,,,
1785945300,29777,29777.25,29712.75,29738,,,,
1785945600,29737.75,29765.75,29710,29757.25,,,,
1785945900,29757.5,29763,29703,29721,,,,
1785946200,29721,29733.75,29701.75,29731.75,,,,
1785946500,29731.25,29761.75,29719.5,29739.5,,,,
1785946800,29738.75,29796.5,29735.75,29769,,,,
1785947100,29769.25,29833.5,29768.75,29829.25,,,,
1785947400,29829.25,29840,29769.75,29796,,,,
1785947700,29795.75,29812.25,29773.5,29797.25,,,,
1785948000,29797.25,29821.5,29784.25,29788.25,,,,
1785948300,29789,29802,29778,29791,,,,
1785948600,29790.5,29825.75,29785.5,29815.5,,,,
1785948900,29815.25,29822.75,29802,29809,,,,
1785949200,29809.25,29819.75,29770.75,29777,,,,
1785949500,29777,29786.5,29752,29759.75,,,,
1785949800,29760.5,29784.5,29743.75,29766.75,,,,
1785950100,29766.25,29781.75,29748.25,29759.25,,,,
1785950400,29760,29766.75,29740,29765,,,,
1785950700,29765,29781.75,29750,29754.5,,,,
1785951000,29754.5,29770.5,29735,29757,,,,
1785951300,29757.25,29769.5,29750.25,29759.75,,,,
1785951600,29760.25,29778.75,29753,29757.25,,,,
1785951900,29756.25,29773.75,29734.25,29765.75,,,,
1785952200,29766.75,29774.5,29748.75,29752.25,,,,
1785952500,29752.5,29769.75,29744.75,29757,,,,
1785952800,29756.25,29786.25,29752.5,29782.5,,,,
1785953100,29781.5,29783.75,29754.5,29769,,,,
1785953400,29769.25,29785,29761.5,29762,,,,
1785953700,29762,29782,29755.5,29772.75,,,,
1785954000,29773.25,29778,29758.75,29765.5,,,,
1785954300,29765.25,29780.75,29764.75,29776.5,,,,
1785954600,29776,29776.75,29727,29739.5,,,,
1785954900,29739.75,29758.25,29735.75,29742.5,,,,
1785955200,29742.75,29751,29734,29742.25,,,,
1785955500,29742,29766.25,29737,29753.25,,,,
1785955800,29752.5,29761.75,29742.25,29744.75,,,,
1785956100,29744.75,29746.5,29722.75,29726.25,,,,
1785956400,29727.25,29762.5,29718,29760,,,,
1785956700,29760.25,29778.5,29754.25,29768.25,,,,
1785957000,29768.25,29776.25,29761,29773.75,,,,
1785957300,29774.25,29780,29763.25,29766.25,,,,
1785957600,29766.75,29776.25,29753.5,29766,,,,
1785957900,29765.5,29776.75,29755.25,29756.5,,,,
1785958200,29756.25,29763.5,29725,29731.25,,,,
1785958500,29730,29736.5,29710.5,29715,,,,
1785958800,29715,29734.5,29706,29711.75,,,,
1785959100,29710.75,29719.25,29688.75,29714.5,,,,
1785959400,29715,29733,29700,29711,,,,
1785959700,29710.5,29716.5,29593,29606.75,,,,
1785960000,29607.25,29614.75,29544.25,29601.75,,,,
1785960300,29602,29604,29530.75,29565.75,,,,
1785960600,29564.25,29618.5,29561.5,29604.5,,,,
1785960900,29605,29618,29570.75,29572.25,,,,
1785961200,29571.5,29584.75,29560,29574,,,,
1785961500,29574,29577.5,29562.5,29569.75,,,,
1785961800,29571,29594.5,29566.25,29591.25,,,,
1785962100,29590.75,29593.5,29572,29584,,,,
1785962400,29584.25,29603.5,29580.75,29598.5,,,,
1785962700,29598.75,29602.25,29579.5,29589.25,,,,
1785963000,29589.5,29599.5,29576.25,29596,,,,
1785963300,29596,29607,29587,29594.75,,,,
1785967200,29576,29597,29560,29574.75,,,,
1785967500,29574.75,29595.75,29569,29578.25,,,,
1785967800,29578.75,29579.5,29566.5,29572.25,,,,
1785968100,29571.25,29599,29570.75,29594.25,,,,
1785968400,29595.25,29638.5,29594.25,29636.25,,,,
1785968700,29635.75,29636.25,29620.5,29627.75,,,,
1785969000,29627.25,29670,29623,29667.75,,,,
1785969300,29666.75,29670.75,29658.75,29662.25,,,,
1785969600,29662.75,29667,29650.5,29655,,,,
1785969900,29654.5,29678.75,29642.25,29643.75,,,,
1785970200,29644.5,29647.75,29617,29629,,,,
1785970500,29629.25,29631.75,29618.5,29621.75,,,,
1785970800,29622.5,29625.25,29611.75,29617.25,,,,
1785971100,29616.75,29625,29614.75,29621.25,,,,
1785971400,29620.25,29636.25,29618.5,29630.75,,,,
1785971700,29630.75,29630.75,29616.5,29627.5,,,,
1785972000,29627.5,29640.75,29625.25,29636.75,,,,
1785972300,29637,29650.5,29623.75,29628.25,,,,
1785972600,29628.25,29636.75,29590.75,29592,,,,
1785972900,29592.75,29609.5,29575.75,29594,,,,
1785973200,29594.25,29608.25,29581.75,29587.5,,,,
1785973500,29587.5,29589.75,29566.5,29574.5,,,,
1785973800,29573.75,29587,29571.5,29579.5,,,,
1785974100,29578.75,29584.75,29568.5,29583.75,,,,
1785974400,29584.25,29589,29546.25,29571.5,,,,
1785974700,29570.75,29601.25,29567.75,29596,,,,
1785975000,29595.5,29597.25,29553.25,29581.25,,,,
1785975300,29580.75,29589,29556,29588.5,,,,
1785975600,29588.25,29607.5,29578,29605,,,,
1785975900,29604.5,29608.75,29553.5,29561,,,,
1785976200,29561,29568.75,29548.25,29555.75,,,,
1785976500,29555.25,29574.75,29548,29558,,,,
1785976800,29558.25,29587.25,29553.75,29560,,,,
1785977100,29560,29580.75,29551,29564,,,,
1785977400,29563.75,29564.25,29536.5,29540.75,,,,
1785977700,29541.5,29548.75,29535.25,29539,,,,
1785978000,29538.5,29541.25,29506.75,29511.25,,,,
1785978300,29511.5,29529.75,29502.75,29517.5,,,,
1785978600,29517,29532,29501.75,29521.75,,,,
1785978900,29522.5,29523,29492.5,29497.25,,,,
1785979200,29496.5,29497.5,29471,29487,,,,
1785979500,29486.5,29490,29454.25,29473.5,,,,
1785979800,29473.5,29509.75,29469,29486.25,,,,
1785980100,29486.75,29501.5,29473.25,29500.5,,,,
1785980400,29500.25,29506,29474.75,29474.75,,,,
1785980700,29475,29519,29472.75,29515.25,,,,
1785981000,29515.5,29517.25,29495.75,29511.25,,,,
1785981300,29511.25,29514,29491.75,29498,,,,
1785981600,29497.75,29518.5,29487.75,29506,,,,
1785981900,29506,29529.5,29505.75,29528,,,,
1785982200,29528,29556.75,29521.25,29541.75,,,,
1785982500,29542,29554.75,29535.5,29551,,,,
1785982800,29550.5,29578.5,29547.75,29568,,,,
1785983100,29568.25,29569,29547.75,29548.25,,,,
1785983400,29548.5,29586,29529.25,29579,,,,
1785983700,29578.25,29583.25,29565,29576,,,,
1785984000,29576,29618.75,29573.25,29616.75,,,,
1785984300,29617,29621,29592,29605.25,,,,
1785984600,29604.75,29611,29594,29600.25,,,,
1785984900,29599.75,29599.75,29585.25,29594,,,,
1785985200,29593.75,29608.75,29583.5,29605,,,,
1785985500,29605,29607.75,29576,29580.75,,,,
1785985800,29580.5,29587,29571.25,29578.25,,,,
1785986100,29579,29585.75,29554.5,29555.75,,,,
1785986400,29556.25,29561.75,29541.25,29542.5,,,,
1785986700,29542.5,29546.75,29535,29543.5,,,,
1785987000,29543,29554.25,29522.75,29539.75,,,,
1785987300,29540,29563.75,29536,29557.5,,,,
1785987600,29558,29563.5,29545.25,29553,,,,
1785987900,29552.25,29571.5,29545.75,29568.5,,,,
1785988200,29569.25,29576,29539.75,29552.75,,,,
1785988500,29552.75,29584.75,29547,29581.75,,,,
1785988800,29581.75,29584,29535.25,29548.75,,,,
1785989100,29548.5,29578,29546.75,29566.5,,,,
1785989400,29566.75,29576,29553.5,29556.5,,,,
1785989700,29556.25,29581.5,29556.25,29571.25,,,,
1785990000,29570.75,29590.5,29568.75,29589,,,,
1785990300,29588.75,29597.75,29581.75,29586,,,,
1785990600,29585.5,29600.5,29563,29570.75,,,,
1785990900,29571.25,29580,29544.75,29549.75,,,,
1785991200,29549.5,29560,29546.5,29555.5,,,,
1785991500,29556,29563,29543.5,29552.25,,,,
1785991800,29550.75,29574.5,29550,29572.75,,,,
1785992100,29572,29577.25,29560.25,29575,,,,
1785992400,29575,29593.5,29557.75,29583,,,,
1785992700,29582.75,29596,29576.5,29579.75,,,,
1785993000,29580,29582.5,29568,29582,,,,
1785993300,29581.25,29594,29565,29577.25,,,,
1785993600,29578.75,29589.5,29573.75,29585.5,,,,
1785993900,29585.25,29590.5,29574.75,29579.5,,,,
1785994200,29578.5,29583.75,29554.75,29564.75,,,,
1785994500,29564.25,29575,29548.75,29558.75,,,,
1785994800,29558.25,29583.75,29557,29583.25,,,,
1785995100,29583,29584.25,29545.25,29549.5,,,,
1785995400,29549.25,29571.75,29544.25,29565.25,,,,
1785995700,29565,29581.75,29556,29580.25,,,,
1785996000,29580.25,29581.5,29541,29551,,,,
1785996300,29551.25,29551.75,29528.5,29532.25,,,,
1785996600,29531.75,29537,29499,29506,,,,
1785996900,29506.5,29510.25,29484,29493.25,,,,
1785997200,29493,29531,29486.75,29526.5,,,,
1785997500,29527,29549,29525.75,29547,,,,
1785997800,29546.5,29548.75,29515.5,29528.5,,,,
1785998100,29528.25,29532.25,29509,29509,,,,
1785998400,29509,29509,29494,29504.75,,,,
1785998700,29504.25,29507.75,29486.25,29493,,,,
1785999000,29492.5,29511.25,29488.5,29510.5,,,,
1785999300,29511,29528.5,29508,29521.5,,,,
1785999600,29520.75,29527.75,29506,29517.75,,,,
1785999900,29518,29551,29511.25,29537.25,,,,
1786000200,29536.5,29564,29536,29551.5,,,,
1786000500,29552,29562.75,29544.75,29559.75,,,,
1786000800,29558.5,29561.25,29539.25,29539.25,,,,
1786001100,29539.5,29552.5,29525.25,29536.75,,,,
1786001400,29537.75,29542.25,29526.75,29534.5,,,,
1786001700,29533.75,29536,29501.75,29511.75,,,,
1786002000,29511.25,29519.25,29506.75,29517.25,,,,
1786002300,29517.5,29538,29510,29533.25,,,,
1786002600,29533.25,29533.25,29500,29506.25,,,,
1786002900,29506,29515.5,29501.5,29506.25,,,,
1786003200,29506.75,29525.5,29462,29481.25,,,,
1786003500,29481.25,29511.25,29460.5,29464,,,,
1786003800,29463.5,29468,29444.25,29460,,,,
1786004100,29460.25,29480.75,29446.75,29469,,,,
1786004400,29469.75,29491.5,29467,29484.75,,,,
1786004700,29484.75,29514,29484,29508,,,,
1786005000,29509.25,29532.75,29505,29523.5,,,,
1786005300,29524.25,29531.5,29502.5,29512.5,,,,
1786005600,29513,29518.5,29500.5,29503.75,,,,
1786005900,29503,29512,29489.75,29500.75,,,,
1786006200,29500.25,29524.5,29493.25,29522,,,,
1786006500,29521.75,29524.25,29508.5,29517.25,,,,
1786006800,29518,29518.5,29470.25,29475,,,,
1786007100,29474,29479.75,29450.25,29454.5,,,,
1786007400,29454.75,29455.75,29437.75,29449.25,,,,
1786007700,29448.5,29482.25,29446.5,29472.75,,,,
1786008000,29472.75,29487.75,29471.25,29479,,,,
1786008300,29479,29494,29473.75,29482.5,,,,
1786008600,29483.25,29492,29475.5,29482.5,,,,
1786008900,29483,29488.5,29475.25,29484.5,,,,
1786009200,29484,29499,29480.5,29489,,,,
1786009500,29489,29509.5,29489,29508.75,,,,
1786009800,29509,29511.5,29494.5,29510.75,,,,
1786010100,29511.25,29531,29508.75,29526.75,,,,
1786010400,29526.25,29537.5,29513.25,29516.75,,,,
1786010700,29516.5,29519.5,29505.75,29508.5,,,,
1786011000,29509.25,29509.25,29495,29503.75,,,,
1786011300,29503.75,29515.5,29492.75,29509.25,,,,
1786011600,29509.25,29518,29499.75,29516.25,,,,
1786011900,29516.25,29526.5,29513.75,29517.5,,,,
1786012200,29517.5,29519.5,29502.75,29507,,,,
1786012500,29507,29511.75,29489,29490.5,,,,
1786012800,29491.25,29494,29474.75,29480,,,,
1786013100,29480.5,29493.25,29468,29490.25,,,,
1786013400,29489.75,29492.25,29472,29476,,,,
1786013700,29474.75,29485.5,29466.25,29485.5,,,,
1786014000,29484.5,29488.25,29378.5,29397.75,,,,
1786014300,29397.25,29414.5,29364.75,29411.75,,,,
1786014600,29412.75,29423.5,29403.75,29419.25,,,,
1786014900,29419.5,29459.75,29417.5,29457,,,,
1786015200,29457.5,29461.25,29443.25,29453.25,,,,
1786015500,29452.75,29474.5,29447.75,29469,,,,
1786015800,29469.25,29504,29468.5,29492.5,,,,
1786016100,29493,29509.5,29487.75,29499.5,,,,
1786016400,29500.25,29516,29490.25,29493.5,,,,
1786016700,29494,29512,29449,29457.25,,,,
1786017000,29457,29460.25,29439.25,29452.5,,,,
1786017300,29451.75,29476.5,29448.75,29466.25,,,,
1786017600,29465.75,29476.25,29423.5,29438.25,,,,
1786017900,29438.25,29447,29416.75,29425.5,,,,
1786018200,29424.75,29431.25,29409,29412,,,,
1786018500,29413,29420,29388.25,29395,,,,
1786018800,29395,29444,29394.25,29435.5,,,,
1786019100,29435,29451.75,29430.25,29432,,,,
1786019400,29432,29448.75,29413,29437.5,,,,
1786019700,29437.25,29462.75,29434.75,29453.25,,,,
1786020000,29452.25,29453,29424.5,29432,,,,
1786020300,29432.25,29440,29417.5,29432.75,,,,
1786020600,29432.75,29439.25,29415.5,29418.75,,,,
1786020900,29418.25,29422.25,29389,29399,,,,
1786021200,29399.5,29404,29374.25,29380.25,,,,
1786021500,29380,29380.75,29351.5,29362.25,,,,
1786021800,29362.25,29369.75,29350,29351.25,,,,
1786022100,29352,29362.25,29337,29349,,,,
1786022400,29349.25,29367.25,29343.25,29356.75,,,,
1786022700,29357,29361.25,29327.5,29334.75,,,,
1786023000,29335.25,29371,29241,29340.5,,,,
1786023300,29341.25,29448.75,29322,29385.5,,,,
1786023600,29384.75,29473.25,29376,29457.75,,,,
1786023900,29457.75,29534.25,29447.25,29526.25,,,,
1786024200,29526.75,29551,29490,29500.25,,,,
1786024500,29500.5,29539,29486.25,29528,,,,
1786024800,29528.25,29558.5,29487.75,29517.25,,,,
1786025100,29517.25,29584.25,29506.75,29579.25,,,,
1786025400,29579.5,29619.25,29578,29608.5,,,,
1786025700,29608.25,29652.75,29586.5,29641.25,,,,
1786026000,29640.75,29666.5,29626,29634,,,,
1786026300,29634,29640.75,29563.5,29587,,,,
1786026600,29587.5,29639,29576,29632.75,,,,
1786026900,29632.5,29651.25,29550.5,29552.5,,,,
1786027200,29552.5,29622.25,29545.5,29583.5,,,,
1786027500,29583.5,29585.75,29532.75,29558.25,,,,
1786027800,29558.25,29615.25,29548.5,29614.75,,,,
1786028100,29614.5,29658.75,29598.75,29657.25,,,,
1786028400,29656.5,29678.25,29598.75,29612.25,,,,
1786028700,29612.5,29674.75,29612.25,29671.5,,,,
1786029000,29671.25,29686.25,29640.75,29645.5,,,,
1786029300,29646,29663.25,29579,29580,,,,
1786029600,29580.5,29606,29564,29577.5,,,,
1786029900,29577,29612.25,29564.5,29607.75,,,,
1786030200,29607.5,29627.75,29552.25,29552.5,,,,
1786030500,29553,29580.5,29540.25,29565.5,,,,
1786030800,29566,29585.5,29533.25,29534.75,,,,
1786031100,29534.5,29614,29530.75,29590,,,,
1786031400,29590,29625.5,29521.5,29526.5,,,,
1786031700,29526,29556,29505.75,29516.25,,,,
1786032000,29516.5,29523.75,29478.5,29502.75,,,,
1786032300,29502.25,29542.75,29494,29526.25,,,,
1786032600,29525.5,29542,29483.5,29488,,,,
1786032900,29488.75,29505,29452.5,29494.25,,,,
1786033200,29494,29498.75,29448.75,29487.5,,,,
1786033500,29487.75,29493.75,29463.25,29471.25,,,,
1786033800,29471.75,29509.5,29461,29478.5,,,,
1786034100,29479,29523,29467.25,29522.75,,,,
1786034400,29523,29527.75,29476.5,29478.75,,,,
1786034700,29478,29514.25,29468,29513,,,,
1786035000,29513.5,29534.5,29503.25,29510.25,,,,
1786035300,29510.5,29558.25,29508.75,29556.75,,,,
1786035600,29556.75,29574,29541.25,29546.75,,,,
1786035900,29546.5,29574.25,29531.25,29538,,,,
1786036200,29538,29550.25,29515.5,29523.75,,,,
1786036500,29524.25,29552.75,29512.25,29542.5,,,,
1786036800,29542.75,29551,29518.75,29523.25,,,,
1786037100,29523,29550.75,29522.75,29528,,,,
1786037400,29527.75,29543,29521.25,29531.75,,,,
1786037700,29531.5,29542.25,29505.25,29513.25,,,,
1786038000,29513,29521,29493.25,29509.5,,,,
1786038300,29509.75,29522,29496.75,29497.25,,,,
1786038600,29497.75,29530.5,29494.5,29521.75,,,,
1786038900,29521.5,29533.75,29508.75,29529.25,,,,
1786039200,29528.75,29538.5,29505.75,29531.25,,,,
1786039500,29531.25,29540,29517.25,29533.25,,,,
1786039800,29533.5,29547.25,29519,29543.25,,,,
1786040100,29543,29573,29498.5,29553.25,,,,
1786040400,29553.5,29576,29549.75,29568,,,,
1786040700,29568.25,29572.25,29547,29557.25,,,,
1786041000,29557,29560.75,29531.25,29534.75,,,,
1786041300,29534.25,29547,29514.5,29518.5,,,,
1786041600,29518.5,29524.75,29500.75,29520.5,,,,
1786041900,29521,29537,29509,29512,,,,
1786042200,29512.25,29522,29506,29513.25,,,,
1786042500,29513,29530,29508.25,29515.75,,,,
1786042800,29515.75,29564,29510,29562.5,,,,
1786043100,29562,29569,29534.5,29565.5,,,,
1786043400,29565.5,29570.75,29532.25,29535.75,,,,
1786043700,29536,29539.25,29524.5,29527.75,,,,
1786044000,29528,29551.25,29506.5,29508.75,,,,
1786044300,29509,29526,29496,29508.5,,,,
1786044600,29507.75,29546,29488.75,29538.5,,,,
1786044900,29538.25,29538.5,29508.75,29509.5,,,,
1786045200,29509.75,29515,29492.25,29503.75,,,,
1786045500,29503.75,29512,29485.25,29508.25,,,,
1786045800,29508.5,29536.25,29475,29531.25,,,,
1786046100,29531,29531,29477.5,29497.25,,,,
1786046400,29496.75,29548.25,29496.25,29539.25,,,,
1786046700,29539.5,29551.5,29534.75,29547.75,,,,
1786047000,29547.5,29551,29532.5,29536,,,,
1786047300,29536,29549,29514.25,29523.5,,,,
1786047600,29523.5,29532.25,29494.75,29496.5,,,,
1786047900,29496.25,29506.5,29482.75,29493.5,,,,
1786048200,29493.5,29504.75,29481.25,29502,,,,
1786048500,29502.25,29503.25,29480,29492.25,,,,
1786048800,29491.25,29499.5,29489,29494,,,,
1786049100,29494,29498.5,29487.25,29496.5,,,,
1786049400,29496.25,29500,29492.5,29495.25,,,,
1786049700,29496.25,29507,29494.75,29504.5,,,,
1786053600,29515,29529.75,29494,29521.25,,,,
1786053900,29521.25,29549.5,29520.75,29548.5,,,,
1786054200,29548.5,29580,29542.5,29572,,,,
1786054500,29572.75,29581,29565.75,29567.5,,,,
1786054800,29568.25,29571.75,29546.5,29555.5,,,,
1786055100,29556.5,29570,29542.5,29549.5,,,,
1786055400,29549.5,29552,29529.25,29539,,,,
1786055700,29540,29543,29536,29540.5,,,,
1786056000,29540.25,29562.75,29536.75,29554,,,,
1786056300,29554,29559.5,29546.75,29550.25,,,,
1786056600,29550.25,29560.25,29548.75,29555.5,,,,
1786056900,29555.5,29568,29552.5,29564.75,,,,
1786057200,29564.75,29571,29560,29565.75,,,,
1786057500,29565.75,29567,29553.75,29558.5,,,,
1786057800,29559.5,29561.75,29555.75,29557.75,,,,
1786058100,29558.5,29597.25,29558.5,29573.25,,,,
1786058400,29573.25,29592.5,29571.5,29590,,,,
1786058700,29589.25,29597.5,29569.25,29573.25,,,,
1786059000,29574,29588,29570,29588,,,,
1786059300,29588,29589,29570.75,29579.25,,,,
1786059600,29580,29586,29562.25,29582.75,,,,
1786059900,29582.5,29596.75,29574.5,29595.25,,,,
1786060200,29595.75,29604,29587.5,29591,,,,
1786060500,29591.75,29597.25,29585.75,29595.25,,,,
1786060800,29594.5,29615.75,29577.75,29610.75,,,,
1786061100,29610.25,29619.25,29578.75,29579.5,,,,
1786061400,29579,29587.5,29562.5,29574.75,,,,
1786061700,29575,29575.5,29518.25,29528.25,,,,
1786062000,29528.5,29529,29496.25,29510.5,,,,
1786062300,29510,29527,29503.75,29513.75,,,,
1786062600,29514,29573.75,29500.5,29571.5,,,,
1786062900,29572,29574.75,29517.75,29544,,,,
1786063200,29544.5,29552.25,29505.75,29539.5,,,,
1786063500,29539.75,29557.25,29503.25,29514,,,,
1786063800,29513,29563.5,29505.25,29549.25,,,,
1786064100,29549.75,29573.75,29528.75,29561.75,,,,
1786064400,29562,29582.5,29556.5,29566.75,,,,
1786064700,29567.25,29576.25,29553.25,29560.75,,,,
1786065000,29560,29565,29515,29525,,,,
1786065300,29525.75,29536,29502.5,29507.5,,,,
1786065600,29508,29510.75,29482.75,29496.25,,,,
1786065900,29495.75,29535.5,29486.5,29529.25,,,,
1786066200,29529.25,29581.5,29526.25,29551.5,,,,
1786066500,29552.25,29553.75,29498.75,29499.75,,,,
1786066800,29499.75,29522.75,29493.75,29522.75,,,,
1786067100,29521.75,29539.75,29501.75,29532.5,,,,
1786067400,29533.25,29534.5,29505.75,29523.5,,,,
1786067700,29524,29537.5,29515,29526.5,,,,
1786068000,29526.75,29548.25,29519,29542,,,,
1786068300,29543,29548.5,29507.75,29510.5,,,,
1786068600,29510.5,29539,29489.25,29531.25,,,,
1786068900,29531,29539.5,29526.5,29536.25,,,,
1786069200,29537.25,29542.25,29514.75,29539,,,,
1786069500,29538.5,29538.5,29519.5,29526,,,,
1786069800,29525.5,29527.5,29503,29505.25,,,,
1786070100,29505,29517.5,29477,29486,,,,
1786070400,29485.75,29504.75,29476,29499,,,,
1786070700,29498.75,29534.25,29493,29533.75,,,,
1786071000,29534.5,29535.75,29526.5,29531.25,,,,
1786071300,29531,29533.75,29522.25,29525.75,,,,
1786071600,29526.25,29547,29525.25,29538.5,,,,
1786071900,29538.5,29549.25,29533.25,29542.75,,,,
1786072200,29542.75,29545.5,29528.25,29530.25,,,,
1786072500,29530.25,29534,29497.5,29499.25,,,,
1786072800,29499,29508.5,29490,29506.75,,,,
1786073100,29508.5,29514,29494,29503.75,,,,
1786073400,29504,29522.75,29497.75,29501.75,,,,
1786073700,29501.75,29519.75,29499.25,29500.75,,,,
1786074000,29500.75,29509.75,29496.5,29506,,,,
1786074300,29506.5,29510.75,29490,29508,,,,
1786074600,29508.5,29513,29491,29495,,,,
1786074900,29494.25,29495.25,29485.5,29487.75,,,,
1786075200,29488.75,29489.5,29480,29484.5,,,,
1786075500,29484.5,29497.5,29482.25,29493,,,,
1786075800,29493,29501.5,29463.75,29478.5,,,,
1786076100,29478.75,29485,29455,29484.25,,,,
1786076400,29483.5,29517.25,29483.25,29510.5,,,,
1786076700,29510.75,29512.5,29491.75,29508,,,,
1786077000,29508.75,29525.75,29500,29513.5,,,,
1786077300,29514.25,29516.25,29494.75,29500.5,,,,
1786077600,29500.75,29502,29492.25,29494.75,,,,
1786077900,29494.25,29505.5,29490.25,29501,,,,
1786078200,29501.5,29508.5,29488.75,29507.5,,,,
1786078500,29507.5,29513.25,29502.25,29509.5,,,,
1786078800,29508.75,29531.75,29505.5,29527.5,,,,
1786079100,29528.25,29557,29526.75,29540.75,,,,
1786079400,29541,29550,29533.75,29538.25,,,,
1786079700,29538.25,29550,29536.5,29544.5,,,,
1786080000,29544.75,29553.75,29537.25,29543.25,,,,
1786080300,29543.5,29555,29541.5,29547.5,,,,
1786080600,29547.25,29551,29534,29534.25,,,,
1786080900,29534,29538.75,29527.5,29529,,,,
1786081200,29529.75,29540,29519.25,29533.5,,,,
1786081500,29533.75,29534.5,29525,29532.75,,,,
1786081800,29533,29538.75,29527,29537,,,,
1786082100,29536,29537.5,29522,29522.75,,,,
1786082400,29523.25,29547,29520.5,29541.25,,,,
1786082700,29540.5,29560,29540,29552.75,,,,
1786083000,29553,29564.5,29552.5,29559.75,,,,
1786083300,29559.25,29562.25,29547.5,29553,,,,
1786083600,29553,29569.5,29543.75,29569.5,,,,
1786083900,29569.75,29584.75,29560,29581,,,,
1786084200,29580.5,29582.5,29565.75,29571.5,,,,
1786084500,29570.5,29575,29562.5,29566,,,,
1786084800,29565.25,29566.75,29539.25,29545.75,,,,
1786085100,29545,29548.75,29536.75,29542,,,,
1786085400,29542.25,29545.25,29538.75,29543,,,,
1786085700,29542.5,29555,29540,29552.75,,,,
1786086000,29552.25,29558,29531.75,29537.25,,,,
1786086300,29536.75,29578.5,29536.25,29576.25,,,,
1786086600,29576.75,29592.75,29573.5,29592.75,,,,
1786086900,29592.25,29593,29580,29585.75,,,,
1786087200,29585.5,29586.75,29574.5,29580.25,,,,
1786087500,29580.75,29592,29576,29588,,,,
1786087800,29588,29590.25,29570,29575,,,,
1786088100,29574.75,29583.5,29572,29574.25,,,,
1786088400,29575.25,29591.5,29574,29582.75,,,,
1786088700,29583.25,29586.75,29570,29580.25,,,,
1786089000,29580,29581.5,29562.25,29580.75,,,,
1786089300,29581.25,29588.75,29579.75,29583.25,,,,
1786089600,29584,29614.25,29583.25,29598.75,,,,
1786089900,29599.5,29613,29596,29609.25,,,,
1786090200,29608.75,29627.75,29606.75,29624.25,,,,
1786090500,29624.75,29628.75,29601,29602.25,,,,
1786090800,29602.25,29621,29599,29614,,,,
1786091100,29615.25,29630,29614.75,29624,,,,
1786091400,29624,29647.5,29621,29635.5,,,,
1786091700,29636.25,29639.25,29609,29619.5,,,,
1786092000,29619.5,29632,29611.5,29625.75,,,,
1786092300,29626,29635.75,29616,29623,,,,
1786092600,29622.5,29624,29615,29618,,,,
1786092900,29617.75,29639.25,29616.5,29633.25,,,,
1786093200,29633,29648.75,29626.75,29637.75,,,,
1786093500,29638,29642,29625.75,29634.75,,,,
1786093800,29634.25,29645.25,29628.5,29641.5,,,,
1786094100,29641.5,29646.75,29623.75,29627.5,,,,
1786094400,29627,29648,29624.25,29644,,,,
1786094700,29644.5,29650.5,29630.25,29634.5,,,,
1786095000,29634.25,29647.25,29629.75,29633.75,,,,
1786095300,29634,29644,29633.75,29636.75,,,,
1786095600,29636.25,29636.25,29621,29628.75,,,,
1786095900,29628.75,29636.25,29622.25,29626.25,,,,
1786096200,29626.75,29633.75,29622,29628.25,,,,
1786096500,29628.25,29628.5,29615.75,29617.25,,,,
1786096800,29618.25,29629.75,29613.75,29623,,,,
1786097100,29622.75,29628,29611,29613.75,,,,
1786097400,29614.75,29622.25,29608.75,29609,,,,
1786097700,29609.5,29613.75,29600.25,29606.75,,,,
1786098000,29605.75,29608,29592.25,29604.5,,,,
1786098300,29604.5,29621.5,29604.25,29621.25,,,,
1786098600,29621,29622,29609.75,29616,,,,
1786098900,29616,29621.5,29611.25,29620.25,,,,
1786099200,29620,29625.75,29616,29622.25,,,,
1786099500,29621.25,29624.5,29608,29616.75,,,,
1786099800,29616.5,29622.25,29600.5,29605.75,,,,
1786100100,29605.75,29608.25,29602.25,29607.25,,,,
1786100400,29606.75,29641.75,29606.25,29635,,,,
1786100700,29635.25,29646.75,29629.5,29638.5,,,,
1786101000,29638.75,29648.5,29635,29638,,,,
1786101300,29637.25,29648.25,29635.75,29640,,,,
1786101600,29640.25,29647.75,29638,29646,,,,
1786101900,29645.75,29662,29645,29653,,,,
1786102200,29653.25,29656.75,29646.75,29655.5,,,,
1786102500,29656.25,29666.75,29649,29660.75,,,,
1786102800,29660.5,29669.75,29658.25,29665.5,,,,
1786103100,29666.25,29666.5,29659.5,29661.5,,,,
1786103400,29662,29663.75,29636.25,29638.25,,,,
1786103700,29639.25,29645,29612,29613.75,,,,
1786104000,29614,29673,29604.75,29650,,,,
1786104300,29650,29653,29633.75,29644.5,,,,
1786104600,29645,29665,29640.5,29658.75,,,,
1786104900,29658.5,29671.75,29655.25,29655.75,,,,
1786105200,29656.25,29660.5,29639.5,29655,,,,
1786105500,29655.5,29685.5,29596,29674.5,,,,
1786105800,29667.25,29771,29647.5,29752.5,,,,
1786106100,29752.5,29798.75,29738,29797.5,,,,
1786106400,29797.5,29814,29784.25,29802,,,,
1786106700,29802,29854.5,29801.75,29846,,,,
1786107000,29846,29867.25,29844,29848.75,,,,
1786107300,29849,29849.5,29831.75,29843.5,,,,
1786107600,29843.75,29851.25,29784.5,29786.25,,,,
1786107900,29786,29805,29763.75,29780.25,,,,
1786108200,29780,29783.5,29734,29741,,,,
1786108500,29742,29745.5,29714.25,29731.25,,,,
1786108800,29731.5,29736.25,29720,29728.75,,,,
1786109100,29729,29744,29686,29714.75,,,,
1786109400,29714.5,29813,29683,29805.75,,,,
1786109700,29805.75,29809.75,29696.25,29731.75,,,,
1786110000,29731.25,29796,29703.5,29787.25,,,,
1786110300,29787.5,29821.75,29708.25,29773.5,,,,
1786110600,29773.75,29800,29744.5,29753.5,,,,
1786110900,29753.75,29761.75,29644.25,29678.75,,,,
1786111200,29679,29713,29616.5,29619.25,,,,
1786111500,29619.5,29685.25,29613.5,29630.75,,,,
1786111800,29631,29649.5,29564.25,29584.75,,,,
1786112100,29585.5,29720.25,29568.25,29718.75,,,,
1786112400,29718.75,29745.5,29687.25,29702.5,,,,
1786112700,29703,29779,29700.75,29761,,,,
1786113000,29760.75,29774.75,29713.5,29730.75,,,,
1786113300,29730.75,29744.5,29668.75,29678.5,,,,
1786113600,29678,29720.5,29660,29676,,,,
1786113900,29676,29732.25,29668.25,29708,,,,
1786114200,29708.25,29727,29666.25,29682,,,,
1786114500,29681.75,29733.5,29674.75,29720.25,,,,
1786114800,29721,29748,29708.75,29744.5,,,,
1786115100,29745,29769,29741.25,29756.25,,,,
1786115400,29756.5,29783,29738.25,29759.75,,,,
1786115700,29760,29768,29746.75,29758.25,,,,
1786116000,29758,29799,29752.75,29795.25,,,,
1786116300,29795.75,29828.75,29793.75,29826.75,,,,
1786116600,29826.25,29855,29826,29839.75,,,,
1786116900,29840.5,29843.5,29818.5,29824.25,,,,
1786117200,29825.25,29837.5,29793.75,29811.75,,,,
1786117500,29812.25,29834.5,29801.5,29829.75,,,,
1786117800,29829.25,29843.25,29797,29816.25,,,,
1786118100,29815.25,29821.75,29796.25,29814.25,,,,
1786118400,29814.5,29820.75,29794.25,29811.75,,,,
1786118700,29812,29830.25,29809,29824.5,,,,
1786119000,29825,29829.5,29798.25,29799.75,,,,
1786119300,29800,29818.75,29785.25,29793.5,,,,
1786119600,29794.5,29821.5,29746.25,29747.75,,,,
1786119900,29747.75,29753.25,29689,29714.25,,,,
1786120200,29714.25,29738.75,29669,29735.75,,,,
1786120500,29736,29757.75,29718.75,29752.25,,,,
1786120800,29752.25,29761.25,29734.5,29754.25,,,,
1786121100,29754.75,29774.5,29753.5,29767.5,,,,
1786121400,29768,29780.75,29739.5,29745.75,,,,
1786121700,29745.75,29765,29738,29739.75,,,,
1786122000,29740.25,29758,29726.25,29744.75,,,,
1786122300,29744.75,29768.5,29741.5,29764.75,,,,
1786122600,29764.5,29767,29733.75,29735.5,,,,
1786122900,29735.5,29760.25,29731.25,29756,,,,
1786123200,29756.5,29765,29731.25,29732.5,,,,
1786123500,29732.5,29756.75,29725.5,29747.75,,,,
1786123800,29747.75,29754.75,29727,29736.25,,,,
1786124100,29736.75,29764.5,29734.25,29761.75,,,,
1786124400,29761.75,29763,29739,29745.25,,,,
1786124700,29745.5,29755.25,29740.25,29746.25,,,,
1786125000,29746,29759.25,29735,29751,,,,
1786125300,29751.5,29758,29743,29743.25,,,,
1786125600,29743.5,29754.75,29741.25,29746.75,,,,
1786125900,29747,29753.25,29734,29743.25,,,,
1786126200,29743.5,29747.5,29712.75,29721,,,,
1786126500,29721.25,29734.25,29716.25,29727.25,,,,
1786126800,29727.25,29731.75,29711.5,29718.5,,,,
1786127100,29717.75,29722.75,29702.75,29706,,,,
1786127400,29706,29724.5,29700.25,29704.25,,,,
1786127700,29704.25,29710.75,29690.75,29698.75,,,,
1786128000,29698.5,29702,29678.75,29681,,,,
1786128300,29681.5,29701.75,29676.75,29699.75,,,,
1786128600,29699.25,29711.75,29695,29698,,,,
1786128900,29698.25,29731,29690,29725.25,,,,
1786129200,29724.75,29772.5,29722.75,29745.75,,,,
1786129500,29745.75,29793.75,29744,29792.25,,,,
1786129800,29792.25,29810,29792,29799.75,,,,
1786130100,29800.5,29823.25,29791.75,29793,,,,
1786130400,29793.75,29815,29793,29798.75,,,,
1786130700,29799,29811.75,29795,29811,,,,
1786131000,29811.25,29812,29776.25,29778.75,,,,
1786131300,29778.75,29802,29772.5,29795,,,,
1786131600,29795.25,29797.5,29772,29779.75,,,,
1786131900,29779.5,29796.75,29778,29790.5,,,,
1786132200,29791,29835.75,29785,29828,,,,
1786132500,29827.75,29860.5,29817.75,29833.5,,,,
1786132800,29833.5,29850.5,29812,29814.75,,,,
1786133100,29815,29822.5,29807.5,29809.25,,,,
1786133400,29809,29826.5,29805,29820,,,,
1786133700,29820.75,29829.5,29816.25,29817,,,,
1786134000,29817,29818.25,29805.25,29811.25,,,,
1786134300,29811.25,29813.5,29803.75,29804.5,,,,
1786134600,29805.5,29820,29802.5,29816.75,,,,
1786134900,29816.75,29824.25,29815.75,29820.25,,,,
1786135200,29819.75,29826,29813.5,29814.25,,,,
1786135500,29814.25,29818.75,29812.75,29815.25,,,,
1786135800,29815,29827.25,29814.25,29821.25,,,,
1786136100,29821,29844,29818.75,29841,,,,
1786312800,29851.5,29897,29850,29866,,,,
1786313100,29866,29867.75,29842,29850.25,,,,
1786313400,29851,29860.75,29820,29828,,,,
1786313700,29828,29829.25,29805,29821,,,,
1786314000,29821,29839.75,29818.25,29835.5,,,,
1786314300,29835.5,29855,29822,29838.5,,,,
1786314600,29838.5,29853.25,29816.5,29821.5,,,,
1786314900,29820.75,29833,29814,29829,,,,
1786315200,29829.25,29845.25,29828.5,29836,,,,
1786315500,29837,29849.5,29830.5,29837,,,,
1786315800,29837,29852.25,29837,29849.75,,,,
1786316100,29849.75,29850,29842.25,29844.25,,,,
1786316400,29845,29853.75,29833,29850.75,,,,
1786316700,29850.25,29876.5,29847.25,29861.75,,,,
1786317000,29861.75,29868,29858.75,29861.75,,,,
1786317300,29861.75,29864.75,29855,29861.75,,,,
1786317600,29863,29881.75,29860.5,29870,,,,
1786317900,29870.25,29875.25,29858,29863.5,,,,
1786318200,29864,29865.75,29834.25,29841.5,,,,
1786318500,29841.5,29859.25,29837.75,29855.25,,,,
1786318800,29855,29865.5,29850.25,29862.25,,,,
1786319100,29863,29873.5,29861,29869,,,,
1786319400,29868.75,29869.5,29855.25,29861.5,,,,
1786319700,29861.25,29862,29827.75,29829.75,,,,
1786320000,29829.25,29838.5,29797.75,29826,,,,
1786320300,29826.25,29885,29822.5,29872,,,,
1786320600,29872,29906.5,29869,29892.25,,,,
1786320900,29892.25,29899.75,29873,29874.75,,,,
1786321200,29873.5,29888,29843.25,29849,,,,
1786321500,29849.5,29862,29839,29847,,,,
1786321800,29846.25,29865.5,29842,29856,,,,
1786322100,29856,29859.25,29809.75,29811,,,,
1786322400,29811.25,29824,29800,29806.75,,,,
1786322700,29806.75,29827.25,29805,29826.75,,,,
1786323000,29826,29831.25,29803.25,29812.5,,,,
1786323300,29813,29818,29788,29803,,,,
1786323600,29802.5,29835.5,29791.5,29825.5,,,,
1786323900,29824.25,29838.5,29809.25,29828.75,,,,
1786324200,29829.25,29855,29822.75,29853,,,,
1786324500,29852.5,29865.5,29846,29865.5,,,,
1786324800,29865,29882.75,29858.5,29879,,,,
1786325100,29879,29884.5,29863,29864.25,,,,
1786325400,29864.5,29869.75,29841.25,29851.5,,,,
1786325700,29851.25,29881.25,29845.25,29877.5,,,,
1786326000,29877.5,29879,29860.75,29875.5,,,,
1786326300,29875.25,29891.5,29871.5,29890,,,,
1786326600,29890,29895,29885.75,29888.75,,,,
1786326900,29888,29889.5,29881.75,29884.5,,,,
1786327200,29885.75,29890,29873.75,29885.75,,,,
1786327500,29886.25,29895.25,29875.25,29876,,,,
1786327800,29876.75,29885.75,29869,29872.25,,,,
1786328100,29873.5,29874,29852.25,29863,,,,
1786328400,29863.25,29868.5,29857,29858,,,,
1786328700,29858.25,29871.5,29858.25,29870,,,,
1786329000,29869.75,29874,29854,29855.75,,,,
1786329300,29855.75,29883.25,29848.5,29882.75,,,,
1786329600,29882.75,29891.25,29880,29890,,,,
1786329900,29889.5,29892.75,29886.5,29887.25,,,,
1786330200,29887.25,29899.25,29887,29892.75,,,,
1786330500,29892.5,29899,29880.5,29881,,,,
1786330800,29881,29892,29877.25,29879.5,,,,
1786331100,29880.25,29881.25,29871.75,29876.75,,,,
1786331400,29876.75,29880.5,29868.5,29876.5,,,,
1786331700,29876.75,29891.25,29871,29888.25,,,,
1786332000,29889,29891.5,29877.5,29879.75,,,,
1786332300,29880,29885,29871.25,29880.5,,,,
1786332600,29880.5,29888.5,29873,29888.5,,,,
1786332900,29888.75,29897.75,29882.75,29894.25,,,,
1786333200,29894.25,29897.75,29889.25,29897.25,,,,
1786333500,29897.25,29899,29888,29893,,,,
1786333800,29893,29898.75,29881.25,29883.5,,,,
1786334100,29883,29883.25,29870.5,29878.5,,,,
1786334400,29878.25,29888.25,29872,29881.5,,,,
1786334700,29880.5,29897.25,29872.5,29896.75,,,,
1786335000,29897.25,29898,29885.25,29894.75,,,,
1786335300,29895.25,29902,29891.5,29896.75,,,,
1786335600,29896.5,29899.75,29893.25,29897.25,,,,
1786335900,29896.25,29904,29890.25,29899.25,,,,
1786336200,29899.5,29900,29887.25,29889.75,,,,
1786336500,29889.25,29893,29882,29884,,,,
1786336800,29883.75,29889.25,29863.75,29886.75,,,,
1786337100,29887.5,29897.75,29882,29889.5,,,,
1786337400,29889,29902,29884.25,29884.75,,,,
1786337700,29884.75,29885,29872.25,29882.25,,,,
1786338000,29881.75,29899.75,29880.75,29898.5,,,,
1786338300,29899,29914,29897.5,29906.75,,,,
1786338600,29907.25,29919.25,29906.25,29917.25,,,,
1786338900,29917,29920.75,29911,29915,,,,
1786339200,29915.5,29924.25,29912.5,29921.75,,,,
1786339500,29921.5,29924,29909,29910.25,,,,
1786339800,29910,29916,29907.25,29913.25,,,,
1786340100,29913.25,29919.5,29906.25,29909,,,,
1786340400,29908.5,29910.5,29903,29905.25,,,,
1786340700,29905,29910.5,29899.25,29904.75,,,,
1786341000,29904.25,29926.25,29903,29924.75,,,,
1786341300,29925.25,29930.5,29924.25,29929.5,,,,
1786341600,29929.75,29942.5,29926.5,29937.75,,,,
1786341900,29938,29946,29934.5,29943.5,,,,
1786342200,29943.25,29962,29943,29956.5,,,,
1786342500,29956.5,29963.75,29947.25,29959.5,,,,
1786342800,29959,29959.75,29923.75,29926.5,,,,
1786343100,29926,29928,29907.75,29914.25,,,,
1786343400,29913.75,29925,29907,29918,,,,
1786343700,29918.5,29919.5,29907.75,29916,,,,
1786344000,29916.25,29922,29912.5,29917.75,,,,
1786344300,29918,29920.5,29911,29913.75,,,,
1786344600,29914.75,29924,29911,29913,,,,
1786344900,29913.5,29917,29904.25,29908.75,,,,
1786345200,29908.5,29923.25,29902.5,29917,,,,
1786345500,29917.5,29922,29904.25,29910.25,,,,
1786345800,29910,29915.25,29886.75,29913.25,,,,
1786346100,29913.75,29932,29911,29930.5,,,,
1786346400,29931.25,29952.5,29931,29948,,,,
1786346700,29948,29953.25,29936.5,29952,,,,
1786347000,29951.5,29957.75,29947.5,29952,,,,
1786347300,29951.75,29967.5,29951.75,29963.5,,,,
1786347600,29963.5,29969.5,29958.25,29965.75,,,,
1786347900,29966,29985,29935.75,29938.75,,,,
1786348200,29939.25,29949,29936.75,29944.25,,,,
1786348500,29944.75,29959.5,29944,29952.75,,,,
1786348800,29953,29981.25,29947.5,29978,,,,
1786349100,29977.25,29980.75,29953.75,29959.75,,,,
1786349400,29959.5,29963.75,29946.5,29962.5,,,,
1786349700,29962.5,29973.5,29957.75,29967.25,,,,
1786350000,29967.5,29968,29939,29953.25,,,,
1786350300,29954.5,29960.5,29946.25,29952.25,,,,
1786350600,29953,29959.25,29943.75,29958,,,,
1786350900,29957.75,29971.25,29956.5,29968.5,,,,
1786351200,29968.25,29972.25,29952,29956,,,,
1786351500,29955.25,29957,29949,29954.5,,,,
1786351800,29953.75,29964.5,29949.75,29963,,,,
1786352100,29962.5,29975.75,29960.25,29971.75,,,,
1786352400,29972,29976.75,29965.5,29976.25,,,,
1786352700,29975.75,29979.25,29969,29976,,,,
1786353000,29976.5,29984.25,29971.25,29976,,,,
1786353300,29976,29982.25,29963,29965.25,,,,
1786353600,29965.5,29978,29965,29977.25,,,,
1786353900,29977,29978.5,29965,29968.5,,,,
1786354200,29968.25,29971.75,29959.75,29970.5,,,,
1786354500,29970.25,29970.75,29943,29946,,,,
1786354800,29946,29949.75,29936,29944.75,,,,
1786355100,29944.75,29947.5,29936,29945.5,,,,
1786355400,29944.25,29952.25,29943,29945.5,,,,
1786355700,29945,29949.25,29937.5,29938.25,,,,
1786356000,29939,29959.25,29933,29956.25,,,,
1786356300,29957.25,29959,29941,29941,,,,
1786356600,29941.25,29944.25,29916,29918,,,,
1786356900,29918.25,29929.25,29915.25,29927,,,,
1786357200,29927.5,29952,29927.25,29951.25,,,,
1786357500,29951.25,29951.5,29939.25,29945.5,,,,
1786357800,29945.25,29945.75,29928.75,29937,,,,
1786358100,29937,29937.5,29917.25,29918.5,,,,
1786358400,29917.5,29920,29909.25,29919.25,,,,
1786358700,29918.5,29925,29917,29920,,,,
1786359000,29918.75,29938.25,29918.25,29927.75,,,,
1786359300,29928.25,29932.25,29909.25,29912.75,,,,
1786359600,29912.5,29926.25,29882.75,29888.25,,,,
1786359900,29889,29889.25,29873,29875.5,,,,
1786360200,29876.25,29883.75,29851.75,29876.5,,,,
1786360500,29876.5,29882.25,29864.25,29870,,,,
1786360800,29870.5,29892,29868.5,29881,,,,
1786361100,29880.75,29913,29874,29909.25,,,,
1786361400,29909,29915,29904.5,29911,,,,
1786361700,29911,29912.75,29890.5,29892.25,,,,
1786362000,29892,29908.5,29872.5,29875,,,,
1786362300,29874.5,29885.25,29845.75,29848.5,,,,
1786362600,29849,29874,29845.25,29862.75,,,,
1786362900,29862.75,29881,29859,29871,,,,
1786363200,29871.5,29882.5,29854.25,29877.75,,,,
1786363500,29877,29882.25,29863.75,29880.25,,,,
1786363800,29880.5,29884.25,29843,29846,,,,
1786364100,29846,29847.75,29826.5,29829.5,,,,
1786364400,29829.25,29834.75,29810.25,29820,,,,
1786364700,29820,29827.5,29816,29822.75,,,,
1786365000,29822.25,29829.25,29794.25,29794.5,,,,
1786365300,29794.25,29812.5,29780.25,29792.5,,,,
1786365600,29791.75,29809.75,29789.5,29804,,,,
1786365900,29804.25,29809.75,29791,29797.5,,,,
1786366200,29797.25,29797.25,29773.25,29778,,,,
1786366500,29778,29783.25,29771,29777.75,,,,
1786366800,29777.75,29797,29771.75,29794.5,,,,
1786367100,29794.75,29808.5,29789,29807.25,,,,
1786367400,29807.5,29816.25,29796.75,29804.5,,,,
1786367700,29804.75,29819,29792.75,29815.5,,,,
1786368000,29815.75,29820.75,29793,29813.75,,,,
1786368300,29813,29823.5,29789,29805.5,,,,
1786368600,29805.5,29841.25,29736.75,29741,,,,
1786368900,29741,29811.25,29726.75,29763.75,,,,
1786369200,29763.25,29788.25,29719,29775.5,,,,
1786369500,29775.25,29826,29767,29818.25,,,,
1786369800,29817.25,29832.75,29754.25,29776.5,,,,
1786370100,29777,29819.5,29757,29806.75,,,,
1786370400,29806.5,29831.5,29788.25,29819.25,,,,
1786370700,29819.75,29876.25,29817.5,29874.5,,,,
1786371000,29874.75,29894,29871,29881.25,,,,
1786371300,29881.75,29900,29855.5,29862.75,,,,
1786371600,29862.25,29885,29824.5,29837.5,,,,
1786371900,29838.5,29869.5,29801.25,29857.75,,,,
1786372200,29857.75,29882.25,29847.75,29860.75,,,,
1786372500,29860.75,29893,29838.75,29860,,,,
1786372800,29859.5,29883,29854.5,29866.25,,,,
1786373100,29866.5,29886.25,29862,29869.75,,,,
1786373400,29870.25,29877.5,29793,29795.75,,,,
1786373700,29795.5,29816,29776.75,29779.5,,,,
1786374000,29779.75,29815.75,29771,29800,,,,
1786374300,29800.25,29823.5,29782.75,29783,,,,
1786374600,29782.75,29806.5,29764.75,29793,,,,
1786374900,29793.5,29817.5,29790.25,29799.75,,,,
1786375200,29800.5,29809.25,29772.75,29783.75,,,,
1786375500,29784.5,29788,29753.5,29777.75,,,,
1786375800,29777,29788,29747.5,29750.5,,,,
1786376100,29750.75,29770.75,29741.25,29761.5,,,,
1786376400,29761.75,29809,29752.5,29808,,,,
1786376700,29808,29818.5,29786.5,29795.5,,,,
1786377000,29795.75,29849.75,29793.25,29846.5,,,,
1786377300,29846.25,29855,29837.25,29844,,,,
1786377600,29844.25,29858.75,29841,29848.5,,,,
1786377900,29848.5,29850.75,29815.5,29826,,,,
1786378200,29826,29833.25,29811.5,29822,,,,
1786378500,29822,29835.25,29803.75,29821.75,,,,
1786378800,29821.5,29841.25,29815.75,29839,,,,
1786379100,29839,29844,29807.75,29810,,,,
1786379400,29809.5,29817.25,29745.75,29778,,,,
1786379700,29778.5,29796.25,29760.25,29769.25,,,,
1786380000,29769,29774.75,29730.25,29742.5,,,,
1786380300,29742.25,29768.5,29732.5,29766.5,,,,
1786380600,29766.75,29768,29741.75,29755.75,,,,
1786380900,29755.75,29781,29755.75,29779.75,,,,
1786381200,29780,29783.75,29760.25,29773.5,,,,
1786381500,29773.25,29801.75,29769,29800.5,,,,
1786381800,29800.5,29808.75,29792.75,29800.75,,,,
1786382100,29800.5,29811.5,29788.75,29796,,,,
1786382400,29796.5,29804.5,29791.75,29796.75,,,,
1786382700,29796.75,29800,29776,29786.75,,,,
1786383000,29786.5,29797.5,29784.5,29787.5,,,,
1786383300,29787.75,29791,29764,29769.75,,,,
1786383600,29769.25,29778.75,29756,29759.75,,,,
1786383900,29759.5,29763.5,29752.5,29754,,,,
1786384200,29754,29761.75,29744.25,29752.5,,,,
1786384500,29753,29767.5,29745.5,29759.25,,,,
1786384800,29759.5,29768,29749.75,29754.75,,,,
1786385100,29754.5,29770.5,29748.25,29765,,,,
1786385400,29765,29772.25,29750,29751.25,,,,
1786385700,29751.5,29756.25,29742.25,29747.75,,,,
1786386000,29747.25,29755.75,29742.5,29750,,,,
1786386300,29750.5,29756.5,29743.25,29746.75,,,,
1786386600,29747.75,29764.75,29742.25,29763.25,,,,
1786386900,29763.25,29770.5,29746,29755,,,,
1786387200,29755.25,29774.5,29754,29772,,,,
1786387500,29772.5,29775.75,29759.5,29766,,,,
1786387800,29765.75,29780.25,29765.5,29774.75,,,,
1786388100,29774.75,29784.75,29767.25,29782,,,,
1786388400,29782.75,29793.25,29778.5,29782.75,,,,
1786388700,29782.75,29788.75,29775.5,29787.25,,,,
1786389000,29787.25,29794.75,29782.5,29789.5,,,,
1786389300,29789.75,29796.5,29781.5,29784.75,,,,
1786389600,29785.25,29794.25,29781,29793,,,,
1786389900,29793.75,29795.75,29779.25,29781.75,,,,
1786390200,29782.25,29788.75,29772.75,29777,,,,
1786390500,29777,29793.5,29773.75,29787.75,,,,
1786390800,29788,29789.5,29770.25,29775.75,,,,
1786391100,29776.25,29784.5,29766.25,29781.75,,,,
1786391400,29781.75,29781.75,29733.75,29736.5,,,,
1786391700,29736.5,29756.75,29722.75,29744,,,,
1786392000,29744.25,29755,29740,29745.75,,,,
1786392300,29745.25,29755,29739.5,29753.5,,,,
1786392600,29753.25,29753.75,29741,29744.75,,,,
1786392900,29745,29753,29741.5,29743.75,,,,
1786393200,29743.75,29750.5,29737,29743.5,,,,
1786393500,29743.25,29755,29742.25,29751.25,,,,
1786393800,29751.5,29753.5,29743,29747.75,,,,
1786394100,29747.25,29753.25,29743,29750.25,,,,
1786394400,29750.5,29759.5,29747.5,29757.5,,,,
1786394700,29757.75,29767.25,29757.75,29761,,,,
1786395000,29760.75,29770,29755.75,29768.5,,,,
1786395300,29769,29770,29761.75,29763.75,,,,
1786399200,29764.25,29788.5,29760.25,29773.25,,,,
1786399500,29773,29775.25,29756.25,29761.25,,,,
1786399800,29761,29764.5,29752.25,29761,,,,
1786400100,29761.5,29763.75,29745.75,29745.75,,,,
1786400400,29746.25,29751,29732.75,29739.75,,,,
1786400700,29739.75,29750.25,29738.75,29745.5,,,,
1786401000,29746.75,29747.5,29724.25,29726.75,,,,
1786401300,29727.5,29732,29723.25,29727.75,,,,
1786401600,29727.25,29731.25,29720.25,29724.75,,,,
1786401900,29725,29733,29724,29727.5,,,,
1786402200,29728,29735.5,29725,29729.75,,,,
1786402500,29729.5,29736.75,29729.5,29732.5,,,,
1786402800,29732.5,29734.75,29719.25,29730.25,,,,
1786403100,29729.75,29733.75,29727.5,29730,,,,
1786403400,29730,29733,29728,29731,,,,
1786403700,29731.25,29732,29722.25,29724.5,,,,
1786404000,29724.5,29725.5,29702.5,29710.75,,,,
1786404300,29710.25,29717,29705,29708.25,,,,
1786404600,29708.75,29710.25,29701.75,29707.25,,,,
1786404900,29708,29715.5,29706.5,29709.25,,,,
1786405200,29709.25,29715.75,29706,29714.25,,,,
1786405500,29713.75,29726.5,29705,29717.25,,,,
1786405800,29717.5,29719.75,29692.75,29696.25,,,,
1786406100,29696.25,29706.5,29677.75,29703.5,,,,
1786406400,29703,29704.75,29666,29687.25,,,,
1786406700,29687.25,29718.25,29681,29704.5,,,,
1786407000,29704.5,29753.75,29701.25,29748.5,,,,
1786407300,29748.5,29751,29728,29736.25,,,,
1786407600,29736.25,29755.75,29724.75,29742.75,,,,
1786407900,29743.25,29765,29740,29762.75,,,,
1786408200,29762.75,29769,29755.75,29757.5,,,,
1786408500,29757,29771.75,29756,29761.75,,,,
1786408800,29762,29782.75,29761.5,29779,,,,
1786409100,29780,29792,29777,29778.25,,,,
1786409400,29778.25,29794.25,29778,29791.25,,,,
1786409700,29791,29792.5,29783.25,29784.75,,,,
1786410000,29784.75,29798.5,29766,29771.75,,,,
1786410300,29772.5,29789.5,29764.25,29789,,,,
1786410600,29789,29826.25,29787.75,29826,,,,
1786410900,29826,29828.5,29809.75,29814.25,,,,
1786411200,29813.5,29839.75,29812,29834,,,,
1786411500,29833.25,29834.5,29812,29820,,,,
1786411800,29819.75,29828,29812.5,29816,,,,
1786412100,29815.25,29821.25,29810,29813.5,,,,
1786412400,29814,29826.25,29811,29822.25,,,,
1786412700,29822.25,29842.75,29817,29842,,,,
1786413000,29841.75,29842,29831.25,29836.5,,,,
1786413300,29836.75,29837.25,29818.25,29818.5,,,,
1786413600,29818,29829.25,29813.75,29828.75,,,,
1786413900,29828.25,29830.75,29812,29815.5,,,,
1786414200,29815.75,29823.75,29814,29820.75,,,,
1786414500,29820.75,29827.75,29814.25,29823,,,,
1786414800,29823,29824.25,29812.75,29819.75,,,,
1786415100,29819.75,29827,29814,29823.5,,,,
1786415400,29824,29839,29823.5,29833.75,,,,
1786415700,29833.5,29834,29824.25,29826.75,,,,
1786416000,29826.75,29839.75,29826.5,29839.5,,,,
1786416300,29839,29846.25,29832.25,29834.25,,,,
1786416600,29834.75,29834.75,29820,29826.25,,,,
1786416900,29826.5,29827,29815,29818.75,,,,
1786417200,29818.5,29832.25,29814.75,29830,,,,
1786417500,29830.5,29830.75,29815.75,29826.25,,,,
1786417800,29826.75,29828.75,29818,29821.75,,,,
1786418100,29822,29826,29817.75,29822.25,,,,
1786418400,29822.25,29841.75,29819.25,29840.75,,,,
1786418700,29841.75,29847.5,29836,29841.5,,,,
1786419000,29841.5,29843.25,29826.25,29828.75,,,,
1786419300,29829,29842.75,29827.5,29838,,,,
1786419600,29838,29842.25,29831,29832.5,,,,
1786419900,29832.75,29836.5,29828.25,29834.75,,,,
1786420200,29834.75,29843.25,29832,29841.5,,,,
1786420500,29840.5,29842,29829.25,29831.75,,,,
1786420800,29832.25,29839.5,29832.25,29835.25,,,,
1786421100,29835.25,29841.5,29834.25,29837,,,,
1786421400,29837,29850.75,29837,29848,,,,
1786421700,29848.5,29849.75,29844,29845.25,,,,
1786422000,29845.5,29846.5,29838.5,29841.5,,,,
1786422300,29840.75,29854.75,29839.25,29853.5,,,,
1786422600,29852.75,29862,29847,29847.25,,,,
1786422900,29847.25,29851.5,29843.5,29849.5,,,,
1786423200,29849.25,29849.5,29834.75,29838.5,,,,
1786423500,29838.75,29847.25,29837.75,29841,,,,
1786423800,29841.75,29843,29833.75,29836,,,,
1786424100,29835.75,29840.25,29835.25,29839.25,,,,
1786424400,29839.25,29846.25,29832.75,29834.5,,,,
1786424700,29835.25,29848,29830.25,29845.5,,,,
1786425000,29845,29855,29842.75,29852,,,,
1786425300,29851.75,29853.5,29827,29827.25,,,,
1786425600,29828,29828.5,29815.25,29815.75,,,,
1786425900,29815.5,29821,29813,29814.5,,,,
1786426200,29814.75,29818,29798.75,29817,,,,
1786426500,29816.75,29829.5,29814.75,29820.75,,,,
1786426800,29820.25,29825,29810,29815,,,,
1786427100,29815,29817.75,29796.5,29799.25,,,,
1786427400,29798.75,29801,29788.25,29793.5,,,,
1786427700,29793.25,29801.25,29788.75,29792.75,,,,
1786428000,29793.25,29816.75,29787,29811.75,,,,
1786428300,29812,29818.5,29805.5,29815.5,,,,
1786428600,29815.25,29827.5,29813.25,29819.75,,,,
1786428900,29820,29822,29791.5,29792.25,,,,
1786429200,29792,29794.25,29777.5,29778.25,,,,
1786429500,29778.25,29780.25,29765.75,29771,,,,
1786429800,29771,29780,29732.25,29745.25,,,,
1786430100,29745.75,29776.75,29738,29775.25,,,,
1786430400,29775,29789.5,29774.25,29783.5,,,,
1786430700,29784,29787,29762,29765.5,,,,
1786431000,29765.5,29770.25,29740.5,29741.5,,,,
1786431300,29742,29756.25,29738.25,29754.75,,,,
1786431600,29755.25,29770.5,29745.25,29761.5,,,,
1786431900,29761,29763.25,29733.5,29748.75,,,,
1786432200,29749,29767.75,29744.5,29759,,,,
1786432500,29758.25,29765,29739,29743.25,,,,
1786432800,29742.25,29747,29726,29735.75,,,,
1786433100,29736,29760.25,29734.75,29743.75,,,,
1786433400,29744.25,29774.75,29742.5,29772,,,,
1786433700,29771.25,29780,29769.75,29770.75,,,,
1786434000,29771.5,29776.25,29761,29768.75,,,,
1786434300,29768.5,29776.5,29757.75,29762.25,,,,
1786434600,29762.75,29775,29752.75,29757.25,,,,
1786434900,29757,29779.5,29756.25,29775.25,,,,
1786435200,29774.75,29805.5,29767,29779,,,,
1786435500,29779,29782,29741.25,29749,,,,
1786435800,29749.25,29760.75,29730,29731.5,,,,
1786436100,29732.25,29738.75,29723.25,29728,,,,
1786436400,29727.75,29737,29718,29733.5,,,,
1786436700,29734.25,29748.5,29733,29733,,,,
1786437000,29733,29745.75,29717.5,29723,,,,
1786437300,29722.5,29736.25,29717.75,29736,,,,
1786437600,29735.25,29755,29731,29754,,,,
1786437900,29753,29763.75,29749.5,29757.25,,,,
1786438200,29757,29763.5,29750.75,29758,,,,
1786438500,29758.25,29758.25,29742,29749,,,,
1786438800,29748,29754,29724.5,29738.75,,,,
1786439100,29738.75,29756.25,29719.25,29721.25,,,,
1786439400,29720.5,29734.75,29718.5,29732.75,,,,
1786439700,29732.5,29760,29731.25,29758.25,,,,
1786440000,29757.5,29765.75,29747.5,29753.25,,,,
1786440300,29753,29762.25,29743,29759.25,,,,
1786440600,29759,29774.75,29755,29767.25,,,,
1786440900,29768.25,29775.75,29763.5,29772.75,,,,
1786441200,29772.5,29784.25,29767.5,29768,,,,
1786441500,29768,29781.25,29768,29774,,,,
1786441800,29773.5,29773.5,29764.25,29767.25,,,,
1786442100,29767.5,29773,29764.25,29769.5,,,,
1786442400,29769.5,29774.75,29760.25,29761,,,,
1786442700,29761.25,29765.75,29751.25,29764.75,,,,
1786443000,29764.5,29765.25,29754.75,29755.75,,,,
1786443300,29756,29774.25,29749.5,29774,,,,
1786443600,29773.5,29807.5,29772.25,29799.25,,,,
1786443900,29799.75,29833.25,29795.5,29821.5,,,,
1786444200,29822,29823.75,29804.5,29811.25,,,,
1786444500,29812,29814.5,29803,29803.5,,,,
1786444800,29803,29818,29801.75,29815,,,,
1786445100,29814.25,29828,29811,29826.5,,,,
1786445400,29826.75,29826.75,29816.5,29816.5,,,,
1786445700,29817,29818.75,29813,29817.75,,,,
1786446000,29817.25,29887,29817.25,29879,,,,
1786446300,29879.25,29886.5,29869,29876.75,,,,
1786446600,29877.5,29883,29867.25,29872.25,,,,
1786446900,29871.25,29873.5,29837.25,29839.25,,,,
1786447200,29839,29846.25,29830.5,29831.5,,,,
1786447500,29831.5,29840,29828.5,29834.5,,,,
1786447800,29834,29836.75,29816.25,29821.25,,,,
1786448100,29820.25,29828.5,29810.5,29817.5,,,,
1786448400,29818,29835.5,29812.75,29825,,,,
1786448700,29824.75,29827.75,29812,29823,,,,
1786449000,29823.75,29835.5,29823,29833,,,,
1786449300,29833.25,29834.25,29825.75,29832.5,,,,
1786449600,29832,29834.75,29819,29830.25,,,,
1786449900,29829.75,29854.25,29829.75,29853.25,,,,
1786450200,29853,29864.75,29852.5,29861.75,,,,
1786450500,29862,29871.5,29855.25,29862.75,,,,
1786450800,29863.25,29871,29820.5,29823,,,,
1786451100,29823.75,29835,29822.75,29829,,,,
1786451400,29829.25,29837.5,29819.75,29831.5,,,,
1786451700,29833,29857.5,29830.5,29853,,,,
1786452000,29852.75,29856.75,29841.75,29846.25,,,,
1786452300,29846.25,29853.75,29839,29841.25,,,,
1786452600,29841,29843.25,29827.75,29838.75,,,,
1786452900,29839.25,29846.5,29832,29832.25,,,,
1786453200,29833,29852,29830.5,29836.25,,,,
1786453500,29836,29849.75,29836,29845.75,,,,
1786453800,29845.5,29847.5,29820.25,29828,,,,
1786454100,29828,29839.5,29813,29829.5,,,,
1786454400,29829,29837.5,29822,29831.25,,,,
1786454700,29831.5,29846,29816,29839.75,,,,
1786455000,29839.25,29842.75,29726.25,29736.5,,,,
1786455300,29736.75,29743,29678.75,29701.75,,,,
1786455600,29702,29756.5,29700.5,29723.5,,,,
1786455900,29723.25,29725.25,29636,29660.75,,,,
1786456200,29660.5,29696.25,29642.75,29663.25,,,,
1786456500,29663.5,29735,29656.75,29732.5,,,,
1786456800,29733,29770.75,29718.25,29756.5,,,,
1786457100,29756.25,29793,29751.75,29778.5,,,,
1786457400,29778.5,29790.5,29756.75,29762.25,,,,
1786457700,29762.25,29791,29738.5,29748.75,,,,
1786458000,29749.25,29773.75,29736.75,29748.5,,,,
1786458300,29748.5,29782,29742.5,29777.75,,,,
1786458600,29777.25,29785,29733,29772.5,,,,
1786458900,29772.75,29778,29742.5,29744.5,,,,
1786459200,29744.5,29759.25,29723.25,29742.25,,,,
1786459500,29742.25,29783.5,29739.75,29780.25,,,,
1786459800,29779.75,29805,29765.5,29794.25,,,,
1786460100,29794.75,29804,29770.75,29776.25,,,,
1786460400,29777.25,29793,29771.25,29776.75,,,,
1786460700,29776.5,29777,29712.25,29713.75,,,,
1786461000,29713.5,29728,29703.25,29712,,,,
1786461300,29711.75,29719.25,29697.25,29709,,,,
1786461600,29709,29735.5,29702.25,29707.25,,,,
1786461900,29706.75,29722.25,29700.25,29703,,,,
1786462200,29702.75,29719.5,29666.25,29674.25,,,,
1786462500,29674,29693.25,29666.75,29670.75,,,,
1786462800,29670.25,29695,29664,29693.5,,,,
1786463100,29693.25,29693.75,29667.5,29667.5,,,,
1786463400,29668,29685.5,29660.25,29666,,,,
1786463700,29666,29676,29658.25,29663,,,,
1786464000,29663,29674.5,29647,29652.5,,,,
1786464300,29652.75,29681.75,29651,29679.75,,,,
1786464600,29679.75,29682,29649,29652.5,,,,
1786464900,29652.5,29669.75,29643.25,29648.25,,,,
1786465200,29648.25,29661.25,29640,29643.25,,,,
1786465500,29642.75,29647.25,29622,29646,,,,
1786465800,29646.25,29651,29631.5,29634,,,,
1786466100,29634,29665.5,29632.25,29661.5,,,,
1786466400,29661.75,29662,29633,29636.75,,,,
1786466700,29636.75,29638.5,29616,29632.5,,,,
1786467000,29632.5,29643.25,29630.25,29641.5,,,,
1786467300,29641.5,29642.5,29622.25,29625.75,,,,
1786467600,29626.5,29634.75,29604.25,29605.75,,,,
1786467900,29605.5,29624.75,29602.5,29613,,,,
1786468200,29613,29613.25,29577.25,29578.25,,,,
1786468500,29578.25,29608,29573,29600.5,,,,
1786468800,29600.5,29617.5,29592.25,29607.75,,,,
1786469100,29607.25,29618.5,29598.5,29606.5,,,,
1786469400,29606.5,29615,29599,29614.25,,,,
1786469700,29614.5,29628.5,29604.75,29611.25,,,,
1786470000,29611,29638.25,29609,29634.75,,,,
1786470300,29634.25,29641,29624.5,29629.75,,,,
1786470600,29630,29639.75,29630,29638.75,,,,
1786470900,29638.75,29639.5,29622.5,29629,,,,
1786471200,29629,29635.75,29617.25,29629.75,,,,
1786471500,29629.75,29634.25,29601.25,29604.75,,,,
1786471800,29604.75,29615,29602.5,29607.75,,,,
1786472100,29607.75,29614.25,29601.25,29604.5,,,,
1786472400,29604.5,29604.5,29574,29583.5,,,,
1786472700,29583.5,29587.5,29533.5,29544.25,,,,
1786473000,29544.75,29570,29540.75,29568.25,,,,
1786473300,29568.5,29576.75,29556,29562.75,,,,
1786473600,29562.75,29563,29543.25,29548.5,,,,
1786473900,29548.5,29589,29548.25,29585.25,,,,
1786474200,29585.75,29599.5,29580.25,29594.75,,,,
1786474500,29594.75,29597,29582.5,29582.5,,,,
1786474800,29582.5,29596.25,29575.25,29593,,,,
1786475100,29593.5,29593.75,29571.5,29583.25,,,,
1786475400,29582.75,29614.75,29580,29607.75,,,,
1786475700,29607.75,29615.25,29601.75,29605.5,,,,
1786476000,29605.5,29617.25,29602.75,29612.75,,,,
1786476300,29613.25,29627.25,29606.25,29624.25,,,,
1786476600,29624.5,29639,29620,29637,,,,
1786476900,29637.25,29660,29632,29659.5,,,,
1786477200,29659.5,29660.25,29637.25,29639.75,,,,
1786477500,29640,29643,29619.75,29627.5,,,,
1786477800,29628.25,29649,29606.75,29645.75,,,,
1786478100,29645.5,29650,29612.25,29635.5,,,,
1786478400,29635.75,29652,29617.25,29621.25,,,,
1786478700,29621.25,29635.5,29620,29632,,,,
1786479000,29632.25,29641.25,29615,29640.25,,,,
1786479300,29640.5,29652.5,29639.25,29649.5,,,,
1786479600,29649.5,29669.75,29649.25,29665.5,,,,
1786479900,29665.5,29677,29663.25,29674.5,,,,
1786480200,29674.25,29677.5,29668,29669.5,,,,
1786480500,29669.5,29673.75,29665.75,29668.75,,,,
1786480800,29668.75,29671.25,29665,29670.75,,,,
1786481100,29670.5,29671.5,29660.25,29661.5,,,,
1786481400,29661.5,29662.75,29651.5,29656.75,,,,
1786481700,29656.75,29659.75,29643.5,29647.25,,,,
1786485600,29663,29664,29628.5,29643.25,,,,
1786485900,29642.75,29647.5,29632.25,29640.5,,,,
1786486200,29640.75,29660.25,29631,29658.75,,,,
1786486500,29659,29661.5,29651.75,29654.75,,,,
1786486800,29655.25,29657.5,29653.25,29655.5,,,,
1786487100,29654.75,29657,29650.25,29654.25,,,,
1786487400,29654,29667.25,29642,29650.75,,,,
1786487700,29651.5,29656,29648.75,29649.5,,,,
1786488000,29650.5,29652.75,29636.75,29639,,,,
1786488300,29639.25,29648.25,29633.75,29643.75,,,,
1786488600,29643.25,29650.75,29640,29647.75,,,,
1786488900,29647.75,29654,29647.25,29649.75,,,,
1786489200,29649.75,29655,29644.25,29649.25,,,,
1786489500,29648.25,29652.25,29638,29649.25,,,,
1786489800,29649.5,29650.5,29640,29643,,,,
1786490100,29642.75,29646.25,29640.5,29642.75,,,,
1786490400,29643.25,29647,29641.5,29644.5,,,,
1786490700,29644.75,29654.75,29643.75,29652.5,,,,
1786491000,29652.25,29653,29636,29641.5,,,,
1786491300,29640.75,29643.75,29636,29637.75,,,,
1786491600,29638.25,29642.75,29638,29640.5,,,,
1786491900,29641.25,29642.75,29634,29635,,,,
1786492200,29635.5,29662.5,29635,29656,,,,
1786492500,29655.5,29665.25,29653.75,29662.5,,,,
1786492800,29662,29671.5,29625,29639.5,,,,
1786493100,29638.75,29648,29625.75,29634.25,,,,
1786493400,29634.25,29650.75,29626.25,29650,,,,
1786493700,29649.75,29668.75,29638.25,29666.75,,,,
1786494000,29667,29676,29660,29673,,,,
1786494300,29673.5,29675.75,29660.75,29664.75,,,,
1786494600,29665.25,29674.5,29656.5,29668.5,,,,
1786494900,29668.75,29681.5,29653.75,29656.5,,,,
1786495200,29656,29666,29652.5,29661.5,,,,
1786495500,29661,29672,29655.5,29664,,,,
1786495800,29664.5,29667.75,29656.5,29660.75,,,,
1786496100,29659.5,29670.25,29659.25,29667.5,,,,
1786496400,29666.25,29677,29659.75,29675.5,,,,
1786496700,29676,29681,29662.25,29679.5,,,,
1786497000,29679,29680.75,29671.25,29674,,,,
1786497300,29674,29675.5,29653.25,29662.5,,,,
1786497600,29662.75,29664,29639,29647.5,,,,
1786497900,29646.75,29666.25,29641.75,29663,,,,
1786498200,29663,29663,29646.25,29647,,,,
1786498500,29647,29659.5,29645.25,29649.25,,,,
1786498800,29649,29678.75,29648,29678.25,,,,
1786499100,29677.25,29680.75,29667.75,29678.5,,,,
1786499400,29678.5,29684.75,29664.25,29672,,,,
1786499700,29672,29672,29646,29658.5,,,,
1786500000,29658.5,29671,29656,29661,,,,
1786500300,29660.5,29663,29649.5,29657.75,,,,
1786500600,29658.5,29662.25,29651.25,29657.75,,,,
1786500900,29657.75,29665.75,29654,29664,,,,
1786501200,29664,29665.75,29657.25,29658.5,,,,
1786501500,29658.75,29678.5,29658.5,29677,,,,
1786501800,29677.25,29693.75,29675.25,29688.25,,,,
1786502100,29688.75,29693,29687,29688,,,,
1786502400,29688,29694.5,29686.25,29688,,,,
1786502700,29688,29699.25,29687.75,29698.75,,,,
1786503000,29698.75,29701.25,29694.5,29699.75,,,,
1786503300,29699.75,29703.75,29696.5,29702.25,,,,
1786503600,29702.25,29710.5,29700.5,29703.75,,,,
1786503900,29704,29707.75,29695,29699,,,,
1786504200,29699.5,29708.75,29698.25,29706,,,,
1786504500,29705.5,29708.5,29696.25,29699.25,,,,
1786504800,29699.25,29704.25,29694,29696,,,,
1786505100,29696.25,29705,29695.5,29702.75,,,,
1786505400,29702.5,29705,29697.25,29699,,,,
1786505700,29699,29704.75,29692.5,29696,,,,
1786506000,29696,29698,29688.5,29691.75,,,,
1786506300,29692.25,29701.25,29691.75,29701,,,,
1786506600,29701,29701,29684,29687.25,,,,
1786506900,29687,29696.25,29686.25,29694.5,,,,
1786507200,29694.5,29700.25,29689,29699.25,,,,
1786507500,29699.5,29704,29691.5,29694.5,,,,
1786507800,29694.5,29698,29691.5,29697,,,,
1786508100,29697,29698.25,29691,29691.75,,,,
1786508400,29692.25,29702,29689.75,29700.5,,,,
1786508700,29700.75,29702.75,29695.75,29697.5,,,,
1786509000,29697.5,29699.5,29683,29687.75,,,,
1786509300,29687.5,29699.25,29687,29696.5,,,,
1786509600,29696.75,29698.25,29692,29697.25,,,,
1786509900,29696.75,29715,29691.5,29712.25,,,,
1786510200,29712.25,29714.25,29709,29711,,,,
1786510500,29711.5,29716.75,29710.75,29713.5,,,,
1786510800,29714,29714.5,29700.25,29702,,,,
1786511100,29702.5,29704.5,29688.75,29696,,,,
1786511400,29696.25,29696.75,29684.75,29684.75,,,,
1786511700,29684.5,29691.25,29676.5,29685,,,,
1786512000,29685,29686,29668,29680.75,,,,
1786512300,29681,29689.25,29680,29688.25,,,,
1786512600,29688.75,29706,29686.5,29704.25,,,,
1786512900,29704.5,29707.75,29701.25,29704.75,,,,
1786513200,29705.25,29708.75,29698.5,29700,,,,
1786513500,29699.5,29704,29697,29703,,,,
1786513800,29702,29713.25,29699.25,29713,,,,
1786514100,29713.5,29718.5,29710.25,29715.5,,,,
1786514400,29715,29724.25,29713,29723.25,,,,
1786514700,29723,29724.5,29718,29721.25,,,,
1786515000,29722,29723.5,29707,29713.75,,,,
1786515300,29713.25,29721,29704.5,29717.75,,,,
1786515600,29718.25,29719.5,29698.75,29702.25,,,,
1786515900,29702.5,29713,29697.75,29709.75,,,,
1786516200,29709.5,29718,29705.25,29714.75,,,,
1786516500,29714.5,29730.5,29712.5,29725.25,,,,
1786516800,29725,29725.75,29709,29718.5,,,,
1786517100,29718.5,29734.75,29717.75,29727,,,,
1786517400,29726.5,29730.75,29724.25,29724.75,,,,
1786517700,29725,29737.5,29722.5,29736.25,,,,
1786518000,29736.5,29750.25,29735,29746.75,,,,
1786518300,29747.25,29754.75,29741.75,29743.5,,,,
1786518600,29743.5,29748.75,29738.25,29741,,,,
1786518900,29741,29748.25,29737.5,29738,,,,
1786519200,29737.75,29739.5,29731.75,29733.75,,,,
1786519500,29733.25,29742,29728,29738.75,,,,
1786519800,29738,29739.75,29729.75,29732.5,,,,
1786520100,29733,29744.25,29732.25,29739.25,,,,
1786520400,29739,29742.75,29733,29741,,,,
1786520700,29741,29741.5,29730.5,29730.75,,,,
1786521000,29731.5,29738,29730.25,29734.75,,,,
1786521300,29734.5,29751,29733,29750.75,,,,
1786521600,29751.25,29781.25,29748,29772.75,,,,
1786521900,29773,29776.75,29763,29767.25,,,,
1786522200,29767,29773,29765.5,29771,,,,
1786522500,29771.5,29781.5,29763.5,29779.5,,,,
1786522800,29779.75,29792.75,29778,29791.75,,,,
1786523100,29791.75,29791.75,29782.75,29785.75,,,,
1786523400,29785.5,29787,29762.5,29765.5,,,,
1786523700,29764.75,29775.75,29763.75,29775,,,,
1786524000,29774.75,29778.25,29769.5,29774,,,,
1786524300,29773.5,29791.75,29771,29791.75,,,,
1786524600,29791.25,29797.75,29791,29797,,,,
1786524900,29797,29799.5,29793,29793.5,,,,
1786525200,29794,29809,29793,29804.75,,,,
1786525500,29805,29811.75,29797.75,29809.75,,,,
1786525800,29810,29812,29806.5,29808,,,,
1786526100,29808.25,29815.75,29804.25,29808.5,,,,
1786526400,29808.25,29847.5,29804.5,29845.25,,,,
1786526700,29845,29849,29817,29823.5,,,,
1786527000,29823.5,29838.75,29822.75,29830.75,,,,
1786527300,29832,29839,29828.75,29834.25,,,,
1786527600,29835,29837.5,29828.25,29829,,,,
1786527900,29830,29830.75,29815.25,29819.75,,,,
1786528200,29820.25,29834.75,29803.5,29804,,,,
1786528500,29804.25,29817,29802.5,29815.75,,,,
1786528800,29815.75,29828.25,29814.5,29824.5,,,,
1786529100,29824.25,29828.75,29818.25,29825,,,,
1786529400,29825,29842.5,29824.25,29838.25,,,,
1786529700,29838.25,29840,29833.5,29837.75,,,,
1786530000,29838,29845.25,29837.5,29843.25,,,,
1786530300,29843,29844.5,29833.5,29839,,,,
1786530600,29839.25,29841,29833,29839.25,,,,
1786530900,29839.5,29840.25,29832.25,29836,,,,
1786531200,29836.25,29844,29835.25,29841.25,,,,
1786531500,29840.75,29841.5,29782.25,29814.75,,,,
1786531800,29814,29820.75,29803.25,29817.25,,,,
1786532100,29816.75,29819.25,29807.25,29815.5,,,,
1786532400,29815.25,29831,29813.75,29822,,,,
1786532700,29822,29837.75,29818.25,29836.25,,,,
1786533000,29836.5,29836.75,29821.25,29821.25,,,,
1786533300,29821.25,29822,29807.5,29809.25,,,,
1786533600,29809,29818,29805.5,29805.75,,,,
1786533900,29805.5,29819,29805.5,29810.5,,,,
1786534200,29810,29824.5,29806,29821.25,,,,
1786534500,29821,29827.75,29806,29827,,,,
1786534800,29827,29832,29824,29825.5,,,,
1786535100,29825.5,29828.25,29819.5,29823.5,,,,
1786535400,29822.75,29836.25,29819,29832.25,,,,
1786535700,29832.25,29847.75,29832.25,29845.5,,,,
1786536000,29846,29858,29836.75,29849.75,,,,
1786536300,29849.75,29850.5,29831,29832.5,,,,
1786536600,29832.25,29839.5,29829,29829.5,,,,
1786536900,29829.5,29843.25,29820.75,29829.75,,,,
1786537200,29829.75,29846.5,29825.5,29842.75,,,,
1786537500,29842.5,29917.5,29836.75,29909.5,,,,
1786537800,29904.25,29950,29745,29898,,,,
1786538100,29898.25,29924,29873.75,29922.5,,,,
1786538400,29922.25,29934.25,29913.75,29917.5,,,,
1786538700,29917,29921.75,29900.75,29908.5,,,,
1786539000,29909.25,29922.25,29900,29917.5,,,,
1786539300,29918,29922,29906.5,29919.75,,,,
1786539600,29919.25,29932.75,29916.25,29926.5,,,,
1786539900,29925.5,29941.5,29922.5,29929.5,,,,
1786540200,29929.5,29940,29925.75,29940,,,,
1786540500,29939,29963,29935.75,29961.5,,,,
1786540800,29961.75,29981.75,29961,29970.25,,,,
1786541100,29970,29992.25,29957,29991.75,,,,
1786541400,29991.25,30001.5,29877.5,29878.25,,,,
1786541700,29878.5,29942.25,29866.5,29890,,,,
1786542000,29890,29905.75,29853.25,29899.75,,,,
1786542300,29900,29970,29870.25,29961.25,,,,
1786542600,29961.25,29962.75,29885.75,29896,,,,
1786542900,29896,29921.75,29860,29907.25,,,,
1786543200,29907.5,29914.5,29856.25,29857,,,,
1786543500,29857,29930,29848.25,29920.75,,,,
1786543800,29920.75,29937,29884.25,29893.5,,,,
1786544100,29893,29918.25,29876.5,29878,,,,
1786544400,29877.75,29924.5,29864.25,29921.25,,,,
1786544700,29922,29946.25,29903.75,29916.5,,,,
1786545000,29916.25,29924.75,29835.75,29878,,,,
1786545300,29878,29928.75,29861.75,29921,,,,
1786545600,29921,29928,29894.5,29924.75,,,,
1786545900,29924.5,29931.75,29890.25,29904,,,,
1786546200,29904,29904.75,29855.75,29861.5,,,,
1786546500,29862,29879.25,29848.5,29867.25,,,,
1786546800,29867.5,29878.75,29838.75,29851.25,,,,
1786547100,29851.5,29879.25,29841.25,29870.5,,,,
1786547400,29871.5,29891.25,29848.5,29879.5,,,,
1786547700,29880.25,29887.5,29862.25,29870.75,,,,
1786548000,29871.25,29878,29845,29849.25,,,,
1786548300,29849.5,29874.5,29843.5,29874.5,,,,
1786548600,29874.5,29880,29818.75,29832,,,,
1786548900,29832,29858.25,29830,29833,,,,
1786549200,29832.75,29843,29818.75,29828.5,,,,
1786549500,29828.5,29847.5,29819,29847,,,,
1786549800,29847.5,29854,29834.25,29837.5,,,,
1786550100,29837.5,29843.5,29829.25,29831.75,,,,
1786550400,29832.25,29863.5,29829,29850.5,,,,
1786550700,29851,29872.5,29845.25,29871.5,,,,
1786551000,29871.75,29878.25,29860,29873.25,,,,
1786551300,29873.5,29876.5,29858,29861.75,,,,
1786551600,29862,29884,29858,29881.5,,,,
1786551900,29881.25,29888,29868.75,29873.5,,,,
1786552200,29873.5,29880,29850.75,29852,,,,
1786552500,29852.25,29886.25,29851,29885,,,,
1786552800,29885.25,29894.75,29881.25,29885,,,,
1786553100,29885.25,29899,29879.25,29896.5,,,,
1786553400,29896.25,29917.5,29896.25,29911,,,,
1786553700,29911,29914,29902.75,29905.5,,,,
1786554000,29905.75,29924.5,29902.5,29919.5,,,,
1786554300,29919.25,29924.5,29907.75,29909,,,,
1786554600,29909,29913.25,29896.75,29911.25,,,,
1786554900,29911,29911.75,29888.25,29899,,,,
1786555200,29899.25,29910.75,29898,29904.75,,,,
1786555500,29904.75,29920,29903.75,29910,,,,
1786555800,29909.75,29919.75,29900.75,29909.75,,,,
1786556100,29909.5,29917.75,29906.5,29914.25,,,,
1786556400,29914.25,29922.25,29907.75,29915.25,,,,
1786556700,29915.5,29920.5,29910.75,29912.5,,,,
1786557000,29912.5,29924,29903.75,29907.25,,,,
1786557300,29907.5,29913,29901.5,29909.75,,,,
1786557600,29910.25,29915.5,29899.25,29901,,,,
1786557900,29901,29904.5,29891,29899.5,,,,
1786558200,29899.75,29918.75,29898.75,29907.5,,,,
1786558500,29907,29909.5,29893.25,29901.25,,,,
1786558800,29901,29909.75,29889.75,29908.5,,,,
1786559100,29909,29914,29892.75,29894.25,,,,
1786559400,29894.25,29912.5,29893.5,29903.25,,,,
1786559700,29903,29912.75,29902,29911,,,,
1786560000,29910.75,29928.75,29910,29919,,,,
1786560300,29919.5,29920.5,29909,29918.5,,,,
1786560600,29918.75,29923.25,29909,29909.25,,,,
1786560900,29909.25,29909.25,29884.75,29890.25,,,,
1786561200,29890.25,29903,29888.5,29891,,,,
1786561500,29891.25,29905,29890,29892.25,,,,
1786561800,29891.75,29894.25,29877.5,29884.25,,,,
1786562100,29884.25,29898.5,29882,29889.25,,,,
1786562400,29889.25,29890.25,29864.75,29865.5,,,,
1786562700,29865.25,29874,29856,29867.5,,,,
1786563000,29867.25,29868.25,29852,29859,,,,
1786563300,29858,29864.25,29850.75,29853.75,,,,
1786563600,29853.75,29855,29831.75,29849.75,,,,
1786563900,29849,29868.5,29840.5,29865.5,,,,
1786564200,29865.75,29870,29838.75,29856.25,,,,
1786564500,29856,29862,29825.5,29853,,,,
1786564800,29853,29880.5,29846.5,29869.25,,,,
1786565100,29869,29906,29854.5,29863.5,,,,
1786565400,29863,29865.75,29831.25,29847,,,,
1786565700,29846.75,29851.5,29829.75,29830.25,,,,
1786566000,29831,29836.5,29824,29826.75,,,,
1786566300,29826.25,29827.25,29814,29819.5,,,,
1786566600,29819.75,29822,29809.5,29818,,,,
1786566900,29817.25,29823.5,29813.25,29820,,,,
1786567200,29820.5,29822.75,29817,29820.5,,,,
1786567500,29820.75,29821.25,29812.5,29814,,,,
1786567800,29814.25,29823,29812.75,29813.5,,,,
1786568100,29814.25,29814.75,29802,29807.25,,,,
1786572000,29820.25,29832.75,29806,29809.25,,,,
1786572300,29809.25,29826.25,29805.75,29818.5,,,,
1786572600,29819.25,29822.5,29800.5,29805.5,,,,
1786572900,29805.25,29809,29791.75,29793.25,,,,
1786573200,29793.75,29802.5,29788.5,29798.25,,,,
1786573500,29798.5,29800,29784,29793.75,,,,
1786573800,29793.75,29793.75,29781.5,29786,,,,
1786574100,29785.25,29788.5,29780.5,29787.5,,,,
1786574400,29786.75,29796,29786.25,29792.25,,,,
1786574700,29792.25,29804,29788.25,29797.25,,,,
1786575000,29797.25,29801,29795.25,29800.5,,,,
1786575300,29800.5,29801,29795,29797.25,,,,
1786575600,29797.75,29808,29796.25,29802.75,,,,
1786575900,29802.75,29807.75,29802,29806.25,,,,
1786576200,29806.5,29817.25,29805.25,29809.25,,,,
1786576500,29809.25,29810.5,29804.5,29809,,,,
1786576800,29808.5,29812.75,29807.25,29808.25,,,,
1786577100,29808.75,29809.25,29801.75,29805.5,,,,
1786577400,29805.25,29806,29792.5,29799,,,,
1786577700,29799,29813.75,29797.25,29812.5,,,,
1786578000,29812.5,29816.25,29803.5,29811,,,,
1786578300,29810.75,29812.75,29793,29795,,,,
1786578600,29796,29809.5,29794.25,29807,,,,
1786578900,29808,29808,29797.5,29805.25,,,,
1786579200,29805,29856.5,29796.5,29841.25,,,,
1786579500,29841.5,29864.25,29839,29855,,,,
1786579800,29855.25,29861.5,29846.25,29847,,,,
1786580100,29847.75,29862.25,29838.5,29861.25,,,,
1786580400,29860.75,29866.5,29850.5,29861,,,,
1786580700,29861.25,29865,29838,29838.75,,,,
1786581000,29839.75,29852.75,29826.75,29837.5,,,,
1786581300,29837,29842.75,29830.25,29841.5,,,,
1786581600,29840.75,29845.75,29832,29841.75,,,,
1786581900,29841.5,29849.75,29831.25,29848.5,,,,
1786582200,29848.25,29850,29830,29834.75,,,,
1786582500,29834.5,29850,29829,29845.75,,,,
1786582800,29845.25,29849.75,29821.25,29830.5,,,,
1786583100,29830.25,29844.25,29829,29841.75,,,,
1786583400,29841.75,29852.25,29826.25,29830.5,,,,
1786583700,29830.75,29838.25,29823.75,29834.25,,,,
1786584000,29834.75,29835.5,29821.75,29828,,,,
1786584300,29828.5,29828.5,29808.25,29817.75,,,,
1786584600,29817.5,29837.75,29813.75,29835.75,,,,
1786584900,29836,29843.75,29834,29840,,,,
1786585200,29840,29843.25,29828.5,29836.75,,,,
1786585500,29837,29841.5,29828,29830.25,,,,
1786585800,29830,29856.75,29829.5,29855,,,,
1786586100,29855,29865.75,29853.25,29857.5,,,,
1786586400,29857.5,29872,29853.75,29859.75,,,,
1786586700,29860.5,29871.75,29857.25,29862.75,,,,
1786587000,29862.5,29865.75,29859.5,29862,,,,
1786587300,29862,29868,29858.5,29861.75,,,,
1786587600,29861.75,29869.5,29857,29863.75,,,,
1786587900,29864.25,29869,29858.75,29861.75,,,,
1786588200,29861.5,29862.75,29831,29834.25,,,,
1786588500,29835,29856.75,29833.75,29854.75,,,,
1786588800,29855,29877.75,29854,29873.75,,,,
1786589100,29873.25,29874.75,29866,29870,,,,
1786589400,29870.5,29872,29865,29869.75,,,,
1786589700,29870.25,29875,29866.5,29868.75,,,,
1786590000,29868.5,29873.75,29865.5,29868.75,,,,
1786590300,29869.25,29876,29868,29870.75,,,,
1786590600,29870.5,29875.5,29868,29874,,,,
1786590900,29874,29879.5,29871.5,29876.5,,,,
1786591200,29877,29878.75,29871.25,29874.25,,,,
1786591500,29873.75,29877.5,29871.25,29874,,,,
1786591800,29874.75,29877,29865.5,29870,,,,
1786592100,29870,29880.25,29868.75,29875.25,,,,
1786592400,29876,29876.75,29872.5,29875.75,,,,
1786592700,29876.75,29881,29875.25,29876.25,,,,
1786593000,29876.5,29880.25,29876,29878.75,,,,
1786593300,29878,29880,29875,29878.25,,,,
1786593600,29878.25,29886.25,29876.25,29882.25,,,,
1786593900,29882.25,29889.5,29881,29889,,,,
1786594200,29889.5,29892.25,29869,29870,,,,
1786594500,29870,29873.75,29868,29871.5,,,,
1786594800,29871,29871.25,29854,29867.25,,,,
1786595100,29867.75,29884,29867.5,29876.75,,,,
1786595400,29876.75,29888.75,29876,29886.75,,,,
1786595700,29886.5,29895.75,29880.75,29881.75,,,,
1786596000,29881.75,29886,29876.5,29879,,,,
1786596300,29879,29894,29873,29889.5,,,,
1786596600,29889.25,29895,29887.75,29890.5,,,,
1786596900,29889.75,29892,29877.5,29878.5,,,,
1786597200,29879.75,29897.5,29874,29894.5,,,,
1786597500,29893.75,29902.25,29892,29901.25,,,,
1786597800,29901,29916.75,29899.5,29915,,,,
1786598100,29915.25,29921.5,29909.25,29910.75,,,,
1786598400,29910,29919.75,29908,29911,,,,
1786598700,29911.25,29922.5,29910.5,29920.75,,,,
1786599000,29921,29924.25,29902.25,29912.5,,,,
1786599300,29911.75,29915.25,29896.75,29907.25,,,,
1786599600,29907.25,29912.5,29898.5,29903,,,,
1786599900,29903,29908.5,29899,29904.75,,,,
1786600200,29904.75,29908.5,29895.25,29898,,,,
1786600500,29897.25,29903,29882.5,29883.75,,,,
1786600800,29884.25,29887.5,29868.5,29880.5,,,,
1786601100,29880.25,29887.5,29877.5,29886.5,,,,
1786601400,29886.75,29896.5,29880.25,29893,,,,
1786601700,29894,29897.5,29885.25,29894.25,,,,
1786602000,29893.75,29905.25,29891.5,29904.5,,,,
1786602300,29905,29905.75,29892.25,29897.5,,,,
1786602600,29897.75,29905.5,29885.75,29889.5,,,,
1786602900,29888.5,29894.25,29874.25,29876.25,,,,
1786603200,29876.5,29878,29860.75,29862.75,,,,
1786603500,29862.5,29868.25,29858.5,29862,,,,
1786603800,29862.75,29873,29862,29869.25,,,,
1786604100,29869.25,29890.5,29867.5,29888.25,,,,
1786604400,29887.75,29893.5,29852.25,29856.5,,,,
1786604700,29856.75,29858,29845.5,29851.5,,,,
1786605000,29851.25,29855,29843.75,29853,,,,
1786605300,29853.25,29863.25,29847.5,29855.75,,,,
1786605600,29856,29872.75,29851,29870.25,,,,
1786605900,29870,29873.5,29865,29871,,,,
1786606200,29869.75,29872.5,29863.25,29863.25,,,,
1786606500,29863.5,29876,29861,29874.25,,,,
1786606800,29875,29882,29869.5,29879.5,,,,
1786607100,29879.75,29881,29866,29873.25,,,,
1786607400,29874.75,29875.75,29863.5,29864.75,,,,
1786607700,29865,29868,29858,29860,,,,
1786608000,29860,29872,29828.75,29833.5,,,,
1786608300,29833.5,29866.5,29833,29847.5,,,,
1786608600,29847.75,29848,29829.75,29838.25,,,,
1786608900,29838.5,29848.75,29827.5,29848.25,,,,
1786609200,29847.75,29853.5,29838.75,29852.75,,,,
1786609500,29853.5,29864.75,29851.75,29858.5,,,,
1786609800,29859,29861.75,29851.75,29858.25,,,,
1786610100,29858.25,29860.25,29846,29858,,,,
1786610400,29857.5,29865.75,29850.25,29862.75,,,,
1786610700,29863,29865,29854.5,29857,,,,
1786611000,29857.25,29875.25,29855.75,29861.75,,,,
1786611300,29861.75,29871.25,29859.25,29861.5,,,,
1786611600,29861.5,29868.5,29851.75,29856.75,,,,
1786611900,29856.75,29858,29845.5,29847.5,,,,
1786612200,29847.25,29854.25,29832.5,29832.5,,,,
1786612500,29832.25,29840.75,29821.25,29840,,,,
1786612800,29840,29849.75,29837.5,29847.25,,,,
1786613100,29847.75,29849,29835,29837.5,,,,
1786613400,29837,29856.25,29836.25,29854.25,,,,
1786613700,29855,29857.5,29849,29851.5,,,,
1786614000,29851.75,29861.75,29851,29860.75,,,,
1786614300,29860.5,29865.5,29857.5,29863.75,,,,
1786614600,29863.5,29873.75,29862.75,29871.5,,,,
1786614900,29872,29879.75,29869.75,29877.5,,,,
1786615200,29876.5,29877.75,29863.75,29866,,,,
1786615500,29866.25,29877,29863,29871,,,,
1786615800,29871.75,29878.25,29869,29875,,,,
1786616100,29875.5,29881.5,29873.25,29878.25,,,,
1786616400,29878.25,29884.5,29871.75,29871.75,,,,
1786616700,29872.25,29878.25,29864,29872.5,,,,
1786617000,29873.75,29881.25,29869.75,29871,,,,
1786617300,29871.25,29877.75,29868.25,29874.5,,,,
1786617600,29874.25,29878,29871.75,29877.75,,,,
1786617900,29878,29885,29874.75,29882.75,,,,
1786618200,29883.25,29886.25,29875.25,29884.5,,,,
1786618500,29884.5,29885,29880.5,29880.5,,,,
1786618800,29881,29892.25,29877.25,29879.75,,,,
1786619100,29880.25,29887,29875.5,29877.75,,,,
1786619400,29877.25,29880,29870,29872.5,,,,
1786619700,29873,29876,29856.75,29861.5,,,,
1786620000,29862.5,29866.25,29859.25,29863.5,,,,
1786620300,29863,29864.5,29855.25,29862.25,,,,
1786620600,29863,29873.75,29856.75,29871.75,,,,
1786620900,29871.75,29885,29867.5,29883.75,,,,
1786621200,29883.75,29888.75,29876,29888,,,,
1786621500,29887.75,29895,29885.25,29888,,,,
1786621800,29888.5,29889,29867,29884.25,,,,
1786622100,29883.25,29886.25,29867.75,29869,,,,
1786622400,29868.25,29872,29839.25,29840.25,,,,
1786622700,29840.25,29854.25,29838.25,29847.25,,,,
1786623000,29847,29850.75,29831.5,29841,,,,
1786623300,29841,29841,29813,29816.5,,,,
1786623600,29817.25,29830,29816.75,29826,,,,
1786623900,29825.25,29868.25,29814.75,29836.75,,,,
1786624200,29853.25,29894,29820,29846.5,,,,
1786624500,29846.75,29856.25,29840,29853.25,,,,
1786624800,29853.25,29872,29836.25,29846,,,,
1786625100,29845.5,29864.75,29839.5,29858.25,,,,
1786625400,29858.25,29877,29854.25,29872.75,,,,
1786625700,29872.5,29881.5,29868.75,29880.75,,,,
1786626000,29880.5,29910.75,29878.75,29909,,,,
1786626300,29909,29921,29905.25,29918,,,,
1786626600,29917.75,29918.5,29902.5,29908.5,,,,
1786626900,29908.25,29910.5,29899.75,29907.5,,,,
1786627200,29907,29915.5,29903,29907.75,,,,
1786627500,29907,29920,29904.25,29910.25,,,,
1786627800,29911.25,29947,29862.75,29945.75,,,,
1786628100,29945.5,30040,29940,30038.5,,,,
1786628400,30037.75,30053.75,29995.5,30013,,,,
1786628700,30012.75,30145.5,30005.5,30135,,,,
1786629000,30135.25,30155.5,30119,30145.75,,,,
1786629300,30146.25,30181,30120,30175.75,,,,
1786629600,30175.75,30186.25,30155.75,30176.5,,,,
1786629900,30177.25,30190.25,30160.5,30179.5,,,,
1786630200,30178.75,30214.5,30178.25,30205.5,,,,
1786630500,30205.5,30219,30194.25,30197.75,,,,
1786630800,30197.75,30216.75,30185,30205.5,,,,
1786631100,30206,30237.75,30198,30233.5,,,,
1786631400,30233,30266.75,30227.5,30263,,,,
1786631700,30263.25,30267,30240.25,30251.5,,,,
1786632000,30252,30260.75,30232.5,30236,,,,
1786632300,30236,30241.5,30212,30218.5,,,,
1786632600,30218.75,30228.75,30208,30227,,,,
1786632900,30226.25,30227.5,30197.75,30199.5,,,,
1786633200,30199.25,30233.5,30194,30198.5,,,,
1786633500,30199,30224,30198,30214.25,,,,
1786633800,30214.25,30229.75,30206,30217.5,,,,
1786634100,30217.75,30226.75,30202.25,30226.25,,,,
1786634400,30226,30240.25,30220.5,30230.75,,,,
1786634700,30231.25,30236,30179.25,30188.5,,,,
1786635000,30188.25,30198.25,30143.5,30146,,,,
1786635300,30146.25,30166,30128.5,30151.75,,,,
1786635600,30150.75,30177,30131.25,30156.75,,,,
1786635900,30156.75,30156.75,30125.5,30140.5,,,,
1786636200,30140.5,30142.5,30104,30119.75,,,,
1786636500,30120,30137.25,30104.75,30115.25,,,,
1786636800,30115.5,30165.75,30114,30150.25,,,,
1786637100,30150.25,30173.25,30150.25,30164.5,,,,
1786637400,30164.25,30172.5,30138.5,30141.5,,,,
1786637700,30141,30152,30133.25,30143.75,,,,
1786638000,30144,30169.25,30136.75,30165.25,,,,
1786638300,30165.5,30189.25,30163.75,30187,,,,
1786638600,30186.75,30199.75,30184,30187.5,,,,
1786638900,30187.25,30194.75,30168,30176,,,,
1786639200,30176.5,30187.75,30170,30183.5,,,,
1786639500,30183.25,30196,30182.5,30192.25,,,,
1786639800,30192.25,30203.5,30181.25,30181.5,,,,
1786640100,30181.75,30194,30176.25,30193.5,,,,
1786640400,30194,30219.75,30192.75,30218.25,,,,
1786640700,30218,30232.25,30216.5,30227,,,,
1786641000,30227.25,30233,30223.75,30226,,,,
1786641300,30226.25,30243.5,30224.25,30243,,,,
1786641600,30243,30250.25,30235.5,30240.75,,,,
1786641900,30241.25,30246.25,30235.75,30237.5,,,,
1786642200,30237.75,30244.5,30230,30234,,,,
1786642500,30234,30237,30221,30225.25,,,,
1786642800,30225,30231.5,30212.25,30214.5,,,,
1786643100,30214.5,30228.25,30213.75,30217.25,,,,
1786643400,30217.5,30222.25,30205,30207,,,,
1786643700,30206.75,30219.5,30203.5,30204.25,,,,
1786644000,30205,30212,30201,30207.5,,,,
1786644300,30207.5,30215.5,30194.25,30197.25,,,,
1786644600,30197.5,30204.75,30189.25,30201.25,,,,
1786644900,30201.5,30208,30192.75,30195,,,,
1786645200,30194.75,30201,30181,30184,,,,
1786645500,30183.5,30195.75,30183.25,30192,,,,
1786645800,30192.25,30220.5,30191.5,30215.75,,,,
1786646100,30215.5,30223,30212.25,30220.25,,,,
1786646400,30220.5,30236.75,30216.25,30228.5,,,,
1786646700,30229,30243,30228.25,30239.75,,,,
1786647000,30240,30244,30231.25,30239.25,,,,
1786647300,30239,30246,30236,30244,,,,
1786647600,30244.25,30255,30241.5,30246.25,,,,
1786647900,30246.25,30273.25,30239.5,30266.75,,,,
1786648200,30267,30267.5,30231.75,30238.75,,,,
1786648500,30238.5,30241,30221.25,30240.5,,,,
1786648800,30240.5,30245.75,30232.25,30233,,,,
1786649100,30233.25,30235.25,30214.75,30222.75,,,,
1786649400,30223,30227.75,30210.75,30216.25,,,,
1786649700,30216.25,30224,30212,30219.75,,,,
1786650000,30220,30223.25,30202.75,30204.75,,,,
1786650300,30204.75,30207.5,30194.75,30201.75,,,,
1786650600,30201.5,30205.25,30182.75,30191.75,,,,
1786650900,30193,30197.75,30173.5,30194.75,,,,
1786651200,30194.5,30218,30141,30204,,,,
1786651500,30204.5,30219.5,30193,30200.5,,,,
1786651800,30200.5,30214.75,30195,30208.75,,,,
1786652100,30208.25,30214.25,30202,30204,,,,
1786652400,30204.75,30204.75,30191.25,30197,,,,
1786652700,30197.25,30206.5,30193.75,30198.5,,,,
1786653000,30197.5,30208.75,30194.5,30202.75,,,,
1786653300,30202.25,30212.75,30200.5,30212.25,,,,
1786653600,30212,30215.5,30207,30209.75,,,,
1786653900,30209.5,30214.25,30206.5,30210,,,,
1786654200,30209.75,30215.5,30208.5,30213.25,,,,
1786654500,30212.75,30219.5,30209.5,30216.25,,,,
1786658400,30213,30218,30186.75,30200.75,,,,
1786658700,30200.5,30216.5,30195.5,30199.75,,,,
1786659000,30199,30203.5,30192,30196.5,,,,
1786659300,30196.25,30206.5,30189.75,30203.25,,,,
1786659600,30202.75,30204.5,30190.25,30197.5,,,,
1786659900,30197.25,30200,30195.75,30198.25,,,,
1786660200,30198.25,30206.75,30197.5,30205.5,,,,
1786660500,30205.75,30209.25,30201.5,30202,,,,
1786660800,30202.75,30210,30201.5,30207.25,,,,
1786661100,30206.75,30207.5,30199.75,30201,,,,
1786661400,30201.25,30207,30200,30203.25,,,,
1786661700,30203.25,30204.75,30200.5,30204.5,,,,
1786662000,30203,30205.75,30199.25,30204.25,,,,
1786662300,30205,30214.25,30204,30212.75,,,,
1786662600,30213,30225.75,30212.75,30224.75,,,,
1786662900,30224.75,30227.25,30207,30213.25,,,,
1786663200,30214.25,30214.25,30192.25,30198.75,,,,
1786663500,30199.5,30203.75,30197.5,30199,,,,
1786663800,30199,30204.25,30195.25,30201.5,,,,
1786664100,30201.5,30203.5,30195,30197.5,,,,
1786664400,30198,30201.75,30193,30196.5,,,,
1786664700,30196.5,30203.25,30188.75,30195.75,,,,
1786665000,30196.5,30199.25,30192.5,30197.75,,,,
1786665300,30197.25,30205.25,30196,30203.25,,,,
1786665600,30203.25,30232.5,30198.75,30228.25,,,,
1786665900,30228.25,30232,30196,30211,,,,
1786666200,30212,30213.5,30198.75,30200.5,,,,
1786666500,30200.75,30204.5,30178,30184.25,,,,
1786666800,30185.25,30190,30179.75,30181.75,,,,
1786667100,30181.75,30192,30177,30185,,,,
1786667400,30184.5,30191.75,30173.75,30182.75,,,,
1786667700,30182.5,30189,30180,30186,,,,
1786668000,30186,30190,30175.75,30178.5,,,,
1786668300,30179.25,30186.75,30171.5,30173.5,,,,
1786668600,30173.25,30181,30167.75,30171.75,,,,
1786668900,30172,30174.75,30165.25,30169.75,,,,
1786669200,30169.5,30169.75,30128.25,30136.5,,,,
1786669500,30136.25,30152,30135.75,30144.25,,,,
1786669800,30144,30145.25,30124.25,30128.75,,,,
1786670100,30129,30137.5,30124.25,30134.75,,,,
1786670400,30133.25,30153.75,30128.75,30143.75,,,,
1786670700,30144,30154.75,30133.25,30152.5,,,,
1786671000,30152.75,30155.25,30140.5,30149.25,,,,
1786671300,30148.25,30160.25,30146,30157,,,,
1786671600,30157.25,30164.75,30152.5,30160.25,,,,
1786671900,30159.75,30168.25,30159,30164.25,,,,
1786672200,30165.75,30168.5,30151.25,30154.25,,,,
1786672500,30154.75,30158.25,30149.5,30151.75,,,,
1786672800,30152,30173.25,30149,30168,,,,
1786673100,30168,30170.25,30160.5,30164.75,,,,
1786673400,30164,30172,30162.5,30167.5,,,,
1786673700,30167.25,30170.25,30156.25,30158.5,,,,
1786674000,30157.25,30170,30156.25,30164.75,,,,
1786674300,30164.5,30168.75,30159.25,30168,,,,
1786674600,30168,30177,30167,30175,,,,
1786674900,30175.5,30181,30173,30173,,,,
1786675200,30173.5,30180.25,30168.5,30174.5,,,,
1786675500,30174.5,30179.5,30159.5,30161.75,,,,
1786675800,30162,30165.75,30157.75,30159.75,,,,
1786676100,30159.75,30160.75,30149,30154.25,,,,
1786676400,30154.5,30158,30150.75,30151,,,,
1786676700,30151.5,30160.5,30151,30159.75,,,,
1786677000,30159,30165.25,30157,30162.5,,,,
1786677300,30162.25,30169.75,30161,30167.25,,,,
1786677600,30167.5,30175.75,30165.75,30175.25,,,,
1786677900,30175.25,30180.75,30174,30180,,,,
1786678200,30180.5,30188.25,30166,30166.5,,,,
1786678500,30166.25,30167.5,30160.25,30161.5,,,,
1786678800,30162,30163.5,30155.5,30158.25,,,,
1786679100,30157.5,30162.75,30154.25,30158,,,,
1786679400,30157.75,30162,30154.75,30157,,,,
1786679700,30157,30160.5,30151.75,30152.25,,,,
1786680000,30152.75,30156.25,30144.25,30151.5,,,,
1786680300,30152.5,30161,30149.5,30153.25,,,,
1786680600,30153.5,30160.75,30147.5,30155.5,,,,
1786680900,30155,30164,30154.5,30158.75,,,,
1786681200,30159,30160.75,30150.25,30157.5,,,,
1786681500,30156.5,30165.5,30155,30157.75,,,,
1786681800,30158,30159.5,30147.25,30148.25,,,,
1786682100,30147.5,30154.75,30136.5,30153.5,,,,
1786682400,30153.5,30164,30148.75,30154.5,,,,
1786682700,30154.75,30155.25,30147,30150.25,,,,
1786683000,30149,30150,30145,30148.25,,,,
1786683300,30148,30150.75,30145,30147.25,,,,
1786683600,30147.5,30152.25,30136.25,30136.25,,,,
1786683900,30136.25,30139.75,30128.25,30133.25,,,,
1786684200,30134,30145.5,30128,30143,,,,
1786684500,30144,30153.75,30138,30143.25,,,,
1786684800,30142.75,30151.25,30141.25,30150.25,,,,
1786685100,30149.75,30152,30144,30149.75,,,,
1786685400,30149.75,30155.75,30140,30153,,,,
1786685700,30152.75,30164.5,30151.75,30161.25,,,,
1786686000,30161.25,30168,30152.25,30166.75,,,,
1786686300,30166.75,30175,30164.75,30172.75,,,,
1786686600,30173,30178.25,30170.5,30178,,,,
1786686900,30177,30184,30172.75,30174,,,,
1786687200,30174.5,30178.5,30149.5,30152.5,,,,
1786687500,30152.25,30162.75,30152.25,30156.5,,,,
1786687800,30157,30159.25,30151,30152.5,,,,
1786688100,30153,30161,30145.75,30159.5,,,,
1786688400,30159,30160.25,30150.25,30159,,,,
1786688700,30159,30164.75,30153.75,30162.5,,,,
1786689000,30162.25,30165.5,30153.5,30155,,,,
1786689300,30154.75,30161,30149.25,30155,,,,
1786689600,30155.25,30160.75,30152.5,30160,,,,
1786689900,30160,30169,30160,30167,,,,
1786690200,30167.25,30175.75,30167,30171.5,,,,
1786690500,30171.25,30177.5,30168.75,30172.5,,,,
1786690800,30173,30193.5,30171.25,30190.5,,,,
1786691100,30190.5,30194.5,30178.25,30190,,,,
1786691400,30190.25,30192,30171,30175.25,,,,
1786691700,30175.25,30181.75,30174,30179.75,,,,
1786692000,30179.75,30181.25,30171,30177.75,,,,
1786692300,30177.5,30180.5,30172,30176.75,,,,
1786692600,30177.5,30188,30173,30185.75,,,,
1786692900,30185.75,30191.5,30182.75,30190.5,,,,
1786693200,30190.25,30203.75,30188.5,30203.25,,,,
1786693500,30203,30203.25,30192.75,30196.75,,,,
1786693800,30196.75,30202,30194.25,30197.5,,,,
1786694100,30198,30201.75,30191,30194.5,,,,
1786694400,30194.5,30211.25,30187,30206.5,,,,
1786694700,30206.5,30235,30204.75,30227.25,,,,
1786695000,30227.25,30232.75,30208.25,30214,,,,
1786695300,30213.5,30231.75,30206.5,30211.25,,,,
1786695600,30211.25,30215.75,30200.25,30211.75,,,,
1786695900,30212,30225.25,30206.75,30225.25,,,,
1786696200,30225.5,30238,30221.5,30232,,,,
1786696500,30231,30239,30230.75,30236.75,,,,
1786696800,30237.5,30241,30227.25,30228,,,,
1786697100,30228.25,30244.5,30227.75,30235.25,,,,
1786697400,30236.25,30236.75,30227.5,30227.75,,,,
1786697700,30228,30229,30220.5,30221.75,,,,
1786698000,30221.25,30222,30210.25,30216.5,,,,
1786698300,30216.5,30221.5,30212.25,30214.75,,,,
1786698600,30214.75,30220.25,30210.75,30218.75,,,,
1786698900,30218.5,30224.5,30214.5,30222.25,,,,
1786699200,30223.25,30231.75,30216.5,30231.5,,,,
1786699500,30231.75,30232.75,30224.5,30226.5,,,,
1786699800,30226,30226.75,30211.5,30214.5,,,,
1786700100,30215,30217.75,30206,30216.75,,,,
1786700400,30216.5,30216.5,30207,30210.5,,,,
1786700700,30210.5,30226.25,30207.25,30222.75,,,,
1786701000,30222.5,30232,30220,30226.5,,,,
1786701300,30226.25,30236.5,30223.25,30235,,,,
1786701600,30234.25,30245.5,30233.25,30245.25,,,,
1786701900,30245.25,30249.5,30241.25,30243.5,,,,
1786702200,30243.25,30250,30239,30240.75,,,,
1786702500,30241,30241.5,30233.25,30234.5,,,,
1786702800,30234.5,30239.25,30228.25,30237.25,,,,
1786703100,30237.75,30238,30222.5,30229,,,,
1786703400,30229,30238.5,30225.5,30234.5,,,,
1786703700,30234.75,30235.75,30226,30232.25,,,,
1786704000,30231.25,30237.75,30223.5,30236.75,,,,
1786704300,30236.75,30241.5,30233,30233.5,,,,
1786704600,30233.5,30248.25,30233.25,30246.75,,,,
1786704900,30246.25,30252.5,30238.75,30251.75,,,,
1786705200,30251.5,30260.5,30246.75,30248.5,,,,
1786705500,30248.25,30262.25,30248.25,30256,,,,
1786705800,30255.75,30258.5,30250.75,30254.25,,,,
1786706100,30254,30254.75,30245.25,30248.25,,,,
1786706400,30248.5,30254.75,30241.75,30249.5,,,,
1786706700,30249.25,30254.5,30245,30247.5,,,,
1786707000,30247.75,30255,30238.25,30252.25,,,,
1786707300,30251.5,30259.25,30248.25,30249,,,,
1786707600,30248.75,30252.5,30237.25,30251.25,,,,
1786707900,30251.5,30265,30249.75,30262.75,,,,
1786708200,30262.75,30268,30258,30259.25,,,,
1786708500,30260,30267.75,30256,30264,,,,
1786708800,30264.5,30280.25,30260.25,30262.5,,,,
1786709100,30263,30268,30255.25,30265.25,,,,
1786709400,30265.5,30265.75,30206.75,30237,,,,
1786709700,30237,30238.25,30226.25,30235.5,,,,
1786710000,30235.75,30244,30230.75,30232.75,,,,
1786710300,30232.25,30257,30228.75,30248.75,,,,
1786710600,30251,30279.5,30246.75,30272.5,,,,
1786710900,30271.75,30279,30257.5,30264,,,,
1786711200,30263.5,30266.25,30258,30266,,,,
1786711500,30266.25,30274.25,30254,30270.25,,,,
1786711800,30270.25,30278.75,30265.25,30275.25,,,,
1786712100,30275.5,30279.5,30266.25,30268.5,,,,
1786712400,30268.25,30276.5,30261.25,30270.25,,,,
1786712700,30270.5,30287.25,30265,30265.5,,,,
1786713000,30265.5,30266.5,30252.5,30253.5,,,,
1786713300,30253.5,30259.75,30245.25,30246.75,,,,
1786713600,30247.25,30257,30244.75,30254,,,,
1786713900,30253,30262,30235.25,30241.5,,,,
1786714200,30241.5,30269.5,30205.75,30206.25,,,,
1786714500,30206,30222.75,30170,30221,,,,
1786714800,30221,30262.75,30193,30260.5,,,,
1786715100,30260.5,30280.75,30225,30239.25,,,,
1786715400,30239,30265.5,30217.5,30238.5,,,,
1786715700,30239,30251,30205,30226.5,,,,
1786716000,30226.25,30257.75,30203,30254.25,,,,
1786716300,30254.5,30272.25,30226.5,30234,,,,
1786716600,30233.75,30244.5,30215,30221.25,,,,
1786716900,30221.75,30229.5,30166,30173,,,,
1786717200,30173,30193.25,30149.25,30160,,,,
1786717500,30160.75,30170,30134.25,30159.5,,,,
1786717800,30159.5,30163.75,30129,30138.5,,,,
1786718100,30138.75,30176.25,30136,30168.75,,,,
1786718400,30168.25,30169,30141.75,30155.5,,,,
1786718700,30155.75,30166,30142.5,30149.75,,,,
1786719000,30150,30166,30143,30144,,,,
1786719300,30144,30150.25,30122.75,30122.75,,,,
1786719600,30123,30145,30109.25,30123,,,,
1786719900,30123.25,30131.25,30101,30106.75,,,,
1786720200,30106.5,30116.75,30087.5,30090.25,,,,
1786720500,30090.75,30111,30089.75,30104.25,,,,
1786720800,30103.75,30110,30044.5,30047,,,,
1786721100,30047.25,30074.75,30032.5,30072.75,,,,
1786721400,30072.5,30074.5,30040.25,30048.25,,,,
1786721700,30048.75,30065.25,30038.5,30042.5,,,,
1786722000,30042.25,30049.75,30028.5,30049.25,,,,
1786722300,30049.25,30069,30030.75,30037.75,,,,
1786722600,30038.25,30063.75,30025,30056.5,,,,
1786722900,30056.5,30073,30052,30066,,,,
1786723200,30066.5,30084.5,30065.5,30073.5,,,,
1786723500,30073.5,30077.5,30049.75,30059.5,,,,
1786723800,30059.75,30082.5,30057,30080,,,,
1786724100,30080.25,30088.25,30076.25,30082,,,,
1786724400,30081.5,30094.5,30075.5,30093,,,,
1786724700,30092.75,30107.5,30091.5,30101.5,,,,
1786725000,30101,30102.25,30065.75,30073.25,,,,
1786725300,30073.25,30097.75,30071,30081.5,,,,
1786725600,30081,30082.5,30062.25,30067.25,,,,
1786725900,30067,30076.75,30060.75,30074.25,,,,
1786726200,30073.75,30074,30055.5,30062.25,,,,
1786726500,30062.5,30069.75,30054.25,30059,,,,
1786726800,30059.25,30066.75,30052.25,30060.75,,,,
1786727100,30060.75,30074.5,30059,30067.25,,,,
1786727400,30067,30079.75,30063.5,30069.25,,,,
1786727700,30069.25,30074.25,30057.25,30068.5,,,,
1786728000,30068.5,30076.5,30050.75,30054.25,,,,
1786728300,30053.5,30066.25,30047,30059.75,,,,
1786728600,30059.25,30072.25,30057,30068.5,,,,
1786728900,30068.5,30072,30051,30057,,,,
1786729200,30056.75,30066,30052,30058.25,,,,
1786729500,30058.25,30064.75,30054.5,30058.25,,,,
1786729800,30058,30077.5,30050,30073.5,,,,
1786730100,30073.75,30084.5,30066.25,30081.25,,,,
1786730400,30081.25,30091.75,30072.5,30089,,,,
1786730700,30088.75,30091,30078.75,30088,,,,
1786731000,30089,30090.75,30076.75,30079.25,,,,
1786731300,30078.5,30090.75,30078.25,30084.5,,,,
1786731600,30084.25,30093.5,30078.5,30081,,,,
1786731900,30080.75,30087.5,30065,30067.25,,,,
1786732200,30067.25,30076,30062.5,30072.75,,,,
1786732500,30072.5,30079.25,30066,30076,,,,
1786732800,30076,30090.25,30073.5,30087.25,,,,
1786733100,30087.25,30089,30078,30087,,,,
1786733400,30087.5,30104,30087,30096.75,,,,
1786733700,30096.75,30097.5,30085.25,30088.25,,,,
1786734000,30088.5,30091,30073,30082.75,,,,
1786734300,30082.5,30094.75,30076.75,30092,,,,
1786734600,30091.75,30093.25,30081,30083.25,,,,
1786734900,30083,30092.25,30075,30088,,,,
1786735200,30088.5,30089.5,30080.5,30087,,,,
1786735500,30087.25,30103.75,30085.25,30096.25,,,,
1786735800,30096.25,30104,30091.25,30102,,,,
1786736100,30101.75,30109.5,30096.25,30105.5,,,,
1786736400,30105.75,30115.5,30103.5,30108.75,,,,
1786736700,30109,30119.75,30101,30119.5,,,,
1786737000,30119.5,30129.75,30114.25,30126.5,,,,
1786737300,30126,30148,30113.75,30144.5,,,,
1786737600,30144.75,30153,30137.5,30146,,,,
1786737900,30146,30146.25,30130,30133.5,,,,
1786738200,30133.75,30142.75,30130.75,30133,,,,
1786738500,30133.5,30135.25,30128.25,30131.5,,,,
1786738800,30131.25,30133,30127.25,30129.5,,,,
1786739100,30129.5,30133.25,30126.5,30131.25,,,,
1786739400,30130.75,30143.25,30128.25,30140.75,,,,
1786739700,30140.5,30143.25,30136.75,30137.5,,,,
1786740000,30137.5,30144.5,30137.5,30142.25,,,,
1786740300,30142.25,30147,30138.5,30141.25,,,,
1786740600,30142.25,30147.25,30142.25,30145.75,,,,
1786740900,30144.75,30154.75,30143.75,30154.75,,,,
1786917600,30168.5,30195.25,30166.25,30188,,,,
1786917900,30188.25,30200.5,30187.25,30192.25,,,,
1786918200,30192,30203,30188.5,30197,,,,
1786918500,30197.5,30201.25,30192,30194.5,,,,
1786918800,30194.25,30199.25,30189.75,30194,,,,
1786919100,30193.25,30196,30192.25,30193.5,,,,
1786919400,30193.75,30196.5,30189,30195,,,,
1786919700,30195,30195.5,30189.75,30193,,,,
1786920000,30193.5,30195,30191,30191.25,,,,
1786920300,30191.5,30206.75,30187.75,30203.75,,,,
1786920600,30204.25,30212,30202.75,30208.25,,,,
1786920900,30208.5,30209.25,30198,30206,,,,
1786921200,30205.25,30207,30199,30203,,,,
1786921500,30202.5,30207.25,30202.5,30204.5,,,,
1786921800,30204.75,30206.75,30195,30196.5,,,,
1786922100,30197,30198,30192.25,30194.25,,,,
1786922400,30194.75,30204.5,30191.5,30200.75,,,,
1786922700,30200.5,30200.75,30194.25,30197.75,,,,
1786923000,30197.5,30199.5,30193,30193.75,,,,
1786923300,30193.75,30203,30193,30199.25,,,,
1786923600,30199,30206.5,30197.25,30205.5,,,,
1786923900,30205.25,30222,30204.5,30218.25,,,,
1786924200,30218.25,30228,30217.75,30218.75,,,,
1786924500,30218.75,30219.5,30212.75,30215,,,,
1786924800,30215.5,30227.25,30207.75,30215,,,,
1786925100,30214.75,30225,30211.75,30211.75,,,,
1786925400,30211.75,30223.5,30211.25,30218.75,,,,
1786925700,30219,30219.25,30189.5,30192,,,,
1786926000,30191.75,30200.5,30191,30197.75,,,,
1786926300,30198.25,30204,30195,30195.5,,,,
1786926600,30195.75,30198.25,30185.25,30190,,,,
1786926900,30190.5,30194,30185.5,30186.5,,,,
1786927200,30186.5,30196.25,30186.5,30190.25,,,,
1786927500,30189.75,30197.5,30185.75,30193.5,,,,
1786927800,30194.75,30199.25,30189.75,30196.25,,,,
1786928100,30195.75,30203,30192,30201.25,,,,
1786928400,30201.25,30227.5,30200,30227.5,,,,
1786928700,30227.25,30237.25,30223.75,30227,,,,
1786929000,30226.25,30227.5,30213.5,30213.75,,,,
1786929300,30213.75,30221.75,30204,30219.75,,,,
1786929600,30220,30245,30219.5,30228.75,,,,
1786929900,30229,30234.75,30227.75,30229.5,,,,
1786930200,30230.25,30232.75,30199,30204.25,,,,
1786930500,30204.75,30212,30196.5,30211.75,,,,
1786930800,30211.75,30214,30191,30199,,,,
1786931100,30199,30203,30192.25,30198.75,,,,
1786931400,30198.75,30199.5,30186.5,30193,,,,
1786931700,30193,30195.25,30189,30192,,,,
1786932000,30192.5,30195,30187.5,30189,,,,
1786932300,30188.75,30197.75,30185.75,30196,,,,
1786932600,30196.25,30201.5,30191.75,30200.75,,,,
1786932900,30200.75,30205.5,30197.75,30201.25,,,,
1786933200,30201.5,30222.25,30200,30214.5,,,,
1786933500,30214.5,30218.25,30211,30216.5,,,,
1786933800,30216,30225.75,30211.25,30218,,,,
1786934100,30218,30219,30212,30217.25,,,,
1786934400,30218.25,30225,30216.25,30221.5,,,,
1786934700,30220.5,30230,30220.25,30224.75,,,,
1786935000,30225.5,30231,30222,30224.25,,,,
1786935300,30224.5,30224.75,30219.75,30221.75,,,,
1786935600,30222.5,30229,30221.25,30229,,,,
1786935900,30228.5,30235,30223.5,30232.75,,,,
1786936200,30233,30235,30222.75,30226.5,,,,
1786936500,30226.25,30235.75,30226,30231.25,,,,
1786936800,30231.75,30234.25,30231,30231.25,,,,
1786937100,30231.5,30234.5,30228.75,30234,,,,
1786937400,30234,30237.25,30225,30236,,,,
1786937700,30235.75,30240.25,30234,30238.75,,,,
1786938000,30239.25,30249,30237.5,30241,,,,
1786938300,30241,30244.5,30239.25,30244.25,,,,
1786938600,30243.5,30245.5,30239.5,30244.25,,,,
1786938900,30244.25,30246.5,30243.25,30246.5,,,,
1786939200,30246.25,30248.5,30243.75,30247,,,,
1786939500,30247,30252,30245.25,30247,,,,
1786939800,30246.5,30254.75,30246,30251.5,,,,
1786940100,30251.25,30251.25,30246,30250.5,,,,
1786940400,30250,30251.25,30243.25,30244.25,,,,
1786940700,30244.25,30246.25,30240,30240.25,,,,
1786941000,30240.5,30241,30234,30236,,,,
1786941300,30236.5,30240.25,30234.75,30239.25,,,,
1786941600,30238.75,30244.75,30238.5,30244.75,,,,
1786941900,30244.5,30248.75,30240,30240.75,,,,
1786942200,30241,30242.5,30233,30235.5,,,,
1786942500,30235.75,30238.75,30234,30235.25,,,,
1786942800,30235.25,30246,30234.25,30241.5,,,,
1786943100,30241.5,30247,30237,30246,,,,
1786943400,30245.75,30246,30238.5,30242.25,,,,
1786943700,30242.75,30246.5,30241.75,30244.25,,,,
1786944000,30244,30246,30235.5,30235.5,,,,
1786944300,30235.5,30244.25,30230.25,30244.25,,,,
1786944600,30244.25,30260.25,30237.25,30256.25,,,,
1786944900,30256.25,30259,30249.25,30258.25,,,,
1786945200,30258.5,30262.75,30257.75,30262.75,,,,
1786945500,30262.75,30272.5,30260.5,30271.5,,,,
1786945800,30271.5,30274.25,30266.5,30270,,,,
1786946100,30269.75,30275.25,30268,30272.75,,,,
1786946400,30272.5,30291.5,30267.25,30290.25,,,,
1786946700,30290.25,30295,30289,30291,,,,
1786947000,30291,30292,30285.75,30287.5,,,,
1786947300,30288,30288.25,30272.25,30276.75,,,,
1786947600,30276.25,30289,30272.5,30286.25,,,,
1786947900,30286,30299.75,30285.25,30296.75,,,,
1786948200,30296.5,30310,30293.25,30307.5,,,,
1786948500,30307.5,30323.5,30307,30322.25,,,,
1786948800,30321.75,30327.5,30311.5,30313.75,,,,
1786949100,30313.5,30325.25,30311.25,30325,,,,
1786949400,30325,30325.5,30315.5,30316.25,,,,
1786949700,30316.75,30325,30314.5,30324.75,,,,
1786950000,30324.5,30331.75,30306,30311.25,,,,
1786950300,30312,30313.25,30297.5,30300.75,,,,
1786950600,30301.5,30302,30273.75,30275.5,,,,
1786950900,30276,30277.25,30261,30268.25,,,,
1786951200,30268,30275,30264,30269.25,,,,
1786951500,30269.25,30280.5,30260,30280,,,,
1786951800,30280,30300.25,30276.75,30296.75,,,,
1786952100,30296.75,30321.75,30296.25,30318.75,,,,
1786952400,30318.5,30324.25,30315.25,30318.25,,,,
1786952700,30318,30322.75,30312.5,30313.75,,,,
1786953000,30313.25,30319.25,30307,30309.5,,,,
1786953300,30309.5,30314.5,30305.5,30312.25,,,,
1786953600,30312.5,30318.25,30296.25,30314,,,,
1786953900,30314.25,30320,30300,30319,,,,
1786954200,30318.5,30328,30305,30307,,,,
1786954500,30306.75,30320,30302.75,30303.75,,,,
1786954800,30304,30318,30303,30315,,,,
1786955100,30315,30319.5,30310,30315,,,,
1786955400,30315.75,30319.5,30308.5,30308.5,,,,
1786955700,30308.75,30318.25,30304.75,30306.25,,,,
1786956000,30306.5,30306.75,30287.5,30288.25,,,,
1786956300,30287.75,30297.5,30287,30293.75,,,,
1786956600,30294,30296.5,30283.75,30293.75,,,,
1786956900,30293.25,30306,30290.25,30298.25,,,,
1786957200,30298,30303,30289.5,30291.5,,,,
1786957500,30292,30296.25,30288,30295.5,,,,
1786957800,30295,30299.5,30288.75,30297.5,,,,
1786958100,30298,30298.25,30277.75,30283.5,,,,
1786958400,30283.75,30284.25,30271.5,30273.75,,,,
1786958700,30273.75,30277.25,30267,30274.5,,,,
1786959000,30274.5,30280.75,30269,30273.25,,,,
1786959300,30273.5,30282.75,30267.5,30270.25,,,,
1786959600,30269.75,30283,30268.75,30281.75,,,,
1786959900,30281.75,30291.5,30280,30285.25,,,,
1786960200,30285.25,30288.5,30276.25,30286.25,,,,
1786960500,30285.75,30289.75,30280.5,30281,,,,
1786960800,30281.25,30285.5,30278.25,30284.25,,,,
1786961100,30283,30292.75,30273.75,30280,,,,
1786961400,30280.25,30304.5,30278.75,30295.25,,,,
1786961700,30295.25,30311,30285,30293.5,,,,
1786962000,30293.5,30295.5,30283.25,30286.5,,,,
1786962300,30286.5,30339.75,30279,30337.5,,,,
1786962600,30337.25,30338.25,30293.75,30297.5,,,,
1786962900,30297.5,30305.25,30292,30302.75,,,,
1786963200,30303.5,30311.5,30298.5,30310.5,,,,
1786963500,30311,30311.5,30304.5,30307,,,,
1786963800,30307,30313.5,30305.5,30310.25,,,,
1786964100,30310,30317.25,30307.5,30315,,,,
1786964400,30315,30322.25,30295.75,30310.75,,,,
1786964700,30311.25,30325.25,30310.25,30320,,,,
1786965000,30320.5,30321,30298,30299.75,,,,
1786965300,30300.25,30301.25,30284,30287.75,,,,
1786965600,30288.75,30302,30288.25,30301.75,,,,
1786965900,30301.75,30307.25,30294,30299.25,,,,
1786966200,30299.75,30306,30294.5,30302,,,,
1786966500,30301.75,30302.25,30292.25,30298,,,,
1786966800,30298,30306.75,30295.5,30304.5,,,,
1786967100,30304.5,30311,30304.25,30309.5,,,,
1786967400,30309.5,30309.5,30289.75,30295.25,,,,
1786967700,30294.75,30299,30286,30286,,,,
1786968000,30286.75,30288.75,30249.25,30250,,,,
1786968300,30249.75,30272,30246.75,30272,,,,
1786968600,30271.5,30282.25,30266.25,30278.75,,,,
1786968900,30279,30280.5,30269,30275.75,,,,
1786969200,30276.25,30280.75,30270,30272.5,,,,
1786969500,30272.25,30277.5,30221.25,30236.5,,,,
1786969800,30238,30250.25,30224.5,30230.5,,,,
1786970100,30230.5,30232.25,30194,30195.5,,,,
1786970400,30195.5,30212.75,30183,30190,,,,
1786970700,30190,30198,30180,30193.75,,,,
1786971000,30194.25,30211,30185,30197.75,,,,
1786971300,30198,30213.5,30192,30202,,,,
1786971600,30202.25,30214.25,30198.75,30206.25,,,,
1786971900,30206.5,30222.75,30206.5,30220.75,,,,
1786972200,30221,30227.5,30214.75,30218.75,,,,
1786972500,30219,30220,30210.75,30211,,,,
1786972800,30211.25,30214.75,30205.25,30209.25,,,,
1786973100,30209.5,30238.25,30207.25,30218.75,,,,
1786973400,30218.75,30265.75,30190.5,30196.75,,,,
1786973700,30197,30239.5,30165.25,30178.75,,,,
1786974000,30178.5,30230.5,30167,30196,,,,
1786974300,30196.25,30228.75,30174.25,30226,,,,
1786974600,30226.5,30254.75,30210.25,30249.25,,,,
1786974900,30249.25,30252.25,30214.75,30234.5,,,,
1786975200,30235,30244.25,30186,30207.25,,,,
1786975500,30207.25,30214,30160.5,30196.75,,,,
1786975800,30197,30227,30194.75,30224.75,,,,
1786976100,30224.5,30225.75,30173.75,30180.5,,,,
1786976400,30180.75,30185,30156.5,30176.25,,,,
1786976700,30176.5,30199,30166,30197,,,,
1786977000,30197.75,30207.25,30185.75,30203.5,,,,
1786977300,30204,30206.75,30187,30194.5,,,,
1786977600,30194.25,30217,30191.5,30203.5,,,,
1786977900,30204.75,30223.5,30199.75,30215.5,,,,
1786978200,30215.5,30232,30202.5,30209.5,,,,
1786978500,30209.25,30246,30208.25,30243.5,,,,
1786978800,30243.75,30276.75,30232.5,30269.5,,,,
1786979100,30268.75,30286.75,30257,30259.25,,,,
1786979400,30259.25,30276.5,30255.75,30257.5,,,,
1786979700,30257.75,30278,30255,30271.75,,,,
1786980000,30271.75,30279,30265,30269.5,,,,
1786980300,30269.75,30277.5,30255.25,30269.25,,,,
1786980600,30269.75,30273,30241,30244,,,,
1786980900,30244.25,30253,30222.5,30224.25,,,,
1786981200,30224,30233.25,30201.25,30227.75,,,,
1786981500,30228,30233.25,30215.25,30218.25,,,,
1786981800,30218.75,30250,30214.75,30242.75,,,,
1786982100,30242.5,30247.25,30237.75,30239.25,,,,
1786982400,30239.5,30243.75,30215.75,30217.5,,,,
1786982700,30217.25,30222,30200.5,30207.75,,,,
1786983000,30207.5,30215.5,30200,30203.75,,,,
1786983300,30203.75,30218.5,30200.25,30212.5,,,,
1786983600,30212.75,30217.25,30195,30199,,,,
1786983900,30199,30210.25,30197.25,30207,,,,
1786984200,30207.5,30213,30193,30197.5,,,,
1786984500,30197.5,30202.75,30193,30201.75,,,,
1786984800,30201.5,30202,30182.25,30183.75,,,,
1786985100,30184,30191.25,30178.75,30189.75,,,,
1786985400,30189.25,30192.5,30175.25,30190.25,,,,
1786985700,30190.25,30193.25,30177.5,30183.5,,,,
1786986000,30183.75,30188,30171.5,30173.75,,,,
1786986300,30174,30174.25,30155,30160.75,,,,
1786986600,30161.5,30164.25,30128,30129.25,,,,
1786986900,30129.25,30142.25,30115,30129.25,,,,
1786987200,30128.5,30129.75,30095.5,30108.75,,,,
1786987500,30109.25,30116.25,30093.5,30097,,,,
1786987800,30096.75,30113.75,30089.5,30094.5,,,,
1786988100,30094,30116.25,30090.75,30092.25,,,,
1786988400,30092,30128.5,30086.25,30123.25,,,,
1786988700,30123.25,30127.75,30109,30111,,,,
1786989000,30110.75,30117.5,30105.25,30112,,,,
1786989300,30112,30113.5,30096.5,30102,,,,
1786989600,30102.5,30114.5,30089,30093,,,,
1786989900,30093.25,30097.25,30079,30087,,,,
1786990200,30087,30107.5,30084,30100.25,,,,
1786990500,30100,30104.75,30092.25,30098,,,,
1786990800,30098.25,30107.25,30089.25,30106.25,,,,
1786991100,30106.25,30114,30095,30103.5,,,,
1786991400,30103.5,30110.25,30092.5,30101.5,,,,
1786991700,30101.25,30110,30101.25,30107.25,,,,
1786992000,30107.25,30120,30104,30117.5,,,,
1786992300,30117.5,30125,30115.25,30123.5,,,,
1786992600,30123.25,30136.5,30119.5,30122.25,,,,
1786992900,30122.25,30125,30116.5,30122,,,,
1786993200,30122.5,30124.25,30106.5,30107,,,,
1786993500,30107,30114.75,30098,30102.25,,,,
1786993800,30102,30104.25,30083.5,30084.5,,,,
1786994100,30084.25,30108,30082,30092.25,,,,
1786994400,30092.25,30097.75,30082.5,30096,,,,
1786994700,30096.25,30114.25,30091.25,30093.25,,,,
1786995000,30093.5,30105,30088.25,30097.5,,,,
1786995300,30097.75,30106,30094.75,30105.75,,,,
1786995600,30105.75,30111.75,30096.5,30102.5,,,,
1786995900,30103,30120,30103,30119.5,,,,
1786996200,30119.5,30123.5,30089,30093.75,,,,
1786996500,30094,30105.5,30066.5,30091,,,,
1786996800,30091.75,30097.75,30076.75,30079.75,,,,
1786997100,30079.75,30082,30069.75,30080.75,,,,
1786997400,30080.5,30085.25,30077.25,30078,,,,
1786997700,30078,30081.75,30068.5,30081.25,,,,
1786998000,30081.25,30082.25,30077.25,30077.5,,,,
1786998300,30077.5,30079.5,30075,30078.25,,,,
1786998600,30077.75,30080.25,30070.75,30073.25,,,,
1786998900,30073.25,30073.75,30060,30065,,,,
1786999200,30065.5,30071.5,30063,30064.5,,,,
1786999500,30064,30066.5,30053.25,30058.75,,,,
1786999800,30059,30073.25,30057,30073,,,,
1787000100,30073.25,30080.25,30067.75,30080.25,,,,
1787004000,30078.75,30091.5,30069.75,30082,,,,
1787004300,30082.5,30087.75,30071.75,30085.25,,,,
1787004600,30085.5,30086,30070.5,30073.5,,,,
1787004900,30074.5,30079.25,30062,30079.25,,,,
1787005200,30079.5,30087,30072.25,30081,,,,
1787005500,30081.25,30084.25,30075.25,30076,,,,
1787005800,30075,30077.25,30068,30071.5,,,,
1787006100,30071.5,30075,30067.25,30068.75,,,,
1787006400,30068.5,30074.75,30067,30071.25,,,,
1787006700,30071,30077.25,30069.25,30074,,,,
1787007000,30073.75,30080.25,30072.5,30079.75,,,,
1787007300,30080.25,30083.75,30076,30078.25,,,,
1787007600,30079.25,30080.5,30070,30072.5,,,,
1787007900,30073.5,30086.5,30072.5,30084,,,,
1787008200,30084,30087.5,30079.5,30081.5,,,,
1787008500,30081.5,30089.75,30071.5,30082.25,,,,
1787008800,30082.5,30082.75,30076.75,30079.75,,,,
1787009100,30079.75,30085,30076.75,30084,,,,
1787009400,30083.25,30101.25,30081.75,30094.5,,,,
1787009700,30094.5,30100.25,30093,30099.25,,,,
1787010000,30099.25,30099.25,30093.75,30096.5,,,,
1787010300,30096,30099.25,30080.5,30086,,,,
1787010600,30086,30099.5,30083.75,30097.75,,,,
1787010900,30098,30100.5,30093,30095,,,,
1787011200,30094.25,30104,30081.5,30097.75,,,,
1787011500,30097.75,30102,30092.75,30094.75,,,,
1787011800,30095.75,30102,30089.75,30100.25,,,,
1787012100,30101,30110.75,30091.25,30109.25,,,,
1787012400,30108.25,30114.25,30106.75,30108.5,,,,
1787012700,30108.75,30110.75,30096.5,30101.25,,,,
1787013000,30100.75,30112.75,30098.25,30110,,,,
1787013300,30110.25,30113.25,30106,30109,,,,
1787013600,30108.75,30113,30100.5,30112.5,,,,
1787013900,30111.75,30115.75,30108,30111.5,,,,
1787014200,30111.5,30124.25,30101,30104.5,,,,
1787014500,30104.25,30106.75,30095,30098.5,,,,
1787014800,30099,30103.75,30092,30093.75,,,,
1787015100,30094,30104,30089.5,30094.75,,,,
1787015400,30094.5,30110,30094.5,30109.75,,,,
1787015700,30109.25,30109.75,30090,30095.75,,,,
1787016000,30095.75,30103.5,30084.75,30103.5,,,,
1787016300,30102.25,30102.75,30075,30087.25,,,,
1787016600,30087,30090,30072,30078.25,,,,
1787016900,30079,30095,30074,30074,,,,
1787017200,30074.25,30074.25,30040.5,30049.25,,,,
1787017500,30049.75,30058.25,30016.75,30021.5,,,,
1787017800,30021.25,30022,29968.5,29992.25,,,,
1787018100,29992.25,30013.75,29986,30012.25,,,,
1787018400,30012.5,30021.75,30006.5,30012,,,,
1787018700,30012.75,30014,29989.75,30004.25,,,,
1787019000,30004.75,30007.75,29961.25,29966.25,,,,
1787019300,29966,29971.25,29929.75,29954.5,,,,
1787019600,29955,29965.75,29933,29938.75,,,,
1787019900,29937.5,29940.5,29920.5,29933,,,,
1787020200,29932.75,29938.5,29916.75,29929,,,,
1787020500,29929,29959.5,29925.5,29949,,,,
1787020800,29949.25,29957,29906,29910,,,,
1787021100,29909.25,29918,29879.25,29916.5,,,,
1787021400,29915.75,29921,29899.25,29899.5,,,,
1787021700,29899.75,29913.5,29886.75,29908.5,,,,
1787022000,29909.25,29916,29906,29908.75,,,,
1787022300,29908.75,29915.5,29899,29902.25,,,,
1787022600,29902,29904,29888.25,29894.5,,,,
1787022900,29894,29897.5,29874,29880.5,,,,
1787023200,29881,29887.25,29860,29867.5,,,,
1787023500,29866.75,29886,29864.5,29879.75,,,,
1787023800,29879.5,29879.5,29853,29863,,,,
1787024100,29862.5,29894.5,29858.25,29889.5,,,,
1787024400,29889,29898,29885,29895.5,,,,
1787024700,29894.5,29905.5,29883.25,29883.75,,,,
1787025000,29883.5,29915,29881.75,29903.75,,,,
1787025300,29902.75,29904.75,29886,29893,,,,
1787025600,29893.25,29893.75,29871,29871.5,,,,
1787025900,29871.5,29897,29870,29896,,,,
1787026200,29896,29899.75,29889.5,29897.75,,,,
1787026500,29897.75,29905.5,29892.25,29900.5,,,,
1787026800,29899.75,29903,29882.25,29883.75,,,,
1787027100,29884,29920,29878.75,29911.25,,,,
1787027400,29911.75,29919.25,29903.25,29910.25,,,,
1787027700,29910.5,29921.25,29891.5,29895.5,,,,
1787028000,29895.25,29906,29893.5,29901,,,,
1787028300,29900.25,29911.25,29895.25,29911.25,,,,
1787028600,29910.5,29925.75,29910,29922,,,,
1787028900,29922,29927.75,29915.5,29917.75,,,,
1787029200,29917.5,29919.25,29878.75,29887.75,,,,
1787029500,29888,29906.25,29885.5,29896.25,,,,
1787029800,29896.75,29897.5,29862,29879.5,,,,
1787030100,29879.75,29884.25,29873.75,29882.25,,,,
1787030400,29882,29885.75,29874,29879.25,,,,
1787030700,29878.5,29887.25,29873.5,29875.75,,,,
1787031000,29876.25,29876.75,29863.5,29867.5,,,,
1787031300,29867,29876.25,29861.75,29868.25,,,,
1787031600,29867.5,29871.25,29861.5,29865.5,,,,
1787031900,29865.25,29878.25,29861.75,29877.5,,,,
1787032200,29877.25,29881.5,29860.25,29861,,,,
1787032500,29861.75,29870,29820,29840.25,,,,
1787032800,29841,29841.5,29798.5,29806.5,,,,
1787033100,29806.25,29810.25,29785.5,29806.75,,,,
1787033400,29806,29845,29806,29835.75,,,,
1787033700,29835.75,29841.25,29820,29835.5,,,,
1787034000,29836,29858.5,29836,29852,,,,
1787034300,29851,29866.75,29844.5,29860,,,,
1787034600,29859.75,29872.75,29852.25,29864.25,,,,
1787034900,29865.25,29876.5,29858.75,29873.25,,,,
1787035200,29873.75,29874.75,29862,29866,,,,
1787035500,29866.5,29878,29862.75,29873.25,,,,
1787035800,29873,29878,29866.75,29868.25,,,,
1787036100,29868.75,29895.75,29868.75,29893,,,,
1787036400,29892,29894.25,29875,29881.5,,,,
1787036700,29881.25,29897,29871.5,29878,,,,
1787037000,29877.75,29879.5,29861.25,29861.5,,,,
1787037300,29862.5,29871.5,29852.5,29862.25,,,,
1787037600,29862,29871.25,29857,29860,,,,
1787037900,29860.25,29865.25,29845.75,29847.25,,,,
1787038200,29848,29854.5,29823.25,29825.75,,,,
1787038500,29825.75,29846.75,29821.5,29843.5,,,,
1787038800,29843.5,29849.5,29824.5,29826,,,,
1787039100,29825.25,29834.75,29822.5,29832.25,,,,
1787039400,29833,29842,29816.25,29824,,,,
1787039700,29824,29827.5,29808.75,29810.25,,,,
1787040000,29811,29814.25,29759.5,29762.5,,,,
1787040300,29763.25,29766.25,29737.5,29758,,,,
1787040600,29758,29778.5,29740,29766.5,,,,
1787040900,29767.5,29785.5,29766.75,29768.25,,,,
1787041200,29768.75,29773,29735,29740.75,,,,
1787041500,29740.5,29765.25,29735.5,29758.25,,,,
1787041800,29757.5,29781.25,29747.75,29778,,,,
1787042100,29778.75,29793,29775,29784.5,,,,
1787042400,29784.5,29789.75,29769.5,29782.25,,,,
1787042700,29782,29783,29745.25,29746,,,,
1787043000,29746.25,29764.25,29743,29756.75,,,,
1787043300,29757,29772.75,29747.75,29766.75,,,,
1787043600,29766,29778.5,29744.25,29765.25,,,,
1787043900,29764.25,29764.75,29744,29751.25,,,,
1787044200,29751.75,29775,29751.5,29765,,,,
1787044500,29765.25,29771,29735.75,29740,,,,
1787044800,29738.75,29747,29726.75,29728,,,,
1787045100,29728,29749,29721.5,29735.25,,,,
1787045400,29736,29741,29717.25,29733.25,,,,
1787045700,29732.75,29741.75,29722.25,29726.5,,,,
1787046000,29726.5,29727.5,29698.5,29712,,,,
1787046300,29711.75,29722.25,29697,29698.75,,,,
1787046600,29698.5,29715.5,29687,29714,,,,
1787046900,29714.25,29737.5,29713.75,29733,,,,
1787047200,29732.5,29743,29715.75,29733.5,,,,
1787047500,29733,29739,29723.5,29737.5,,,,
1787047800,29737.75,29739.25,29717.5,29722,,,,
1787048100,29723,29745.75,29710.5,29713.75,,,,
1787048400,29714,29718,29706,29708,,,,
1787048700,29708,29728.5,29704,29727.5,,,,
1787049000,29727.25,29744.25,29722.25,29737,,,,
1787049300,29737.5,29747,29732.5,29733.25,,,,
1787049600,29733.75,29736,29720.5,29728,,,,
1787049900,29728,29752.5,29720.5,29750,,,,
1787050200,29750,29753,29743.5,29748.5,,,,
1787050500,29748.75,29751.25,29737,29739,,,,
1787050800,29739,29765,29730.25,29760.25,,,,
1787051100,29760.25,29767.5,29755.25,29757,,,,
1787051400,29757.5,29772.5,29756.75,29768.25,,,,
1787051700,29767.25,29773.5,29762,29770.5,,,,
1787052000,29770.5,29774.25,29753.5,29755.75,,,,
1787052300,29756,29769.75,29753.75,29757.5,,,,
1787052600,29757.5,29758.5,29738.5,29742.5,,,,
1787052900,29743,29751.25,29729,29730.5,,,,
1787053200,29730.5,29760.5,29727,29755,,,,
1787053500,29755.25,29773,29755.25,29769.5,,,,
1787053800,29769.75,29774,29744.75,29750.5,,,,
1787054100,29749.75,29764.25,29747,29747.5,,,,
1787054400,29747.75,29783,29741.75,29781.5,,,,
1787054700,29781.5,29785.5,29742,29746.25,,,,
1787055000,29746.25,29748.5,29724.25,29734.5,,,,
1787055300,29733.25,29740.25,29725.5,29733,,,,
1787055600,29733.5,29760.25,29723,29728.75,,,,
1787055900,29729.5,29730,29711.25,29713,,,,
1787056200,29713.25,29723.75,29696.75,29708.5,,,,
1787056500,29708,29710.5,29685.5,29695.25,,,,
1787056800,29695.75,29698.25,29687,29688.75,,,,
1787057100,29688.25,29710.25,29680.75,29708.5,,,,
1787057400,29709,29721.25,29705.5,29707.75,,,,
1787057700,29707.75,29716.5,29706.25,29714,,,,
1787058000,29713.25,29726.75,29701.25,29701.75,,,,
1787058300,29701.5,29709.75,29692.5,29693.5,,,,
1787058600,29693.5,29703.5,29690.25,29696.25,,,,
1787058900,29696.25,29704.75,29690.75,29699.5,,,,
1787059200,29699.5,29709.25,29687.5,29690,,,,
1787059500,29690.25,29701,29675,29690.75,,,,
1787059800,29690.75,29755,29631,29685.5,,,,
1787060100,29685.25,29742,29673,29734,,,,
1787060400,29734.25,29770,29686.25,29687.5,,,,
1787060700,29687.75,29700.5,29644.5,29657.5,,,,
1787061000,29657.25,29683,29633.75,29637.25,,,,
1787061300,29637.5,29665.75,29605,29647.5,,,,
1787061600,29647.5,29706.5,29620.75,29673.25,,,,
1787061900,29673.75,29679.5,29617.5,29619,,,,
1787062200,29618.75,29621.25,29568.25,29587.25,,,,
1787062500,29587,29636,29577.75,29619.25,,,,
1787062800,29619.5,29671.5,29595,29641.75,,,,
1787063100,29642,29684.5,29637.25,29669.25,,,,
1787063400,29669,29691,29648.25,29651.25,,,,
1787063700,29651,29684.5,29649.25,29665.75,,,,
1787064000,29665.75,29672.75,29612.5,29613.25,,,,
1787064300,29613.5,29625,29595.5,29604.75,,,,
1787064600,29605,29619.75,29557,29558,,,,
1787064900,29557.75,29567.5,29536.75,29547.75,,,,
1787065200,29547.75,29569.75,29526.5,29561.75,,,,
1787065500,29561.25,29571.25,29522.25,29530.25,,,,
1787065800,29530.25,29547.5,29514,29546.75,,,,
1787066100,29546.75,29561.25,29534.75,29535.5,,,,
1787066400,29535.5,29577.25,29531.75,29568,,,,
1787066700,29567.75,29600.25,29564.25,29591.25,,,,
1787067000,29591.25,29610,29581.75,29591.75,,,,
1787067300,29591.75,29592.75,29567.25,29571.75,,,,
1787067600,29571.75,29606.5,29565.5,29598.5,,,,
1787067900,29598.75,29630.25,29598.5,29622,,,,
1787068200,29622.25,29637,29599,29633.75,,,,
1787068500,29634.25,29641.25,29617.5,29636.5,,,,
1787068800,29637,29653.5,29630.5,29639.25,,,,
1787069100,29638.75,29650.75,29625.5,29635.5,,,,
1787069400,29635.75,29662.75,29633.75,29646,,,,
1787069700,29646.5,29650.75,29621.25,29625.25,,,,
1787070000,29625.5,29657.25,29624.25,29644.25,,,,
1787070300,29644.25,29645.5,29609.25,29610.25,,,,
1787070600,29610,29628.25,29603.5,29624,,,,
1787070900,29624.5,29640,29612.75,29633.75,,,,
1787071200,29634,29650,29616.75,29629.75,,,,
1787071500,29629.75,29669.25,29619,29664.5,,,,
1787071800,29664.75,29671,29655.25,29668,,,,
1787072100,29668.25,29668.5,29647.25,29650,,,,
1787072400,29649.75,29661.25,29632.5,29644.75,,,,
1787072700,29645,29647.75,29626.25,29635.5,,,,
1787073000,29635.25,29642,29618.25,29635.25,,,,
1787073300,29635.5,29635.75,29605.5,29606,,,,
1787073600,29605.75,29620.25,29596.25,29600.25,,,,
1787073900,29600.25,29618.25,29593,29615.5,,,,
1787074200,29615.5,29622,29605.5,29609,,,,
1787074500,29609,29621.5,29591.5,29609.75,,,,
1787074800,29610,29616.5,29602,29603.75,,,,
1787075100,29603.75,29615,29594.25,29596,,,,
1787075400,29595.75,29600,29589,29593.25,,,,
1787075700,29593.5,29594.25,29565.5,29566,,,,
1787076000,29566,29576.5,29561.75,29569,,,,
1787076300,29569.75,29578,29550,29555,,,,
1787076600,29555,29580.5,29547.25,29575.25,,,,
1787076900,29575.25,29607,29570.5,29605.5,,,,
1787077200,29605.75,29614.75,29592.25,29600,,,,
1787077500,29600.5,29604.25,29588.75,29603.25,,,,
1787077800,29603,29609,29584.75,29599.75,,,,
1787078100,29599.75,29613.5,29599.75,29605.5,,,,
1787078400,29605.5,29607.25,29582.25,29586,,,,
1787078700,29586.25,29597.75,29583.75,29585.75,,,,
1787079000,29585.75,29587,29570,29571.5,,,,
1787079300,29571.5,29580.5,29565.5,29571.5,,,,
1787079600,29571.25,29583,29564.5,29570.75,,,,
1787079900,29571,29585,29566,29581.25,,,,
1787080200,29581,29586.25,29567.5,29572,,,,
1787080500,29572,29578.25,29564.75,29574,,,,
1787080800,29574,29595.5,29566.25,29595.25,,,,
1787081100,29595.5,29606.25,29590,29599.5,,,,
1787081400,29599.75,29605.75,29589,29592,,,,
1787081700,29592.25,29600.5,29584.25,29593.75,,,,
1787082000,29593.75,29604.75,29583,29600.5,,,,
1787082300,29600.25,29607.25,29588,29597.5,,,,
1787082600,29597.25,29609.5,29559,29569,,,,
1787082900,29569.25,29602,29568,29586.25,,,,
1787083200,29586.25,29597.25,29575.75,29588.75,,,,
1787083500,29588.75,29592.5,29572.25,29575.75,,,,
1787083800,29575.25,29580.25,29566,29573,,,,
1787084100,29573.5,29577.5,29568,29570.25,,,,
1787084400,29570.5,29573.5,29561,29565,,,,
1787084700,29565.75,29580.75,29563.75,29578.5,,,,
1787085000,29578.25,29585,29573.5,29584.25,,,,
1787085300,29584.25,29586,29581.25,29585.5,,,,
1787085600,29585.5,29585.75,29576.75,29577.25,,,,
1787085900,29577.5,29578.75,29551,29551.5,,,,
1787086200,29551.5,29560.75,29550.25,29556.75,,,,
1787086500,29556.5,29568.5,29554.5,29560,,,,
1787090400,29565.25,29582.5,29551.5,29569.25,,,,
1787090700,29568.5,29578,29556.25,29575.75,,,,
1787091000,29575,29577,29568.5,29574.25,,,,
1787091300,29574.5,29584.25,29569.75,29583.75,,,,
1787091600,29582.75,29593.75,29575.5,29578,,,,
1787091900,29577.25,29577.75,29544.25,29546.5,,,,
1787092200,29546.5,29552.5,29536.5,29545,,,,
1787092500,29544.25,29544.75,29522.75,29524.75,,,,
1787092800,29526,29534,29521.25,29531.75,,,,
1787093100,29532.25,29533.75,29520.25,29528.75,,,,
1787093400,29528.75,29537.25,29517,29522.75,,,,
1787093700,29523.25,29525,29516.75,29520.25,,,,
1787094000,29520,29532.75,29514.25,29528.75,,,,
1787094300,29528.75,29543.5,29519,29533.25,,,,
1787094600,29532.75,29535.5,29526.5,29533,,,,
1787094900,29533.5,29538.5,29520.75,29525.25,,,,
1787095200,29525.75,29568,29525.25,29552,,,,
1787095500,29552.75,29556.5,29543,29546.5,,,,
1787095800,29546.25,29549.5,29535.75,29542,,,,
1787096100,29543.25,29544,29521,29536.75,,,,
1787096400,29536.5,29541.75,29530.5,29534,,,,
1787096700,29533.75,29539,29524.5,29529.75,,,,
1787097000,29529.25,29554.25,29526.25,29542.75,,,,
1787097300,29542.25,29542.5,29526.5,29528.25,,,,
1787097600,29527.5,29529.25,29441,29472.5,,,,
1787097900,29472.75,29499,29462.5,29476.75,,,,
1787098200,29477.25,29480,29450.5,29460,,,,
1787098500,29460.75,29493,29450,29490.25,,,,
1787098800,29491,29523.75,29484.75,29504.25,,,,
1787099100,29503.75,29530.25,29498.5,29530,,,,
1787099400,29530,29557.5,29529.5,29545.25,,,,
1787099700,29545,29573.25,29543.75,29568.5,,,,
1787100000,29568.5,29575.75,29560,29570,,,,
1787100300,29570,29586.25,29564.75,29567.75,,,,
1787100600,29567.5,29571.5,29553.5,29554.75,,,,
1787100900,29554.75,29565,29533.5,29541,,,,
1787101200,29540,29575,29530.25,29573.75,,,,
1787101500,29573,29599,29570.75,29595,,,,
1787101800,29595,29596.5,29580.75,29585.75,,,,
1787102100,29585.5,29603,29569.25,29602.25,,,,
1787102400,29602,29609.75,29588.5,29589,,,,
1787102700,29589.5,29607.75,29579,29601,,,,
1787103000,29601,29605,29563.5,29564,,,,
1787103300,29564.25,29590.75,29564.25,29588.75,,,,
1787103600,29588.5,29590.5,29563.75,29576.5,,,,
1787103900,29575.5,29579,29562.5,29573.25,,,,
1787104200,29573,29577.75,29566.75,29573.75,,,,
1787104500,29573.5,29584,29566.75,29577.5,,,,
1787104800,29578.75,29583.75,29560.75,29561.25,,,,
1787105100,29561.5,29563.5,29543.5,29545.5,,,,
1787105400,29546.5,29549,29525.75,29533.25,,,,
1787105700,29533,29552.25,29520.5,29526.25,,,,
1787106000,29526,29562.5,29525,29554.5,,,,
1787106300,29555,29564,29538.5,29543,,,,
1787106600,29542.75,29546.5,29519.75,29523,,,,
1787106900,29522.75,29527.5,29515.25,29524,,,,
1787107200,29523.75,29529,29510,29523.25,,,,
1787107500,29522.5,29543.75,29517.75,29538.5,,,,
1787107800,29538.25,29542.75,29518.5,29521,,,,
1787108100,29521,29535,29519.25,29531.5,,,,
1787108400,29532,29555,29531.75,29549.25,,,,
1787108700,29548.75,29554,29521,29524.25,,,,
1787109000,29524.75,29535,29520,29531,,,,
1787109300,29531.25,29551,29530.75,29539.25,,,,
1787109600,29539.5,29541.25,29519.5,29534.25,,,,
1787109900,29534.5,29535.75,29526,29534.25,,,,
1787110200,29534,29550,29528.75,29548.75,,,,
1787110500,29549,29567.5,29536.25,29542.75,,,,
1787110800,29543,29543,29529.25,29531,,,,
1787111100,29530.5,29530.5,29516.25,29528.5,,,,
1787111400,29528.5,29545.75,29527,29527,,,,
1787111700,29528,29535.25,29523,29525.5,,,,
1787112000,29525.5,29529.75,29515,29522,,,,
1787112300,29522,29524,29510.5,29516.75,,,,
1787112600,29516.25,29522.25,29504.75,29516.5,,,,
1787112900,29516.25,29519,29507,29514.25,,,,
1787113200,29515.25,29543.5,29513,29532.5,,,,
1787113500,29532.5,29541.5,29528.75,29533.75,,,,
1787113800,29534.5,29541,29500.25,29509.5,,,,
1787114100,29509,29522.25,29503.5,29504.5,,,,
1787114400,29504.25,29510.75,29496.5,29500,,,,
1787114700,29500,29504,29473.5,29476.25,,,,
1787115000,29476.75,29477.25,29464,29473.75,,,,
1787115300,29475,29507.25,29465.5,29505.75,,,,
1787115600,29505.75,29535,29498,29532,,,,
1787115900,29531.25,29534.5,29505.5,29517.5,,,,
1787116200,29518,29520,29482,29489,,,,
1787116500,29489,29492.75,29466,29472,,,,
1787116800,29471.5,29491.5,29466.75,29485.75,,,,
1787117100,29485.75,29510,29479,29508.5,,,,
1787117400,29508.25,29512.25,29484,29484,,,,
1787117700,29484.25,29492.75,29465.5,29472.5,,,,
1787118000,29472.75,29478.25,29459.5,29473.5,,,,
1787118300,29473.5,29478,29460.75,29469.75,,,,
1787118600,29469,29469,29452.25,29456.25,,,,
1787118900,29456.75,29463.25,29446.75,29456.5,,,,
1787119200,29456.75,29466.75,29444.25,29447.5,,,,
1787119500,29448,29452.75,29430.25,29433.5,,,,
1787119800,29433,29447.75,29430.25,29435.25,,,,
1787120100,29435.5,29487,29434.75,29478.5,,,,
1787120400,29478.5,29500,29477,29498.75,,,,
1787120700,29499.25,29504.25,29472.25,29482.25,,,,
1787121000,29481.75,29495,29472.75,29482,,,,
1787121300,29481,29490,29475.5,29477.5,,,,
1787121600,29476.75,29492,29459.5,29491,,,,
1787121900,29491,29532.25,29491,29521,,,,
1787122200,29521.25,29544.25,29516.75,29542.25,,,,
1787122500,29541.25,29561.75,29538.75,29558.25,,,,
1787122800,29558.5,29559.5,29525.75,29531.5,,,,
1787123100,29531.75,29552.5,29520.25,29547,,,,
1787123400,29547.25,29563.75,29540.5,29558.75,,,,
1787123700,29558.75,29562,29533,29546.25,,,,
1787124000,29546.25,29575.75,29546.25,29574.25,,,,
1787124300,29574.25,29578.75,29564.75,29578.5,,,,
1787124600,29578.5,29589.75,29567,29578.5,,,,
1787124900,29578.25,29587.25,29565.5,29567.75,,,,
1787125200,29567.75,29574.75,29546.75,29571,,,,
1787125500,29571.5,29590.5,29569.25,29581.75,,,,
1787125800,29581.5,29585,29570,29578,,,,
1787126100,29577,29606.75,29574.25,29600.25,,,,
1787126400,29600.25,29635.25,29592,29632,,,,
1787126700,29632,29637.75,29619.5,29628.75,,,,
1787127000,29628.5,29641.25,29620.25,29624.25,,,,
1787127300,29624.5,29633.75,29607.5,29628.25,,,,
1787127600,29629,29639.5,29611.25,29626,,,,
1787127900,29626,29629.5,29610.5,29622.75,,,,
1787128200,29622.25,29622.75,29600,29607.75,,,,
1787128500,29608.25,29619.75,29607.5,29618,,,,
1787128800,29617.75,29632.5,29612.75,29626.25,,,,
1787129100,29626,29633,29624,29625,,,,
1787129400,29625.25,29631.5,29611,29617.25,,,,
1787129700,29617.75,29619.25,29607,29607.5,,,,
1787130000,29608,29627.25,29602.75,29625.25,,,,
1787130300,29625,29630.5,29598.75,29598.75,,,,
1787130600,29599.25,29605.25,29593.5,29593.5,,,,
1787130900,29593.75,29598.25,29585,29593.25,,,,
1787131200,29593.25,29595.5,29583.5,29584,,,,
1787131500,29584.25,29587.25,29566,29572,,,,
1787131800,29571,29589,29563.5,29581.25,,,,
1787132100,29582,29584.5,29569.5,29573,,,,
1787132400,29573,29574.75,29549.75,29551.75,,,,
1787132700,29552,29563,29548.5,29559.75,,,,
1787133000,29559.75,29559.75,29544.5,29552.75,,,,
1787133300,29553.25,29557,29536.25,29554,,,,
1787133600,29553.5,29558,29522.25,29522.25,,,,
1787133900,29522.5,29529.75,29513.25,29520.25,,,,
1787134200,29519.75,29544.5,29510.5,29540,,,,
1787134500,29540,29540.5,29522.5,29530.5,,,,
1787134800,29529.25,29534.75,29516.5,29524,,,,
1787135100,29523.25,29541,29504.25,29535.75,,,,
1787135400,29535.25,29543.75,29528.5,29537.5,,,,
1787135700,29537.75,29558,29534.75,29554.5,,,,
1787136000,29553.5,29557.75,29546,29554.75,,,,
1787136300,29555.25,29559.75,29539.5,29539.5,,,,
1787136600,29539.75,29542.75,29530,29532.25,,,,
1787136900,29532,29533,29517.25,29522,,,,
1787137200,29521.75,29563.25,29508.25,29561,,,,
1787137500,29560.5,29578,29545,29545.5,,,,
1787137800,29546.25,29556.75,29541,29547.5,,,,
1787138100,29547.25,29553.25,29534.5,29548,,,,
1787138400,29548,29560.25,29529.25,29553.5,,,,
1787138700,29553.5,29561.25,29533.75,29537,,,,
1787139000,29537,29541.5,29512.75,29518.75,,,,
1787139300,29518.75,29530,29516,29524.5,,,,
1787139600,29524.75,29527.5,29507.5,29514.25,,,,
1787139900,29514.5,29527,29506.5,29516.5,,,,
1787140200,29516,29525.75,29510,29517.75,,,,
1787140500,29517.5,29537.5,29517.25,29536,,,,
1787140800,29535.25,29550.75,29511,29525.75,,,,
1787141100,29525,29558.25,29521.75,29545.75,,,,
1787141400,29546.5,29555.75,29533.5,29552,,,,
1787141700,29553.25,29573.75,29549.5,29570,,,,
1787142000,29570.5,29571.75,29557.25,29566,,,,
1787142300,29566,29583,29550.25,29574.25,,,,
1787142600,29574,29623.75,29548,29617,,,,
1787142900,29617.25,29668,29578,29661.25,,,,
1787143200,29662,29683.5,29654.5,29682.75,,,,
1787143500,29683.25,29722,29683.25,29721,,,,
1787143800,29721.5,29759,29721.5,29743,,,,
1787144100,29743.5,29747.75,29724.25,29742.75,,,,
1787144400,29742,29742.25,29679.75,29684,,,,
1787144700,29683.75,29717.5,29682.25,29708,,,,
1787145000,29708.5,29736,29706.5,29722.75,,,,
1787145300,29723.25,29726.5,29707.5,29720,,,,
1787145600,29720,29748,29714.75,29742.5,,,,
1787145900,29742.5,29748.25,29695.25,29696.25,,,,
1787146200,29696,29742,29648.25,29672.75,,,,
1787146500,29673.25,29688,29587.75,29589.75,,,,
1787146800,29589.75,29628.75,29560.5,29609.75,,,,
1787147100,29609.5,29636.25,29458.75,29470,,,,
1787147400,29470,29492.75,29407.75,29471,,,,
1787147700,29471.75,29526,29460.5,29496.5,,,,
1787148000,29496.5,29514.75,29455.25,29473,,,,
1787148300,29472.25,29504.5,29433.5,29451.25,,,,
1787148600,29451.5,29462.25,29377,29382.5,,,,
1787148900,29382.5,29471.75,29375.75,29419,,,,
1787149200,29419,29457,29385.25,29414.75,,,,
1787149500,29414.5,29484.75,29394.75,29482.75,,,,
1787149800,29482.5,29517.5,29468,29494,,,,
1787150100,29494.5,29567.25,29483.25,29565.5,,,,
1787150400,29565.75,29575,29535,29564,,,,
1787150700,29563.75,29566.5,29527.5,29531.75,,,,
1787151000,29531.5,29596.25,29527,29596,,,,
1787151300,29596,29624.25,29582.5,29623.25,,,,
1787151600,29623.25,29629.75,29593,29595,,,,
1787151900,29596.25,29609.75,29579.75,29586,,,,
1787152200,29586.5,29624,29584.5,29616.75,,,,
1787152500,29616.25,29629.25,29594.75,29623.5,,,,
1787152800,29623.25,29631.75,29601.5,29602.5,,,,
1787153100,29602.75,29620.5,29588.5,29613.5,,,,
1787153400,29613.25,29617,29586.5,29592,,,,
1787153700,29592.25,29598.75,29571,29572.75,,,,
1787154000,29572,29598.25,29550.5,29597,,,,
1787154300,29596.5,29616,29586.25,29587,,,,
1787154600,29587.25,29595,29569.5,29574,,,,
1787154900,29574,29608.25,29571,29607.25,,,,
1787155200,29607.25,29639.75,29587.5,29638.25,,,,
1787155500,29638.5,29653.75,29629,29650.5,,,,
1787155800,29651,29653.25,29636.5,29636.75,,,,
1787156100,29637,29667.25,29627.75,29659.5,,,,
1787156400,29659.5,29665.5,29633,29638.5,,,,
1787156700,29638,29639.25,29602.5,29609.25,,,,
1787157000,29609.5,29617,29595,29610.75,,,,
1787157300,29611.25,29621.75,29593,29609.5,,,,
1787157600,29609.5,29620.75,29602,29610,,,,
1787157900,29610,29611.25,29587,29588.5,,,,
1787158200,29588.75,29588.75,29564,29571.5,,,,
1787158500,29571.75,29572.25,29553,29559.25,,,,
1787158800,29560,29569.5,29547.25,29556.25,,,,
1787159100,29557,29572.75,29539.5,29542.5,,,,
1787159400,29542,29562.75,29541.75,29547.75,,,,
1787159700,29548,29556.75,29526.25,29527,,,,
1787160000,29526.75,29529,29510.25,29519,,,,
1787160300,29518.25,29543.25,29513,29539.75,,,,
1787160600,29540,29543.25,29518.75,29519.5,,,,
1787160900,29519,29538.5,29514.5,29523,,,,
1787161200,29523,29545.25,29522,29536.25,,,,
1787161500,29536.25,29551.5,29533.75,29541,,,,
1787161800,29541.5,29560.5,29537.75,29551.5,,,,
1787162100,29551.75,29553.5,29538,29545,,,,
1787162400,29544.25,29591.75,29535.25,29562.75,,,,
1787162700,29563.25,29572,29493,29502,,,,
1787163000,29501.5,29540.75,29500,29519.75,,,,
1787163300,29520,29523.75,29491.75,29511.25,,,,
1787163600,29511.5,29524,29506.5,29512.75,,,,
1787163900,29512.25,29540.5,29509.25,29539.25,,,,
1787164200,29539,29579,29538,29567.25,,,,
1787164500,29567,29567.75,29536.5,29542,,,,
1787164800,29542.75,29564,29542,29560.5,,,,
1787165100,29560,29561.25,29541.5,29555,,,,
1787165400,29555.25,29557.75,29534.5,29548,,,,
1787165700,29547.75,29548.75,29527.75,29535,,,,
1787166000,29535.25,29553,29529.25,29541.25,,,,
1787166300,29541.25,29559.25,29531.25,29556.5,,,,
1787166600,29556.5,29559.25,29544,29547.25,,,,
1787166900,29547.25,29566.75,29543.25,29566.25,,,,
1787167200,29565.75,29574,29550.5,29564.25,,,,
1787167500,29564.25,29579.75,29553.25,29556,,,,
1787167800,29556,29590.75,29551.25,29581.5,,,,
1787168100,29581.75,29582.25,29536.5,29537.25,,,,
1787168400,29537.5,29547,29527,29530.75,,,,
1787168700,29530.75,29532.75,29501,29511.75,,,,
1787169000,29511.5,29520.5,29485,29511.25,,,,
1787169300,29511.5,29525.75,29488.75,29521.75,,,,
1787169600,29521.25,29542.25,29520.75,29533.75,,,,
1787169900,29534,29536.75,29517.75,29532.75,,,,
1787170200,29533,29535.25,29518.25,29519.25,,,,
1787170500,29518.75,29522.25,29514.25,29519.5,,,,
1787170800,29519.25,29520.75,29516.25,29518.5,,,,
1787171100,29518.75,29526.25,29518.5,29524.75,,,,
1787171400,29525.25,29532.5,29522.25,29527.5,,,,
1787171700,29527.75,29531,29523,29523,,,,
1787172000,29523.25,29531.25,29520,29528.75,,,,
1787172300,29529,29541,29527.5,29541,,,,
1787172600,29541,29556.75,29540,29553.5,,,,
1787172900,29553.5,29562.5,29552.5,29559,,,,
1787176800,29562.5,29616.5,29554.75,29605.75,,,,
1787177100,29605.25,29611.5,29591,29609.5,,,,
1787177400,29609,29638.25,29590.75,29627,,,,
1787177700,29627,29629,29613.25,29614.25,,,,
1787178000,29613.75,29632.75,29607.5,29631.5,,,,
1787178300,29631.25,29633,29615.75,29620.5,,,,
1787178600,29620.25,29621.5,29613,29618.25,,,,
1787178900,29617.5,29638.25,29615.5,29636,,,,
1787179200,29635.75,29638.25,29629,29631,,,,
1787179500,29630.25,29637.25,29628.5,29632.75,,,,
1787179800,29632.75,29640.25,29632,29636.75,,,,
1787180100,29636.75,29653.75,29622.5,29650.5,,,,
1787180400,29649.5,29688.5,29632.25,29647,,,,
1787180700,29646.75,29666.75,29644.25,29662.25,,,,
1787181000,29663,29664.25,29649.5,29652,,,,
1787181300,29651.25,29661.75,29650.5,29655.5,,,,
1787181600,29655.5,29656,29642,29647.75,,,,
1787181900,29647.75,29653,29647,29651.25,,,,
1787182200,29651.25,29660.75,29643.5,29649.75,,,,
1787182500,29649.25,29657,29645.75,29649.75,,,,
1787182800,29650.25,29666.75,29649.75,29659.5,,,,
1787183100,29659.5,29660.5,29649.25,29651.25,,,,
1787183400,29652,29662,29640,29645.25,,,,
1787183700,29645.5,29647.75,29625.25,29629.75,,,,
1787184000,29629.5,29629.5,29595.25,29617.75,,,,
1787184300,29618.25,29625.5,29581.25,29598,,,,
1787184600,29598,29632,29589.75,29630.75,,,,
1787184900,29630.5,29661.75,29628.25,29655.25,,,,
1787185200,29655.5,29666,29628,29647.25,,,,
1787185500,29648,29648,29624.5,29631,,,,
1787185800,29632,29642.25,29616.75,29642.25,,,,
1787186100,29641.75,29660.75,29627,29659.75,,,,
1787186400,29659.75,29665,29651.5,29654.5,,,,
1787186700,29655,29668.75,29642.5,29645.75,,,,
1787187000,29646,29670.25,29645,29669.25,,,,
1787187300,29669.5,29675.5,29664.5,29670.5,,,,
1787187600,29670.5,29684.5,29665.25,29674.25,,,,
1787187900,29674.75,29682,29652.25,29657.25,,,,
1787188200,29657.25,29662,29640,29644.5,,,,
1787188500,29644.75,29668.25,29633.25,29661.5,,,,
1787188800,29661.25,29664.25,29630,29632.75,,,,
1787189100,29632.5,29645.75,29623.5,29634.25,,,,
1787189400,29635,29647.75,29623.5,29643.25,,,,
1787189700,29642.5,29656.5,29638.5,29654.5,,,,
1787190000,29655,29671.25,29651.25,29668.75,,,,
1787190300,29669.25,29673.5,29651.25,29665.5,,,,
1787190600,29665.75,29675,29645.25,29663.75,,,,
1787190900,29663.5,29664,29630.25,29643.25,,,,
1787191200,29643.5,29683,29640,29673.5,,,,
1787191500,29672.75,29683.75,29670.5,29671.25,,,,
1787191800,29671.5,29675,29654.5,29667.25,,,,
1787192100,29667.75,29670,29643.75,29647.75,,,,
1787192400,29647.25,29647.25,29613,29626.75,,,,
1787192700,29627,29636.75,29619.5,29632.5,,,,
1787193000,29632.25,29658.75,29609,29658.5,,,,
1787193300,29658.5,29662.5,29635.25,29648.75,,,,
1787193600,29648.75,29652,29638.75,29646.75,,,,
1787193900,29646,29647.75,29620.75,29622.5,,,,
1787194200,29622.5,29627,29611,29617.5,,,,
1787194500,29617.5,29632.75,29612.25,29629.5,,,,
1787194800,29630.5,29641.25,29620.25,29635.25,,,,
1787195100,29635.75,29655.25,29631.25,29634.25,,,,
1787195400,29633.5,29634.25,29604.5,29624.5,,,,
1787195700,29625,29643,29620.75,29641,,,,
1787196000,29640.75,29657,29639,29643.5,,,,
1787196300,29643.75,29645,29625,29626.75,,,,
1787196600,29626.75,29629.25,29600.75,29603.25,,,,
1787196900,29603.5,29611.75,29595,29610.75,,,,
1787197200,29610.5,29627,29605,29619.25,,,,
1787197500,29618.75,29628,29613,29626.5,,,,
1787197800,29625.75,29631.25,29616.5,29619.75,,,,
1787198100,29619.5,29630.75,29610,29617.75,,,,
1787198400,29618.75,29634.75,29610.75,29634,,,,
1787198700,29634,29652.5,29633.5,29651.25,,,,
1787199000,29652,29655.25,29647.75,29654.25,,,,
1787199300,29654.25,29656,29647.75,29653.75,,,,
1787199600,29653.5,29653.75,29636.25,29638.75,,,,
1787199900,29639,29646.5,29635.5,29640,,,,
1787200200,29640,29640.75,29610.25,29612.5,,,,
1787200500,29612.5,29622,29608,29620.25,,,,
1787200800,29620.25,29630,29618.75,29627.75,,,,
1787201100,29628,29632,29624.25,29629.5,,,,
1787201400,29629,29641.5,29621.25,29621.5,,,,
1787201700,29621.25,29622,29611.75,29617,,,,
1787202000,29618,29623.75,29609.75,29618.5,,,,
1787202300,29619,29620,29606.25,29608.5,,,,
1787202600,29608,29609,29588.25,29596.75,,,,
1787202900,29596.25,29630.5,29594,29624.75,,,,
1787203200,29625.5,29634,29607.75,29632.5,,,,
1787203500,29632,29641,29615.25,29616.75,,,,
1787203800,29616.75,29635,29608,29612.75,,,,
1787204100,29612.5,29614.75,29604.25,29612.5,,,,
1787204400,29612.5,29627.75,29606.25,29614,,,,
1787204700,29614,29618.75,29602,29612.25,,,,
1787205000,29613.25,29615.5,29598,29601.25,,,,
1787205300,29601.25,29612,29600.75,29606,,,,
1787205600,29605.5,29633.5,29602,29631.75,,,,
1787205900,29632.25,29657.75,29630.75,29656.75,,,,
1787206200,29657,29667.25,29650.75,29659.25,,,,
1787206500,29659.5,29661.25,29638.75,29653,,,,
1787206800,29652.75,29656.5,29645,29655.5,,,,
1787207100,29655.25,29656.5,29640.5,29653.75,,,,
1787207400,29653.75,29677,29647.5,29674.75,,,,
1787207700,29675.5,29677.5,29657.75,29658.75,,,,
1787208000,29659,29677,29656,29671.25,,,,
1787208300,29671.75,29686,29670.75,29673.25,,,,
1787208600,29673.5,29686.75,29667.25,29675.75,,,,
1787208900,29675,29679.25,29666.75,29672,,,,
1787209200,29672.5,29672.75,29632,29652.25,,,,
1787209500,29652.75,29668.5,29644.75,29666,,,,
1787209800,29667,29671.25,29637,29637.5,,,,
1787210100,29637.75,29644,29632.5,29638.5,,,,
1787210400,29639.25,29648.25,29612.75,29619,,,,
1787210700,29618.5,29627.75,29604.5,29615,,,,
1787211000,29615.5,29629.5,29595.75,29623.75,,,,
1787211300,29624.75,29634.75,29612.25,29620.25,,,,
1787211600,29621,29625.5,29604.25,29606.25,,,,
1787211900,29606.75,29637,29603.25,29633.75,,,,
1787212200,29633,29633.5,29604.75,29609.5,,,,
1787212500,29609,29614.5,29592.75,29594.5,,,,
1787212800,29594,29606,29557,29559.75,,,,
1787213100,29559.75,29578,29549.25,29559.5,,,,
1787213400,29559.5,29560.25,29520,29537.75,,,,
1787213700,29537,29549,29515.25,29534.75,,,,
1787214000,29536,29543,29503.75,29509.25,,,,
1787214300,29509.25,29514.5,29496.5,29501,,,,
1787214600,29502.25,29503,29467,29467.5,,,,
1787214900,29468,29517,29464.5,29516.75,,,,
1787215200,29517,29526.25,29500,29501,,,,
1787215500,29499.75,29505,29455.25,29473.75,,,,
1787215800,29474.5,29494.75,29471.75,29486.5,,,,
1787216100,29487,29487,29464.5,29477.5,,,,
1787216400,29476.75,29515.75,29466.75,29513.25,,,,
1787216700,29512.75,29542.5,29497,29539,,,,
1787217000,29538.75,29543.75,29511,29523.75,,,,
1787217300,29523.5,29535.5,29512,29523.5,,,,
1787217600,29524.5,29535.25,29516.75,29533,,,,
1787217900,29533.25,29542.75,29527.25,29528,,,,
1787218200,29530,29532.5,29511.5,29514.25,,,,
1787218500,29514.25,29524.5,29507.5,29522.75,,,,
1787218800,29522.5,29538,29510,29534.5,,,,
1787219100,29534.75,29547.25,29530.5,29532.75,,,,
1787219400,29532.25,29537.75,29513,29530.5,,,,
1787219700,29530.5,29536,29527.25,29527.25,,,,
1787220000,29527.75,29540,29512,29535.25,,,,
1787220300,29534.75,29548,29527,29548,,,,
1787220600,29547.75,29562.5,29542.25,29556.75,,,,
1787220900,29557,29559.5,29539.75,29547.5,,,,
1787221200,29547.25,29553.75,29541.25,29552,,,,
1787221500,29552.5,29554.25,29526.25,29537.5,,,,
1787221800,29536.5,29548.75,29528.75,29530.25,,,,
1787222100,29530.25,29547.75,29516,29525.75,,,,
1787222400,29525.25,29532.5,29517.5,29524.75,,,,
1787222700,29525.75,29560.75,29524.25,29555,,,,
1787223000,29554.5,29560.25,29541.5,29544,,,,
1787223300,29544,29566.75,29538.75,29566.5,,,,
1787223600,29566,29583,29498,29499.25,,,,
1787223900,29499.25,29500,29478.25,29491.25,,,,
1787224200,29490.75,29495,29463.25,29488,,,,
1787224500,29488.25,29498.5,29468.5,29474,,,,
1787224800,29473,29473.25,29441,29448,,,,
1787225100,29448,29458.25,29422.25,29425.25,,,,
1787225400,29424.5,29444.25,29420,29431,,,,
1787225700,29431.25,29449.5,29418.25,29448.5,,,,
1787226000,29448.5,29454.25,29417.25,29423.5,,,,
1787226300,29424.25,29425,29372.25,29385,,,,
1787226600,29384.25,29397,29372.75,29372.75,,,,
1787226900,29373.5,29379.75,29348.75,29360.75,,,,
1787227200,29361,29374.75,29300,29317,,,,
1787227500,29317.5,29325.25,29290,29298.5,,,,
1787227800,29298,29299.25,29263.5,29271.75,,,,
1787228100,29272.25,29294.5,29263.5,29272.25,,,,
1787228400,29272.25,29306,29270,29300.5,,,,
1787228700,29300,29300.25,29274.75,29275.75,,,,
1787229000,29275.75,29282.25,29252.75,29268.5,,,,
1787229300,29268.25,29269,29240.25,29267.5,,,,
1787229600,29267.25,29292.5,29260,29289.75,,,,
1787229900,29289.25,29314.25,29283.25,29312.5,,,,
1787230200,29312.25,29347.5,29312,29345.5,,,,
1787230500,29346,29350.75,29335.5,29346,,,,
1787230800,29346.5,29373.75,29343.5,29364.75,,,,
1787231100,29364.75,29372.75,29344,29345.5,,,,
1787231400,29346,29351.5,29333,29338.75,,,,
1787231700,29338.5,29348.75,29329.5,29338.75,,,,
1787232000,29338.75,29348.25,29324,29347.75,,,,
1787232300,29347.75,29369.5,29335.75,29350.75,,,,
1787232600,29351,29433.75,29338.5,29404,,,,
1787232900,29403.75,29470.25,29371,29439.25,,,,
1787233200,29439.5,29457.5,29390,29442.5,,,,
1787233500,29442.75,29460,29350.25,29384.5,,,,
1787233800,29383.75,29392,29309.25,29368.75,,,,
1787234100,29369,29408.75,29323.25,29353,,,,
1787234400,29353.25,29395.25,29318.75,29328.5,,,,
1787234700,29328,29392.25,29316,29391.5,,,,
1787235000,29391.5,29407.5,29362,29368.25,,,,
1787235300,29367.75,29382.25,29313.5,29315.75,,,,
1787235600,29315.75,29413,29304.5,29396.25,,,,
1787235900,29396.5,29402.25,29334.25,29350.25,,,,
1787236200,29350.5,29386.75,29336.25,29337.5,,,,
1787236500,29337.5,29418.75,29329,29413,,,,
1787236800,29412.25,29430,29393,29421.75,,,,
1787237100,29421.25,29435,29372.25,29376.25,,,,
1787237400,29376,29398.5,29352.25,29360,,,,
1787237700,29360.25,29396.5,29348.5,29392.5,,,,
1787238000,29392.5,29457.25,29388.25,29430.5,,,,
1787238300,29430.25,29431.75,29343.5,29357,,,,
1787238600,29357.5,29383,29325,29365,,,,
1787238900,29365,29370.25,29341.75,29354.25,,,,
1787239200,29354,29359.75,29306.5,29320.75,,,,
1787239500,29321,29346.25,29300,29344.75,,,,
1787239800,29344.25,29350.25,29292,29300.75,,,,
1787240100,29301,29315.5,29277,29279.25,,,,
1787240400,29279,29303,29276.5,29278,,,,
1787240700,29278.5,29308.5,29269.25,29295.25,,,,
1787241000,29295.75,29330.75,29290.75,29323.5,,,,
1787241300,29322.75,29333,29314.25,29330.5,,,,
1787241600,29330,29346,29311.75,29316,,,,
1787241900,29315.75,29335,29302.5,29333.25,,,,
1787242200,29333.25,29342,29306,29306.75,,,,
1787242500,29307,29323.5,29305.25,29322.75,,,,
1787242800,29322.5,29355.25,29311,29348.25,,,,
1787243100,29348.25,29356.5,29334.25,29340.75,,,,
1787243400,29340.5,29349.5,29309.75,29347.25,,,,
1787243700,29347.5,29360.75,29341.25,29358.5,,,,
1787244000,29358.5,29378.5,29354.25,29377.5,,,,
1787244300,29377.25,29389,29364,29369,,,,
1787244600,29368.25,29380.5,29356,29370.25,,,,
1787244900,29370,29385.5,29361,29379.75,,,,
1787245200,29379.5,29382.25,29352.25,29358.5,,,,
1787245500,29359,29361,29334.75,29343,,,,
1787245800,29343,29354.25,29335.25,29337.25,,,,
1787246100,29336.75,29338.75,29304,29305,,,,
1787246400,29305.75,29324.5,29298,29310.5,,,,
1787246700,29310,29317,29292,29294.5,,,,
1787247000,29294.25,29304.25,29286,29287.5,,,,
1787247300,29287.75,29300.25,29282,29289.75,,,,
1787247600,29289.5,29293.5,29282.75,29290.25,,,,
1787247900,29290.25,29312.75,29287,29305.25,,,,
1787248200,29304.75,29326.25,29299.25,29301.75,,,,
1787248500,29301.5,29310.5,29290.5,29292.25,,,,
1787248800,29292.25,29292.75,29254,29260.75,,,,
1787249100,29260.5,29265.5,29228,29234.25,,,,
1787249400,29234.25,29239.25,29215,29230.25,,,,
1787249700,29230.25,29236.25,29202.5,29234.5,,,,
1787250000,29234.25,29248.25,29228.25,29230,,,,
1787250300,29230,29239.5,29220.75,29233.25,,,,
1787250600,29233,29237.25,29211.5,29216.75,,,,
1787250900,29217,29232,29213,29222.5,,,,
1787251200,29222.75,29236,29212.25,29234.25,,,,
1787251500,29234.5,29254,29227,29251,,,,
1787251800,29250.75,29255,29239.75,29249.25,,,,
1787252100,29249.5,29259.25,29243.25,29244,,,,
1787252400,29243.75,29275.5,29242,29271.75,,,,
1787252700,29272.25,29293,29264,29289.75,,,,
1787253000,29290.5,29293.5,29273.25,29281,,,,
1787253300,29280.75,29294.75,29267.75,29271.25,,,,
1787253600,29271.5,29304.75,29268,29296.5,,,,
1787253900,29296.75,29308,29295.25,29304.25,,,,
1787254200,29304.75,29310.5,29290.5,29303.75,,,,
1787254500,29304,29335.5,29299,29328,,,,
1787254800,29328,29333.5,29302,29311.25,,,,
1787255100,29310.75,29321.75,29293,29319.75,,,,
1787255400,29319.5,29331,29299,29304.5,,,,
1787255700,29305,29316,29286.25,29306,,,,
1787256000,29306.75,29321,29304.25,29314.25,,,,
1787256300,29313.75,29314,29277.5,29289,,,,
1787256600,29289,29300,29276.75,29281,,,,
1787256900,29281.25,29285.25,29263.5,29274,,,,
1787257200,29274,29289.25,29273.5,29289,,,,
1787257500,29289.25,29294,29284.25,29287.75,,,,
1787257800,29288,29297.25,29285,29296.5,,,,
1787258100,29296,29312.5,29294.75,29302.5,,,,
1787258400,29302.5,29307.75,29298,29302.75,,,,
1787258700,29302.75,29305.5,29300.5,29305.25,,,,
1787259000,29305.5,29305.5,29295.75,29304,,,,
1787259300,29304.5,29319.5,29303.5,29317,,,,
1787263200,29331,29345.25,29280,29281,,,,
1787263500,29281.5,29293,29273.5,29289,,,,
1787263800,29288.5,29290,29276.25,29278.5,,,,
1787264100,29277.75,29291.75,29277.5,29284.5,,,,
1787264400,29284.25,29288.25,29281.25,29283,,,,
1787264700,29284,29289.75,29278.75,29287,,,,
1787265000,29287.5,29304.5,29281.75,29303.5,,,,
1787265300,29303.75,29309,29296.75,29298.75,,,,
1787265600,29299.25,29304.25,29285.25,29301.5,,,,
1787265900,29301.5,29313.25,29296,29310.25,,,,
1787266200,29310.25,29326.25,29307.75,29321.75,,,,
1787266500,29321.75,29324.5,29320,29322,,,,
1787266800,29322.25,29323,29317.5,29319.5,,,,
1787267100,29319.75,29324,29315.25,29318.25,,,,
1787267400,29318.25,29319.5,29312,29318.25,,,,
1787267700,29318.75,29328.75,29314,29322,,,,
1787268000,29321.75,29323,29317.25,29318.75,,,,
1787268300,29318.5,29321.75,29311.25,29315.75,,,,
1787268600,29316.75,29320.25,29312,29313.5,,,,
1787268900,29313,29313,29296.25,29301.5,,,,
1787269200,29301.5,29324,29301.5,29316.75,,,,
1787269500,29316.75,29318,29286.25,29307.75,,,,
1787269800,29307.75,29315.25,29294.25,29306,,,,
1787270100,29305,29305,29291.25,29294,,,,
1787270400,29293.75,29331.75,29290.5,29316,,,,
1787270700,29316,29344.75,29314.75,29325.75,,,,
1787271000,29326.25,29365,29316.25,29361.5,,,,
1787271300,29361.5,29361.75,29321.75,29326.75,,,,
1787271600,29326,29346,29319.75,29326.75,,,,
1787271900,29326.75,29332,29315.5,29326.5,,,,
1787272200,29326.5,29338.75,29311.5,29335.75,,,,
1787272500,29335.5,29352,29325,29349.75,,,,
1787272800,29350,29356.5,29330,29353.75,,,,
1787273100,29354,29363,29347.75,29355.5,,,,
1787273400,29355,29361.5,29326.25,29327.25,,,,
1787273700,29326.75,29333.75,29318.25,29321.5,,,,
1787274000,29320.75,29335.75,29317.5,29320.75,,,,
1787274300,29321.5,29322.25,29291.75,29306,,,,
1787274600,29306.25,29332,29299.75,29331,,,,
1787274900,29330.75,29353.75,29313.75,29353.5,,,,
1787275200,29353,29354.25,29316.75,29333,,,,
1787275500,29331.75,29357.25,29329.5,29340,,,,
1787275800,29340,29357,29333,29340,,,,
1787276100,29340.25,29340.75,29320,29325,,,,
1787276400,29324,29356.25,29323.75,29350.25,,,,
1787276700,29350.25,29369,29340.25,29367.5,,,,
1787277000,29366.75,29373,29342.75,29342.75,,,,
1787277300,29342.5,29355.75,29333,29353.25,,,,
1787277600,29352.75,29362.5,29345.25,29348.25,,,,
1787277900,29349,29366,29342.75,29364.75,,,,
1787278200,29364.75,29373.25,29353.75,29372.75,,,,
1787278500,29373,29375.75,29366.5,29369.25,,,,
1787278800,29369.5,29395,29368.75,29383,,,,
1787279100,29382.75,29389.75,29378.25,29389.75,,,,
1787279400,29388.75,29396.5,29386.75,29391.5,,,,
1787279700,29390.75,29396.25,29381.5,29383.5,,,,
1787280000,29383.25,29390,29376,29380.75,,,,
1787280300,29380.75,29397.75,29377.25,29391.25,,,,
1787280600,29390.5,29399.75,29386,29387,,,,
1787280900,29387.25,29391.75,29383.5,29384.5,,,,
1787281200,29384.5,29388,29380,29381,,,,
1787281500,29380.5,29381.5,29360.5,29367.75,,,,
1787281800,29367.25,29368.25,29354.75,29356.75,,,,
1787282100,29356.25,29368.25,29349.25,29353.75,,,,
1787282400,29353.5,29371.25,29352.5,29366.25,,,,
1787282700,29366.25,29367.5,29358.75,29362.75,,,,
1787283000,29363.25,29377,29362.5,29374.25,,,,
1787283300,29374.25,29375.5,29357.25,29364,,,,
1787283600,29364.25,29364.5,29354,29357.5,,,,
1787283900,29356.75,29357.25,29345.25,29352.75,,,,
1787284200,29352.75,29358,29345.75,29348.25,,,,
1787284500,29348,29364,29341.75,29352.25,,,,
1787284800,29352.75,29363.25,29348.5,29363.25,,,,
1787285100,29362,29367.5,29354.75,29359.5,,,,
1787285400,29359.75,29369.75,29352.75,29367,,,,
1787285700,29367.75,29373.5,29348.5,29351.25,,,,
1787286000,29351.5,29353,29331.5,29337.5,,,,
1787286300,29336.75,29339.25,29330.5,29331,,,,
1787286600,29330.25,29338.75,29322.75,29331.75,,,,
1787286900,29331.75,29334.75,29321.25,29326.5,,,,
1787287200,29326.5,29338.5,29326,29334.75,,,,
1787287500,29334.75,29360.75,29333,29360,,,,
1787287800,29360.75,29364.5,29354.25,29361,,,,
1787288100,29361.75,29362.5,29351.5,29358.25,,,,
1787288400,29358.5,29369.75,29352.5,29369.25,,,,
1787288700,29368.75,29371.25,29354,29355.5,,,,
1787289000,29355.25,29370.5,29354,29365.75,,,,
1787289300,29366,29381,29364.25,29378.25,,,,
1787289600,29379.25,29379.5,29360.25,29360.75,,,,
1787289900,29360.75,29366.25,29351,29353,,,,
1787290200,29353.25,29371.75,29348.75,29371,,,,
1787290500,29370.25,29377.5,29365,29367,,,,
1787290800,29367.5,29368,29350,29360.75,,,,
1787291100,29360.75,29362,29342.25,29345.5,,,,
1787291400,29345.25,29354.75,29340,29351,,,,
1787291700,29350.25,29367,29348.75,29366.25,,,,
1787292000,29366,29369,29354.25,29358.75,,,,
1787292300,29359,29371,29355.5,29362.25,,,,
1787292600,29362.5,29376.25,29362.5,29373.75,,,,
1787292900,29373.5,29378.75,29366,29371,,,,
1787293200,29370.25,29377.75,29367,29369,,,,
1787293500,29368.5,29381.25,29368,29376,,,,
1787293800,29375.75,29394.25,29369,29393.5,,,,
1787294100,29393.25,29402.25,29386,29389.5,,,,
1787294400,29390.25,29391,29372,29372.25,,,,
1787294700,29372.75,29386.5,29364.75,29385,,,,
1787295000,29384.25,29385,29373.75,29380.75,,,,
1787295300,29380.75,29390.25,29377.75,29387.25,,,,
1787295600,29386.25,29405.75,29380.25,29404,,,,
1787295900,29403.25,29415.5,29402.75,29412,,,,
1787296200,29412,29428.5,29406.25,29428,,,,
1787296500,29427.5,29435.75,29415,29434.75,,,,
1787296800,29434.5,29456,29430,29453.75,,,,
1787297100,29453.5,29454.5,29425,29426,,,,
1787297400,29426,29453.75,29421,29443.75,,,,
1787297700,29444.25,29446.75,29432.75,29439,,,,
1787298000,29438,29446,29421.5,29423.25,,,,
1787298300,29424,29445.75,29423,29437.25,,,,
1787298600,29436.75,29438.5,29430,29430.75,,,,
1787298900,29430.5,29447,29425.25,29446.5,,,,
1787299200,29446.5,29462.75,29439.25,29456.25,,,,
1787299500,29455.5,29455.5,29409,29421.5,,,,
1787299800,29420.5,29430.25,29408.25,29416.5,,,,
1787300100,29417.5,29424.75,29405,29418.25,,,,
1787300400,29417.25,29421,29390.5,29403.25,,,,
1787300700,29403,29423.75,29402.5,29422.75,,,,
1787301000,29422.25,29434,29416.75,29427.5,,,,
1787301300,29428.25,29446.25,29427.75,29443.5,,,,
1787301600,29443.5,29456.5,29440,29454.75,,,,
1787301900,29454.5,29455.5,29447.75,29448.5,,,,
1787302200,29447.75,29468,29447,29457.5,,,,
1787302500,29458,29463.75,29450.75,29453.25,,,,
1787302800,29453.5,29455,29430.25,29432.75,,,,
1787303100,29432.5,29434.5,29414,29420.75,,,,
1787303400,29419.5,29440,29410.75,29437.5,,,,
1787303700,29437.5,29445,29429.75,29439.75,,,,
1787304000,29439.25,29444,29435.5,29437.25,,,,
1787304300,29438,29444.25,29433.75,29435,,,,
1787304600,29435.25,29446,29429.5,29441.25,,,,
1787304900,29441.5,29469,29441.25,29468.25,,,,
1787305200,29468.25,29483.25,29462,29475,,,,
1787305500,29474,29483,29464.75,29482.5,,,,
1787305800,29483,29491,29472.75,29487.75,,,,
1787306100,29487.25,29492,29484.25,29485.25,,,,
1787306400,29485.5,29512.5,29485.5,29508.5,,,,
1787306700,29508.75,29515.5,29486.5,29493,,,,
1787307000,29491.5,29496.25,29476.5,29485,,,,
1787307300,29485.25,29487.5,29475.25,29476.5,,,,
1787307600,29476.75,29479.25,29470,29476.5,,,,
1787307900,29476.25,29491.5,29476,29490,,,,
1787308200,29490,29493.5,29475.25,29478.75,,,,
1787308500,29478.75,29484,29472,29480.75,,,,
1787308800,29481.25,29484,29473.5,29478,,,,
1787309100,29478.25,29483.25,29477.5,29481.25,,,,
1787309400,29480,29487.5,29475.25,29479.25,,,,
1787309700,29479.75,29488.25,29470.25,29479,,,,
1787310000,29479.75,29486.25,29452.75,29467.5,,,,
1787310300,29467.25,29486.5,29465.5,29477.75,,,,
1787310600,29476.75,29480,29460.25,29467.25,,,,
1787310900,29467.25,29482.5,29466.5,29477.5,,,,
1787311200,29477,29523.75,29476.25,29518.25,,,,
1787311500,29517.5,29525.5,29503.5,29518.75,,,,
1787311800,29518,29523.25,29500,29511.25,,,,
1787312100,29511.25,29539.75,29510.75,29517.25,,,,
1787312400,29517.75,29531.75,29507,29530.75,,,,
1787312700,29531.25,29531.75,29504.5,29511.5,,,,
1787313000,29511,29511.75,29501.5,29507.5,,,,
1787313300,29507,29511.5,29498,29499.25,,,,
1787313600,29499.5,29504.75,29479.75,29484.25,,,,
1787313900,29483.75,29501,29479.5,29497.5,,,,
1787314200,29496.75,29497.75,29486.25,29486.75,,,,
1787314500,29487.5,29503.25,29483,29488.75,,,,
1787314800,29489.5,29505.25,29472,29502,,,,
1787315100,29502.5,29517,29499.75,29516.25,,,,
1787315400,29516.25,29523.5,29508,29514.25,,,,
1787315700,29513.75,29523.25,29508.75,29515.25,,,,
1787316000,29514.25,29530,29510.75,29528.75,,,,
1787316300,29528.5,29533.75,29518.75,29531.25,,,,
1787316600,29531,29532,29505.75,29510.25,,,,
1787316900,29509.75,29513.5,29503.5,29511.5,,,,
1787317200,29511.75,29516.25,29501.5,29506.75,,,,
1787317500,29506.25,29507.5,29485,29488,,,,
1787317800,29487.75,29489.5,29466.75,29469.25,,,,
1787318100,29469.75,29472.25,29449,29450,,,,
1787318400,29449.5,29452.75,29441.25,29447.75,,,,
1787318700,29447.25,29485.25,29417.25,29469.75,,,,
1787319000,29469.25,29472.5,29357.75,29362.5,,,,
1787319300,29362.75,29373.25,29319.25,29349.5,,,,
1787319600,29349.75,29361.5,29312.25,29323.25,,,,
1787319900,29322.25,29359.5,29305.75,29340,,,,
1787320200,29340,29345.5,29257.25,29292.25,,,,
1787320500,29292.25,29320.25,29271.5,29303.75,,,,
1787320800,29303.5,29321.75,29263,29291,,,,
1787321100,29291.25,29335.75,29289.75,29312.25,,,,
1787321400,29312.5,29328.5,29248,29253.25,,,,
1787321700,29253,29283,29228.25,29230.5,,,,
1787322000,29230.5,29294.5,29220.25,29255.25,,,,
1787322300,29255.75,29312.75,29251.25,29279.25,,,,
1787322600,29279.5,29307,29274,29275.75,,,,
1787322900,29276,29299,29263.75,29278.75,,,,
1787323200,29278.75,29310.75,29258.25,29296.25,,,,
1787323500,29295.75,29321,29289,29310.5,,,,
1787323800,29310.5,29323.75,29288.75,29296,,,,
1787324100,29295.5,29333,29286.75,29331.75,,,,
1787324400,29332,29365,29326.25,29360.25,,,,
1787324700,29360.5,29368.75,29342.5,29350.25,,,,
1787325000,29350.5,29362.5,29344,29352.25,,,,
1787325300,29353,29367,29335,29342,,,,
1787325600,29341.75,29360,29330.75,29337.75,,,,
1787325900,29336.75,29371.25,29334.5,29368.5,,,,
1787326200,29368,29405.25,29364.25,29403.5,,,,
1787326500,29403.25,29445.5,29399.25,29442.5,,,,
1787326800,29442,29471.75,29437.25,29451.75,,,,
1787327100,29451.75,29458.25,29425.5,29431.25,,,,
1787327400,29431.25,29488.5,29431.25,29472.5,,,,
1787327700,29472.75,29473.5,29436.5,29443.75,,,,
1787328000,29443.25,29447.75,29414.25,29419.75,,,,
1787328300,29420,29428,29392,29394.75,,,,
1787328600,29394.25,29409,29389.25,29394.25,,,,
1787328900,29393.75,29419.75,29390,29399,,,,
1787329200,29398.75,29454.5,29386,29404.25,,,,
1787329500,29404.5,29414,29396.75,29410,,,,
1787329800,29409.75,29413.5,29394.75,29394.75,,,,
1787330100,29395,29418.25,29393.75,29416.5,,,,
1787330400,29416.75,29425.75,29411.25,29417.5,,,,
1787330700,29417.5,29417.5,29399,29400.25,,,,
1787331000,29400.25,29401.5,29380.5,29390.25,,,,
1787331300,29390,29414.5,29382.5,29412.25,,,,
1787331600,29412,29423.75,29408.5,29410.5,,,,
1787331900,29410.25,29422.5,29403,29411,,,,
1787332200,29412,29412,29398.25,29408.5,,,,
1787332500,29408,29410.5,29398.5,29401.5,,,,
1787332800,29401.5,29402.5,29375,29388.75,,,,
1787333100,29389.25,29407.5,29378.25,29395.25,,,,
1787333400,29396,29401.5,29385.25,29386.25,,,,
1787333700,29385.5,29404.75,29382.75,29394.75,,,,
1787334000,29394.75,29404.25,29386,29403.75,,,,
1787334300,29404.5,29410.75,29395.75,29399.5,,,,
1787334600,29399,29402.5,29387.5,29393.75,,,,
1787334900,29393.25,29393.5,29381.25,29383.5,,,,
1787335200,29383.25,29405.5,29378.25,29400.5,,,,
1787335500,29400.25,29401,29373.75,29376.75,,,,
1787335800,29376.5,29387.5,29371.25,29374.25,,,,
1787336100,29374.5,29383.75,29367.5,29379.75,,,,
1787336400,29380.25,29392,29376.75,29384.75,,,,
1787336700,29385,29386.75,29362,29363,,,,
1787337000,29363.25,29367.75,29353.75,29357.25,,,,
1787337300,29357.25,29367.75,29356.25,29361.75,,,,
1787337600,29362,29372.25,29361,29366.5,,,,
1787337900,29366.5,29385,29363.5,29383,,,,
1787338200,29382.75,29396,29382.25,29391,,,,
1787338500,29391.25,29403.5,29383.25,29400.25,,,,
1787338800,29399.75,29414.75,29390.75,29392.25,,,,
1787339100,29391.75,29406.75,29388.75,29397.5,,,,
1787339400,29397.75,29398.5,29384.25,29388.5,,,,
1787339700,29388.5,29397.75,29380,29388.25,,,,
1787340000,29387.75,29400.25,29383.5,29399,,,,
1787340300,29399,29405,29393.25,29393.25,,,,
1787340600,29393.5,29409.75,29393.5,29404,,,,
1787340900,29404.25,29412,29398.5,29409.75,,,,
1787341200,29409.5,29411.5,29396.25,29410.75,,,,
1787341500,29411,29432.5,29408,29427.5,,,,
1787341800,29427,29433.25,29390,29396,,,,
1787342100,29396,29413.25,29375.25,29395.5,,,,
1787342400,29396,29397.75,29375.5,29387.75,,,,
1787342700,29387.75,29387.75,29371.5,29382.5,,,,
1787343000,29382.75,29386.5,29375.75,29382,,,,
1787343300,29382,29388.75,29377,29377,,,,
1787343600,29377.5,29381.25,29368,29371.5,,,,
1787343900,29371.75,29375,29367.75,29370.5,,,,
1787344200,29370.5,29379.25,29370,29378.25,,,,
1787344500,29378,29382.5,29375.5,29380.75,,,,
1787344800,29380.5,29387.25,29380,29385.25,,,,
1787345100,29385.25,29385.5,29372.5,29374,,,,
1787345400,29373.75,29379.25,29372,29376.75,,,,
1787345700,29376.25,29378.25,29370,29370,,,,
1787522400,29392.25,29409,29302.25,29323,,,,
1787522700,29323.5,29335.75,29310.5,29321,,,,
1787523000,29321.75,29334.5,29316.5,29330.75,,,,
1787523300,29331.5,29334.75,29313.5,29323.25,,,,
1787523600,29323.25,29341.5,29322.25,29337,,,,
1787523900,29338,29343,29334.5,29338.75,,,,
1787524200,29338,29345.75,29335.25,29340,,,,
1787524500,29340.5,29362,29336.75,29355.5,,,,
1787524800,29354.5,29384.75,29351,29381,,,,
1787525100,29382,29399.75,29380.5,29392.25,,,,
1787525400,29392.75,29393.25,29382,29384.75,,,,
1787525700,29385,29392.25,29384.25,29389.75,,,,
1787526000,29390,29392,29384.25,29388.5,,,,
1787526300,29388,29393.75,29385.25,29391.25,,,,
1787526600,29391.5,29393.5,29385.25,29386.25,,,,
1787526900,29386.25,29409.75,29385,29400,,,,
1787527200,29400,29418.5,29400,29415.5,,,,
1787527500,29415.75,29428.75,29415.25,29428.75,,,,
1787527800,29428.75,29447.75,29423.75,29438,,,,
1787528100,29438.25,29443.5,29433.25,29435.75,,,,
1787528400,29435.25,29436.75,29417.5,29420.75,,,,
1787528700,29420.5,29473.25,29420,29469.75,,,,
1787529000,29469.75,29480.5,29453.25,29457,,,,
1787529300,29456.5,29476.25,29455.75,29467.25,,,,
1787529600,29467.5,29472.75,29431.25,29434.5,,,,
1787529900,29434.75,29454.75,29423.25,29450.25,,,,
1787530200,29451.75,29458,29428.5,29435,,,,
1787530500,29436,29438,29362.25,29367.5,,,,
1787530800,29367.25,29381.5,29350.75,29375.75,,,,
1787531100,29374.75,29375.5,29334.75,29356.75,,,,
1787531400,29356.5,29360,29337.5,29351.25,,,,
1787531700,29351.5,29375.75,29340,29363.25,,,,
1787532000,29363.25,29377,29353.75,29355.25,,,,
1787532300,29355,29387.75,29350,29386.75,,,,
1787532600,29387,29388.5,29371.25,29383.5,,,,
1787532900,29384,29429,29380.5,29426,,,,
1787533200,29425.5,29436.5,29398,29413.75,,,,
1787533500,29413.75,29434.25,29405,29418.25,,,,
1787533800,29418.25,29443.5,29418,29434.75,,,,
1787534100,29436.25,29448.75,29431.25,29441.5,,,,
1787534400,29441.5,29442.5,29414,29420.75,,,,
1787534700,29420.25,29434.5,29407.5,29409.25,,,,
1787535000,29408.75,29411.75,29387.75,29405,,,,
1787535300,29405.5,29407,29383.5,29399,,,,
1787535600,29399,29408.5,29389,29392.75,,,,
1787535900,29392.75,29395.25,29369.75,29382.5,,,,
1787536200,29381.75,29404.5,29366,29367.25,,,,
1787536500,29366.75,29368,29320.25,29322.5,,,,
1787536800,29321.75,29337.5,29306.5,29331.25,,,,
1787537100,29331,29334.75,29301,29321.5,,,,
1787537400,29321.25,29357.5,29300.5,29352.75,,,,
1787537700,29353.25,29371.5,29350.25,29364.25,,,,
1787538000,29364.5,29369.25,29347,29353,,,,
1787538300,29352.25,29374,29349.75,29363,,,,
1787538600,29363.75,29371.25,29356,29369.25,,,,
1787538900,29368.75,29373.75,29358.75,29367.75,,,,
1787539200,29367.25,29372,29359.75,29370,,,,
1787539500,29370.25,29377.5,29350.5,29358.25,,,,
1787539800,29359.5,29364,29340.75,29349,,,,
1787540100,29348.75,29378.75,29341.25,29370.25,,,,
1787540400,29370.25,29372.5,29339.25,29344,,,,
1787540700,29343.5,29345,29318.75,29323,,,,
1787541000,29322,29325.75,29303.25,29304.75,,,,
1787541300,29304.75,29314,29291.5,29295.5,,,,
1787541600,29295.25,29310.5,29290,29302,,,,
1787541900,29302.5,29304,29290.5,29295,,,,
1787542200,29295.5,29297.75,29283,29297,,,,
1787542500,29297.5,29304.25,29285,29291.75,,,,
1787542800,29291.5,29305.5,29282.25,29284.25,,,,
1787543100,29284.25,29302,29278.75,29299,,,,
1787543400,29299.75,29305,29265.5,29270.75,,,,
1787543700,29270.5,29274.25,29264.25,29271.25,,,,
1787544000,29271.75,29281.25,29269,29279.5,,,,
1787544300,29279.25,29281.5,29269.75,29273.25,,,,
1787544600,29273.75,29299.25,29273,29298,,,,
1787544900,29298.75,29300.75,29284.5,29291,,,,
1787545200,29291.25,29301,29274.25,29277.25,,,,
1787545500,29277.5,29293.5,29271,29291,,,,
1787545800,29291.75,29299.25,29279.25,29286.25,,,,
1787546100,29286,29293,29275.5,29287,,,,
1787546400,29286.25,29301.25,29281.25,29299.75,,,,
1787546700,29299.75,29303.75,29285,29285.5,,,,
1787547000,29285.75,29292.75,29271.75,29274.75,,,,
1787547300,29275,29277,29263.25,29266.25,,,,
1787547600,29266.25,29275.25,29262.25,29267,,,,
1787547900,29266.75,29297.75,29266.25,29288.25,,,,
1787548200,29288.5,29295.5,29281.75,29293,,,,
1787548500,29293.5,29293.5,29264.5,29267,,,,
1787548800,29266.75,29270.75,29257.75,29258.25,,,,
1787549100,29258.25,29260.5,29247.25,29247.75,,,,
1787549400,29247.5,29250.25,29207.75,29218.75,,,,
1787549700,29219,29256,29210.25,29233,,,,
1787550000,29233.5,29266.75,29233,29238.75,,,,
1787550300,29238.25,29246.5,29219.75,29225.75,,,,
1787550600,29225.25,29236.25,29214,29215.25,,,,
1787550900,29216,29218.5,29192.25,29200,,,,
1787551200,29199.75,29219.75,29162,29165.5,,,,
1787551500,29165,29171.75,29147.25,29159,,,,
1787551800,29158.75,29160.75,29143.5,29152.5,,,,
1787552100,29151.75,29179,29137.5,29139.25,,,,
1787552400,29139.25,29168,29124.75,29167,,,,
1787552700,29167.5,29180,29162.5,29165.5,,,,
1787553000,29165.5,29171.75,29150.25,29168,,,,
1787553300,29168,29180.75,29161,29175.25,,,,
1787553600,29175.25,29178.25,29143,29150.5,,,,
1787553900,29150.75,29157.25,29142,29153,,,,
1787554200,29154,29177,29152,29177,,,,
1787554500,29177,29179.25,29160.25,29164,,,,
1787554800,29164.25,29181.75,29146.75,29166.75,,,,
1787555100,29167,29198.5,29159.5,29193.75,,,,
1787555400,29193,29204.25,29181.75,29200.25,,,,
1787555700,29200.5,29209,29185.5,29196.75,,,,
1787556000,29196.5,29196.5,29180.25,29187.75,,,,
1787556300,29187.75,29204.5,29178,29181.5,,,,
1787556600,29181.75,29208,29173,29206.25,,,,
1787556900,29207,29212.5,29190.5,29190.75,,,,
1787557200,29191,29191.25,29161.25,29162,,,,
1787557500,29163.5,29175.5,29156.25,29159,,,,
1787557800,29158,29161.5,29132.25,29147.25,,,,
1787558100,29147.25,29153,29133.75,29146.5,,,,
1787558400,29146.25,29155.75,29116.75,29129.25,,,,
1787558700,29129,29208.25,29126.75,29163.25,,,,
1787559000,29163.5,29188.25,29163.25,29184.25,,,,
1787559300,29184.75,29209.75,29171,29205.75,,,,
1787559600,29205.75,29209,29184.25,29192.5,,,,
1787559900,29192,29201.5,29173.25,29191,,,,
1787560200,29190.25,29203.5,29179.75,29197.75,,,,
1787560500,29197.5,29225.5,29192,29223,,,,
1787560800,29223.25,29226,29209,29224,,,,
1787561100,29224,29224.75,29214.25,29216.25,,,,
1787561400,29216.25,29240,29215.25,29231.75,,,,
1787561700,29232.5,29233.5,29213.5,29214.25,,,,
1787562000,29215,29245.75,29201,29241.75,,,,
1787562300,29242,29247.75,29229,29242.25,,,,
1787562600,29242.5,29248,29232.25,29234,,,,
1787562900,29233.75,29235.75,29218.25,29220.5,,,,
1787563200,29220.75,29224.75,29212,29216.5,,,,
1787563500,29216.5,29217.5,29207.25,29209.75,,,,
1787563800,29209.75,29226.25,29209.5,29224.5,,,,
1787564100,29225.25,29242.25,29221,29238.75,,,,
1787564400,29238.5,29238.75,29223.5,29235.5,,,,
1787564700,29236,29249.75,29231.5,29244.5,,,,
1787565000,29244.25,29245.5,29228.5,29232.75,,,,
1787565300,29232.75,29238,29227,29231.5,,,,
1787565600,29231.5,29245,29227.25,29245,,,,
1787565900,29244.25,29246.75,29231.5,29232.5,,,,
1787566200,29233.25,29236.25,29213.5,29215.25,,,,
1787566500,29215.5,29220,29211.75,29212.5,,,,
1787566800,29211.75,29237,29205.75,29232.25,,,,
1787567100,29232.75,29232.75,29207.25,29210.5,,,,
1787567400,29208.5,29239.5,29205,29237.25,,,,
1787567700,29236.75,29238.25,29219.75,29221.25,,,,
1787568000,29221.25,29221.75,29198,29208.25,,,,
1787568300,29208,29210.75,29195,29198,,,,
1787568600,29198.75,29199.75,29179.25,29186.75,,,,
1787568900,29186.5,29194,29183,29184.5,,,,
1787569200,29185,29193,29152.25,29156.25,,,,
1787569500,29155.75,29166.75,29145.5,29162.25,,,,
1787569800,29163,29172.5,29150.5,29168.25,,,,
1787570100,29168,29179.5,29164.75,29177.75,,,,
1787570400,29178.25,29189.75,29174.75,29187.75,,,,
1787570700,29188,29204,29180,29182.5,,,,
1787571000,29183.5,29229.75,29183.25,29226.5,,,,
1787571300,29225.75,29283.5,29223,29259.5,,,,
1787571600,29261,29278.25,29250,29260.25,,,,
1787571900,29260,29260.5,29230.75,29239.25,,,,
1787572200,29239.25,29250,29232.75,29249.5,,,,
1787572500,29249.25,29254.75,29237.5,29247.25,,,,
1787572800,29246.75,29247,29220.75,29222,,,,
1787573100,29221.75,29236.5,29217.25,29222.5,,,,
1787573400,29223.25,29226.75,29207.5,29211.75,,,,
1787573700,29212,29223,29203,29212.5,,,,
1787574000,29212.25,29231.75,29211,29225,,,,
1787574300,29225,29231,29213.5,29229.5,,,,
1787574600,29229.25,29232.25,29171.5,29198.75,,,,
1787574900,29198.75,29226.75,29195.5,29212,,,,
1787575200,29211.25,29242,29192,29203.5,,,,
1787575500,29203.5,29225,29199.25,29224.25,,,,
1787575800,29224.5,29232.5,29214,29219.25,,,,
1787576100,29219.25,29225.25,29205.25,29205.5,,,,
1787576400,29205.75,29218,29203.75,29213.75,,,,
1787576700,29214.25,29219,29195.75,29203.75,,,,
1787577000,29204.25,29220,29202.25,29207.75,,,,
1787577300,29208.25,29225,29201,29201.5,,,,
1787577600,29201.75,29214.25,29196,29196.75,,,,
1787577900,29197,29237.5,29196,29235.25,,,,
1787578200,29235.5,29243.75,29082.5,29112.75,,,,
1787578500,29112.25,29145.25,29066,29079.75,,,,
1787578800,29079.75,29091.25,28976.25,28977.75,,,,
1787579100,28978,29031,28953.5,28991,,,,
1787579400,28991.5,29013.75,28947.75,29009.75,,,,
1787579700,29010.25,29038,28998.75,29021.75,,,,
1787580000,29022,29037,28962.75,28975.75,,,,
1787580300,28976.25,28998.75,28960.5,28977.75,,,,
1787580600,28977,28996.25,28953.5,28993.5,,,,
1787580900,28993.75,29008.75,28967.5,28977.5,,,,
1787581200,28977,29033.75,28975,29001.5,,,,
1787581500,29001.5,29018.75,28979.5,29011.75,,,,
1787581800,29012.25,29081.25,29001.5,29077,,,,
1787582100,29076.75,29096,29064.5,29082.25,,,,
1787582400,29081.75,29110.25,29071,29085.25,,,,
1787582700,29085.5,29110,29078,29107,,,,
1787583000,29107.25,29110,29081.5,29097,,,,
1787583300,29096.75,29107,29076.5,29083,,,,
1787583600,29083,29097.5,29055.5,29058.75,,,,
1787583900,29058.75,29069.5,29042.5,29060,,,,
1787584200,29060,29080,29045.75,29048.5,,,,
1787584500,29049.25,29064.5,29046.5,29057.75,,,,
1787584800,29057.75,29085.5,29034.25,29081.25,,,,
1787585100,29081.75,29137.5,29079,29121.5,,,,
1787585400,29121.75,29139,29110.5,29135.25,,,,
1787585700,29134.5,29163.75,29127.5,29158,,,,
1787586000,29158.25,29182,29156.5,29176,,,,
1787586300,29175.75,29205,29175.75,29186,,,,
1787586600,29186,29197.5,29177.5,29182,,,,
1787586900,29182,29182.75,29150,29168.5,,,,
1787587200,29169,29189.75,29156.75,29172.25,,,,
1787587500,29172.5,29180,29158,29159.5,,,,
1787587800,29159.75,29181.25,29156.75,29180.75,,,,
1787588100,29180.75,29209.5,29178.75,29198.25,,,,
1787588400,29198,29224.25,29194.75,29204.25,,,,
1787588700,29204.5,29208.25,29197,29203,,,,
1787589000,29203.75,29212,29181.75,29188,,,,
1787589300,29188.5,29203.25,29183.75,29186.5,,,,
1787589600,29186,29189.5,29174,29184.5,,,,
1787589900,29185.25,29189,29172.25,29188.25,,,,
1787590200,29189,29193,29171.25,29182,,,,
1787590500,29181.5,29183.25,29170.25,29170.5,,,,
1787590800,29171.25,29172.25,29154,29159,,,,
1787591100,29159,29198.5,29157,29190.5,,,,
1787591400,29191,29211.25,29180.5,29194.25,,,,
1787591700,29194,29195.25,29166,29167,,,,
1787592000,29167,29170,29138,29144.25,,,,
1787592300,29145.25,29157.5,29132,29139.75,,,,
1787592600,29139.75,29142.5,29128.25,29129,,,,
1787592900,29129.25,29135.25,29120,29132.25,,,,
1787593200,29132.5,29137,29118.5,29119.5,,,,
1787593500,29119.25,29138.25,29117.75,29131.75,,,,
1787593800,29130.75,29143.25,29118,29120.75,,,,
1787594100,29121.75,29126,29116,29123,,,,
1787594400,29123.5,29156.5,29122.5,29149,,,,
1787594700,29148.25,29184.75,29145.5,29180,,,,
1787595000,29179.25,29189,29167.5,29187.25,,,,
1787595300,29187.25,29199.75,29172.75,29176.75,,,,
1787595600,29176.5,29222,29174.5,29217.25,,,,
1787595900,29216.75,29223.5,29213.25,29218,,,,
1787596200,29218,29233.25,29212.5,29220,,,,
1787596500,29220.25,29224.75,29180.5,29187,,,,
1787596800,29186.75,29196.75,29182.75,29190,,,,
1787597100,29189.75,29194.75,29174,29178.75,,,,
1787597400,29179,29187.5,29164.5,29168,,,,
1787597700,29168,29174.25,29153.25,29153.75,,,,
1787598000,29153.75,29162,29148.75,29154,,,,
1787598300,29154.75,29162.75,29143.25,29147.25,,,,
1787598600,29146.75,29161.5,29143,29155.75,,,,
1787598900,29155.5,29160.5,29142.75,29158,,,,
1787599200,29157.75,29166,29149.25,29155.5,,,,
1787599500,29155.5,29163.25,29153,29158.25,,,,
1787599800,29158.25,29173,29140,29142.25,,,,
1787600100,29142.5,29144,29127.25,29131.75,,,,
1787600400,29131.75,29137.5,29125,29131,,,,
1787600700,29131.25,29134.5,29120.5,29132.5,,,,
1787601000,29132.25,29142.5,29100.75,29125,,,,
1787601300,29125.25,29125.5,29094.5,29099.75,,,,
1787601600,29099,29116.5,29097,29108.5,,,,
1787601900,29109,29123.75,29107,29112,,,,
1787602200,29112.25,29114.25,29106.25,29109,,,,
1787602500,29109.5,29113,29106,29112.25,,,,
1787602800,29112.25,29112.5,29085,29087.25,,,,
1787603100,29088,29088.25,29080.5,29084,,,,
1787603400,29084.5,29092.25,29083,29089.75,,,,
1787603700,29089.5,29101,29087.75,29099.25,,,,
1787604000,29099.5,29102.75,29096,29100,,,,
1787604300,29100.5,29104.5,29095,29095.75,,,,
1787604600,29096.25,29099.25,29089.25,29098.25,,,,
1787604900,29098.75,29136.25,29098,29131,,,,
1787608800,29140,29152.25,29121.5,29127,,,,
1787609100,29127.25,29149.75,29124.25,29126.75,,,,
1787609400,29127.25,29131.75,29118.5,29123.5,,,,
1787609700,29123.5,29130,29117.5,29123.75,,,,
1787610000,29124,29131,29119.75,29128.5,,,,
1787610300,29128.75,29128.75,29121,29124,,,,
1787610600,29124.25,29130.75,29112.5,29122.75,,,,
1787610900,29123.25,29129,29122.25,29126,,,,
1787611200,29126.75,29127,29116,29117.75,,,,
1787611500,29117.75,29121,29115,29117.75,,,,
1787611800,29117.25,29121.75,29113.25,29120,,,,
1787612100,29120,29121.75,29110.25,29120.25,,,,
1787612400,29120.5,29124.75,29116,29120.25,,,,
1787612700,29119.5,29124.75,29118,29123.75,,,,
1787613000,29123.25,29124.75,29120.5,29124,,,,
1787613300,29124.5,29128.25,29112.25,29117.75,,,,
1787613600,29117.75,29126.75,29115.75,29118.75,,,,
1787613900,29119.25,29121,29106,29106.25,,,,
1787614200,29106.75,29109.75,29096.75,29103.75,,,,
1787614500,29103.75,29104.25,29091.25,29092.5,,,,
1787614800,29092,29117,29071.5,29084.25,,,,
1787615100,29084.75,29091.25,29081,29085.75,,,,
1787615400,29086.5,29100.25,29083.25,29083.25,,,,
1787615700,29083,29097.75,29081.5,29095.5,,,,
1787616000,29095.75,29102.75,29064.75,29065.75,,,,
1787616300,29066.25,29084.25,29059.5,29062.5,,,,
1787616600,29062.25,29063,29038.5,29042,,,,
1787616900,29041.5,29043.75,29016.75,29021.25,,,,
1787617200,29021.5,29076,29019.75,29051.5,,,,
1787617500,29051.25,29085,29040,29080.5,,,,
1787617800,29080.5,29091.75,29070.5,29086.25,,,,
1787618100,29086.75,29102.25,29082.75,29086.25,,,,
1787618400,29086.25,29130.75,29081.75,29124.25,,,,
1787618700,29124.25,29145.25,29106,29117.5,,,,
1787619000,29117,29144,29116.25,29137.5,,,,
1787619300,29138.25,29142,29125.25,29126.75,,,,
1787619600,29128,29135,29114.25,29134.5,,,,
1787619900,29134.5,29141.5,29113.25,29137.75,,,,
1787620200,29138.75,29143.75,29120.75,29129.5,,,,
1787620500,29130.5,29137.5,29114.75,29128.75,,,,
1787620800,29128.25,29130.25,29098,29098.75,,,,
1787621100,29098.75,29125,29095.75,29114.25,,,,
1787621400,29114.5,29150,29107.5,29117.5,,,,
1787621700,29117.25,29156.5,29114,29148,,,,
1787622000,29148.5,29152.25,29122,29134.75,,,,
1787622300,29135.25,29152.5,29132.25,29145.75,,,,
1787622600,29145.75,29148.5,29127.25,29146,,,,
1787622900,29145.75,29146.75,29125,29126,,,,
1787623200,29126.5,29146.25,29124.25,29138,,,,
1787623500,29137.75,29141.5,29105.75,29110.25,,,,
1787623800,29110.75,29117.75,29103.5,29116.75,,,,
1787624100,29116.5,29140.25,29103.5,29137.75,,,,
1787624400,29137.75,29144.5,29116.5,29144.5,,,,
1787624700,29144,29149.25,29118.75,29146,,,,
1787625000,29145.5,29169,29138,29157.5,,,,
1787625300,29157,29161.25,29134.5,29147.5,,,,
1787625600,29147.5,29166.5,29135.25,29136.75,,,,
1787625900,29136.75,29138.5,29118.25,29120.5,,,,
1787626200,29120,29121.25,29104.25,29112.25,,,,
1787626500,29112.5,29113.75,29093.25,29102.25,,,,
1787626800,29102.25,29128,29100.25,29120.5,,,,
1787627100,29121,29166.5,29120.75,29152,,,,
1787627400,29151.5,29165,29146.5,29151.5,,,,
1787627700,29151,29175,29150.5,29169.5,,,,
1787628000,29169.5,29170.75,29153.5,29155.5,,,,
1787628300,29156.25,29176.75,29151,29174.75,,,,
1787628600,29175.25,29190,29167.5,29186.75,,,,
1787628900,29186,29188.75,29166,29171.5,,,,
1787629200,29171.5,29176.25,29163,29168.5,,,,
1787629500,29168.5,29169.5,29153.25,29155.75,,,,
1787629800,29155,29167.25,29151.5,29157.25,,,,
1787630100,29157.5,29165.75,29153.25,29165,,,,
1787630400,29164,29189.25,29157.5,29189,,,,
1787630700,29188.75,29199.25,29180.5,29195,,,,
1787631000,29194.5,29196.75,29183.5,29195.25,,,,
1787631300,29195.75,29200.25,29187.75,29191.75,,,,
1787631600,29191.5,29202.5,29190.5,29202,,,,
1787631900,29202,29207,29193.5,29201,,,,
1787632200,29202,29217.5,29197.75,29206,,,,
1787632500,29205.75,29208.25,29190,29202,,,,
1787632800,29202,29214.5,29196.75,29212,,,,
1787633100,29211.25,29216.25,29202.25,29209.25,,,,
1787633400,29209.25,29209.5,29184.25,29196.75,,,,
1787633700,29196.25,29202,29189.5,29199.75,,,,
1787634000,29200.25,29216,29189.5,29208,,,,
1787634300,29208.25,29211.25,29200,29203,,,,
1787634600,29204,29225,29199.25,29203.75,,,,
1787634900,29203,29223.75,29203,29212.75,,,,
1787635200,29212.5,29227,29207,29222,,,,
1787635500,29222,29226,29213.75,29220,,,,
1787635800,29220,29230.5,29214.75,29228.25,,,,
1787636100,29227.75,29234.5,29219.25,29223.75,,,,
1787636400,29224,29232.75,29201.25,29204.75,,,,
1787636700,29204.25,29221,29200.5,29214.75,,,,
1787637000,29214.5,29229.5,29209.5,29225,,,,
1787637300,29225.25,29241.25,29224.75,29232,,,,
1787637600,29231.75,29252,29230,29250.5,,,,
1787637900,29251,29261.75,29246.75,29250.75,,,,
1787638200,29250,29259.5,29244.25,29247.75,,,,
1787638500,29248.25,29265.5,29241.5,29262.5,,,,
1787638800,29262.5,29288,29254,29274,,,,
1787639100,29274.5,29283,29263.75,29266.25,,,,
1787639400,29266.5,29271.75,29253.75,29261.25,,,,
1787639700,29261.25,29263.75,29243,29248,,,,
1787640000,29248.25,29263.25,29246.5,29262,,,,
1787640300,29262,29263.5,29240.25,29242.25,,,,
1787640600,29242.25,29247.75,29236.25,29247,,,,
1787640900,29246.75,29263.5,29242.25,29262.75,,,,
1787641200,29263.5,29290.5,29262.75,29289,,,,
1787641500,29288.5,29289.5,29265.5,29270.25,,,,
1787641800,29269.75,29273.5,29250,29253,,,,
1787642100,29252.5,29263.25,29226.25,29230.5,,,,
1787642400,29230.5,29257.75,29227,29246.25,,,,
1787642700,29247.5,29253.5,29232.25,29247.75,,,,
1787643000,29246.75,29260,29241,29245.75,,,,
1787643300,29246.25,29248.5,29232,29238.25,,,,
1787643600,29237.75,29262,29232.5,29257.5,,,,
1787643900,29257.75,29259.25,29234.75,29239,,,,
1787644200,29239.5,29240,29227,29229.25,,,,
1787644500,29229.5,29241.5,29228.25,29233.25,,,,
1787644800,29233,29255,29214.25,29220,,,,
1787645100,29220,29240,29213.75,29233.25,,,,
1787645400,29233.25,29233.5,29211,29218.25,,,,
1787645700,29218.25,29254.5,29218.25,29238.25,,,,
1787646000,29237.5,29327.75,29232.75,29317,,,,
1787646300,29315.75,29315.75,29271.25,29274.5,,,,
1787646600,29275.25,29298,29264.25,29286.5,,,,
1787646900,29285.75,29291.5,29256.5,29263.5,,,,
1787647200,29264.75,29282.75,29261.25,29281.5,,,,
1787647500,29281.75,29302,29281,29292,,,,
1787647800,29291.75,29306.75,29288.5,29289,,,,
1787648100,29289.25,29306,29282.5,29302.25,,,,
1787648400,29301.75,29310.25,29285.5,29309,,,,
1787648700,29308.75,29334.5,29298.25,29319.25,,,,
1787649000,29318.5,29333.75,29314,29323.5,,,,
1787649300,29322.75,29335,29321.75,29329.5,,,,
1787649600,29329.5,29334,29321,29321.75,,,,
1787649900,29321.75,29321.75,29305.5,29317.5,,,,
1787650200,29317.5,29366.75,29314.25,29361.75,,,,
1787650500,29361.75,29362.75,29342,29344.75,,,,
1787650800,29344.5,29374.5,29342.25,29361.25,,,,
1787651100,29360.5,29390,29355.5,29388.75,,,,
1787651400,29389.25,29404.5,29384,29400.5,,,,
1787651700,29400.5,29420,29388.25,29391,,,,
1787652000,29390,29393.5,29369.75,29377.5,,,,
1787652300,29378.5,29408,29377.75,29405.5,,,,
1787652600,29405,29411.25,29384,29391,,,,
1787652900,29390.5,29392.75,29378.75,29383.5,,,,
1787653200,29384,29385.25,29376,29380.25,,,,
1787653500,29379,29383,29367,29370.75,,,,
1787653800,29371,29380,29360.25,29369,,,,
1787654100,29369,29370.5,29362.75,29366,,,,
1787654400,29364.5,29369.75,29346.5,29347.5,,,,
1787654700,29347,29363,29346.25,29360.25,,,,
1787655000,29360.75,29369.25,29357.25,29362.25,,,,
1787655300,29362.5,29365.5,29349.75,29359,,,,
1787655600,29358.25,29363,29333,29335.25,,,,
1787655900,29335.5,29336.75,29302.5,29329,,,,
1787656200,29329.75,29343,29325,29340.5,,,,
1787656500,29340.25,29344.75,29320.25,29330.25,,,,
1787656800,29331.75,29355,29330.75,29349.5,,,,
1787657100,29349.5,29351,29326.25,29341.25,,,,
1787657400,29341,29358,29339.75,29345.75,,,,
1787657700,29345.75,29360.25,29344.25,29358.5,,,,
1787658000,29359,29362,29353,29357,,,,
1787658300,29357,29381,29355,29379.5,,,,
1787658600,29380.25,29390.75,29370.25,29372.75,,,,
1787658900,29373.25,29379,29364.25,29373.5,,,,
1787659200,29372.75,29382.75,29355.5,29378.5,,,,
1787659500,29378.25,29380.75,29367.25,29378,,,,
1787659800,29378,29382.75,29358,29381.5,,,,
1787660100,29380.5,29409.25,29377,29399.75,,,,
1787660400,29399.5,29401,29364,29377.5,,,,
1787660700,29377.75,29382.75,29370.75,29373.75,,,,
1787661000,29373.5,29374,29332.75,29338.75,,,,
1787661300,29339,29339.25,29315,29320.25,,,,
1787661600,29320.5,29337.5,29312.25,29328.5,,,,
1787661900,29328,29331.25,29320,29327.75,,,,
1787662200,29327.25,29347.5,29326,29334.5,,,,
1787662500,29335,29342.5,29332.5,29333.75,,,,
1787662800,29333.75,29341.75,29316,29324.75,,,,
1787663100,29324.25,29332,29311.75,29324.25,,,,
1787663400,29324.25,29345,29323,29327.5,,,,
1787663700,29327.75,29342,29321.25,29333.25,,,,
1787664000,29333.75,29335.25,29317.5,29319.25,,,,
1787664300,29319.75,29341.25,29294.75,29296.75,,,,
1787664600,29296.5,29377,29279.25,29375,,,,
1787664900,29375,29376,29301,29316,,,,
1787665200,29316,29374.75,29315,29348.75,,,,
1787665500,29349,29416,29342,29392.75,,,,
1787665800,29393,29396.75,29335.5,29342.5,,,,
1787666100,29342.5,29345.25,29288,29311.5,,,,
1787666400,29312.75,29316,29247,29262,,,,
1787666700,29261.75,29280,29243.5,29259,,,,
1787667000,29258.75,29285,29239.5,29245.5,,,,
1787667300,29245.5,29269.75,29233.5,29243.5,,,,
1787667600,29242.75,29255.5,29209.25,29229.25,,,,
1787667900,29229.25,29252.25,29213,29215,,,,
1787668200,29215,29249.25,29145.5,29207,,,,
1787668500,29207.25,29272.75,29205,29259.25,,,,
1787668800,29258.75,29261.25,29192,29218.5,,,,
1787669100,29217.5,29230.75,29206.25,29218.5,,,,
1787669400,29219.25,29260.25,29208,29245.25,,,,
1787669700,29245,29250.25,29218,29232.5,,,,
1787670000,29232.75,29235.75,29197.25,29204.25,,,,
1787670300,29204.75,29226.5,29197.75,29213,,,,
1787670600,29213.25,29230.75,29207.75,29224,,,,
1787670900,29224,29244.75,29219,29237,,,,
1787671200,29237,29261.25,29225.25,29236.5,,,,
1787671500,29236.75,29282,29230,29276.75,,,,
1787671800,29276.75,29310,29263.5,29268,,,,
1787672100,29267.75,29301.75,29264.75,29271.75,,,,
1787672400,29270.75,29276.5,29255,29267.5,,,,
1787672700,29266.75,29266.75,29222.75,29228.75,,,,
1787673000,29229,29264.25,29223,29257.5,,,,
1787673300,29257.75,29273.25,29255,29262.5,,,,
1787673600,29262.75,29290,29260.5,29273.5,,,,
1787673900,29273.5,29287.25,29266.25,29268,,,,
1787674200,29268.5,29280.25,29262.75,29278,,,,
1787674500,29278,29290.5,29274.25,29286.25,,,,
1787674800,29286.25,29295.5,29277,29286.5,,,,
1787675100,29286.5,29299.25,29283.5,29293.75,,,,
1787675400,29294.25,29299.75,29285.75,29287.5,,,,
1787675700,29287,29294,29271.75,29292.25,,,,
1787676000,29292.25,29292.25,29258.75,29266,,,,
1787676300,29266.5,29284.25,29262.5,29270.5,,,,
1787676600,29271.5,29272.25,29254.75,29258.25,,,,
1787676900,29258.75,29282.25,29252.75,29275.5,,,,
1787677200,29275.5,29279,29242.75,29242.75,,,,
1787677500,29242.75,29248.25,29224,29234.5,,,,
1787677800,29234.5,29245.75,29223.75,29243,,,,
1787678100,29243,29258.5,29237.25,29256.75,,,,
1787678400,29257.25,29257.25,29236,29236.5,,,,
1787678700,29236.25,29237,29214,29224.75,,,,
1787679000,29224.75,29232.25,29215.75,29228.25,,,,
1787679300,29228.25,29234.25,29222,29229.25,,,,
1787679600,29229.5,29230.25,29219,29222.25,,,,
1787679900,29222.5,29231.5,29218,29225.75,,,,
1787680200,29226,29231.25,29216.75,29228.25,,,,
1787680500,29227.75,29232.25,29218.5,29226.75,,,,
1787680800,29226.75,29227.25,29203.25,29204.5,,,,
1787681100,29204,29217.75,29202.25,29211.25,,,,
1787681400,29210.75,29221,29204.25,29205.75,,,,
1787681700,29205.5,29214.25,29202.75,29213.75,,,,
1787682000,29213.75,29227.5,29212.75,29221.5,,,,
1787682300,29221.75,29223,29208,29219.5,,,,
1787682600,29219.25,29243.75,29218.5,29242,,,,
1787682900,29242,29251.25,29236.75,29246.75,,,,
1787683200,29246.25,29259.75,29241,29257.75,,,,
1787683500,29257.75,29274.75,29257.75,29269.75,,,,
1787683800,29270,29270.75,29257.75,29259.75,,,,
1787684100,29260.25,29264.75,29253,29255.75,,,,
1787684400,29255.75,29266,29245.25,29246.5,,,,
1787684700,29246.5,29252.5,29242.75,29247.75,,,,
1787685000,29247.75,29249,29230.5,29235,,,,
1787685300,29234.5,29237.75,29221.75,29225.5,,,,
1787685600,29225.25,29226.5,29212.5,29223.5,,,,
1787685900,29223.5,29227.75,29216.75,29225.75,,,,
1787686200,29225.5,29227.5,29212,29226.5,,,,
1787686500,29226.25,29241,29224.75,29234.25,,,,
1787686800,29234,29258,29233.75,29238.75,,,,
1787687100,29238.5,29247.5,29229,29243.25,,,,
1787687400,29243,29288.5,29233.75,29283,,,,
1787687700,29283.25,29290.25,29264,29270.25,,,,
1787688000,29270.5,29285,29262.5,29274.5,,,,
1787688300,29274.5,29292,29270,29288.75,,,,
1787688600,29288.5,29293.25,29285.5,29288.75,,,,
1787688900,29288.25,29295.5,29283,29294.25,,,,
1787689200,29294.25,29313,29292.75,29308.5,,,,
1787689500,29308.75,29313.25,29300,29303,,,,
1787689800,29302.5,29309,29302,29305,,,,
1787690100,29304.75,29305.5,29292.25,29292.5,,,,
1787690400,29292.75,29293,29281.25,29282.25,,,,
1787690700,29282.75,29285.5,29269,29270.25,,,,
1787691000,29270,29287.5,29269.25,29284.75,,,,
1787691300,29284.5,29287.25,29280.75,29287,,,,
1787695200,29288.75,29310,29286,29302,,,,
1787695500,29302.25,29306.5,29290.5,29297.5,,,,
1787695800,29298.5,29300,29290.75,29294.25,,,,
1787696100,29294.25,29294.75,29289,29290.5,,,,
1787696400,29291.25,29294,29280,29289.25,,,,
1787696700,29290,29293.25,29285.25,29290.75,,,,
1787697000,29291,29292.5,29287,29290,,,,
1787697300,29290,29291.75,29282,29284.75,,,,
1787697600,29284.5,29289.75,29280.25,29287.5,,,,
1787697900,29286.75,29287.75,29280.5,29280.75,,,,
1787698200,29280.75,29283.5,29280.75,29282.5,,,,
1787698500,29283,29287.75,29281.75,29283.5,,,,
1787698800,29284.25,29287.75,29284,29285.5,,,,
1787699100,29286.25,29287.25,29273.75,29278.5,,,,
1787699400,29278,29279,29275,29276.25,,,,
1787699700,29276.25,29278.75,29272.25,29273.75,,,,
1787700000,29274.25,29274.5,29255.75,29261.5,,,,
1787700300,29261.75,29262.75,29245,29245.25,,,,
1787700600,29245.25,29248.5,29231,29239.5,,,,
1787700900,29239.25,29245,29236.25,29239,,,,
1787701200,29239,29242.75,29227.75,29234.75,,,,
1787701500,29234.25,29235.75,29218.25,29219.75,,,,
1787701800,29219.5,29224.5,29206.75,29220,,,,
1787702100,29219.75,29226.75,29208.75,29210.25,,,,
1787702400,29210.5,29222.5,29184.25,29212.75,,,,
1787702700,29212.5,29221.75,29192.25,29221,,,,
1787703000,29221,29228,29207.75,29209,,,,
1787703300,29209,29238.75,29208.25,29222.75,,,,
1787703600,29222.25,29225,29198.75,29203.75,,,,
1787703900,29204,29205.75,29164.25,29184.75,,,,
1787704200,29184.5,29188,29165,29166.5,,,,
1787704500,29166.5,29172.25,29146.5,29154.25,,,,
1787704800,29154.75,29157.5,29137.25,29150.75,,,,
1787705100,29150.25,29160,29142,29150.25,,,,
1787705400,29149.75,29152,29126.5,29131,,,,
1787705700,29132,29133.25,29110,29112.25,,,,
1787706000,29112.75,29142.25,29106.5,29141.75,,,,
1787706300,29141.75,29147.75,29117.5,29126.5,,,,
1787706600,29127.25,29138,29120.5,29124.25,,,,
1787706900,29124.5,29133.75,29115.25,29118,,,,
1787707200,29117.5,29134,29100.25,29105.75,,,,
1787707500,29106.5,29111,29097.5,29109.5,,,,
1787707800,29109.25,29118.25,29095.5,29104,,,,
1787708100,29104.5,29129,29096,29125.75,,,,
1787708400,29125.75,29128,29110.75,29116.25,,,,
1787708700,29117,29122,29104,29110.5,,,,
1787709000,29111,29127,29106,29123,,,,
1787709300,29123.25,29135.5,29121.25,29133,,,,
1787709600,29132.75,29144,29122.75,29134.25,,,,
1787709900,29134,29137,29118.75,29127.75,,,,
1787710200,29127.75,29145,29127.75,29143.75,,,,
1787710500,29143.75,29158.25,29140.25,29153.75,,,,
1787710800,29154.5,29169.25,29151.75,29161.5,,,,
1787711100,29161.75,29175.75,29161,29173,,,,
1787711400,29172.75,29187,29170.5,29182,,,,
1787711700,29182.5,29199,29177.5,29197.25,,,,
1787712000,29197.75,29217.75,29195,29217,,,,
1787712300,29217,29228.25,29211.25,29220.75,,,,
1787712600,29220.75,29230,29215.25,29216.75,,,,
1787712900,29216.75,29227.25,29216,29220.25,,,,
1787713200,29221,29230,29212,29228.75,,,,
1787713500,29229,29231.5,29215.25,29218.25,,,,
1787713800,29218,29234,29216,29231.25,,,,
1787714100,29231.25,29231.25,29221.25,29226,,,,
1787714400,29226.5,29232,29220.5,29223.25,,,,
1787714700,29223.25,29224,29213,29214.25,,,,
1787715000,29215.25,29226.75,29205,29226.25,,,,
1787715300,29226.25,29245,29226,29239.5,,,,
1787715600,29239,29239.5,29231.5,29237.5,,,,
1787715900,29237,29263.5,29235.5,29263.5,,,,
1787716200,29263.75,29275.5,29261.75,29266.75,,,,
1787716500,29267.25,29272.75,29262.25,29265,,,,
1787716800,29265.5,29279.75,29258.5,29269.75,,,,
1787717100,29270.25,29277.25,29263.25,29269,,,,
1787717400,29268.75,29280,29260,29272.75,,,,
1787717700,29272.75,29275,29261.75,29272.75,,,,
1787718000,29273.25,29277.75,29267.75,29269.5,,,,
1787718300,29269,29281.75,29267,29271.5,,,,
1787718600,29272,29275,29262,29265,,,,
1787718900,29265.5,29268.5,29253.5,29255.5,,,,
1787719200,29255.75,29260.75,29248.25,29250.25,,,,
1787719500,29250.5,29252,29217,29224.5,,,,
1787719800,29224,29236.25,29220.25,29231.5,,,,
1787720100,29231.5,29236.75,29222.5,29228.5,,,,
1787720400,29228,29258.5,29226.5,29250.75,,,,
1787720700,29251.5,29259.75,29235.25,29257.25,,,,
1787721000,29257,29257.25,29236,29239,,,,
1787721300,29239,29248.75,29230,29240.25,,,,
1787721600,29240,29246,29235.25,29244,,,,
1787721900,29244,29248,29232.75,29245.5,,,,
1787722200,29246,29262.5,29245.25,29254.5,,,,
1787722500,29254.5,29254.5,29241.5,29246.75,,,,
1787722800,29247.5,29251.5,29242,29248.75,,,,
1787723100,29248.75,29249,29231.75,29235.75,,,,
1787723400,29235.5,29239.5,29227,29227.5,,,,
1787723700,29228,29244,29225.5,29241.75,,,,
1787724000,29241.75,29248.75,29215.75,29218.5,,,,
1787724300,29219.25,29221.25,29211.25,29218.5,,,,
1787724600,29218.75,29231.25,29214.75,29216.25,,,,
1787724900,29215.75,29218.75,29203,29212,,,,
1787725200,29212.25,29214.75,29205,29213,,,,
1787725500,29213,29226.75,29203.5,29218.5,,,,
1787725800,29218,29234,29209.5,29233.25,,,,
1787726100,29233,29242,29229,29237.25,,,,
1787726400,29237,29257.75,29235,29256.25,,,,
1787726700,29256,29277,29254.75,29261,,,,
1787727000,29260.75,29262.5,29236,29239,,,,
1787727300,29238.5,29257,29232.5,29251.75,,,,
1787727600,29251,29256,29232,29251.75,,,,
1787727900,29251.5,29258,29213,29216.75,,,,
1787728200,29216.25,29237.5,29200.75,29236.25,,,,
1787728500,29237,29244.25,29225.5,29231,,,,
1787728800,29230.75,29231.75,29210.25,29215.5,,,,
1787729100,29215,29217.75,29194.25,29198.75,,,,
1787729400,29199.25,29205.5,29186.25,29196.25,,,,
1787729700,29196.25,29210.5,29193,29200.5,,,,
1787730000,29200,29205.75,29190.5,29198.25,,,,
1787730300,29198.75,29219,29193,29197.5,,,,
1787730600,29198.25,29205.5,29187.25,29205.25,,,,
1787730900,29204.75,29215.5,29199,29212,,,,
1787731200,29212.75,29235.5,29198.75,29229.5,,,,
1787731500,29229.5,29240.5,29211.75,29237.25,,,,
1787731800,29237.25,29244.5,29202,29205.5,,,,
1787732100,29205.25,29228,29193.5,29197.75,,,,
1787732400,29198.5,29200.5,29187,29196.75,,,,
1787732700,29197.25,29236,29195.75,29236,,,,
1787733000,29235.25,29242.75,29211.25,29230,,,,
1787733300,29229.5,29239.5,29227.25,29239,,,,
1787733600,29239.5,29250.75,29233.5,29242.25,,,,
1787733900,29242.25,29242.5,29229.5,29230.75,,,,
1787734200,29231.25,29236,29223.75,29225.75,,,,
1787734500,29226.25,29228.25,29209,29227.75,,,,
1787734800,29227.75,29235.25,29216.75,29221.25,,,,
1787735100,29221,29223.5,29212.75,29213.5,,,,
1787735400,29213,29223.75,29213,29219,,,,
1787735700,29218.5,29221.75,29205,29210.25,,,,
1787736000,29209.75,29220,29196.5,29197.25,,,,
1787736300,29196.75,29206.25,29191,29198.75,,,,
1787736600,29198.75,29219.25,29197.75,29206.25,,,,
1787736900,29206.5,29211.25,29203,29209.75,,,,
1787737200,29210,29219,29206.75,29214.25,,,,
1787737500,29214,29225.75,29213.25,29225.25,,,,
1787737800,29225,29236.5,29220.75,29231.25,,,,
1787738100,29231.75,29238.25,29229,29234.5,,,,
1787738400,29234,29234.75,29212.5,29216.75,,,,
1787738700,29216.5,29222.25,29210.25,29214.25,,,,
1787739000,29214,29214,29196,29198,,,,
1787739300,29197.75,29212.5,29197,29211.25,,,,
1787739600,29211,29217,29195.5,29216.25,,,,
1787739900,29216.25,29217.75,29200.5,29200.75,,,,
1787740200,29200.75,29228.25,29188.5,29228.25,,,,
1787740500,29228.25,29241,29225.25,29235.25,,,,
1787740800,29236,29242.75,29225.5,29229.25,,,,
1787741100,29228.75,29240.25,29223.75,29238.5,,,,
1787741400,29238,29240,29224.25,29229.75,,,,
1787741700,29230,29239.5,29227.25,29236.25,,,,
1787742000,29237.25,29264.75,29235.25,29258.25,,,,
1787742300,29259.75,29260,29236,29239.25,,,,
1787742600,29239.75,29258,29238.5,29254,,,,
1787742900,29254.5,29278.75,29251.5,29257.75,,,,
1787743200,29257.25,29260,29247.5,29247.75,,,,
1787743500,29247.75,29253.75,29234.25,29252.75,,,,
1787743800,29253,29262.25,29240.75,29242.25,,,,
1787744100,29242,29245,29201.75,29204.5,,,,
1787744400,29204.25,29215.25,29194,29210.25,,,,
1787744700,29209.75,29212.75,29186.5,29192,,,,
1787745000,29193,29227.5,29193,29218,,,,
1787745300,29218,29222.75,29212.5,29220,,,,
1787745600,29220,29224.25,29202,29219.5,,,,
1787745900,29219.75,29222.75,29202.25,29212,,,,
1787746200,29212.25,29222,29200.75,29215.75,,,,
1787746500,29216,29216.75,29189.75,29203.75,,,,
1787746800,29203.5,29235.25,29199.25,29230,,,,
1787747100,29231,29259,29227.25,29258.25,,,,
1787747400,29258,29270,29164,29176.25,,,,
1787747700,29176.75,29181,29149,29172.5,,,,
1787748000,29172.25,29188,29162.5,29164.75,,,,
1787748300,29165,29181.25,29149.5,29175.25,,,,
1787748600,29174.5,29181.75,29133,29145.25,,,,
1787748900,29145.25,29163,29139.25,29152,,,,
1787749200,29151.75,29164.75,29143.75,29153.25,,,,
1787749500,29153.75,29166.5,29136.5,29138.75,,,,
1787749800,29139,29173.25,29134.25,29172.25,,,,
1787750100,29172.5,29174.25,29159.25,29164.5,,,,
1787750400,29164,29165,29153,29162,,,,
1787750700,29162.75,29174.25,29154.75,29174.25,,,,
1787751000,29174.25,29281,29174.25,29256,,,,
1787751300,29256.5,29275.5,29206.75,29236.75,,,,
1787751600,29236.5,29313,29223.25,29291,,,,
1787751900,29290.75,29317.5,29267.5,29268.5,,,,
1787752200,29268.5,29309,29252.5,29308.25,,,,
1787752500,29307.75,29333.25,29294.5,29331.5,,,,
1787752800,29331,29332.25,29296.5,29305.25,,,,
1787753100,29305.25,29311.5,29273.75,29281.75,,,,
1787753400,29282,29284,29235.75,29246.25,,,,
1787753700,29246.5,29264.5,29230.25,29238.25,,,,
1787754000,29238,29244.5,29200.25,29202.5,,,,
1787754300,29203,29209,29156.25,29178.5,,,,
1787754600,29178.25,29204.75,29176,29197.25,,,,
1787754900,29196.75,29240,29183.25,29213.75,,,,
1787755200,29213.75,29238.75,29210.5,29221.5,,,,
1787755500,29221.5,29246.25,29205.75,29238.5,,,,
1787755800,29238,29268,29237.75,29241.75,,,,
1787756100,29241.75,29259,29235.25,29252.25,,,,
1787756400,29252,29273.5,29246,29261.25,,,,
1787756700,29261,29283.25,29259.75,29269.25,,,,
1787757000,29269.25,29276,29249.75,29257.75,,,,
1787757300,29257.5,29258.5,29222.25,29244,,,,
1787757600,29243.5,29260.5,29233.75,29240.5,,,,
1787757900,29240,29267,29235.75,29256.25,,,,
1787758200,29256.75,29260,29220.75,29230.25,,,,
1787758500,29230.5,29257,29228.25,29251,,,,
1787758800,29251.5,29290,29248.25,29282.5,,,,
1787759100,29282.5,29289.25,29274.5,29289,,,,
1787759400,29289.25,29292.25,29231.75,29235.5,,,,
1787759700,29235,29245.75,29215.5,29217.5,,,,
1787760000,29217.5,29219.75,29190,29213.75,,,,
1787760300,29213.25,29224.25,29201,29206.25,,,,
1787760600,29206.5,29214,29197.75,29201.25,,,,
1787760900,29201.25,29206.25,29192,29202.75,,,,
1787761200,29202.5,29215,29199.5,29211,,,,
1787761500,29211.25,29213,29199,29207,,,,
1787761800,29206.5,29220.25,29205,29213.25,,,,
1787762100,29213.5,29218.5,29181.75,29183,,,,
1787762400,29182.75,29194.5,29170,29174.5,,,,
1787762700,29174.75,29199,29171.75,29183,,,,
1787763000,29183.25,29193,29175.25,29185.75,,,,
1787763300,29185.25,29226,29184.75,29217,,,,
1787763600,29216.5,29232.5,29210.5,29228.25,,,,
1787763900,29228.25,29238.5,29217.75,29234.25,,,,
1787764200,29234.25,29242,29230,29238,,,,
1787764500,29237.75,29262,29237.75,29253.75,,,,
1787764800,29253.75,29270,29253,29268.75,,,,
1787765100,29268.75,29271,29256.25,29267.25,,,,
1787765400,29267.5,29281.5,29263.25,29278.5,,,,
1787765700,29278.25,29288,29274.5,29280.5,,,,
1787766000,29280.5,29291.25,29272.5,29281.25,,,,
1787766300,29281.25,29286,29267.75,29269.75,,,,
1787766600,29270.5,29288.5,29269.5,29287,,,,
1787766900,29286.75,29296.75,29282.75,29284,,,,
1787767200,29284.5,29285,29271.5,29277.75,,,,
1787767500,29277.75,29296,29277,29290.25,,,,
1787767800,29290.5,29291.75,29266,29270.25,,,,
1787768100,29270.75,29286.5,29264,29282.25,,,,
1787768400,29282,29292,29276,29276.25,,,,
1787768700,29276.25,29285,29271.25,29280,,,,
1787769000,29279.75,29304,29275.25,29297.25,,,,
1787769300,29297.5,29299.75,29290.25,29292.25,,,,
1787769600,29292.5,29298,29288.5,29295,,,,
1787769900,29295,29329,29294.75,29319.75,,,,
1787770200,29320,29325,29310,29318.5,,,,
1787770500,29318.75,29329.5,29315.75,29321.25,,,,
1787770800,29320.75,29368.75,29317.75,29366.25,,,,
1787771100,29366.5,29368.5,29347.25,29347.5,,,,
1787771400,29347.75,29352.25,29330.25,29340.75,,,,
1787771700,29340.5,29357.5,29339.25,29353.75,,,,
1787772000,29354.25,29355,29332,29345.75,,,,
1787772300,29345.5,29356.25,29335,29338.25,,,,
1787772600,29338,29345.5,29328.5,29343.25,,,,
1787772900,29343.5,29344.5,29322.5,29322.75,,,,
1787773200,29322.5,29329,29307.5,29309.75,,,,
1787773500,29310,29337.25,29305.25,29335.5,,,,
1787773800,29335,29343.75,29280.75,29291,,,,
1787774100,29290.75,29310.75,29280.25,29297.25,,,,
1787774400,29297,29345.25,29284,29335.75,,,,
1787774700,29336.75,29375,29335.25,29354.25,,,,
1787775000,29353.75,29366.25,29349.75,29361.5,,,,
1787775300,29361.5,29385.75,29355,29380,,,,
1787775600,29380,29383,29291,29345,,,,
1787775900,29346,29362,29320.75,29342,,,,
1787776200,29342.75,29346,29316.5,29327.75,,,,
1787776500,29328.5,29354.75,29326,29343.75,,,,
1787776800,29342.75,29356.5,29333.25,29339.5,,,,
1787777100,29339.5,29382,29336.75,29381.75,,,,
1787777400,29382,29396.75,29376.75,29390.75,,,,
1787777700,29390.25,29437.25,29386,29431,,,,
1787781600,29500,29583.25,29497.75,29572.5,,,,
1787781900,29573.5,29576.75,29551,29561.5,,,,
1787782200,29561.75,29574.5,29550,29565.75,,,,
1787782500,29565.75,29596.75,29553.75,29584,,,,
1787782800,29583.75,29602.75,29578.75,29590,,,,
1787783100,29590,29595,29578.25,29584.25,,,,
1787783400,29584.5,29599.75,29581.5,29598.5,,,,
1787783700,29599,29618.75,29599,29602.5,,,,
1787784000,29602.5,29617.25,29596.5,29617.25,,,,
1787784300,29617.25,29617.25,29606.5,29612.25,,,,
1787784600,29611.75,29628.75,29604.75,29606.25,,,,
1787784900,29607,29612,29599.25,29605.75,,,,
1787785200,29605.75,29614.75,29602.75,29605.5,,,,
1787785500,29606,29608.25,29591.5,29598,,,,
1787785800,29598.75,29602.75,29590.75,29592.75,,,,
1787786100,29593.25,29594,29585.25,29588.75,,,,
1787786400,29588.75,29606.75,29587.25,29606,,,,
1787786700,29606,29612.5,29590.75,29602,,,,
1787787000,29602.25,29605.75,29594.25,29604,,,,
1787787300,29603.75,29611.5,29598,29606.75,,,,
1787787600,29607,29609.25,29603.75,29607.25,,,,
1787787900,29606.75,29626.75,29604.25,29622.25,,,,
1787788200,29622.75,29626.75,29608.75,29616.5,,,,
1787788500,29617.25,29653.75,29615.5,29647.5,,,,
1787788800,29647,29655.75,29613.5,29614.25,,,,
1787789100,29614,29634.75,29605,29608.25,,,,
1787789400,29608.25,29612,29578.25,29591,,,,
1787789700,29591,29591,29558,29565.5,,,,
1787790000,29566,29583.75,29563.25,29580.5,,,,
1787790300,29580.5,29583.5,29562,29581.25,,,,
1787790600,29581.5,29581.5,29532.75,29535,,,,
1787790900,29535.25,29539.25,29504,29515,,,,
1787791200,29514.5,29521.5,29476.25,29479,,,,
1787791500,29478.5,29480,29446.25,29461.5,,,,
1787791800,29461,29466,29440.25,29444.5,,,,
1787792100,29444.75,29455.75,29438,29445,,,,
1787792400,29444,29470,29432.25,29466.25,,,,
1787792700,29465.5,29486.5,29461,29484.75,,,,
1787793000,29485,29490.5,29445.25,29452.25,,,,
1787793300,29452.5,29484,29449,29482.25,,,,
1787793600,29482.5,29498.25,29478.5,29496.75,,,,
1787793900,29497,29509.5,29490.25,29503.25,,,,
1787794200,29502.75,29524,29496.75,29517.25,,,,
1787794500,29518,29534.75,29514,29529.25,,,,
1787794800,29529.75,29531.5,29490.5,29492.75,,,,
1787795100,29492.5,29539.75,29491.5,29538,,,,
1787795400,29538.5,29553.75,29533.5,29552.75,,,,
1787795700,29552.75,29554.25,29526,29531,,,,
1787796000,29531,29541,29525.75,29539,,,,
1787796300,29538.75,29540.5,29516.25,29540,,,,
1787796600,29539.75,29544.25,29529.5,29540.25,,,,
1787796900,29540.75,29543,29527.5,29534.75,,,,
1787797200,29535.25,29541.75,29528,29533.75,,,,
1787797500,29534.25,29543.75,29525.5,29538,,,,
1787797800,29537.75,29556.75,29536.5,29553,,,,
1787798100,29553,29553.25,29542.75,29552,,,,
1787798400,29552.25,29553,29530.5,29542.25,,,,
1787798700,29541.75,29547.75,29536.5,29541,,,,
1787799000,29540.75,29560.25,29538.75,29552,,,,
1787799300,29552,29556.75,29543.75,29550,,,,
1787799600,29549.75,29563.75,29543.5,29553.75,,,,
1787799900,29553.75,29555.25,29536,29539.5,,,,
1787800200,29539.75,29541,29530,29540.75,,,,
1787800500,29541,29556.75,29541,29556.75,,,,
1787800800,29556.25,29573.5,29551.25,29573.5,,,,
1787801100,29572.75,29575.5,29561.5,29564.25,,,,
1787801400,29564.25,29572.5,29550,29561.25,,,,
1787801700,29561.5,29561.5,29548,29550.5,,,,
1787802000,29550.25,29555,29541.5,29542.25,,,,
1787802300,29543,29552.5,29534.5,29539,,,,
1787802600,29538.75,29546.5,29526,29539.25,,,,
1787802900,29538.75,29551,29533.75,29538,,,,
1787803200,29538.5,29548,29534,29536,,,,
1787803500,29536,29537.25,29528,29536.25,,,,
1787803800,29536.5,29536.5,29529,29533.75,,,,
1787804100,29534.25,29550.25,29532.75,29544.5,,,,
1787804400,29544.25,29550.5,29537.25,29546.75,,,,
1787804700,29547,29551.75,29528.25,29528.75,,,,
1787805000,29529.25,29531.25,29517.5,29521.25,,,,
1787805300,29521,29523.25,29504.75,29505.5,,,,
1787805600,29505,29513,29497.5,29503.5,,,,
1787805900,29503.5,29521,29495,29504.5,,,,
1787806200,29504.25,29510.5,29494.5,29496.75,,,,
1787806500,29496.25,29502.75,29493.25,29499.75,,,,
1787806800,29499.25,29504.75,29474.5,29481.5,,,,
1787807100,29481,29493,29474.75,29476,,,,
1787807400,29475.5,29490.25,29472.5,29483.25,,,,
1787807700,29482.5,29483,29447.75,29452.25,,,,
1787808000,29452.5,29475,29449.5,29473,,,,
1787808300,29472.75,29478.75,29460.75,29468,,,,
1787808600,29467.25,29468.25,29450.25,29456.5,,,,
1787808900,29456.25,29460.75,29445.25,29460.75,,,,
1787809200,29460.75,29471.75,29438.25,29441.75,,,,
1787809500,29441.75,29462.5,29437.5,29460.75,,,,
1787809800,29461.25,29465,29438.25,29441.75,,,,
1787810100,29442,29444,29428.25,29438.5,,,,
1787810400,29438.75,29439.5,29418.75,29420.75,,,,
1787810700,29420.5,29427.5,29403.25,29405.75,,,,
1787811000,29406,29435,29402.25,29433,,,,
1787811300,29432.75,29449.5,29432,29442.25,,,,
1787811600,29442.25,29448.25,29436.5,29443.75,,,,
1787811900,29444.25,29451.75,29431.25,29450.75,,,,
1787812200,29450.5,29465.5,29448.5,29462.5,,,,
1787812500,29462,29472,29456.75,29471.25,,,,
1787812800,29472,29491,29470.75,29489.5,,,,
1787813100,29489.25,29497,29482.25,29483.75,,,,
1787813400,29484,29487.25,29477.5,29480.25,,,,
1787813700,29480.5,29500.25,29480,29498,,,,
1787814000,29498.25,29508.25,29477,29507.25,,,,
1787814300,29507,29526,29505.5,29521.5,,,,
1787814600,29522.5,29539,29518,29536.75,,,,
1787814900,29536.75,29543.25,29526.75,29538.75,,,,
1787815200,29538,29540.75,29524.5,29528.75,,,,
1787815500,29528.5,29548.75,29523.25,29548.75,,,,
1787815800,29547.75,29549.75,29535.5,29540.75,,,,
1787816100,29541,29544.75,29505.75,29507,,,,
1787816400,29506.75,29515,29499.25,29504,,,,
1787816700,29505,29519,29500.5,29512.75,,,,
1787817000,29513,29535.25,29506.25,29534,,,,
1787817300,29533.5,29548.5,29532.75,29538.25,,,,
1787817600,29538.5,29572,29537.25,29570.25,,,,
1787817900,29570.75,29600,29570,29598.25,,,,
1787818200,29598.25,29624.25,29594.75,29622,,,,
1787818500,29622,29624,29597,29608,,,,
1787818800,29608.5,29621.25,29599.5,29618.75,,,,
1787819100,29618.75,29659.75,29615.25,29657,,,,
1787819400,29656.75,29658,29627,29628.75,,,,
1787819700,29629.5,29634,29617.75,29626.25,,,,
1787820000,29627,29640.25,29612,29632,,,,
1787820300,29632.25,29660.5,29630,29651.75,,,,
1787820600,29652,29661.25,29629,29631.25,,,,
1787820900,29630.25,29635.25,29622.25,29624,,,,
1787821200,29624.75,29634,29590,29591.75,,,,
1787821500,29591.75,29613,29581.5,29605.75,,,,
1787821800,29606.25,29611,29582.75,29583.25,,,,
1787822100,29583.5,29590.25,29567,29587.25,,,,
1787822400,29587,29609,29578.5,29607.75,,,,
1787822700,29608.25,29615.5,29594.75,29598.75,,,,
1787823000,29598.25,29624,29596.75,29619.5,,,,
1787823300,29620,29620.75,29608.75,29614.75,,,,
1787823600,29614.75,29620.5,29611.5,29616.25,,,,
1787823900,29616.25,29632.75,29614,29619.5,,,,
1787824200,29619.5,29630.25,29605.75,29619,,,,
1787824500,29619.25,29619.25,29598.75,29601.75,,,,
1787824800,29602.25,29602.5,29582.5,29597.25,,,,
1787825100,29596.75,29604,29594.25,29598.25,,,,
1787825400,29599,29606.75,29586.5,29598.25,,,,
1787825700,29599.5,29604.75,29582.25,29583,,,,
1787826000,29583.5,29592.25,29578.5,29584,,,,
1787826300,29584,29588.75,29576,29580.5,,,,
1787826600,29580.75,29586,29575.25,29582.5,,,,
1787826900,29583,29583.75,29570.25,29572,,,,
1787827200,29571.75,29603,29571,29599,,,,
1787827500,29599.25,29601.5,29583.5,29584,,,,
1787827800,29583.75,29596,29568,29595.5,,,,
1787828100,29596,29601.5,29591,29597.5,,,,
1787828400,29598,29608,29575.75,29606.5,,,,
1787828700,29606.75,29616.25,29586.25,29608.25,,,,
1787829000,29608.25,29630.25,29604,29616.25,,,,
1787829300,29616.25,29621,29593.25,29593.75,,,,
1787829600,29593.5,29599.75,29585.5,29592,,,,
1787829900,29591.75,29597,29569,29570,,,,
1787830200,29570.25,29588.5,29550.25,29572.25,,,,
1787830500,29572.5,29574.5,29546.25,29552.25,,,,
1787830800,29551.75,29567.75,29548.75,29564,,,,
1787831100,29563.5,29564,29516.25,29517.75,,,,
1787831400,29518,29536,29514.5,29534.25,,,,
1787831700,29534.25,29560.5,29533.75,29558,,,,
1787832000,29558,29569.25,29551,29562.75,,,,
1787832300,29564,29573.25,29555.75,29572.5,,,,
1787832600,29573.25,29589.25,29569.75,29584.5,,,,
1787832900,29584.25,29586,29567.5,29579.5,,,,
1787833200,29579,29585.5,29566,29584,,,,
1787833500,29584,29590.75,29571.5,29578.75,,,,
1787833800,29579.75,29581.5,29561.25,29568.75,,,,
1787834100,29568.25,29573.25,29549,29556.75,,,,
1787834400,29556,29564.5,29534.5,29538.25,,,,
1787834700,29537.25,29541.25,29526.75,29532.5,,,,
1787835000,29533,29535,29516,29531,,,,
1787835300,29531,29538.5,29518.25,29522.5,,,,
1787835600,29522.25,29548.75,29518.75,29544.75,,,,
1787835900,29545,29559.5,29540.5,29551.25,,,,
1787836200,29551.25,29561.75,29546.25,29554.5,,,,
1787836500,29554.5,29571,29544,29550.25,,,,
1787836800,29550,29554.25,29536.25,29537.5,,,,
1787837100,29537.75,29562,29523.5,29524.5,,,,
1787837400,29523.75,29589.5,29452.5,29464,,,,
1787837700,29464,29490.5,29442.75,29489.75,,,,
1787838000,29489.75,29588,29484,29576,,,,
1787838300,29576,29605,29451.75,29476.75,,,,
1787838600,29476.5,29567.5,29476.5,29542.25,,,,
1787838900,29542.25,29545.25,29424,29482.75,,,,
1787839200,29483,29548.75,29477.75,29536.25,,,,
1787839500,29536,29558,29501.75,29529.75,,,,
1787839800,29529.25,29588.25,29527.25,29558.25,,,,
1787840100,29558,29594,29558,29577.25,,,,
1787840400,29577.75,29601.5,29571,29592.75,,,,
1787840700,29593,29622.25,29576.75,29607,,,,
1787841000,29606.75,29611,29562.5,29573.75,,,,
1787841300,29573.25,29604.5,29543,29544,,,,
1787841600,29544.75,29566.5,29537.5,29557.75,,,,
1787841900,29557.25,29599.75,29531.75,29594,,,,
1787842200,29593.75,29608.25,29559.5,29578.75,,,,
1787842500,29578.75,29602.75,29551,29601.25,,,,
1787842800,29601.25,29615.5,29588.25,29611,,,,
1787843100,29611,29626,29604.5,29623,,,,
1787843400,29623,29628.25,29607.75,29625.5,,,,
1787843700,29625.5,29634.5,29618.25,29624.5,,,,
1787844000,29624.75,29627.5,29595.75,29596.75,,,,
1787844300,29597,29599.75,29573,29578.25,,,,
1787844600,29578.5,29597.5,29563.25,29578,,,,
1787844900,29578.25,29583.5,29547.5,29556.75,,,,
1787845200,29556.5,29573.75,29528.5,29534.5,,,,
1787845500,29534.5,29534.5,29510.75,29524,,,,
1787845800,29524,29610,29523.5,29608.75,,,,
1787846100,29608.75,29609,29592.75,29597.25,,,,
1787846400,29597.25,29624,29594.75,29615,,,,
1787846700,29615.25,29621.5,29590.25,29594,,,,
1787847000,29594.5,29605.75,29582,29589.75,,,,
1787847300,29590,29603,29577,29588.25,,,,
1787847600,29588.75,29589.5,29570,29576.5,,,,
1787847900,29576.5,29608.5,29572.25,29603.75,,,,
1787848200,29603.5,29614.5,29599,29613.75,,,,
1787848500,29613.75,29642,29609,29639.25,,,,
1787848800,29639.5,29651,29637,29646,,,,
1787849100,29646,29659,29642.5,29646.5,,,,
1787849400,29647,29655.5,29637.5,29654.25,,,,
1787849700,29653.75,29654.5,29642.5,29651.5,,,,
1787850000,29652,29667.5,29650.5,29664.75,,,,
1787850300,29665,29675,29647.75,29667.75,,,,
1787850600,29667.75,29678.25,29664.25,29670.5,,,,
1787850900,29670.25,29673.75,29659.25,29664.75,,,,
1787851200,29665,29678,29660.5,29672.75,,,,
1787851500,29672.75,29673.25,29637.75,29641.25,,,,
1787851800,29641.25,29659,29634.25,29638.5,,,,
1787852100,29638.75,29646.5,29631,29632.25,,,,
1787852400,29632.25,29647.75,29626.75,29628.75,,,,
1787852700,29628.75,29632.5,29613,29618,,,,
1787853000,29618,29629.25,29609.75,29625.25,,,,
1787853300,29625,29627.25,29606.75,29611.5,,,,
1787853600,29611.75,29622.25,29574,29575,,,,
1787853900,29574.75,29592,29573.25,29581,,,,
1787854200,29581,29586,29561.75,29576.5,,,,
1787854500,29577,29589.75,29565,29577.75,,,,
1787854800,29577.75,29582.75,29563.5,29567.75,,,,
1787855100,29567.75,29569.25,29526.5,29538.5,,,,
1787855400,29538.75,29572.25,29536.25,29549.75,,,,
1787855700,29550,29580,29543,29579,,,,
1787856000,29579,29581.5,29567,29572.75,,,,
1787856300,29572.5,29582.25,29551,29552.5,,,,
1787856600,29553,29567.5,29546.75,29554.75,,,,
1787856900,29554.75,29577.25,29544.25,29571.25,,,,
1787857200,29571.25,29592.5,29566.75,29588.75,,,,
1787857500,29588.75,29602.25,29571.75,29591.25,,,,
1787857800,29591.25,29606.75,29589.75,29593,,,,
1787858100,29593.25,29610.25,29592.75,29605.75,,,,
1787858400,29605.75,29612.25,29602,29603.25,,,,
1787858700,29603.75,29613.75,29594.75,29602.5,,,,
1787859000,29602.25,29628,29595,29624,,,,
1787859300,29624.25,29631.5,29619.75,29628.5,,,,
1787859600,29628.25,29633.5,29621.5,29633.25,,,,
1787859900,29633,29649.75,29629.25,29648,,,,
1787860200,29648.25,29685,29628.75,29682.25,,,,
1787860500,29682.25,29704,29671.75,29691.5,,,,
1787860800,29691.75,29707.5,29671.75,29674.75,,,,
1787861100,29675,29693.75,29655,29657.5,,,,
1787861400,29657.75,29667.5,29647.5,29647.75,,,,
1787861700,29648.25,29655.25,29646.75,29650.25,,,,
1787862000,29650.25,29651.25,29636,29639.5,,,,
1787862300,29639.5,29642.5,29634.25,29639,,,,
1787862600,29639.25,29645.75,29638.75,29642,,,,
1787862900,29641.5,29642.75,29635,29636.25,,,,
1787863200,29636.25,29643.5,29635.5,29639.75,,,,
1787863500,29640,29642.5,29627.25,29630.5,,,,
1787863800,29631,29633.75,29620.25,29625.25,,,,
1787864100,29625.25,29638.25,29623.75,29635.25,,,,
1787868000,29635,29645.25,29599.75,29616.75,,,,
1787868300,29616.75,29627,29612.75,29624.25,,,,
1787868600,29625,29626.75,29610.25,29621.25,,,,
1787868900,29621.25,29629.5,29620.5,29628.25,,,,
1787869200,29627.25,29638,29621.75,29636.25,,,,
1787869500,29635.5,29639.25,29621.5,29637.75,,,,
1787869800,29637.25,29640.75,29629.75,29635.25,,,,
1787870100,29635.75,29639,29631.25,29634,,,,
1787870400,29634.75,29637.75,29627.75,29636.75,,,,
1787870700,29635.75,29637,29632.25,29635,,,,
1787871000,29635.25,29637.5,29630,29630.5,,,,
1787871300,29630.75,29640,29630.5,29634,,,,
1787871600,29633.75,29638.5,29625.25,29628.5,,,,
1787871900,29628,29638.5,29623.75,29632.5,,,,
1787872200,29632,29632.25,29605.75,29616.75,,,,
1787872500,29616.25,29617.5,29604.25,29610,,,,
1787872800,29610,29613,29608.75,29611,,,,
1787873100,29611,29615,29605.5,29608.75,,,,
1787873400,29609.5,29612.75,29601.75,29605.75,,,,
1787873700,29605.75,29612,29604.5,29610.75,,,,
1787874000,29610.75,29612,29604,29605,,,,
1787874300,29605,29605.75,29592,29593.5,,,,
1787874600,29593.75,29598.25,29592,29594,,,,
1787874900,29594,29602.25,29591.5,29602,,,,
1787875200,29601.75,29625.25,29593.5,29608.5,,,,
1787875500,29609,29632.25,29595,29624,,,,
1787875800,29624.25,29656,29620,29652.5,,,,
1787876100,29652.5,29656.5,29624.75,29648.25,,,,
1787876400,29647.5,29652.75,29642.5,29644.75,,,,
1787876700,29646,29654.5,29636.75,29651.75,,,,
1787877000,29652,29654,29642,29647.5,,,,
1787877300,29648.5,29648.5,29635.25,29641,,,,
1787877600,29641.25,29660,29633.25,29654,,,,
1787877900,29653.75,29659.5,29643.75,29658.25,,,,
1787878200,29658.5,29667.75,29645.5,29646.5,,,,
1787878500,29647,29653.25,29642,29644.25,,,,
1787878800,29644.75,29662.5,29642,29659.75,,,,
1787879100,29660.25,29665.5,29650.75,29665,,,,
1787879400,29664.5,29671.25,29658.25,29661,,,,
1787879700,29660.75,29673.5,29659,29667.75,,,,
1787880000,29666.75,29668.75,29653.75,29659,,,,
1787880300,29659.25,29659.75,29643.75,29648.5,,,,
1787880600,29648.75,29665,29643,29664,,,,
1787880900,29664.5,29672.5,29641.75,29646.25,,,,
1787881200,29645.75,29657.75,29641.5,29654.25,,,,
1787881500,29654.25,29660.75,29643.5,29660.25,,,,
1787881800,29660.25,29676.75,29659,29673,,,,
1787882100,29673.5,29679.25,29668.75,29677.25,,,,
1787882400,29677.5,29691.75,29677.5,29690,,,,
1787882700,29689.75,29698.25,29687.5,29694.5,,,,
1787883000,29695.25,29699.5,29688.25,29693.5,,,,
1787883300,29693.25,29700,29692,29697.75,,,,
1787883600,29697.75,29704.25,29686,29696.75,,,,
1787883900,29697.5,29698,29689,29692,,,,
1787884200,29692,29692.25,29674,29675.5,,,,
1787884500,29675.5,29676,29666,29667,,,,
1787884800,29667.75,29669.5,29643.5,29646.75,,,,
1787885100,29646.75,29652,29644.5,29649.75,,,,
1787885400,29649.5,29669.25,29649,29662,,,,
1787885700,29662.25,29670.75,29661.25,29663.25,,,,
1787886000,29663.75,29683.5,29655.5,29682.25,,,,
1787886300,29682.25,29687.75,29676.75,29684.5,,,,
1787886600,29685,29702.5,29683.5,29693.5,,,,
1787886900,29693.25,29701,29689.5,29698.75,,,,
1787887200,29699.25,29701.75,29693.75,29700,,,,
1787887500,29700,29707.25,29697.5,29700.5,,,,
1787887800,29700.5,29704.5,29683.25,29685.5,,,,
1787888100,29685,29685.75,29672.25,29675.75,,,,
1787888400,29676.25,29676.5,29649,29651,,,,
1787888700,29651.25,29668.5,29639.5,29664,,,,
1787889000,29664.25,29674.25,29663.5,29672.25,,,,
1787889300,29672,29676.75,29666,29668,,,,
1787889600,29668.75,29670.5,29647,29650.25,,,,
1787889900,29649.75,29653,29643.5,29647.25,,,,
1787890200,29647.75,29666.75,29647.5,29661.25,,,,
1787890500,29660.75,29669.5,29656.5,29662.75,,,,
1787890800,29662.25,29666.5,29658,29660.75,,,,
1787891100,29660.75,29665,29656.75,29658.75,,,,
1787891400,29659.75,29661.25,29644.25,29646,,,,
1787891700,29645.75,29653.25,29641,29647,,,,
1787892000,29646.75,29649.5,29638.75,29644,,,,
1787892300,29644,29650,29641.5,29643.5,,,,
1787892600,29643.25,29647.25,29640,29642,,,,
1787892900,29642.75,29645.25,29635.25,29642,,,,
1787893200,29642,29644.25,29628.5,29636,,,,
1787893500,29635.25,29636.75,29625,29627.75,,,,
1787893800,29628,29629.75,29620.75,29624.5,,,,
1787894100,29624.25,29629,29617,29618.75,,,,
1787894400,29618.25,29624,29611.25,29621,,,,
1787894700,29621.5,29628,29613.25,29623.25,,,,
1787895000,29622.5,29625.25,29613.25,29617.75,,,,
1787895300,29617.25,29619.75,29602.75,29607.5,,,,
1787895600,29607.25,29614,29605.5,29612.75,,,,
1787895900,29612.5,29613,29603,29606.25,,,,
1787896200,29606.5,29613,29598.25,29607.75,,,,
1787896500,29608.5,29609.25,29597.5,29598,,,,
1787896800,29598.75,29613.5,29594.5,29610.5,,,,
1787897100,29611.25,29613,29601.25,29607.25,,,,
1787897400,29607.5,29618,29602.5,29602.5,,,,
1787897700,29602.75,29617.75,29601.5,29612.5,,,,
1787898000,29612.5,29624,29610,29615,,,,
1787898300,29615.75,29617.25,29592.5,29597,,,,
1787898600,29597,29621,29596.75,29617.25,,,,
1787898900,29616.75,29621.25,29610.25,29610.5,,,,
1787899200,29610,29623,29596.25,29622,,,,
1787899500,29619.5,29628,29615.25,29624.75,,,,
1787899800,29625,29628.5,29619,29626,,,,
1787900100,29626.25,29646,29625.5,29645,,,,
1787900400,29645.25,29653.25,29624.25,29628.5,,,,
1787900700,29629,29631.25,29607.25,29611.25,,,,
1787901000,29611.25,29618,29606,29612,,,,
1787901300,29612,29617.5,29602.75,29612,,,,
1787901600,29611.75,29617.5,29601.75,29615,,,,
1787901900,29615.75,29624.25,29611.5,29613.5,,,,
1787902200,29613.5,29620.75,29607,29607.25,,,,
1787902500,29608.5,29621,29606.25,29609.5,,,,
1787902800,29608.75,29610.25,29593,29597.5,,,,
1787903100,29597,29624.75,29595.25,29623.5,,,,
1787903400,29624.25,29626,29600.25,29613.25,,,,
1787903700,29612.5,29614.5,29600,29607,,,,
1787904000,29606.5,29621,29586,29591.5,,,,
1787904300,29592.5,29592.5,29577.75,29589.75,,,,
1787904600,29588.75,29606.25,29580.75,29586,,,,
1787904900,29585.5,29595,29582,29586.25,,,,
1787905200,29585.75,29600.5,29582.25,29596,,,,
1787905500,29596.25,29605.75,29590.75,29598.5,,,,
1787905800,29598,29631.5,29596,29631,,,,
1787906100,29631.25,29633.5,29623.75,29625.75,,,,
1787906400,29625.5,29629,29619.75,29623.5,,,,
1787906700,29623.25,29625.5,29607.75,29612,,,,
1787907000,29611,29622,29602.5,29609.75,,,,
1787907300,29609.75,29624.25,29607,29619.25,,,,
1787907600,29618.75,29620.75,29604.5,29606.75,,,,
1787907900,29607,29615.5,29603.5,29608.25,,,,
1787908200,29607.75,29617.75,29603.5,29606.5,,,,
1787908500,29606,29611.75,29601.25,29603.75,,,,
1787908800,29604,29615,29595.5,29611.25,,,,
1787909100,29611.5,29621,29607,29614.5,,,,
1787909400,29615.25,29618.25,29605.25,29617.25,,,,
1787909700,29617.25,29617.75,29603.75,29607,,,,
1787910000,29607.5,29610.5,29600.25,29606.75,,,,
1787910300,29606.25,29611.5,29599.25,29605.75,,,,
1787910600,29606.5,29620.25,29605.5,29612.5,,,,
1787910900,29613.5,29614.75,29604,29605.75,,,,
1787911200,29606,29607.25,29596.25,29600.5,,,,
1787911500,29600.5,29609.75,29592.5,29599,,,,
1787911800,29599.5,29611,29594.25,29603.5,,,,
1787912100,29604.25,29609.5,29597.5,29599.5,,,,
1787912400,29598.25,29617.25,29597.25,29614.5,,,,
1787912700,29615.25,29615.25,29606.5,29611.25,,,,
1787913000,29610.75,29623,29610.75,29612.5,,,,
1787913300,29613.5,29621.25,29606.25,29619.5,,,,
1787913600,29620.25,29620.5,29600.5,29601.5,,,,
1787913900,29601.75,29611,29599,29605.25,,,,
1787914200,29604.25,29605.5,29597.5,29602.5,,,,
1787914500,29604.25,29624.75,29603.5,29622,,,,
1787914800,29622,29634.5,29604,29626.5,,,,
1787915100,29626.25,29627.25,29595.75,29601.5,,,,
1787915400,29601.5,29616.75,29597.5,29614,,,,
1787915700,29614.75,29624.5,29612.5,29624,,,,
1787916000,29624,29636,29624,29636,,,,
1787916300,29635.75,29636.75,29628,29634,,,,
1787916600,29633.75,29640.75,29619.75,29620.5,,,,
1787916900,29620.25,29621.75,29613.5,29617,,,,
1787917200,29618,29624,29607.25,29610,,,,
1787917500,29609.25,29615,29607.25,29612,,,,
1787917800,29612,29614.75,29603,29612,,,,
1787918100,29612,29612.5,29598.25,29602,,,,
1787918400,29602,29615.25,29597.25,29613.5,,,,
1787918700,29613.5,29628.5,29611.5,29627.5,,,,
1787919000,29627.5,29633,29614.25,29630.75,,,,
1787919300,29630.5,29645.75,29628,29640.75,,,,
1787919600,29640.75,29661.5,29640.25,29657.25,,,,
1787919900,29657.5,29664.75,29648.75,29662,,,,
1787920200,29661.5,29661.75,29628.25,29629,,,,
1787920500,29629,29637.75,29613.5,29633.25,,,,
1787920800,29633.25,29661,29629.75,29658.25,,,,
1787921100,29658.5,29663,29648.75,29659.75,,,,
1787921400,29659.25,29664,29654.75,29659.5,,,,
1787921700,29659.75,29667,29652.75,29658.5,,,,
1787922000,29658.5,29682.25,29650,29663.75,,,,
1787922300,29663.75,29668.25,29651.25,29654.75,,,,
1787922600,29655,29662,29654.25,29661,,,,
1787922900,29661,29663,29649.75,29652.25,,,,
1787923200,29652.25,29658.25,29643,29647,,,,
1787923500,29647,29647.75,29622.25,29628,,,,
1787923800,29628.5,29637.5,29562.5,29605.25,,,,
1787924100,29605.5,29659.75,29586,29650.75,,,,
1787924400,29651.5,29701.25,29648.5,29686.75,,,,
1787924700,29687,29704,29653.75,29658.75,,,,
1787925000,29658,29670,29625.5,29634,,,,
1787925300,29634,29669,29603,29629.75,,,,
1787925600,29629.75,29707.5,29597.5,29629.25,,,,
1787925900,29629.5,29632,29558,29582,,,,
1787926200,29581.75,29602,29505.5,29534.75,,,,
1787926500,29535.25,29627.75,29532.25,29604.25,,,,
1787926800,29604.75,29675.75,29603.5,29643.25,,,,
1787927100,29643.25,29654.5,29604.25,29653.75,,,,
1787927400,29653.75,29688.5,29631.5,29684,,,,
1787927700,29684.25,29713,29671.5,29680.75,,,,
1787928000,29681.25,29744,29674.25,29734.25,,,,
1787928300,29734.75,29755,29725,29750,,,,
1787928600,29749.75,29778.75,29743.75,29769.25,,,,
1787928900,29769.5,29798.75,29767.25,29796.5,,,,
1787929200,29796,29811.75,29778.5,29797,,,,
1787929500,29796.5,29803.5,29755,29762.5,,,,
1787929800,29763,29771.75,29735.25,29747.75,,,,
1787930100,29748.25,29775.5,29745.75,29747.75,,,,
1787930400,29748.25,29773.5,29737.5,29768.25,,,,
1787930700,29768.5,29791.75,29764,29783,,,,
1787931000,29783.25,29785.75,29762.5,29763.5,,,,
1787931300,29763,29769.25,29716.5,29721.25,,,,
1787931600,29721.75,29722.5,29662.25,29671,,,,
1787931900,29671,29682.75,29627.5,29634,,,,
1787932200,29633.5,29647,29585.25,29618.5,,,,
1787932500,29618.5,29621,29544.75,29552.5,,,,
1787932800,29552.75,29566.5,29509.5,29531.5,,,,
1787933100,29531.5,29592.25,29528.75,29585.75,,,,
1787933400,29585.5,29591.25,29554.25,29558.25,,,,
1787933700,29558.75,29570.5,29492.25,29511,,,,
1787934000,29511,29523.75,29464.5,29485.5,,,,
1787934300,29485.75,29504.5,29476.25,29488.75,,,,
1787934600,29488.75,29526,29475.75,29476.75,,,,
1787934900,29476.75,29529.75,29476,29512.25,,,,
1787935200,29512,29512.75,29474,29484,,,,
1787935500,29483.75,29545.25,29483,29537.5,,,,
1787935800,29537,29549,29507.5,29512.25,,,,
1787936100,29513,29524.25,29499.25,29502,,,,
1787936400,29502,29503.25,29446,29469.5,,,,
1787936700,29469.25,29469.75,29437,29450.5,,,,
1787937000,29451,29484.75,29440,29484.25,,,,
1787937300,29484,29490,29464.25,29478.25,,,,
1787937600,29478.5,29487,29451.25,29476,,,,
1787937900,29475.75,29495,29461.5,29470,,,,
1787938200,29470.25,29503.75,29464.5,29496.75,,,,
1787938500,29496.5,29504.5,29461.25,29464.5,,,,
1787938800,29464,29491.5,29461.75,29484,,,,
1787939100,29483.25,29528.5,29475.75,29523.75,,,,
1787939400,29524.25,29529.5,29512,29517.25,,,,
1787939700,29517,29519,29494.25,29515.75,,,,
1787940000,29515.5,29521.5,29495.5,29502.5,,,,
1787940300,29502.5,29517.5,29494.25,29506,,,,
1787940600,29506,29518.5,29488.5,29489.5,,,,
1787940900,29489.5,29504.75,29482.75,29494.25,,,,
1787941200,29494,29504.75,29471,29481,,,,
1787941500,29481.25,29496.75,29473,29483.75,,,,
1787941800,29483.25,29502.75,29479.5,29497,,,,
1787942100,29497,29506.5,29479,29479.25,,,,
1787942400,29479.25,29498.75,29476,29490.75,,,,
1787942700,29491,29493.5,29463.5,29466,,,,
1787943000,29465.75,29465.75,29440.5,29453.75,,,,
1787943300,29454,29462.5,29443.25,29455.5,,,,
1787943600,29456.25,29471.5,29443.5,29462.75,,,,
1787943900,29462.25,29491.25,29454.75,29490.25,,,,
1787944200,29490,29491,29465,29479.25,,,,
1787944500,29479.75,29484.25,29464.5,29478.75,,,,
1787944800,29479.25,29497,29476.25,29485.75,,,,
1787945100,29485.75,29502,29483.5,29498.5,,,,
1787945400,29498.5,29504.25,29484.5,29497.25,,,,
1787945700,29497.5,29502.25,29483,29501.25,,,,
1787946000,29501,29513,29500.25,29503,,,,
1787946300,29502.75,29506,29472.75,29491.5,,,,
1787946600,29491.25,29521,29482.25,29492,,,,
1787946900,29491.75,29514.25,29482.75,29496.25,,,,
1787947200,29496,29507.75,29488,29494,,,,
1787947500,29493.5,29493.5,29478,29482.5,,,,
1787947800,29483,29492,29481,29488.25,,,,
1787948100,29488.25,29492,29484.75,29489.5,,,,
1787948400,29490,29492,29486,29490.25,,,,
1787948700,29490.25,29493.5,29486,29491.5,,,,
1787949000,29491.5,29493,29485.5,29487.75,,,,
1787949300,29487.5,29499.25,29485.25,29492,,,,
1787949600,29491.5,29508.5,29490.75,29507.25,,,,
1787949900,29507.75,29519,29506.75,29515,,,,
1787950200,29515,29518,29506.25,29517.5,,,,
1787950500,29517.5,29517.5,29508.75,29509.5,,,,
1788127200,29535,29543.5,29455.5,29466.5,,,,
1788127500,29465.5,29472.5,29447,29457.5,,,,
1788127800,29457.75,29471.25,29447.25,29470.75,,,,
1788128100,29470.75,29490,29467,29484.75,,,,
1788128400,29486,29495,29478.75,29479.5,,,,
1788128700,29480.25,29483.25,29470,29473.25,,,,
1788129000,29474,29476.75,29452.25,29455.5,,,,
1788129300,29456,29462.5,29432.75,29446,,,,
1788129600,29446,29454,29427,29437,,,,
1788129900,29436.5,29453.25,29434.25,29443,,,,
1788130200,29443.25,29447.25,29437.75,29446.5,,,,
1788130500,29445.75,29447.5,29435,29442.5,,,,
1788130800,29443,29444.5,29428.25,29432.5,,,,
1788131100,29432.5,29451,29431,29434.75,,,,
1788131400,29434.5,29436.5,29407,29410.25,,,,
1788131700,29410.5,29416.5,29408.25,29411.5,,,,
1788132000,29412.25,29414,29371.5,29380.25,,,,
1788132300,29380.25,29385,29369,29372,,,,
1788132600,29372.25,29372.75,29347.75,29360,,,,
1788132900,29360.5,29377,29351.75,29358.5,,,,
1788133200,29358.25,29366,29321,29354.25,,,,
1788133500,29355,29355.75,29301,29311,,,,
1788133800,29310.75,29331,29308.25,29323.75,,,,
1788134100,29324.75,29324.75,29288.75,29289.25,,,,
1788134400,29290,29303.25,29273.5,29291.75,,,,
1788134700,29291.25,29308.25,29274,29301.25,,,,
1788135000,29301.5,29346.75,29297.5,29340,,,,
1788135300,29339.75,29367.75,29333.75,29345,,,,
1788135600,29344.25,29376.25,29341.25,29375,,,,
1788135900,29375.25,29377.75,29353.25,29370.5,,,,
1788136200,29370.75,29398.25,29367,29391,,,,
1788136500,29391.5,29399,29387.5,29394.5,,,,
1788136800,29394.5,29399,29378.75,29389.25,,,,
1788137100,29389.75,29391.75,29368,29372.5,,,,
1788137400,29372,29394,29368.5,29385,,,,
1788137700,29384.75,29386.75,29350,29357.75,,,,
1788138000,29357.5,29358.75,29304.5,29345,,,,
1788138300,29345.5,29345.5,29308.25,29315.25,,,,
1788138600,29315.25,29330.25,29292.25,29323,,,,
1788138900,29323.5,29335.75,29304.5,29329.5,,,,
1788139200,29329.75,29339.75,29303,29326,,,,
1788139500,29325.25,29340,29308.5,29330.75,,,,
1788139800,29330,29337,29309,29312.5,,,,
1788140100,29312.5,29332.75,29306.5,29328.5,,,,
1788140400,29327,29338,29311,29313.25,,,,
1788140700,29313.5,29329.5,29302.5,29313.5,,,,
1788141000,29313.25,29322,29301.75,29309.25,,,,
1788141300,29309,29328.75,29305.75,29324,,,,
1788141600,29324.25,29336.25,29309.25,29336.25,,,,
1788141900,29336.25,29359,29332.5,29353.5,,,,
1788142200,29353.5,29363,29338.5,29356.5,,,,
1788142500,29356.75,29358,29315,29341,,,,
1788142800,29341,29341.25,29321,29323.75,,,,
1788143100,29324,29336.5,29304,29327,,,,
1788143400,29327.5,29335.25,29297.25,29300.25,,,,
1788143700,29299.75,29307.75,29288.5,29294.75,,,,
1788144000,29295,29301.5,29286.5,29296,,,,
1788144300,29296.25,29326.25,29290,29297,,,,
1788144600,29297,29321.5,29291.75,29317.5,,,,
1788144900,29317.25,29347,29315.5,29344.25,,,,
1788145200,29345,29358.75,29336.75,29350,,,,
1788145500,29350.75,29363,29345.75,29361,,,,
1788145800,29361.5,29368.25,29353,29355.75,,,,
1788146100,29355.75,29358,29346,29348,,,,
1788146400,29348.25,29356.25,29345.75,29353.75,,,,
1788146700,29354.5,29358.75,29342.5,29344.25,,,,
1788147000,29344.25,29350.75,29339.75,29345.5,,,,
1788147300,29346.5,29351.5,29337.75,29342.5,,,,
1788147600,29342.25,29350,29339.5,29346,,,,
1788147900,29346,29349,29338.75,29345,,,,
1788148200,29345,29349,29339,29346,,,,
1788148500,29346,29354.5,29345.75,29351.5,,,,
1788148800,29352.5,29356,29343.25,29348.25,,,,
1788149100,29346.75,29351.5,29341,29350.5,,,,
1788149400,29350,29355,29342,29354,,,,
1788149700,29354.75,29360,29342.5,29351.5,,,,
1788150000,29352.5,29354.5,29343.5,29349.25,,,,
1788150300,29350,29354,29345,29346.75,,,,
1788150600,29347.5,29351.25,29329.5,29338.25,,,,
1788150900,29338.75,29383.75,29335.25,29381.5,,,,
1788151200,29381.25,29384.75,29369.5,29382,,,,
1788151500,29382,29382.25,29362,29368.75,,,,
1788151800,29368.75,29396.75,29368.25,29395,,,,
1788152100,29395,29423.75,29393.75,29416,,,,
1788152400,29415.5,29430.5,29407,29426.25,,,,
1788152700,29426.5,29438,29418,29419.5,,,,
1788153000,29420.25,29445,29416.75,29443,,,,
1788153300,29443.5,29477,29441.75,29472,,,,
1788153600,29472,29472.5,29456,29467.5,,,,
1788153900,29466.75,29477.25,29463.75,29470.5,,,,
1788154200,29470,29474.5,29443.5,29451.25,,,,
1788154500,29451,29452,29438.25,29442.25,,,,
1788154800,29441.75,29456.25,29426.5,29442,,,,
1788155100,29442,29452.25,29436.25,29439.25,,,,
1788155400,29439.5,29448,29432,29447.25,,,,
1788155700,29447.5,29462.75,29444.25,29461.25,,,,
1788156000,29461.25,29468.75,29449,29467.75,,,,
1788156300,29467.5,29489.25,29466.5,29486,,,,
1788156600,29485.75,29503.5,29485.25,29500.5,,,,
1788156900,29500.75,29514.75,29500.25,29512,,,,
1788157200,29511.25,29518.25,29504.25,29514,,,,
1788157500,29514,29514,29501,29513,,,,
1788157800,29513,29514.75,29495.5,29500.25,,,,
1788158100,29500.25,29520,29498.75,29518,,,,
1788158400,29517.75,29517.75,29504.75,29507.75,,,,
1788158700,29507.5,29528.5,29505.5,29512,,,,
1788159000,29511.75,29517.5,29502.5,29517.25,,,,
1788159300,29516.25,29521,29511.5,29516.75,,,,
1788159600,29516.5,29519.75,29503.75,29509.25,,,,
1788159900,29509.5,29522.25,29500,29508,,,,
1788160200,29508,29514.5,29501.25,29513.25,,,,
1788160500,29513.75,29514.25,29500,29503.75,,,,
1788160800,29504.25,29521.5,29503.5,29517.75,,,,
1788161100,29517.5,29519.25,29504,29509.25,,,,
1788161400,29508.75,29518,29503,29511.75,,,,
1788161700,29512,29522,29502.75,29506.25,,,,
1788162000,29508.25,29509.5,29500.5,29507,,,,
1788162300,29505.5,29508.75,29498.75,29505.5,,,,
1788162600,29505.5,29506,29492,29502,,,,
1788162900,29502.5,29511.5,29500.5,29509,,,,
1788163200,29508.25,29538.75,29487.75,29491.25,,,,
1788163500,29492,29533,29486.75,29530.5,,,,
1788163800,29530.75,29535.5,29503,29506,,,,
1788164100,29505,29511,29498,29498,,,,
1788164400,29498.25,29506,29485.75,29496,,,,
1788164700,29495,29506,29491.5,29500.75,,,,
1788165000,29500.5,29502.75,29490.25,29495.5,,,,
1788165300,29495.75,29500.75,29487.25,29490.5,,,,
1788165600,29490.5,29491,29475,29484.5,,,,
1788165900,29485,29494,29482.5,29490.25,,,,
1788166200,29489.75,29498.5,29486.25,29487,,,,
1788166500,29487,29492.75,29477,29486,,,,
1788166800,29485.25,29489.5,29471.25,29473.25,,,,
1788167100,29473.25,29493,29470,29492.25,,,,
1788167400,29492.5,29501,29488,29493,,,,
1788167700,29492.5,29509.5,29492.25,29505.25,,,,
1788168000,29504.25,29508,29489.75,29497.5,,,,
1788168300,29497.75,29498.75,29490,29490.75,,,,
1788168600,29490.75,29493.25,29481.25,29484.25,,,,
1788168900,29484,29484.5,29473.25,29475,,,,
1788169200,29474.75,29474.75,29467,29468.25,,,,
1788169500,29467.5,29469.25,29447.25,29449,,,,
1788169800,29448.25,29456.75,29446.75,29452.75,,,,
1788170100,29452.25,29453,29445.5,29450.5,,,,
1788170400,29451.5,29453,29440,29449.25,,,,
1788170700,29449.25,29460,29447.25,29449.75,,,,
1788171000,29449,29459.75,29446.5,29459,,,,
1788171300,29458.25,29458.75,29443,29452.25,,,,
1788171600,29452.5,29467.5,29450.75,29463.5,,,,
1788171900,29463.75,29467.5,29450,29460.5,,,,
1788172200,29460,29462,29449.5,29453.5,,,,
1788172500,29453.25,29461,29451.75,29457.75,,,,
1788172800,29457.75,29459.5,29451.5,29455.25,,,,
1788173100,29454.5,29460,29450,29455,,,,
1788173400,29454.75,29472,29450.25,29463.25,,,,
1788173700,29462,29465.75,29455.75,29459,,,,
1788174000,29459,29464.25,29441.25,29446.25,,,,
1788174300,29447,29460.25,29436.5,29455.75,,,,
1788174600,29455.75,29459.75,29438.25,29439.75,,,,
1788174900,29439,29460.75,29434,29457.5,,,,
1788175200,29457.75,29463,29447.25,29459.25,,,,
1788175500,29459.75,29470,29455.25,29465,,,,
1788175800,29465.25,29467.25,29438.25,29438.25,,,,
1788176100,29438.25,29441.25,29434,29438,,,,
1788176400,29437.5,29459.75,29432.25,29433.5,,,,
1788176700,29433,29440,29425,29430.75,,,,
1788177000,29431,29440,29425.75,29429.75,,,,
1788177300,29430.75,29436,29427,29429.5,,,,
1788177600,29430,29449.75,29427.5,29441.75,,,,
1788177900,29441,29467,29400,29448,,,,
1788178200,29447.5,29457,29432,29450,,,,
1788178500,29450,29474.75,29449.5,29471.25,,,,
1788178800,29471.5,29483,29438.75,29440.75,,,,
1788179100,29441,29441.5,29398.5,29415.5,,,,
1788179400,29415.25,29426.25,29402.5,29424.25,,,,
1788179700,29425,29443,29403.25,29405.75,,,,
1788180000,29406.25,29406.75,29389.5,29399.25,,,,
1788180300,29398.75,29408.25,29390.75,29397.25,,,,
1788180600,29397,29404.5,29381.25,29383.25,,,,
1788180900,29383.25,29393.75,29379.75,29389.75,,,,
1788181200,29389.75,29398.75,29374.25,29386.25,,,,
1788181500,29386,29396.25,29384.25,29393.5,,,,
1788181800,29393.25,29411.75,29391,29409.25,,,,
1788182100,29408.5,29423,29408.25,29418.25,,,,
1788182400,29418.25,29424.25,29415,29415.75,,,,
1788182700,29415.25,29443,29410.25,29438.25,,,,
1788183000,29438.25,29517,29417,29465.25,,,,
1788183300,29465.5,29465.5,29390,29398.5,,,,
1788183600,29398.5,29442.5,29392.75,29407.75,,,,
1788183900,29408,29476.75,29386.75,29439.25,,,,
1788184200,29439.75,29468.5,29412.75,29465.25,,,,
1788184500,29465.25,29479.75,29431.5,29438.75,,,,
1788184800,29439,29448.25,29396.5,29402.5,,,,
1788185100,29402.25,29423.5,29376.75,29377.75,,,,
1788185400,29377.75,29405.25,29370.5,29394,,,,
1788185700,29393.75,29431,29381.25,29417.75,,,,
1788186000,29419,29425.75,29365.75,29366.75,,,,
1788186300,29366.5,29387.5,29354,29374.75,,,,
1788186600,29374.5,29388.5,29364,29376.5,,,,
1788186900,29376.5,29429.25,29370.75,29407.25,,,,
1788187200,29407.25,29437.5,29403.25,29425.25,,,,
1788187500,29425.5,29428,29384.25,29389.75,,,,
1788187800,29389.75,29414,29385.25,29411.75,,,,
1788188100,29411,29443.5,29406.25,29415.75,,,,
1788188400,29415.5,29443,29395.5,29409.5,,,,
1788188700,29409.5,29437.25,29403.25,29407.5,,,,
1788189000,29408,29431.5,29404.25,29417.5,,,,
1788189300,29417.5,29427.5,29397.5,29420.5,,,,
1788189600,29420,29441,29408,29437,,,,
1788189900,29437,29445.5,29416,29420.75,,,,
1788190200,29420.75,29425.25,29386,29397.25,,,,
1788190500,29397.5,29404.75,29383.75,29397,,,,
1788190800,29397.5,29409.25,29381.75,29408.5,,,,
1788191100,29408.5,29418.5,29395.25,29410.75,,,,
1788191400,29410.5,29432.75,29410.5,29418.75,,,,
1788191700,29418.75,29422.75,29384.25,29389,,,,
1788192000,29389,29390.5,29365.25,29369.75,,,,
1788192300,29369.5,29378.5,29363.25,29373.5,,,,
1788192600,29373.75,29413,29370.25,29407.75,,,,
1788192900,29408,29411,29382.25,29399.75,,,,
1788193200,29399.75,29407.25,29389.75,29400,,,,
1788193500,29400.25,29426.75,29399.5,29425.25,,,,
1788193800,29425.25,29426.75,29408,29416,,,,
1788194100,29416.25,29426.25,29395,29396,,,,
1788194400,29395.75,29431.25,29394.75,29413.5,,,,
1788194700,29413.5,29433.75,29409.5,29426.25,,,,
1788195000,29426.25,29439.75,29422,29432,,,,
1788195300,29431.5,29443.25,29431,29439.75,,,,
1788195600,29440,29441.25,29422.75,29429.25,,,,
1788195900,29429.25,29438.5,29417.5,29418.75,,,,
1788196200,29419,29427.25,29415.25,29423.5,,,,
1788196500,29423.75,29434.75,29410.75,29419.25,,,,
1788196800,29419.75,29425.25,29413.75,29418.5,,,,
1788197100,29418.5,29420,29393.75,29396.75,,,,
1788197400,29397.25,29405,29388.25,29388.25,,,,
1788197700,29388.75,29417.25,29388.5,29416.5,,,,
1788198000,29416.25,29439.75,29414.5,29439.75,,,,
1788198300,29439.75,29445,29431,29437.5,,,,
1788198600,29437,29457.75,29436,29453.25,,,,
1788198900,29452.75,29456.25,29432.25,29442,,,,
1788199200,29442,29454,29422.25,29451.5,,,,
1788199500,29451,29460.25,29443,29455,,,,
1788199800,29455,29456.25,29442,29446.5,,,,
1788200100,29447,29457.75,29444.5,29454.5,,,,
1788200400,29454,29461.75,29444.75,29454.25,,,,
1788200700,29454,29455.25,29437,29438.25,,,,
1788201000,29438,29443.5,29422.25,29424,,,,
1788201300,29423.75,29429.5,29392,29397.5,,,,
1788201600,29397,29404.25,29382.5,29399.25,,,,
1788201900,29399.75,29406.5,29390.25,29404.75,,,,
1788202200,29404.5,29415,29395.75,29408.75,,,,
1788202500,29408.75,29420.5,29400.25,29404,,,,
1788202800,29404.5,29425.75,29404.5,29411.75,,,,
1788203100,29412,29424,29403,29421.75,,,,
1788203400,29422,29429.5,29414.75,29425.5,,,,
1788203700,29425.25,29428.5,29417,29422,,,,
1788204000,29421.5,29441.75,29418.5,29432.5,,,,
1788204300,29432.5,29453.75,29427.75,29447.75,,,,
1788204600,29447.75,29449.5,29430.75,29444.75,,,,
1788204900,29444.75,29456.75,29439.5,29451.25,,,,
1788205200,29451.5,29483.25,29447,29476.5,,,,
1788205500,29476.75,29486,29458.5,29474,,,,
1788205800,29474.25,29534.5,29474.25,29524.25,,,,
1788206100,29524,29538,29498.25,29506.25,,,,
1788206400,29506.5,29527,29505,29516,,,,
1788206700,29516,29527,29514.25,29520.5,,,,
1788207000,29520.75,29524.25,29507.75,29511.75,,,,
1788207300,29511.5,29516,29509,29512.75,,,,
1788207600,29512.25,29512.25,29507.5,29510.5,,,,
1788207900,29510.5,29518,29509.75,29513.5,,,,
1788208200,29513.5,29516,29509.75,29514.5,,,,
1788208500,29514.5,29517.75,29513,29516,,,,
1788208800,29516.5,29520.25,29515.5,29517,,,,
1788209100,29516.25,29517.75,29507,29507.25,,,,
1788209400,29507.75,29517.5,29507,29516.5,,,,
1788209700,29516.5,29524,29514.25,29521.5,,,,
1788213600,29518.5,29524,29501.25,29506.25,,,,
1788213900,29507,29512.5,29500.75,29508.25,,,,
1788214200,29509,29510.25,29502.75,29507.5,,,,
1788214500,29507,29508.5,29497.75,29502.75,,,,
1788214800,29502.25,29504.5,29499.75,29504.25,,,,
1788215100,29504.25,29506.25,29500,29501.75,,,,
1788215400,29502.5,29506,29502,29504.5,,,,
1788215700,29505,29508.5,29502.5,29504.75,,,,
1788216000,29505,29506.5,29503,29505,,,,
1788216300,29504.5,29507.25,29492,29493.75,,,,
1788216600,29494.5,29496.5,29490.75,29491.75,,,,
1788216900,29491.5,29499.25,29491.5,29493.25,,,,
1788217200,29493.75,29515.75,29487,29491,,,,
1788217500,29492,29506.5,29488,29495.5,,,,
1788217800,29495.75,29501.25,29483.25,29495.25,,,,
1788218100,29496.25,29497.25,29484,29494.5,,,,
1788218400,29494.5,29495.5,29486.5,29489,,,,
1788218700,29489.75,29499.75,29488.75,29497,,,,
1788219000,29497,29517.5,29494.5,29508.25,,,,
1788219300,29508.25,29514.75,29493.25,29500.75,,,,
1788219600,29501.5,29512.5,29500.25,29510.5,,,,
1788219900,29510.25,29519.5,29502,29506.25,,,,
1788220200,29506.25,29512,29502.75,29503.5,,,,
1788220500,29503.25,29506.25,29496.75,29500.75,,,,
1788220800,29501.25,29516,29480.25,29501,,,,
1788221100,29500.75,29522.5,29496.75,29517.75,,,,
1788221400,29517.5,29517.5,29487,29489.5,,,,
1788221700,29489.5,29513,29477,29512.25,,,,
1788222000,29512.75,29518.75,29502.25,29503.75,,,,
1788222300,29503.25,29515,29496.25,29501.5,,,,
1788222600,29500.75,29519.5,29484.25,29492.25,,,,
1788222900,29492,29493,29485.5,29487.75,,,,
1788223200,29488,29508.25,29485.5,29501.5,,,,
1788223500,29502.25,29508.5,29492.5,29504.5,,,,
1788223800,29505,29506,29494.25,29499,,,,
1788224100,29499.25,29508,29492,29506.75,,,,
1788224400,29506.25,29514.75,29501.5,29510,,,,
1788224700,29510,29512.75,29491.75,29505.5,,,,
1788225000,29504.75,29514,29498.5,29512,,,,
1788225300,29513,29516.5,29507.25,29513.75,,,,
1788225600,29513.75,29516.5,29504,29507.5,,,,
1788225900,29507.25,29507.25,29477.5,29484,,,,
1788226200,29483.5,29506.5,29475,29505.75,,,,
1788226500,29505.75,29515.5,29491.25,29500.25,,,,
1788226800,29499.25,29508.25,29494.75,29507.5,,,,
1788227100,29507.5,29511,29502.5,29505,,,,
1788227400,29505,29507,29491,29491.75,,,,
1788227700,29491.75,29505.25,29490,29499.5,,,,
1788228000,29499,29503.5,29491.75,29496.5,,,,
1788228300,29496.25,29497.25,29482.25,29484.25,,,,
1788228600,29484.25,29484.25,29475.25,29480.75,,,,
1788228900,29480.75,29484.5,29476,29483.25,,,,
1788229200,29483.5,29486.25,29465.5,29476.5,,,,
1788229500,29476.5,29476.5,29452.25,29460,,,,
1788229800,29460,29472.5,29458.5,29462.75,,,,
1788230100,29462,29462.5,29440,29442.75,,,,
1788230400,29443,29445,29435.75,29438.25,,,,
1788230700,29438.75,29454.75,29436.25,29450,,,,
1788231000,29450.5,29458.5,29450,29456.75,,,,
1788231300,29456.75,29492.75,29454.25,29491.75,,,,
1788231600,29491.75,29494,29470.75,29472.5,,,,
1788231900,29472.25,29480.75,29467.5,29472.5,,,,
1788232200,29472.5,29478.5,29468.25,29471.5,,,,
1788232500,29471.25,29477.25,29467.25,29471,,,,
1788232800,29471,29472,29463.25,29467,,,,
1788233100,29467.5,29474.75,29459.5,29465,,,,
1788233400,29465.75,29475.25,29460.5,29470,,,,
1788233700,29469.5,29484.75,29466,29476.5,,,,
1788234000,29476.5,29483.75,29473.5,29477.5,,,,
1788234300,29477.25,29487.25,29475,29485.25,,,,
1788234600,29485.25,29488.5,29479.5,29481.5,,,,
1788234900,29481,29487.25,29478.75,29486.5,,,,
1788235200,29486.25,29498.25,29482.75,29486.5,,,,
1788235500,29486.5,29491,29481.5,29485.25,,,,
1788235800,29485.5,29492.75,29483.5,29488.5,,,,
1788236100,29489,29499.75,29486.5,29495.75,,,,
1788236400,29495.5,29501,29493,29496.25,,,,
1788236700,29496.25,29501.75,29485.5,29493,,,,
1788237000,29493.25,29502.25,29489.75,29494.75,,,,
1788237300,29495,29500,29487,29489.5,,,,
1788237600,29489.5,29491.5,29470.25,29470.5,,,,
1788237900,29470.5,29494.25,29468.75,29491.5,,,,
1788238200,29491.25,29493.75,29473.75,29476,,,,
1788238500,29476.25,29478.75,29466.25,29473.25,,,,
1788238800,29472.75,29475,29460,29470.75,,,,
1788239100,29471.75,29476,29470.25,29474,,,,
1788239400,29473.75,29475.75,29463.25,29464.5,,,,
1788239700,29464.5,29468.25,29451.75,29454.75,,,,
1788240000,29454.5,29464.5,29447.5,29463.25,,,,
1788240300,29463.75,29488.25,29460.25,29485.5,,,,
1788240600,29485.75,29503.5,29481.75,29495.75,,,,
1788240900,29495.75,29521.5,29492,29515.5,,,,
1788241200,29515.25,29536,29515,29533.5,,,,
1788241500,29534,29537.25,29525.25,29526.5,,,,
1788241800,29526.25,29543.75,29521.75,29542,,,,
1788242100,29542,29571,29542,29561.5,,,,
1788242400,29561.25,29567.75,29540.25,29542,,,,
1788242700,29542,29558.25,29530.75,29546,,,,
1788243000,29545,29553,29540.75,29545,,,,
1788243300,29544.75,29546.5,29529.5,29537.75,,,,
1788243600,29538.75,29545.75,29525.5,29528.5,,,,
1788243900,29528.75,29537.5,29514.25,29517,,,,
1788244200,29516.75,29534.75,29514,29521.5,,,,
1788244500,29522.25,29538.25,29514.25,29536.75,,,,
1788244800,29536.25,29545.5,29532.5,29539,,,,
1788245100,29539.25,29541,29524.5,29528.25,,,,
1788245400,29528.5,29531.75,29523.75,29530.5,,,,
1788245700,29530.75,29532.5,29514.5,29515,,,,
1788246000,29515.5,29549.75,29511.75,29547.25,,,,
1788246300,29547,29555,29531.5,29532.5,,,,
1788246600,29532.75,29556.5,29514.75,29553.25,,,,
1788246900,29553.25,29556.25,29529,29540.75,,,,
1788247200,29540.75,29549.25,29527.25,29541,,,,
1788247500,29540.25,29554.75,29540.25,29546,,,,
1788247800,29546.25,29546.75,29515.75,29516,,,,
1788248100,29515.75,29515.75,29468.5,29468.75,,,,
1788248400,29469.75,29476.5,29462,29463,,,,
1788248700,29463.25,29478.75,29439,29474.75,,,,
1788249000,29474.5,29475.25,29453.75,29453.75,,,,
1788249300,29454.75,29459.25,29430,29435.75,,,,
1788249600,29435.5,29445.75,29416.75,29429.75,,,,
1788249900,29429.75,29450.5,29328,29338.5,,,,
1788250200,29336.5,29361,29329.5,29349,,,,
1788250500,29349,29359.25,29318,29330.5,,,,
1788250800,29329.75,29335.25,29301,29306,,,,
1788251100,29305.75,29319.25,29279,29285.75,,,,
1788251400,29286,29312.75,29281,29308,,,,
1788251700,29307.5,29310,29260.25,29267.75,,,,
1788252000,29267.25,29279.25,29246.75,29258.25,,,,
1788252300,29257.25,29273,29248.5,29258.25,,,,
1788252600,29257.25,29276.75,29248.5,29268.5,,,,
1788252900,29268,29280,29234.5,29235.25,,,,
1788253200,29236,29243.75,29211.5,29223.25,,,,
1788253500,29223.25,29229.5,29201,29210.75,,,,
1788253800,29212.25,29222.25,29204.5,29208.25,,,,
1788254100,29207.5,29218.25,29197.25,29199,,,,
1788254400,29201,29207.5,29186,29195.75,,,,
1788254700,29195.5,29202,29188.75,29197.75,,,,
1788255000,29197.75,29207.25,29192,29201.75,,,,
1788255300,29202,29207.25,29183.75,29187,,,,
1788255600,29187.75,29216.5,29182,29212.75,,,,
1788255900,29212.5,29227.75,29211.25,29219.5,,,,
1788256200,29219.5,29223.75,29213.5,29223,,,,
1788256500,29223.5,29224.75,29210.5,29212.5,,,,
1788256800,29213,29228.25,29201.25,29209.75,,,,
1788257100,29210,29221.5,29206.75,29208.25,,,,
1788257400,29208.5,29227.25,29204,29221.75,,,,
1788257700,29221.5,29229,29211.5,29219.75,,,,
1788258000,29219.5,29248.25,29217.5,29245,,,,
1788258300,29245,29249.25,29232.75,29237.25,,,,
1788258600,29237.5,29256.25,29235.5,29255.25,,,,
1788258900,29255.75,29258,29248.5,29250.5,,,,
1788259200,29249.25,29250,29226.75,29227.75,,,,
1788259500,29227.25,29244.25,29219.25,29223.25,,,,
1788259800,29222.75,29224.75,29198,29212.75,,,,
1788260100,29212.5,29215,29207.75,29210,,,,
1788260400,29209.5,29213.25,29189,29204.75,,,,
1788260700,29204,29204,29177.5,29198.25,,,,
1788261000,29198.5,29205,29193.5,29201.25,,,,
1788261300,29200.25,29212.25,29199,29207.5,,,,
1788261600,29207.75,29216.75,29196.25,29200.5,,,,
1788261900,29200.25,29212.5,29196,29208.25,,,,
1788262200,29208.5,29225.5,29206,29212.5,,,,
1788262500,29212.25,29236,29210,29235.5,,,,
1788262800,29234.75,29238.25,29226,29226.25,,,,
1788263100,29227.25,29229.75,29205.5,29208.5,,,,
1788263400,29209,29217.5,29198,29198.5,,,,
1788263700,29199,29200.25,29167.25,29172.25,,,,
1788264000,29172,29179.75,29157,29174.75,,,,
1788264300,29174,29177,29155.25,29157.25,,,,
1788264600,29158.75,29166.75,29153.25,29165,,,,
1788264900,29165.25,29173.75,29144.75,29147.5,,,,
1788265200,29148,29162.5,29138,29156,,,,
1788265500,29156,29172,29150.5,29170,,,,
1788265800,29169.5,29170.5,29141.5,29148.75,,,,
1788266100,29148.25,29154.5,29125.5,29139,,,,
1788266400,29138,29141.25,29123.25,29130,,,,
1788266700,29129.5,29153,29123.25,29127.25,,,,
1788267000,29126.75,29138.25,29124.25,29131.25,,,,
1788267300,29131.5,29135,29122.75,29125.75,,,,
1788267600,29125.5,29126,29094.75,29098.75,,,,
1788267900,29098.75,29104.75,29086.5,29098.75,,,,
1788268200,29098.75,29104.5,29089,29093.25,,,,
1788268500,29092.75,29100,29082.75,29097.5,,,,
1788268800,29097,29115,29095,29112.75,,,,
1788269100,29112.75,29123,29097.5,29111.75,,,,
1788269400,29111.5,29125,29062.75,29099.5,,,,
1788269700,29099.5,29140.5,29059.75,29072,,,,
1788270000,29071.25,29096.75,29040,29083.5,,,,
1788270300,29084,29147.25,29074.5,29143,,,,
1788270600,29143.5,29157.75,29105.5,29123.5,,,,
1788270900,29124.25,29130,29091.75,29105.5,,,,
1788271200,29107.25,29138.75,29085,29103.75,,,,
1788271500,29104,29163.25,29104,29153.25,,,,
1788271800,29153.75,29160,29116,29134.25,,,,
1788272100,29134.25,29173,29131.75,29145.75,,,,
1788272400,29145.25,29179,29145.25,29160.75,,,,
1788272700,29160.75,29178.25,29155,29165.75,,,,
1788273000,29165.25,29213,29162.5,29209.75,,,,
1788273300,29209.75,29217.25,29196.5,29208.5,,,,
1788273600,29209,29234.5,29204.5,29234,,,,
1788273900,29233.75,29268.25,29224.5,29245.75,,,,
1788274200,29246.75,29247.25,29218.25,29222.25,,,,
1788274500,29222.5,29232.5,29207.75,29228.5,,,,
1788274800,29228,29242,29201.25,29212,,,,
1788275100,29211.75,29216.25,29180,29181.5,,,,
1788275400,29181.5,29200,29180,29183,,,,
1788275700,29183.25,29204.75,29179,29198.5,,,,
1788276000,29198.5,29218.75,29186.25,29215.5,,,,
1788276300,29215.5,29233.25,29206.75,29232,,,,
1788276600,29232,29244.75,29224.5,29232.75,,,,
1788276900,29232.75,29269.75,29229,29266.75,,,,
1788277200,29266.5,29290.5,29266.25,29287.5,,,,
1788277500,29287.25,29317.25,29286,29312.25,,,,
1788277800,29312.5,29316.5,29294.5,29309.5,,,,
1788278100,29309.5,29311.25,29288.5,29296,,,,
1788278400,29295.75,29300.5,29276.5,29279.75,,,,
1788278700,29279.5,29283,29256.25,29260.25,,,,
1788279000,29260,29265.25,29231.75,29233,,,,
1788279300,29232.75,29236.75,29202,29204,,,,
1788279600,29204,29209.5,29170.5,29195,,,,
1788279900,29195.25,29202.75,29162.25,29177,,,,
1788280200,29177,29184,29130,29134.5,,,,
1788280500,29135.25,29164,29133.5,29163.5,,,,
1788280800,29163.75,29168.75,29136,29137.5,,,,
1788281100,29137.75,29162,29133,29161.5,,,,
1788281400,29161.75,29167.5,29152,29163.5,,,,
1788281700,29163.75,29197.5,29163.75,29191,,,,
1788282000,29191,29191.75,29149.25,29150.5,,,,
1788282300,29150.5,29159.75,29138.75,29147.25,,,,
1788282600,29147.75,29165.5,29140,29155.5,,,,
1788282900,29155.75,29164.25,29133.75,29141.5,,,,
1788283200,29141.75,29150.5,29132,29139.5,,,,
1788283500,29139.5,29146.5,29100.5,29142.75,,,,
1788283800,29143,29161.5,29137.25,29152,,,,
1788284100,29152.25,29162,29140.25,29143.25,,,,
1788284400,29143.25,29158.75,29141.75,29151.5,,,,
1788284700,29151.25,29153.25,29122.25,29123,,,,
1788285000,29122.75,29138.5,29117.5,29124.5,,,,
1788285300,29124.5,29142.75,29118.75,29140.25,,,,
1788285600,29140.5,29151.25,29120,29125,,,,
1788285900,29124,29124.5,29111.5,29120.5,,,,
1788286200,29120.25,29126.25,29101.25,29102.25,,,,
1788286500,29102.75,29117.25,29090.25,29111,,,,
1788286800,29111.5,29118.5,29105,29115.5,,,,
1788287100,29115.25,29115.5,29085.25,29093.75,,,,
1788287400,29094.5,29097.5,29067.25,29072.25,,,,
1788287700,29072.25,29079.75,29058,29060,,,,
1788288000,29061,29064.75,29014.25,29015,,,,
1788288300,29015,29042.5,29001.75,29042.25,,,,
1788288600,29042.5,29051.75,29032.75,29048.5,,,,
1788288900,29048,29081,29045,29075.75,,,,
1788289200,29075.5,29105,29070.25,29099.25,,,,
1788289500,29099.75,29108.25,29088.5,29102.5,,,,
1788289800,29103.25,29121.5,29099.25,29120,,,,
1788290100,29119.75,29125.75,29107.75,29115.75,,,,
1788290400,29116,29124.5,29103.5,29116.75,,,,
1788290700,29117.25,29130.5,29110.75,29126.75,,,,
1788291000,29126.5,29128.25,29092.75,29119,,,,
1788291300,29118.5,29124.5,29103,29103.75,,,,
1788291600,29103.75,29123.25,29097.5,29117.75,,,,
1788291900,29118,29141.25,29112.5,29132.25,,,,
1788292200,29132.5,29132.5,29086,29103.75,,,,
1788292500,29103.75,29131.25,29096.25,29126.25,,,,
1788292800,29126.5,29158,29117,29131,,,,
1788293100,29131,29145.75,29111.75,29129.5,,,,
1788293400,29128.75,29137.25,29123.75,29134.5,,,,
1788293700,29135,29157.75,29133,29156.25,,,,
1788294000,29156,29160.25,29147.25,29150.5,,,,
1788294300,29150.5,29153.75,29135.5,29135.75,,,,
1788294600,29136.25,29143.5,29133.5,29135.25,,,,
1788294900,29135,29145,29135,29137.5,,,,
1788295200,29137.5,29155.5,29131.5,29146.5,,,,
1788295500,29146.75,29147.5,29137,29141.75,,,,
1788295800,29141.25,29146.25,29135,29137,,,,
1788296100,29136.25,29142,29130.25,29139,,,,
1788300000,29137.25,29150.5,29116.5,29121.75,,,,
1788300300,29121.75,29122.5,29110,29114.25,,,,
1788300600,29114.5,29115,29107,29110.25,,,,
1788300900,29110.5,29114.75,29106,29109.5,,,,
1788301200,29109,29113.75,29101.5,29112,,,,
1788301500,29112.25,29125.75,29105.75,29114.75,,,,
1788301800,29114.75,29120.75,29112.5,29116.75,,,,
1788302100,29117,29120.5,29111,29115.25,,,,
1788302400,29116,29119.75,29112.25,29117.25,,,,
1788302700,29117.25,29138.75,29114.75,29134,,,,
1788303000,29133.75,29138.75,29130,29132.25,,,,
1788303300,29132.75,29138.25,29126.5,29131.25,,,,
1788303600,29130.5,29136.75,29128.5,29130,,,,
1788303900,29130.75,29133.5,29128.75,29129.5,,,,
1788304200,29129.5,29133.25,29128,29129.25,,,,
1788304500,29129,29133,29127.5,29130,,,,
1788304800,29129.75,29139.75,29118.5,29132.75,,,,
1788305100,29132.25,29137.75,29129.75,29137.25,,,,
1788305400,29137.5,29143.75,29133.5,29136,,,,
1788305700,29135.75,29142.25,29134.25,29134.5,,,,
1788306000,29134.25,29143.75,29133.25,29140.75,,,,
1788306300,29140.75,29148.25,29134,29140.5,,,,
1788306600,29140.5,29143.75,29135.75,29140,,,,
1788306900,29139.5,29139.75,29129.75,29134.25,,,,
1788307200,29134.75,29144.25,29125,29127.5,,,,
1788307500,29127.25,29136,29105.5,29124.5,,,,
1788307800,29124.75,29140,29118.5,29128.75,,,,
1788308100,29128.75,29153,29127.75,29135.5,,,,
1788308400,29135.75,29171.25,29132.5,29146.5,,,,
1788308700,29146.5,29148.75,29123,29127.25,,,,
1788309000,29128,29148.25,29119,29123,,,,
1788309300,29122.75,29140.75,29122.5,29129,,,,
1788309600,29129,29143.25,29114,29139.75,,,,
1788309900,29140,29145.5,29131.5,29133.25,,,,
1788310200,29133.25,29133.75,29117.5,29119,,,,
1788310500,29119.25,29127,29103.25,29103.75,,,,
1788310800,29104,29126.5,29097,29122,,,,
1788311100,29121.25,29121.5,29099.25,29103.25,,,,
1788311400,29103.5,29107.25,29086,29098.75,,,,
1788311700,29098.5,29118.25,29094.75,29106.75,,,,
1788312000,29106.75,29125,29098.5,29124,,,,
1788312300,29124.5,29131.25,29108.75,29115,,,,
1788312600,29115.5,29123.5,29104.75,29122.25,,,,
1788312900,29122.75,29122.75,29086.5,29087,,,,
1788313200,29087,29091.75,29070,29074.25,,,,
1788313500,29074.75,29079,29059,29063.25,,,,
1788313800,29063.25,29065.5,29047.25,29060,,,,
1788314100,29059.5,29078,29055,29074.75,,,,
1788314400,29075.25,29077,29051.25,29054.5,,,,
1788314700,29054.75,29059.25,29044,29049,,,,
1788315000,29048.75,29068.25,29047.75,29065.5,,,,
1788315300,29065.5,29091.25,29065.25,29088.75,,,,
1788315600,29088.75,29101.25,29078.25,29091,,,,
1788315900,29090.75,29098.25,29084.25,29085.5,,,,
1788316200,29086,29087.25,29069.5,29071.75,,,,
1788316500,29072,29076.75,29061.25,29069.25,,,,
1788316800,29069.25,29083.75,29067.75,29083,,,,
1788317100,29082.75,29091.25,29081.5,29089.75,,,,
1788317400,29090.5,29092.75,29076.5,29081.25,,,,
1788317700,29081.25,29086.5,29075,29085.75,,,,
1788318000,29085.75,29089.25,29071,29073,,,,
1788318300,29072.25,29079,29056.5,29078.5,,,,
1788318600,29079,29090,29075.75,29084.25,,,,
1788318900,29083.25,29084.5,29069.25,29075,,,,
1788319200,29074.5,29079.5,29068.25,29073.25,,,,
1788319500,29073.75,29080.25,29068.75,29069.25,,,,
1788319800,29069.75,29071.25,29053.5,29060,,,,
1788320100,29059.5,29072.75,29055.25,29071,,,,
1788320400,29070.25,29071,29055,29056.25,,,,
1788320700,29055.5,29065.75,29054.25,29054.25,,,,
1788321000,29054,29057,29046.25,29057,,,,
1788321300,29056.5,29056.75,29045.5,29047.25,,,,
1788321600,29047.5,29050.75,29042.25,29043.75,,,,
1788321900,29043.5,29055.5,29040.25,29044.75,,,,
1788322200,29044.25,29048.75,29035.25,29047.75,,,,
1788322500,29048.25,29063.25,29043.75,29060.5,,,,
1788322800,29060,29061.25,29045.75,29052.75,,,,
1788323100,29053.5,29059.25,29047.75,29050.5,,,,
1788323400,29051,29062.75,29047.25,29057,,,,
1788323700,29057.25,29059.25,29048,29049.5,,,,
1788324000,29050.25,29058.5,29048,29053.5,,,,
1788324300,29053.75,29065.75,29050.5,29056.25,,,,
1788324600,29056.75,29062,29056,29060,,,,
1788324900,29059.75,29063,29053.75,29058.75,,,,
1788325200,29059,29061,29040.5,29042.75,,,,
1788325500,29043.25,29049.75,29037.25,29038.75,,,,
1788325800,29039.75,29071.5,29039.5,29067.25,,,,
1788326100,29067.25,29088.75,29064.25,29079.75,,,,
1788326400,29081,29085.5,29068.75,29083.75,,,,
1788326700,29084,29092,29081.5,29091,,,,
1788327000,29091.25,29105,29085.25,29086.5,,,,
1788327300,29086.5,29089.75,29070,29071.5,,,,
1788327600,29071.5,29102.25,29071,29099.25,,,,
1788327900,29099.25,29102.5,29093.25,29093.25,,,,
1788328200,29095,29097.25,29062,29063.75,,,,
1788328500,29063.75,29078,29062,29071.5,,,,
1788328800,29072.5,29082.75,29043.25,29046.25,,,,
1788329100,29046.25,29054,29041.5,29051.25,,,,
1788329400,29051,29058.25,29043,29049,,,,
1788329700,29049.25,29053,29025,29028,,,,
1788330000,29027.5,29035.75,29025,29035,,,,
1788330300,29035.5,29055,29021.25,29022.5,,,,
1788330600,29023.25,29032.5,29016.5,29032.25,,,,
1788330900,29032,29074.75,29028.25,29074.25,,,,
1788331200,29074,29098.75,29069.75,29072.5,,,,
1788331500,29072.25,29074,29061.5,29066.25,,,,
1788331800,29065.5,29068.5,29052,29054,,,,
1788332100,29054.25,29080.75,29051,29076.75,,,,
1788332400,29076.75,29105.75,29065.25,29101,,,,
1788332700,29100.5,29114.5,29095.75,29110,,,,
1788333000,29109.75,29121,29098.25,29103,,,,
1788333300,29103.25,29117.75,29099,29114.25,,,,
1788333600,29113.25,29114.25,29096.25,29100.25,,,,
1788333900,29099.5,29102,29075,29094.25,,,,
1788334200,29093.75,29101.5,29079,29087.25,,,,
1788334500,29088,29090.5,29070.75,29073.5,,,,
1788334800,29073,29085.75,29064,29070,,,,
1788335100,29070,29074.5,29060,29063.75,,,,
1788335400,29063.5,29075.5,29049.75,29069.5,,,,
1788335700,29068.25,29078.75,29061.5,29062,,,,
1788336000,29062.25,29098,29051.25,29094.75,,,,
1788336300,29094.75,29097.5,29066.5,29075,,,,
1788336600,29074.75,29088.5,29068.25,29074.5,,,,
1788336900,29074,29088.5,29056,29057,,,,
1788337200,29057.5,29062,29038.75,29046,,,,
1788337500,29046,29062,29040.5,29052,,,,
1788337800,29052.5,29068.75,29046,29049.5,,,,
1788338100,29049.5,29057.25,29036,29048,,,,
1788338400,29048.25,29055.5,29032,29035.5,,,,
1788338700,29036.25,29037.25,29020.75,29022.5,,,,
1788339000,29023,29025.25,28955.75,28964,,,,
1788339300,28963.75,28984.25,28954.75,28978,,,,
1788339600,28977.25,29016.75,28974,29009.75,,,,
1788339900,29009.5,29027,28997.25,29000.75,,,,
1788340200,29000.75,29008,28968.5,28971.25,,,,
1788340500,28970.75,28996,28968.75,28990.5,,,,
1788340800,28990.25,28990.25,28956.75,28968.25,,,,
1788341100,28968,28982.25,28960.5,28978.25,,,,
1788341400,28978.25,28981.25,28949,28954.75,,,,
1788341700,28953.75,28958.5,28940.75,28949,,,,
1788342000,28949.75,28958.75,28946.25,28949,,,,
1788342300,28949,28961.5,28947.25,28956.75,,,,
1788342600,28955.75,28967,28952.75,28958.25,,,,
1788342900,28958.75,28975,28957.75,28973.25,,,,
1788343200,28973.25,28979.75,28949.75,28949.75,,,,
1788343500,28950,28960.5,28947.25,28952.75,,,,
1788343800,28953.25,28978.75,28951.5,28978.75,,,,
1788344100,28978.75,28983,28971,28976.75,,,,
1788344400,28977,28984.5,28970.75,28976.25,,,,
1788344700,28976.25,28995.5,28976.25,28986.25,,,,
1788345000,28985.5,28989.25,28964,28974.75,,,,
1788345300,28975.25,28982.5,28962.5,28965,,,,
1788345600,28965.75,28970,28961,28966.5,,,,
1788345900,28966.25,28978.75,28961.75,28978,,,,
1788346200,28977.5,28978,28957.75,28972.75,,,,
1788346500,28973.25,28988.25,28968.5,28987,,,,
1788346800,28987.25,28989.5,28927.25,28936.75,,,,
1788347100,28935.75,28993,28927.25,28980.25,,,,
1788347400,28979.75,29021.25,28969,29014.75,,,,
1788347700,29014.25,29027.25,28995,29008.25,,,,
1788348000,29008.25,29017.5,29001,29015.25,,,,
1788348300,29015.25,29036,29011.5,29022.5,,,,
1788348600,29023.5,29053.25,29018.25,29051.75,,,,
1788348900,29052,29059.75,29045,29050.5,,,,
1788349200,29050.25,29052,29027,29029.5,,,,
1788349500,29029.75,29036,29023,29025.25,,,,
1788349800,29025.5,29048,29022.25,29039.75,,,,
1788350100,29039.75,29085.25,29036.75,29083.75,,,,
1788350400,29083.25,29089.25,29073.75,29086.75,,,,
1788350700,29086.25,29108.25,29086,29091.25,,,,
1788351000,29091.25,29124,29080.75,29123.75,,,,
1788351300,29120.75,29124,29095,29099.25,,,,
1788351600,29098.75,29149.25,29094.5,29128.25,,,,
1788351900,29126.75,29135.75,29103.25,29107.75,,,,
1788352200,29107.5,29110.75,29079.25,29087.25,,,,
1788352500,29087,29091.5,29067,29078.25,,,,
1788352800,29077.75,29086,29067.5,29069.75,,,,
1788353100,29069.25,29071.75,29054.75,29056.5,,,,
1788353400,29056.25,29058.75,29039,29042.25,,,,
1788353700,29042.75,29044.25,29033,29040,,,,
1788354000,29040.25,29060.25,29037.75,29054,,,,
1788354300,29054,29070,29050,29062.75,,,,
1788354600,29062,29070.75,29059.25,29067.75,,,,
1788354900,29067.75,29080.75,29062.75,29075.25,,,,
1788355200,29075.5,29092,29071.75,29089.25,,,,
1788355500,29089.25,29115.5,29077.75,29098.25,,,,
1788355800,29098.25,29102,29042.75,29083.5,,,,
1788356100,29083.75,29091,29036.75,29087,,,,
1788356400,29087,29119,29075.5,29090.25,,,,
1788356700,29090.5,29113,29041.75,29047.75,,,,
1788357000,29048.25,29073.5,29025,29029.5,,,,
1788357300,29030,29065.75,29017.25,29062.5,,,,
1788357600,29062,29084,29032.25,29083.25,,,,
1788357900,29083.25,29114.5,29079.5,29095.5,,,,
1788358200,29096,29128.25,29086.75,29127.5,,,,
1788358500,29127.5,29162.5,29119.25,29160.5,,,,
1788358800,29160.5,29188.5,29148.5,29173,,,,
1788359100,29173.25,29194,29160.25,29187.5,,,,
1788359400,29187,29206.25,29171.5,29204.75,,,,
1788359700,29205,29211.75,29168.25,29186,,,,
1788360000,29186,29202.75,29178.75,29201.5,,,,
1788360300,29201.75,29202.5,29149,29160.5,,,,
1788360600,29160.5,29160.5,29120.25,29129,,,,
1788360900,29130.25,29140.75,29111.25,29120.25,,,,
1788361200,29120.5,29148,29106.25,29139.5,,,,
1788361500,29139.25,29154.75,29127.5,29153.5,,,,
1788361800,29153.75,29168.25,29140.5,29158.25,,,,
1788362100,29158,29189.5,29151.25,29183.75,,,,
1788362400,29184,29188,29168.25,29178.25,,,,
1788362700,29178.5,29208,29177.5,29205,,,,
1788363000,29204.75,29208.5,29189,29192,,,,
1788363300,29192,29202.5,29171.5,29178.5,,,,
1788363600,29178.75,29188.5,29173.75,29182.25,,,,
1788363900,29182.25,29184.75,29141,29142.75,,,,
1788364200,29142.75,29166.25,29135.75,29151,,,,
1788364500,29151,29191,29140.75,29184.75,,,,
1788364800,29184.75,29197.25,29173.5,29195.5,,,,
1788365100,29195.5,29198,29183.75,29188.25,,,,
1788365400,29188.25,29195.25,29182,29186.25,,,,
1788365700,29186.5,29186.75,29159.5,29170.25,,,,
1788366000,29170.25,29176.25,29157.25,29160,,,,
1788366300,29160.75,29167.75,29142.25,29152.25,,,,
1788366600,29151.75,29175.75,29149.25,29161,,,,
1788366900,29161.5,29173.25,29156,29156.75,,,,
1788367200,29157.5,29160.5,29138,29138.5,,,,
1788367500,29138.75,29151,29138,29147.75,,,,
1788367800,29147.75,29167.5,29136.75,29165.25,,,,
1788368100,29164.75,29168,29148,29154.5,,,,
1788368400,29155,29182.5,29154.75,29174.25,,,,
1788368700,29173.5,29178.25,29126.75,29130.75,,,,
1788369000,29131,29153.25,29129,29144.75,,,,
1788369300,29145,29147.75,29125,29131,,,,
1788369600,29131.5,29152.25,29126.5,29146,,,,
1788369900,29146,29154.75,29141,29150.25,,,,
1788370200,29150.5,29155.75,29132.5,29132.75,,,,
1788370500,29133,29141,29130.25,29134.75,,,,
1788370800,29134.75,29159,29127.5,29158.75,,,,
1788371100,29158.5,29174,29157.25,29159.5,,,,
1788371400,29159.25,29165,29150.5,29157.25,,,,
1788371700,29157,29168.75,29142.75,29159.5,,,,
1788372000,29159.25,29161.75,29135.5,29159,,,,
1788372300,29158.25,29166.25,29146,29150.25,,,,
1788372600,29150,29154,29137.75,29147,,,,
1788372900,29146.75,29199.5,29143,29172.75,,,,
1788373200,29172.5,29176.5,29160.5,29170.5,,,,
1788373500,29170,29174,29154.5,29158.75,,,,
1788373800,29159.25,29174.75,29156.25,29158.5,,,,
1788374100,29158.25,29165,29138,29141.25,,,,
1788374400,29140.75,29143.5,29131.75,29136.5,,,,
1788374700,29136.25,29152.75,29130.25,29149.5,,,,
1788375000,29149.25,29154.5,29134,29139.75,,,,
1788375300,29140.5,29153.5,29138.25,29145.75,,,,
1788375600,29145.25,29156.75,29138.75,29150,,,,
1788375900,29150,29167,29148,29165.75,,,,
1788376200,29166.25,29171.5,29160.25,29165.75,,,,
1788376500,29166,29170.25,29157,29170.25,,,,
1788376800,29170.25,29170.5,29151,29156.75,,,,
1788377100,29156.25,29171.25,29150,29167.75,,,,
1788377400,29167.25,29173.5,29160.5,29171.25,,,,
1788377700,29171.5,29172.25,29155,29160.25,,,,
1788378000,29160.25,29178.5,29158.5,29175,,,,
1788378300,29175.5,29187.75,29172.75,29184.5,,,,
1788378600,29184,29197.25,29170.5,29191.75,,,,
1788378900,29192,29195.5,29171.25,29190,,,,
1788379200,29190.5,29202,29187.75,29198.25,,,,
1788379500,29197.75,29212.5,29194.75,29199.25,,,,
1788379800,29199.5,29205,29188,29192.25,,,,
1788380100,29193.5,29193.75,29139.5,29150.5,,,,
1788380400,29150.5,29163.75,29145.5,29157.5,,,,
1788380700,29157.25,29167,29153.5,29156,,,,
1788381000,29156,29161,29150.25,29160.25,,,,
1788381300,29160,29160.5,29152.25,29153.5,,,,
1788381600,29154,29163.5,29147,29148.5,,,,
1788381900,29148.25,29162.75,29147,29161,,,,
1788382200,29160.25,29163.75,29155.25,29163,,,,
1788382500,29162.5,29164,29140.75,29143,,,,
1788386400,29175.75,29179.75,29149,29163.25,,,,
1788386700,29163.25,29163.5,29150,29159.25,,,,
1788387000,29159,29189.25,29157.25,29185.5,,,,
1788387300,29185.25,29189,29177.5,29186.75,,,,
1788387600,29187.25,29208.75,29186.5,29203.5,,,,
1788387900,29203,29204.25,29192.5,29196,,,,
1788388200,29195.75,29199,29193,29194.75,,,,
1788388500,29195,29200,29189.75,29196.75,,,,
1788388800,29196.75,29203,29192.25,29195.5,,,,
1788389100,29195.5,29195.75,29181.5,29182.25,,,,
1788389400,29182.25,29186.5,29179.5,29180.25,,,,
1788389700,29180.25,29185.5,29177.75,29181.5,,,,
1788390000,29181.25,29189.25,29180.25,29185.25,,,,
1788390300,29184.75,29187,29179,29179.75,,,,
1788390600,29179.5,29187,29170.75,29172.5,,,,
1788390900,29171.75,29173.75,29167.5,29170.5,,,,
1788391200,29170,29175,29167,29173.25,,,,
1788391500,29173.25,29180.25,29172.5,29180,,,,
1788391800,29180,29186,29175,29179,,,,
1788392100,29179,29188.5,29174,29185,,,,
1788392400,29184.5,29188.5,29182.5,29188.5,,,,
1788392700,29188.75,29218.25,29186.75,29204.75,,,,
1788393000,29205.25,29212.25,29203,29205,,,,
1788393300,29204.75,29208.25,29200.5,29201,,,,
1788393600,29201,29201.75,29181.75,29190.25,,,,
1788393900,29190.5,29195,29172,29177.25,,,,
1788394200,29177.75,29188.75,29165,29169,,,,
1788394500,29168.5,29169,29147.5,29151.25,,,,
1788394800,29151.25,29157,29141.25,29154.5,,,,
1788395100,29154.25,29163.5,29151,29156.25,,,,
1788395400,29156.75,29161.5,29145.5,29150.25,,,,
1788395700,29150.25,29162,29149,29158.75,,,,
1788396000,29158.75,29161.25,29149.5,29156.25,,,,
1788396300,29156.25,29159.25,29149.25,29156,,,,
1788396600,29156.75,29161.25,29152.25,29156.75,,,,
1788396900,29157.25,29158.5,29146.75,29151.25,,,,
1788397200,29151.25,29172.75,29147.75,29172.5,,,,
1788397500,29172.25,29186.75,29169.75,29175.5,,,,
1788397800,29175.25,29186.25,29163.5,29183.5,,,,
1788398100,29183.25,29200.5,29181.5,29194.5,,,,
1788398400,29194.75,29199.75,29166.25,29167.25,,,,
1788398700,29167.25,29177.75,29157.25,29176,,,,
1788399000,29176,29198.75,29170,29198.75,,,,
1788399300,29198.5,29199.5,29174.25,29177.75,,,,
1788399600,29177.75,29181.25,29167.75,29168.75,,,,
1788399900,29168.75,29176.25,29156.25,29176,,,,
1788400200,29176,29176.25,29151.5,29157.25,,,,
1788400500,29157.75,29158.25,29132.5,29137.25,,,,
1788400800,29137.25,29154.75,29133,29146.75,,,,
1788401100,29147.75,29166.5,29145.5,29165,,,,
1788401400,29165,29187,29164.25,29182.5,,,,
1788401700,29182.5,29195,29176.75,29192.25,,,,
1788402000,29192,29194.5,29176.25,29180,,,,
1788402300,29180.5,29190.25,29173,29187.5,,,,
1788402600,29188.25,29199,29183,29192,,,,
1788402900,29192.5,29192.75,29179.5,29184.75,,,,
1788403200,29184,29184.5,29170,29173.25,,,,
1788403500,29172.75,29186.25,29167.5,29185,,,,
1788403800,29185.25,29190,29177.25,29180.5,,,,
1788404100,29180.75,29186,29179,29182,,,,
1788404400,29181.5,29196.75,29179.75,29194.25,,,,
1788404700,29194,29198.5,29188.25,29194.75,,,,
1788405000,29194.5,29204.75,29194,29204.5,,,,
1788405300,29204.25,29235,29202.5,29227.75,,,,
1788405600,29228,29231.5,29212.75,29216,,,,
1788405900,29216.5,29229.75,29213,29219.5,,,,
1788406200,29219.75,29232,29217.75,29222.75,,,,
1788406500,29221.75,29228.75,29218,29227.5,,,,
1788406800,29227.75,29233.5,29222.25,29227.5,,,,
1788407100,29227.25,29234.75,29220,29230.5,,,,
1788407400,29230.75,29240,29230.5,29237,,,,
1788407700,29237.25,29242.75,29231,29236.25,,,,
1788408000,29236.25,29239,29228.75,29230,,,,
1788408300,29229.75,29252.5,29229.5,29249.75,,,,
1788408600,29250.5,29255,29237.75,29246.25,,,,
1788408900,29246,29249.75,29242.5,29244.5,,,,
1788409200,29244,29246.5,29233.75,29242.5,,,,
1788409500,29242,29246.75,29226.75,29227,,,,
1788409800,29227.5,29236.75,29226.75,29231.5,,,,
1788410100,29231.5,29235.5,29220.25,29223.5,,,,
1788410400,29223.5,29226.5,29214.5,29218.5,,,,
1788410700,29219,29229.25,29216.75,29222,,,,
1788411000,29221.25,29224,29215.5,29217,,,,
1788411300,29216.5,29218.25,29204.5,29207.5,,,,
1788411600,29207.75,29208.75,29176.5,29177,,,,
1788411900,29176.75,29179.25,29156.75,29162,,,,
1788412200,29162,29168,29141,29148.5,,,,
1788412500,29148,29149.25,29105.25,29110.25,,,,
1788412800,29109.75,29115.25,29075,29093.5,,,,
1788413100,29093.5,29110.75,29075.5,29103,,,,
1788413400,29103,29140.25,29097,29138.5,,,,
1788413700,29139,29148.75,29118.25,29138,,,,
1788414000,29138,29152.5,29121.5,29142.25,,,,
1788414300,29142,29169.75,29127.5,29169.75,,,,
1788414600,29169.25,29188.5,29163.75,29173.5,,,,
1788414900,29173.25,29189.25,29171,29188.75,,,,
1788415200,29188.5,29198,29174.25,29192.25,,,,
1788415500,29191.75,29204.25,29176,29176.75,,,,
1788415800,29176.75,29177.5,29162.5,29169.5,,,,
1788416100,29169,29180.5,29166.75,29171.25,,,,
1788416400,29171,29179,29164,29165.25,,,,
1788416700,29166,29181,29160.5,29177.75,,,,
1788417000,29177.5,29188.25,29165.75,29180.25,,,,
1788417300,29180,29186.5,29163.75,29176.25,,,,
1788417600,29176.25,29185,29174.5,29181.5,,,,
1788417900,29181.75,29183,29169,29175,,,,
1788418200,29174.5,29175,29165.5,29167.75,,,,
1788418500,29168,29176.75,29158.25,29173.5,,,,
1788418800,29173.25,29207,29159.25,29206.5,,,,
1788419100,29206.25,29233.25,29193.25,29196,,,,
1788419400,29195.75,29205.5,29189,29205.25,,,,
1788419700,29204.25,29207.5,29193.25,29203.75,,,,
1788420000,29201.75,29211.75,29199.75,29207,,,,
1788420300,29207.5,29211.25,29179.25,29202.75,,,,
1788420600,29202.75,29216.5,29192,29216,,,,
1788420900,29215.75,29228.5,29200.75,29227.75,,,,
1788421200,29227.25,29245.75,29221.5,29240.75,,,,
1788421500,29240.5,29241.5,29191.5,29194.25,,,,
1788421800,29193.75,29223.5,29183,29222.25,,,,
1788422100,29222,29224,29209.5,29220.25,,,,
1788422400,29219.75,29279,29212.75,29257,,,,
1788422700,29257.75,29293,29240.5,29244.75,,,,
1788423000,29244.5,29266.5,29240.5,29247,,,,
1788423300,29247,29250.5,29233.25,29247,,,,
1788423600,29247.25,29253.5,29232,29241.75,,,,
1788423900,29239.5,29264,29238.25,29257.5,,,,
1788424200,29256.25,29256.75,29239,29242.75,,,,
1788424500,29243.5,29251.75,29227.75,29228.5,,,,
1788424800,29228,29238.5,29226.25,29227,,,,
1788425100,29227.75,29235.5,29223.25,29233.75,,,,
1788425400,29233.5,29233.75,29215.25,29226.25,,,,
1788425700,29225.75,29229.25,29214,29216.75,,,,
1788426000,29217.5,29224.75,29212.75,29218.5,,,,
1788426300,29219.25,29222.75,29210.75,29219.5,,,,
1788426600,29219.75,29226,29212,29223,,,,
1788426900,29223.5,29224,29205,29212.25,,,,
1788427200,29212,29216.75,29193.5,29197.25,,,,
1788427500,29196.5,29203,29187.75,29187.75,,,,
1788427800,29187.5,29198.75,29179.5,29188.5,,,,
1788428100,29188.75,29190.5,29173.75,29178.75,,,,
1788428400,29178.25,29179.25,29169,29177.25,,,,
1788428700,29177,29177,29149.5,29154.25,,,,
1788429000,29154.25,29166.25,29147.5,29147.75,,,,
1788429300,29148.5,29150.25,29127,29137,,,,
1788429600,29138,29154,29135,29149.75,,,,
1788429900,29149.5,29159.25,29140.75,29142.25,,,,
1788430200,29141.75,29144,29120,29125,,,,
1788430500,29125,29134.75,29120.75,29128,,,,
1788430800,29129.25,29131.75,29121.5,29122.75,,,,
1788431100,29122.25,29133.75,29118.75,29127.75,,,,
1788431400,29127.75,29140.75,29117.5,29121,,,,
1788431700,29121.5,29126.25,29105.5,29120.25,,,,
1788432000,29120.5,29134.5,29117.5,29128.25,,,,
1788432300,29128.75,29129,29107.5,29110.5,,,,
1788432600,29109.75,29130.75,29108.5,29124.5,,,,
1788432900,29124.25,29130.25,29114.75,29128.75,,,,
1788433200,29129,29140.25,29106,29139.25,,,,
1788433500,29139.75,29171.25,29137,29164.5,,,,
1788433800,29163.5,29167.5,29154,29164,,,,
1788434100,29164,29187.25,29161.5,29167,,,,
1788434400,29167.25,29174.75,29156.5,29174.25,,,,
1788434700,29174,29179.25,29158.5,29166.75,,,,
1788435000,29167.25,29174,29111,29167.75,,,,
1788435300,29168,29168.5,29143.75,29144.5,,,,
1788435600,29143.5,29150.75,29135.5,29141.75,,,,
1788435900,29142.25,29143.75,29103.5,29105.75,,,,
1788436200,29105.5,29116,29102.75,29106.5,,,,
1788436500,29106.5,29115,29101.75,29105.25,,,,
1788436800,29105.25,29132.25,29104,29126.75,,,,
1788437100,29126.75,29134.75,29123.75,29132.25,,,,
1788437400,29131.75,29147.25,29121,29124.25,,,,
1788437700,29124.75,29131,29111.5,29112.25,,,,
1788438000,29113.5,29140.25,29105.5,29135,,,,
1788438300,29134.5,29151.5,29127.5,29146.25,,,,
1788438600,29145.25,29242.5,29143,29207.25,,,,
1788438900,29207.25,29210,29178.75,29199,,,,
1788439200,29198.5,29205.5,29182,29189.75,,,,
1788439500,29189.5,29202,29184.25,29202,,,,
1788439800,29201.5,29245,29200.5,29238.5,,,,
1788440100,29238.25,29260,29238,29244.5,,,,
1788440400,29244.75,29245.75,29202,29214,,,,
1788440700,29213.75,29224.25,29194.5,29208.5,,,,
1788441000,29208.5,29246.25,29206.5,29239.25,,,,
1788441300,29239.25,29244,29202.75,29206.25,,,,
1788441600,29206.5,29225,29200.25,29224.75,,,,
1788441900,29224.25,29254.25,29212.5,29249.25,,,,
1788442200,29249.5,29285,29222.75,29253.75,,,,
1788442500,29254,29334.5,29199.25,29329.25,,,,
1788442800,29329,29359.75,29313.75,29346,,,,
1788443100,29344.25,29368,29318.75,29359.25,,,,
1788443400,29359.25,29375.25,29324.5,29348.75,,,,
1788443700,29349.25,29354.75,29296.75,29332.25,,,,
1788444000,29332.25,29335.5,29250,29267.5,,,,
1788444300,29267.5,29283.75,29241.5,29267.5,,,,
1788444600,29267.75,29303.75,29249.5,29301.5,,,,
1788444900,29301,29349.5,29295.5,29342.75,,,,
1788445200,29343.5,29363.75,29328,29350.75,,,,
1788445500,29350.5,29364.75,29327.5,29343.25,,,,
1788445800,29342.75,29360.5,29284,29287.75,,,,
1788446100,29288.25,29319.25,29280.25,29284.5,,,,
1788446400,29284.25,29311.75,29272.5,29283.75,,,,
1788446700,29283.75,29315.25,29275.5,29309.25,,,,
1788447000,29309.75,29315,29285,29313,,,,
1788447300,29313,29367.75,29246,29363.5,,,,
1788447600,29363.5,29437.75,29362,29436.75,,,,
1788447900,29436.75,29445.75,29422,29429.75,,,,
1788448200,29430.25,29466.25,29426.25,29464.75,,,,
1788448500,29465,29480,29460.75,29472.75,,,,
1788448800,29472.75,29494.75,29453.5,29481.75,,,,
1788449100,29481.5,29539.75,29478.75,29535.5,,,,
1788449400,29535.75,29543.75,29517.75,29528.25,,,,
1788449700,29528,29537.25,29509.5,29514.25,,,,
1788450000,29514.25,29524.5,29502.25,29506,,,,
1788450300,29506.5,29520.75,29504,29513.5,,,,
1788450600,29513.75,29531.75,29507.75,29528,,,,
1788450900,29528,29539.5,29520.75,29538.25,,,,
1788451200,29538.75,29539.5,29512.5,29512.5,,,,
1788451500,29513,29519,29503.25,29510.25,,,,
1788451800,29510,29524.5,29505,29519.25,,,,
1788452100,29519.25,29529.25,29511,29524,,,,
1788452400,29524,29528,29500.75,29501.5,,,,
1788452700,29501.75,29503.5,29489.25,29496.5,,,,
1788453000,29497,29501.5,29484.5,29489.25,,,,
1788453300,29489.25,29526,29482.5,29521.75,,,,
1788453600,29521.5,29535,29519.25,29528.25,,,,
1788453900,29528.25,29533,29521.25,29530.75,,,,
1788454200,29530.5,29532.75,29516.25,29520.5,,,,
1788454500,29521.25,29548,29519.5,29527.75,,,,
1788454800,29528.5,29534.25,29508.75,29519.25,,,,
1788455100,29519.5,29520.25,29492.25,29493,,,,
1788455400,29492.75,29501.75,29486.5,29490.5,,,,
1788455700,29490.5,29500.75,29484,29486.5,,,,
1788456000,29486.25,29487.5,29476,29482.5,,,,
1788456300,29483,29507.75,29482,29502.5,,,,
1788456600,29502.5,29518.75,29502,29514.25,,,,
1788456900,29514.5,29529,29511.5,29520.25,,,,
1788457200,29520.5,29532,29519,29528.5,,,,
1788457500,29529,29535,29521.25,29530.5,,,,
1788457800,29530.75,29553,29525,29546,,,,
1788458100,29546,29552.75,29539.75,29543.5,,,,
1788458400,29543.5,29578.5,29543,29574.25,,,,
1788458700,29574.5,29579.25,29565.25,29574.25,,,,
1788459000,29574.5,29578.5,29569.25,29573,,,,
1788459300,29573.25,29585,29567.5,29571.75,,,,
1788459600,29571.75,29576,29564.5,29572.75,,,,
1788459900,29572.5,29579.5,29566.5,29570.25,,,,
1788460200,29571,29578,29563.25,29576.75,,,,
1788460500,29576.75,29580,29570,29576,,,,
1788460800,29575.25,29576.75,29559.25,29560.5,,,,
1788461100,29560.5,29576.25,29559.5,29576,,,,
1788461400,29576,29582.5,29564.75,29569.75,,,,
1788461700,29570,29570,29560.25,29568.5,,,,
1788462000,29568.25,29570.25,29552,29557,,,,
1788462300,29557,29562.25,29547.25,29549.5,,,,
1788462600,29548.25,29552.25,29532.5,29538.75,,,,
1788462900,29538.5,29543.25,29530.25,29543.25,,,,
1788463200,29543.25,29543.5,29526.75,29531,,,,
1788463500,29530.75,29537.25,29526.25,29533.5,,,,
1788463800,29533.25,29540.25,29523.25,29526,,,,
1788464100,29526.25,29536.5,29525.5,29532,,,,
1788464400,29531.75,29542,29521.5,29524,,,,
1788464700,29524.5,29536.25,29515.75,29520.75,,,,
1788465000,29520.75,29528.25,29509.75,29526.25,,,,
1788465300,29526,29536.25,29509,29530.75,,,,
1788465600,29531,29536.25,29506.5,29515,,,,
1788465900,29514.75,29524.25,29510.5,29518.75,,,,
1788466200,29518.75,29522,29514,29521.5,,,,
1788466500,29521.5,29522.75,29511.5,29512.25,,,,
1788466800,29512.25,29513,29502.75,29506,,,,
1788467100,29506,29512.25,29506,29509.5,,,,
1788467400,29510.25,29517,29508.75,29514.75,,,,
1788467700,29514.25,29517.5,29511,29511.5,,,,
1788468000,29511.5,29513.5,29510,29511.25,,,,
1788468300,29510.75,29513.25,29507.25,29509.75,,,,
1788468600,29509.75,29510,29498.75,29501.75,,,,
1788468900,29502.25,29507,29501.25,29502.75,,,,
1788472800,29500,29510,29482.75,29493,,,,
1788473100,29493.25,29496.75,29485.5,29486.5,,,,
1788473400,29486.5,29490.25,29481.5,29485.25,,,,
1788473700,29485.25,29496,29485.25,29491.25,,,,
1788474000,29491.75,29495,29488,29490,,,,
1788474300,29489.75,29492,29485.5,29490,,,,
1788474600,29490,29498,29489.25,29496.5,,,,
1788474900,29496.25,29498.5,29492.75,29494,,,,
1788475200,29493.75,29496.5,29490.25,29495,,,,
1788475500,29494.5,29499.75,29494.25,29495.75,,,,
1788475800,29495.75,29504,29495.75,29499,,,,
1788476100,29499,29513,29498.75,29508.5,,,,
1788476400,29508.25,29512,29502.75,29507,,,,
1788476700,29507,29510.75,29496,29510.5,,,,
1788477000,29510,29510.75,29501.5,29503.5,,,,
1788477300,29503,29506.75,29498,29505.5,,,,
1788477600,29506,29507.5,29501.5,29504.25,,,,
1788477900,29504.75,29510.25,29503.5,29507.5,,,,
1788478200,29507.75,29508.5,29500.75,29503.5,,,,
1788478500,29503.5,29506.5,29502.5,29505,,,,
1788478800,29505,29511,29504.5,29506,,,,
1788479100,29506.25,29516.75,29504.75,29510.75,,,,
1788479400,29510.75,29515,29502.75,29506.25,,,,
1788479700,29506.5,29512.75,29502.75,29504.5,,,,
1788480000,29503.75,29511.75,29491,29511.25,,,,
1788480300,29511,29520.5,29507,29512.75,,,,
1788480600,29513.5,29518.75,29506.25,29510.5,,,,
1788480900,29510,29521.25,29505,29519,,,,
1788481200,29519.5,29527.75,29518.5,29524.5,,,,
1788481500,29524.75,29529,29514.75,29528,,,,
1788481800,29527.5,29531.5,29519.5,29526,,,,
1788482100,29526.25,29530.5,29519,29530,,,,
1788482400,29530,29534,29526.75,29532,,,,
1788482700,29532,29541.75,29530.75,29539.5,,,,
1788483000,29539.25,29542,29537,29538,,,,
1788483300,29537.75,29538.5,29530,29530,,,,
1788483600,29530,29533,29517.5,29527,,,,
1788483900,29526.75,29532.25,29523.5,29525.75,,,,
1788484200,29525.75,29529.5,29520.75,29523,,,,
1788484500,29522.75,29528.5,29516,29526.25,,,,
1788484800,29527.25,29543,29527.25,29539.75,,,,
1788485100,29540.25,29543.5,29532,29540.75,,,,
1788485400,29540,29546.5,29536.5,29542,,,,
1788485700,29542,29549.25,29535.75,29538.5,,,,
1788486000,29537.25,29546.5,29534.25,29545,,,,
1788486300,29545,29545.75,29531,29532.75,,,,
1788486600,29532.5,29541,29526,29527.5,,,,
1788486900,29528,29549,29523.25,29547.75,,,,
1788487200,29548.25,29548.5,29537,29539.5,,,,
1788487500,29539.75,29547,29539,29546,,,,
1788487800,29546.75,29553.5,29544.75,29550,,,,
1788488100,29550,29551.25,29547.5,29550.75,,,,
1788488400,29550.25,29556.5,29547,29554.5,,,,
1788488700,29554.75,29556.25,29552.25,29555.25,,,,
1788489000,29555,29566.75,29549,29549,,,,
1788489300,29549.5,29552.5,29544.25,29551.5,,,,
1788489600,29552,29555,29545.5,29546.25,,,,
1788489900,29547,29560.5,29545,29559,,,,
1788490200,29558.75,29568.5,29555.5,29565.5,,,,
1788490500,29565.5,29566.5,29561.75,29564.75,,,,
1788490800,29565,29566.75,29561.25,29563.25,,,,
1788491100,29562.75,29565.5,29560.75,29562.5,,,,
1788491400,29563,29563.5,29557,29560,,,,
1788491700,29560.5,29577.75,29559.5,29576.5,,,,
1788492000,29576.25,29578.25,29563,29566,,,,
1788492300,29566.5,29571.5,29564,29569,,,,
1788492600,29569.5,29577.25,29568.25,29576.25,,,,
1788492900,29575.5,29579.5,29574,29577,,,,
1788493200,29577.25,29578.25,29566.25,29568.25,,,,
1788493500,29567.75,29570.75,29563.5,29570.5,,,,
1788493800,29570.5,29573.5,29568.5,29571,,,,
1788494100,29570.5,29573.25,29569,29570.25,,,,
1788494400,29571,29572.5,29556.25,29559.75,,,,
1788494700,29560,29566.25,29557,29566,,,,
1788495000,29566.5,29577.75,29563,29575.5,,,,
1788495300,29576,29576.25,29567.25,29568.75,,,,
1788495600,29568.25,29584.75,29567.5,29582.75,,,,
1788495900,29583,29595,29578.5,29593.25,,,,
1788496200,29593.25,29601,29591.25,29599.75,,,,
1788496500,29599.5,29599.75,29587,29587.5,,,,
1788496800,29587.75,29589.25,29585.25,29587.75,,,,
1788497100,29588,29590.5,29582.5,29583.5,,,,
1788497400,29584,29589,29582.75,29587,,,,
1788497700,29587.5,29599.5,29586,29597.25,,,,
1788498000,29597.75,29606,29593.25,29599.5,,,,
1788498300,29599.75,29615.75,29599.25,29612,,,,
1788498600,29611.5,29623.5,29608.5,29620.75,,,,
1788498900,29621.25,29643,29620.5,29640.75,,,,
1788499200,29641.5,29643.5,29630,29635.5,,,,
1788499500,29635.5,29639,29620.75,29622.25,,,,
1788499800,29622.25,29625.5,29617,29623,,,,
1788500100,29623.25,29623.5,29613.25,29618,,,,
1788500400,29618.25,29620.25,29606,29609.75,,,,
1788500700,29609.25,29613,29600.25,29601.25,,,,
1788501000,29600.75,29601.25,29591.5,29600,,,,
1788501300,29600,29621.75,29596.75,29619.5,,,,
1788501600,29620,29635.5,29617,29625.25,,,,
1788501900,29624.75,29631.75,29621.5,29628.75,,,,
1788502200,29628.75,29644.25,29627.75,29641.5,,,,
1788502500,29641.25,29642.25,29622.25,29630.25,,,,
1788502800,29630.75,29642.25,29629.25,29633.5,,,,
1788503100,29633,29640.75,29628.5,29631,,,,
1788503400,29631.25,29633,29607.25,29608.25,,,,
1788503700,29608.5,29610,29598,29601,,,,
1788504000,29601.25,29613,29595,29603.5,,,,
1788504300,29604,29604.75,29587.5,29591,,,,
1788504600,29591,29591,29578.5,29584,,,,
1788504900,29584.5,29585.5,29573.75,29576,,,,
1788505200,29577.25,29598.5,29575,29594.5,,,,
1788505500,29593.75,29605,29584,29604.75,,,,
1788505800,29605,29623.75,29603.25,29619.75,,,,
1788506100,29619.5,29622.25,29606,29617.25,,,,
1788506400,29618.75,29622.75,29613.5,29617.25,,,,
1788506700,29617.25,29637.25,29608.75,29636.25,,,,
1788507000,29635.5,29647.25,29634,29643.5,,,,
1788507300,29643.25,29647,29627.75,29639.75,,,,
1788507600,29639.25,29652.25,29637,29648,,,,
1788507900,29647,29658.75,29643,29657,,,,
1788508200,29656.75,29658.25,29646.25,29647.5,,,,
1788508500,29648,29654.75,29641,29653,,,,
1788508800,29653.75,29663,29634.75,29649.5,,,,
1788509100,29649.25,29669.25,29642.5,29657.5,,,,
1788509400,29658,29667.25,29648.25,29650.5,,,,
1788509700,29651,29656.25,29646.25,29653,,,,
1788510000,29653.25,29664.75,29643.5,29645,,,,
1788510300,29646,29672.25,29644.75,29670,,,,
1788510600,29670.25,29673,29654.25,29657,,,,
1788510900,29657.5,29660.25,29643.25,29649.75,,,,
1788511200,29649.75,29660.5,29645.25,29658.5,,,,
1788511500,29658.25,29662.5,29649.25,29650.25,,,,
1788511800,29650.25,29663.5,29647,29658.5,,,,
1788512100,29659.25,29665.75,29654,29658.5,,,,
1788512400,29657.5,29658.25,29645.25,29646.5,,,,
1788512700,29646,29654,29638.75,29643,,,,
1788513000,29643.25,29643.75,29626.25,29628.5,,,,
1788513300,29629,29643.25,29625.5,29640.75,,,,
1788513600,29641.25,29641.75,29616.25,29620,,,,
1788513900,29621,29628.5,29616.5,29625,,,,
1788514200,29625,29635.25,29618.25,29630.5,,,,
1788514500,29630,29638.25,29629.5,29637.25,,,,
1788514800,29637.75,29646.5,29636,29643,,,,
1788515100,29644,29653.5,29642.75,29651,,,,
1788515400,29651,29661,29643,29656.25,,,,
1788515700,29655.5,29661.75,29649.5,29657.25,,,,
1788516000,29656.75,29668.75,29654.25,29662.5,,,,
1788516300,29662.25,29664,29654.75,29661,,,,
1788516600,29659.75,29666,29655,29661.25,,,,
1788516900,29662,29667.25,29659,29666,,,,
1788517200,29666.25,29670.5,29660.75,29669.25,,,,
1788517500,29669.25,29686,29664.25,29677.75,,,,
1788517800,29677.5,29681,29669.75,29671.5,,,,
1788518100,29672,29682.25,29668.5,29681.5,,,,
1788518400,29681.75,29684.25,29673,29679.75,,,,
1788518700,29680.5,29698.5,29679,29683.75,,,,
1788519000,29684,29685.75,29676,29682.5,,,,
1788519300,29683.25,29685,29677.5,29681,,,,
1788519600,29681.25,29686.25,29650.75,29656.5,,,,
1788519900,29656.5,29664,29651.5,29651.75,,,,
1788520200,29651.5,29664.25,29650.5,29659.75,,,,
1788520500,29660.5,29666.75,29656.75,29658.75,,,,
1788520800,29658.5,29669.5,29655.75,29663.25,,,,
1788521100,29662.5,29676.75,29660.5,29663.25,,,,
1788521400,29663.75,29675.75,29661.25,29668.5,,,,
1788521700,29669.25,29676.5,29667,29669.75,,,,
1788522000,29669.75,29675.5,29666.5,29671.5,,,,
1788522300,29671.25,29679,29666.75,29677,,,,
1788522600,29676.75,29684.75,29676,29682,,,,
1788522900,29682,29689.5,29678.5,29681.75,,,,
1788523200,29682.25,29686.75,29654.5,29657,,,,
1788523500,29655.75,29666,29627.25,29660.5,,,,
1788523800,29661,29663.25,29636.75,29642.5,,,,
1788524100,29643,29657.5,29631.75,29655.5,,,,
1788524400,29656.25,29669,29654.75,29667.5,,,,
1788524700,29667,29700,29634.25,29678,,,,
1788525000,29676.25,29720,29532.5,29553.75,,,,
1788525300,29553.5,29574.75,29540,29556.25,,,,
1788525600,29555.5,29589,29544.75,29556.75,,,,
1788525900,29557.25,29557.75,29502,29518.25,,,,
1788526200,29517.75,29548.25,29515.25,29529.75,,,,
1788526500,29529.5,29550.5,29518,29546.5,,,,
1788526800,29546.5,29551.75,29523,29537,,,,
1788527100,29537,29556.75,29531.75,29533.5,,,,
1788527400,29534,29550.75,29527.5,29548.75,,,,
1788527700,29548.5,29564.5,29547,29563,,,,
1788528000,29563.25,29587,29561.5,29584.25,,,,
1788528300,29583.5,29591.75,29571.75,29588.5,,,,
1788528600,29588.5,29635,29553.75,29634,,,,
1788528900,29634,29645.25,29611,29628.25,,,,
1788529200,29628.5,29645,29596.75,29616.5,,,,
1788529500,29615.75,29650,29577.5,29634,,,,
1788529800,29634.5,29665,29609.25,29659.75,,,,
1788530100,29660.25,29692,29651.75,29691.25,,,,
1788530400,29691,29691.25,29654,29668.5,,,,
1788530700,29668.25,29675.75,29641,29644.25,,,,
1788531000,29644.75,29654.5,29594,29648.25,,,,
1788531300,29648.25,29649.75,29600,29601.25,,,,
1788531600,29601.5,29612.5,29579.25,29596,,,,
1788531900,29595.5,29602.75,29564,29595.75,,,,
1788532200,29596,29598.25,29554.75,29559,,,,
1788532500,29559.25,29590,29558,29588,,,,
1788532800,29587.75,29587.75,29530,29533.5,,,,
1788533100,29533,29544.25,29510,29511,,,,
1788533400,29510.5,29535.5,29509,29516.75,,,,
1788533700,29516.25,29530.25,29498.5,29520.75,,,,
1788534000,29520.5,29529.5,29491,29516.25,,,,
1788534300,29515.5,29531.75,29503.25,29526,,,,
1788534600,29525.5,29541,29510.5,29540.25,,,,
1788534900,29541,29543.5,29493.75,29501.25,,,,
1788535200,29501,29510.5,29483.25,29502.75,,,,
1788535500,29502.75,29512.5,29495.25,29507.25,,,,
1788535800,29507,29510.75,29477.75,29491.75,,,,
1788536100,29491.25,29507.25,29490.25,29501.5,,,,
1788536400,29501.75,29524.5,29497.75,29520.5,,,,
1788536700,29519.75,29522.5,29487,29501.75,,,,
1788537000,29501.5,29516.25,29494.75,29504,,,,
1788537300,29504,29519,29497.25,29515.25,,,,
1788537600,29514.75,29520.25,29504,29514.25,,,,
1788537900,29513.75,29536.5,29507.75,29532,,,,
1788538200,29532.25,29552.5,29527.5,29547.75,,,,
1788538500,29547.75,29548.25,29535.5,29544,,,,
1788538800,29544,29565.25,29544,29554.25,,,,
1788539100,29554.25,29560.75,29546.25,29554,,,,
1788539400,29553.75,29571.5,29548.5,29570.75,,,,
1788539700,29570.75,29574,29557.25,29562,,,,
1788540000,29562.25,29569,29557.25,29568,,,,
1788540300,29568.25,29589.75,29564.5,29587.5,,,,
1788540600,29587.25,29596,29584.5,29585.25,,,,
1788540900,29585,29588.5,29575,29575.75,,,,
1788541200,29576,29580.5,29544.75,29550.75,,,,
1788541500,29550.75,29560.5,29538.5,29539.5,,,,
1788541800,29539.75,29547,29531.25,29535.25,,,,
1788542100,29535,29543.5,29526.5,29531.25,,,,
1788542400,29531.5,29535.75,29516.25,29518.5,,,,
1788542700,29518,29527,29504.25,29508,,,,
1788543000,29508.25,29508.75,29485.25,29493.25,,,,
1788543300,29493.75,29501.25,29489,29495.25,,,,
1788543600,29495,29495.75,29474.5,29478.5,,,,
1788543900,29479,29492.5,29468.25,29484.25,,,,
1788544200,29483.75,29495.75,29481.25,29486,,,,
1788544500,29486.5,29498.75,29480.5,29491.5,,,,
1788544800,29491.5,29498,29472.25,29476.25,,,,
1788545100,29477.25,29490,29471.25,29489.25,,,,
1788545400,29489.5,29497.25,29485.5,29488.5,,,,
1788545700,29488.25,29506.5,29484.5,29505,,,,
1788546000,29505,29515,29501.25,29506.25,,,,
1788546300,29506.5,29511.75,29501.75,29510.75,,,,
1788546600,29511,29518.75,29510.75,29517.5,,,,
1788546900,29517.5,29519.5,29504.5,29511.25,,,,
1788547200,29511,29524.5,29504.5,29521.25,,,,
1788547500,29520.75,29528.5,29520.25,29527.5,,,,
1788547800,29527.5,29531,29521.25,29528.75,,,,
1788548100,29528.75,29542.5,29525.25,29538.5,,,,
1788548400,29538.5,29544.25,29509.25,29512.25,,,,
1788548700,29512.5,29518.5,29506.25,29509.5,,,,
1788549000,29509.5,29519.5,29506.75,29511.25,,,,
1788549300,29511.25,29521.75,29510.5,29514.75,,,,
1788549600,29515.25,29524.75,29513.75,29522.75,,,,
1788549900,29522.75,29531.75,29521,29526.5,,,,
1788550200,29526.25,29540,29517.25,29537.75,,,,
1788550500,29538,29547.25,29527,29533.75,,,,
1788550800,29534,29542.25,29530.25,29540.5,,,,
1788551100,29540.75,29553.25,29540,29551.25,,,,
1788551400,29551.25,29578.75,29551,29576.5,,,,
1788551700,29576.25,29587,29558.25,29568.5,,,,
1788552000,29568.25,29569.25,29543.75,29544,,,,
1788552300,29544,29545.75,29529.5,29533.75,,,,
1788552600,29535,29547,29534,29541.25,,,,
1788552900,29541.5,29544,29537.25,29538.5,,,,
1788553200,29538.75,29540,29527.5,29532,,,,
1788553500,29531.75,29535,29530,29532,,,,
1788553800,29531.75,29532.5,29514,29518.75,,,,
1788554100,29518.75,29530,29516.5,29524.25,,,,
1788554400,29524.5,29531.25,29523.5,29529.75,,,,
1788554700,29530.25,29532.5,29525,29525.75,,,,
1788555000,29526.25,29530.75,29524.5,29529,,,,
1788555300,29529,29529,29519.5,29524.75,,,,
1788732000,29534.5,29595.25,29530.25,29580.75,,,,
1788732300,29580.75,29587.75,29572.5,29578.5,,,,
1788732600,29579,29582.75,29576.25,29578.75,,,,
1788732900,29578,29584.75,29575.5,29578,,,,
1788733200,29578,29581,29576.25,29578.5,,,,
1788733500,29578,29583.5,29577.5,29578.75,,,,
1788733800,29578.75,29584.75,29577.25,29578.25,,,,
1788734100,29579.75,29582.5,29576.5,29581.5,,,,
1788734400,29581.5,29583.75,29579.25,29580.75,,,,
1788734700,29580.25,29583,29579.5,29581,,,,
1788735000,29580.75,29583.25,29579,29581,,,,
1788735300,29580.25,29581,29576.25,29576.5,,,,
1788735600,29576.25,29580,29573.25,29574.75,,,,
1788735900,29574.5,29579.25,29567.75,29569,,,,
1788736200,29570,29571.25,29563,29564,,,,
1788736500,29564,29577.5,29561,29572.25,,,,
1788736800,29572.25,29574,29550.25,29551.25,,,,
1788737100,29551,29551.75,29542.5,29543.25,,,,
1788737400,29543.75,29552.75,29541.25,29545.25,,,,
1788737700,29544.75,29580.75,29544.25,29572,,,,
1788738000,29572.25,29577.5,29564,29574,,,,
1788738300,29574.5,29582.5,29565.5,29575,,,,
1788738600,29575.25,29577.5,29562.5,29564.25,,,,
1788738900,29564.75,29566.5,29547,29558,,,,
1788739200,29557.75,29565.75,29545,29547.75,,,,
1788739500,29548.25,29583.5,29545,29571.5,,,,
1788739800,29571.75,29583,29566.5,29571.5,,,,
1788740100,29571.25,29577.5,29560.25,29564.75,,,,
1788740400,29564.5,29566.75,29556,29558.75,,,,
1788740700,29558.5,29578.75,29558.25,29564.25,,,,
1788741000,29564,29569.5,29556.25,29560,,,,
1788741300,29560.5,29566,29546.75,29552.5,,,,
1788741600,29552.5,29571.5,29550.75,29563.25,,,,
1788741900,29564.25,29574,29560.25,29565,,,,
1788742200,29565.75,29566,29548.25,29558.75,,,,
1788742500,29558.5,29559.25,29535.5,29538,,,,
1788742800,29537.75,29568.25,29532.5,29568.25,,,,
1788743100,29567.75,29572.75,29539.25,29545.75,,,,
1788743400,29546.5,29557.75,29546.25,29555.25,,,,
1788743700,29554.75,29561.75,29547.5,29557,,,,
1788744000,29557.25,29563.75,29544.25,29563.25,,,,
1788744300,29562.75,29580,29555.75,29578.75,,,,
1788744600,29578.75,29597.5,29567.75,29585.5,,,,
1788744900,29586.25,29593.75,29580.25,29592.25,,,,
1788745200,29592.75,29593.5,29578.75,29584,,,,
1788745500,29584.5,29587.5,29579,29581.75,,,,
1788745800,29581.75,29590.25,29577.25,29585.25,,,,
1788746100,29585.25,29595,29584,29594,,,,
1788746400,29594.5,29596.25,29575.25,29580.75,,,,
1788746700,29580.5,29585.25,29576.25,29584.5,,,,
1788747000,29584,29586.5,29577.75,29585.25,,,,
1788747300,29584.75,29591.75,29581,29583.5,,,,
1788747600,29583.5,29584.5,29572,29577,,,,
1788747900,29577.25,29591.5,29575,29587,,,,
1788748200,29587.25,29605.5,29586.5,29604.75,,,,
1788748500,29605,29614.75,29604.5,29614,,,,
1788748800,29613.5,29622,29606.5,29607,,,,
1788749100,29607.5,29608.5,29600.75,29606.25,,,,
1788749400,29606,29606.25,29589.25,29592.5,,,,
1788749700,29592,29592.5,29576.25,29583.25,,,,
1788750000,29583,29584.75,29573.5,29579.5,,,,
1788750300,29579,29583.25,29573.5,29580.5,,,,
1788750600,29580,29583.75,29572.25,29581,,,,
1788750900,29581,29583.5,29577.25,29582.5,,,,
1788751200,29582.75,29595.75,29580.25,29588.5,,,,
1788751500,29588.5,29604.25,29587.25,29600.5,,,,
1788751800,29600,29623,29594.5,29620.25,,,,
1788752100,29620.5,29622.25,29605,29608.25,,,,
1788752400,29608.25,29611.75,29590,29591,,,,
1788752700,29591.25,29604.5,29587.25,29601,,,,
1788753000,29601.5,29603.25,29589.25,29594.75,,,,
1788753300,29594.75,29595,29583.5,29586.75,,,,
1788753600,29586.5,29587,29576,29578.5,,,,
1788753900,29578,29592.75,29577.75,29591.75,,,,
1788754200,29592.25,29596.75,29586,29590.5,,,,
1788754500,29591,29591.5,29579,29582.75,,,,
1788754800,29583,29585.5,29573.75,29576,,,,
1788755100,29576.25,29584.75,29576.25,29584.75,,,,
1788755400,29584.75,29587.5,29573,29579.25,,,,
1788755700,29579,29580.75,29569.5,29577.25,,,,
1788756000,29577.25,29581.5,29575.75,29579,,,,
1788756300,29578.75,29584.25,29578,29579.75,,,,
1788756600,29580,29586.75,29579,29585.5,,,,
1788756900,29585.25,29600.25,29584,29597.75,,,,
1788757200,29598,29602.5,29590.5,29601,,,,
1788757500,29601,29601,29587.5,29592.25,,,,
1788757800,29591.25,29595.5,29579.5,29584.5,,,,
1788758100,29584.75,29601,29577.5,29598.75,,,,
1788758400,29599,29605.75,29594.5,29604.75,,,,
1788758700,29605.25,29615.25,29603.5,29611.75,,,,
1788759000,29611.5,29620.75,29609.25,29614,,,,
1788759300,29614.75,29621.5,29609,29611.25,,,,
1788759600,29611.25,29637.5,29608.25,29636,,,,
1788759900,29636.5,29639.25,29630.5,29631.5,,,,
1788760200,29631.75,29632,29616.5,29623.5,,,,
1788760500,29622.75,29623.5,29606.5,29610.5,,,,
1788760800,29610.5,29628.5,29608.5,29625.25,,,,
1788761100,29625,29629.25,29612,29621,,,,
1788761400,29621.5,29644,29619.75,29641.75,,,,
1788761700,29641.25,29645,29631.75,29642,,,,
1788762000,29641.25,29655.5,29636,29654.25,,,,
1788762300,29654.25,29655,29642,29652.5,,,,
1788762600,29652.75,29673.25,29648.5,29673,,,,
1788762900,29673,29675.75,29663.5,29674,,,,
1788763200,29674.25,29682,29661.75,29663.75,,,,
1788763500,29663.75,29664.5,29648,29650.25,,,,
1788763800,29650.25,29663.25,29645.75,29660.25,,,,
1788764100,29660.75,29665.5,29653.75,29663.25,,,,
1788764400,29663.75,29680,29655.75,29673,,,,
1788764700,29673.75,29683.75,29668.75,29674.25,,,,
1788765000,29674,29677.75,29664,29666,,,,
1788765300,29666.5,29668.5,29651,29654.75,,,,
1788765600,29654,29659.75,29649.25,29657.75,,,,
1788765900,29657.75,29660,29635.5,29637.5,,,,
1788766200,29637.5,29645.75,29632,29641.25,,,,
1788766500,29641,29650.5,29636.5,29638.75,,,,
1788766800,29638.75,29642,29617,29627,,,,
1788767100,29627,29648.5,29622,29648.25,,,,
1788767400,29648,29659.75,29638,29643.75,,,,
1788767700,29643,29661.75,29642.75,29657.25,,,,
1788768000,29658,29662.75,29644.5,29655.5,,,,
1788768300,29655.75,29664.5,29651,29658.75,,,,
1788768600,29659,29659,29637.75,29646.5,,,,
1788768900,29646.5,29660.25,29644.25,29656.75,,,,
1788769200,29656.25,29661.5,29647,29651.75,,,,
1788769500,29651.75,29657.5,29650.25,29654.75,,,,
1788769800,29655,29662.25,29649.25,29654.25,,,,
1788770100,29653.75,29663.75,29651.75,29657.25,,,,
1788770400,29657.75,29658.25,29642.5,29644.75,,,,
1788770700,29645,29652.25,29636,29649,,,,
1788771000,29648.5,29654.25,29646,29650.25,,,,
1788771300,29650.75,29653.75,29641.5,29644.75,,,,
1788771600,29644.5,29654.25,29644,29650,,,,
1788771900,29649.75,29650.25,29642,29644,,,,
1788772200,29643.5,29648,29636.25,29638,,,,
1788772500,29637.75,29639.75,29622.5,29625.25,,,,
1788772800,29625.25,29627.5,29614,29616.25,,,,
1788773100,29617.5,29622.25,29616.25,29617,,,,
1788773400,29617.25,29620.75,29607,29609.5,,,,
1788773700,29610.25,29619.5,29601.5,29617,,,,
1788774000,29617.25,29625.25,29616,29620.25,,,,
1788774300,29619.25,29623.5,29616,29616,,,,
1788774600,29616.75,29620,29610,29619.25,,,,
1788774900,29618.75,29619.5,29603,29606.75,,,,
1788775200,29607.25,29619.25,29607,29615,,,,
1788775500,29615,29617.25,29605,29613,,,,
1788775800,29613,29617.75,29610.25,29616.75,,,,
1788776100,29616.5,29620.75,29615,29618.25,,,,
1788776400,29618.25,29620.75,29610.75,29615.5,,,,
1788776700,29615,29617.75,29611.5,29613.5,,,,
1788777000,29613.25,29618.5,29608,29611,,,,
1788777300,29611,29612.5,29603,29610,,,,
1788777600,29609.5,29617,29608,29610.25,,,,
1788777900,29610,29611.75,29588.75,29592.5,,,,
1788778200,29592.5,29600.75,29581.25,29582.75,,,,
1788778500,29582.25,29587.5,29568.5,29575.75,,,,
1788778800,29575.25,29580.25,29552.75,29567.5,,,,
1788779100,29569.25,29579.75,29547.75,29552,,,,
1788779400,29552.25,29572.75,29549,29570,,,,
1788779700,29569.25,29571.5,29556,29562.5,,,,
1788780000,29562.75,29564.5,29535,29539.5,,,,
1788780300,29539.25,29548.5,29534,29547.5,,,,
1788780600,29547.25,29562.25,29543,29548.75,,,,
1788780900,29548.75,29559.5,29539.5,29557.75,,,,
1788781200,29557.75,29567,29554.75,29556,,,,
1788781500,29556.25,29563,29554,29559,,,,
1788781800,29558.75,29561.75,29551.25,29554,,,,
1788782100,29554,29557.75,29543.5,29544.5,,,,
1788782400,29545,29552,29542.75,29548.5,,,,
1788782700,29549,29566.75,29548.75,29552.75,,,,
1788783000,29552,29556.75,29540.5,29542.75,,,,
1788783300,29543,29545.5,29538.25,29544.5,,,,
1788783600,29543.75,29550.25,29536,29549.5,,,,
1788783900,29550,29551.75,29544.25,29549.75,,,,
1788784200,29549,29560,29548.5,29550.25,,,,
1788784500,29550,29563.25,29547.75,29560.5,,,,
1788784800,29560,29565,29552.75,29559.75,,,,
1788785100,29560,29570.75,29559.25,29567.75,,,,
1788785400,29567.25,29590,29567,29586.75,,,,
1788785700,29587,29589.75,29579,29588.5,,,,
1788786000,29588.75,29589.25,29576.25,29587,,,,
1788786300,29587.25,29599,29584.75,29598.5,,,,
1788786600,29598,29614,29596.5,29612.25,,,,
1788786900,29612.5,29613,29596.5,29603,,,,
1788787200,29603.25,29621.25,29603.25,29621,,,,
1788787500,29621,29631.25,29607.25,29615,,,,
1788787800,29613.75,29646,29612.25,29626.75,,,,
1788788100,29626.75,29629.25,29604,29607.75,,,,
1788788400,29608.5,29623.25,29602.75,29620.25,,,,
1788788700,29620,29632.25,29615,29627,,,,
1788789000,29627.75,29629.75,29617.5,29625.75,,,,
1788789300,29625.75,29628,29613,29619,,,,
1788789600,29618.75,29637.5,29608.5,29610,,,,
1788789900,29610.5,29624.5,29607.5,29609.75,,,,
1788790200,29610,29618,29603.75,29609.5,,,,
1788790500,29609.75,29615.75,29605.25,29607,,,,
1788790800,29606.75,29615,29601.5,29604,,,,
1788791100,29604,29613,29603.75,29611.5,,,,
1788791400,29611.5,29613.25,29603,29604,,,,
1788791700,29604.25,29627,29600.25,29626,,,,
1788792000,29625.75,29632.75,29613.75,29629.75,,,,
1788792300,29629.5,29629.75,29620.5,29625,,,,
1788792600,29624.75,29626,29617.5,29623.5,,,,
1788792900,29623.75,29624.25,29590.5,29592,,,,
1788793200,29592,29610,29590.75,29599.25,,,,
1788793500,29599.25,29603.75,29585.5,29595,,,,
1788793800,29594.5,29595.75,29583.5,29588.25,,,,
1788794100,29587.75,29593.25,29582,29586.75,,,,
1788794400,29586.5,29586.75,29569.75,29572,,,,
1788794700,29572.25,29585,29563.75,29577.75,,,,
1788795000,29578,29592.5,29575.25,29583.5,,,,
1788795300,29584.25,29595,29580,29588.25,,,,
1788795600,29588,29588.75,29576.75,29585.5,,,,
1788795900,29585,29588.25,29577,29586.75,,,,
1788796200,29587,29591,29584.75,29587.5,,,,
1788796500,29587,29593,29581.75,29593,,,,
1788796800,29593,29604,29588.5,29599.25,,,,
1788797100,29599.5,29600.25,29593,29594.5,,,,
1788797400,29594.75,29608.25,29592.75,29605.75,,,,
1788797700,29606,29612.25,29604.75,29607.5,,,,
1788798000,29608,29612,29594.5,29596.5,,,,
1788798300,29596.25,29597,29590.25,29595.25,,,,
1788798600,29595,29606.5,29591.75,29605.75,,,,
1788798900,29605.25,29611.75,29603.25,29607.25,,,,
1788799200,29608,29611.5,29606.25,29607.25,,,,
1788799500,29607.25,29609.5,29601.75,29603.5,,,,
1788799800,29603.25,29612.25,29601.75,29605.25,,,,
1788800100,29606,29615,29600,29604.25,,,,
1788818400,29610.25,29623.25,29584.5,29592.25,,,,
1788818700,29592.25,29596.25,29573,29588.75,,,,
1788819000,29589,29589.5,29580,29582.75,,,,
1788819300,29582.75,29590,29573,29574,,,,
1788819600,29573.75,29578.25,29567.5,29571.5,,,,
1788819900,29570.75,29571.25,29555,29557.25,,,,
1788820200,29556.75,29556.75,29547,29549.75,,,,
1788820500,29549.25,29552.25,29540.25,29548.5,,,,
1788820800,29548,29561.5,29546.5,29556.75,,,,
1788821100,29557,29558,29544,29553,,,,
1788821400,29552.75,29557,29548.5,29556.5,,,,
1788821700,29556.75,29561.75,29554.5,29557.25,,,,
1788822000,29557,29558.5,29546,29546.75,,,,
1788822300,29546.25,29552.5,29541.25,29552,,,,
1788822600,29551.75,29555,29546.25,29547.5,,,,
1788822900,29547.5,29550,29521.75,29538.25,,,,
1788823200,29538.75,29546.5,29531,29538,,,,
1788823500,29537.5,29545.75,29535.75,29541,,,,
1788823800,29541.75,29544.75,29533.25,29542.75,,,,
1788824100,29542.75,29576.5,29542.75,29568.25,,,,
1788824400,29568.5,29589.25,29560.5,29585.75,,,,
1788824700,29586.5,29598.75,29580.25,29596.5,,,,
1788825000,29597.25,29597.5,29580.75,29591.25,,,,
1788825300,29591.25,29591.5,29575.75,29584.25,,,,
1788825600,29583.75,29606.25,29571.25,29591,,,,
1788825900,29591.25,29604.5,29589,29598.5,,,,
1788826200,29598.75,29605.5,29588,29592.5,,,,
1788826500,29592.75,29616.5,29577.5,29608.75,,,,
1788826800,29609,29618.75,29581.5,29597.5,,,,
1788827100,29597.5,29629.75,29591.25,29628.25,,,,
1788827400,29627.5,29641,29620.75,29638,,,,
1788827700,29637.75,29639.75,29627,29635,,,,
1788828000,29635.25,29636.5,29625,29632,,,,
1788828300,29632.25,29640,29630,29637,,,,
1788828600,29637.25,29644,29634,29638.5,,,,
1788828900,29638.25,29642.75,29631,29632.25,,,,
1788829200,29632.5,29639.25,29617,29623.25,,,,
1788829500,29622.75,29656.75,29612.5,29656.25,,,,
1788829800,29656.75,29662.5,29639.5,29658.25,,,,
1788830100,29658.5,29659,29646.5,29655.75,,,,
1788830400,29655.75,29661.5,29648.75,29656,,,,
1788830700,29656,29657.75,29645.75,29651.25,,,,
1788831000,29652.25,29666.25,29645,29655.75,,,,
1788831300,29655.5,29687.5,29652,29677,,,,
1788831600,29677.5,29680.25,29671.75,29675,,,,
1788831900,29675,29690,29671.75,29689,,,,
1788832200,29688.5,29697.25,29678,29695,,,,
1788832500,29694.75,29709.75,29694.5,29706,,,,
1788832800,29705.5,29711.75,29695,29695.25,,,,
1788833100,29695.5,29698.25,29688.5,29690.75,,,,
1788833400,29691,29715.5,29689.75,29706.75,,,,
1788833700,29706.5,29714.75,29702.75,29705.5,,,,
1788834000,29705.5,29720,29701.25,29716,,,,
1788834300,29715.5,29721.25,29708.5,29713.25,,,,
1788834600,29713.25,29714.75,29703.25,29705.75,,,,
1788834900,29706,29708.5,29702.25,29705.25,,,,
1788835200,29705.5,29706,29686,29687,,,,
1788835500,29686.5,29697.5,29686.5,29690,,,,
1788835800,29690.5,29691.5,29664.75,29665.5,,,,
1788836100,29665.5,29672,29660.5,29661.5,,,,
1788836400,29661.75,29676.5,29660.25,29665.75,,,,
1788836700,29665.25,29686,29663.5,29684.25,,,,
1788837000,29684.75,29694.5,29682.25,29688.5,,,,
1788837300,29688.5,29703.5,29687.75,29699,,,,
1788837600,29698.75,29705.25,29693,29696.75,,,,
1788837900,29696,29735,29693.25,29732.25,,,,
1788838200,29732.75,29740,29723.25,29726.25,,,,
1788838500,29725.75,29739,29721.75,29735,,,,
1788838800,29734.75,29740.25,29729.5,29730.75,,,,
1788839100,29731.25,29737.75,29726.75,29735.25,,,,
1788839400,29735,29735.25,29726.75,29729.75,,,,
1788839700,29730.5,29748.25,29726.25,29742,,,,
1788840000,29742.5,29744,29730,29733.75,,,,
1788840300,29734.25,29749.25,29733.5,29747.5,,,,
1788840600,29747.25,29747.5,29740,29740.25,,,,
1788840900,29740.25,29745.5,29733.25,29742.75,,,,
1788841200,29742.75,29750,29740,29749,,,,
1788841500,29748.75,29753.25,29740.25,29746.25,,,,
1788841800,29746.25,29750.75,29736.25,29738,,,,
1788842100,29738,29758.75,29727.75,29758,,,,
1788842400,29757.75,29763.75,29750.5,29758.5,,,,
1788842700,29758.5,29764.75,29745.5,29750.75,,,,
1788843000,29751,29754,29741,29744.5,,,,
1788843300,29745.25,29749.75,29730.75,29736.75,,,,
1788843600,29737.5,29739.5,29724,29726.75,,,,
1788843900,29726,29730,29696.5,29700,,,,
1788844200,29700,29700.5,29680,29684.5,,,,
1788844500,29685.5,29716,29675.75,29716,,,,
1788844800,29716,29733.25,29708.75,29712.5,,,,
1788845100,29712.25,29718.75,29678.25,29678.5,,,,
1788845400,29678.75,29680,29645.25,29648,,,,
1788845700,29648,29685.5,29645,29684.5,,,,
1788846000,29684.5,29685.5,29631.5,29636.75,,,,
1788846300,29636.5,29647.25,29632.25,29643.25,,,,
1788846600,29642.5,29644,29614.25,29614.25,,,,
1788846900,29615,29624.25,29610,29611.5,,,,
1788847200,29612,29622.5,29595.5,29611.5,,,,
1788847500,29611.5,29611.5,29588,29604.25,,,,
1788847800,29604.75,29605.75,29581,29589.75,,,,
1788848100,29588.5,29591.5,29549,29549.25,,,,
1788848400,29549.75,29584.75,29546.25,29574.25,,,,
1788848700,29573.25,29587,29567.25,29576.75,,,,
1788849000,29576.25,29588.5,29567.25,29574.75,,,,
1788849300,29575.25,29601.5,29557.5,29600.5,,,,
1788849600,29600,29613,29598,29607.75,,,,
1788849900,29607.75,29620.75,29605.75,29608.75,,,,
1788850200,29608.75,29613.5,29580.25,29586.75,,,,
1788850500,29586.5,29603.5,29586,29600.25,,,,
1788850800,29600.25,29615,29586,29613.5,,,,
1788851100,29612.75,29639.25,29604,29605.5,,,,
1788851400,29605.25,29619.75,29598.75,29609,,,,
1788851700,29608,29616.5,29595.75,29615,,,,
1788852000,29615.75,29625.75,29596,29625.75,,,,
1788852300,29626,29629.25,29615.75,29623.75,,,,
1788852600,29623.5,29625,29585,29589.25,,,,
1788852900,29589,29595,29563.25,29563.5,,,,
1788853200,29564.25,29574.25,29550,29563.25,,,,
1788853500,29563.5,29567.5,29553.25,29562.25,,,,
1788853800,29561.25,29563,29534.5,29538.75,,,,
1788854100,29538.75,29554,29529.5,29535,,,,
1788854400,29534.75,29542.25,29482.5,29486.5,,,,
1788854700,29487,29534.75,29483.75,29495.25,,,,
1788855000,29495,29513,29478.5,29512.75,,,,
1788855300,29513,29530.5,29510.5,29513.75,,,,
1788855600,29513.75,29518.5,29496,29510.5,,,,
1788855900,29511.25,29526.75,29498,29499.5,,,,
1788856200,29499.5,29526,29490.5,29522.75,,,,
1788856500,29521.75,29522.75,29492.75,29504.25,,,,
1788856800,29504.75,29511.75,29496.75,29502,,,,
1788857100,29502,29532.25,29488.5,29507.25,,,,
1788857400,29507.5,29512.75,29490,29502.5,,,,
1788857700,29502.75,29509.75,29494,29506.5,,,,
1788858000,29507.25,29516.5,29483,29510,,,,
1788858300,29509.75,29529.25,29507.5,29529,,,,
1788858600,29529.25,29546.5,29524,29546,,,,
1788858900,29545.75,29546.5,29529.75,29535,,,,
1788859200,29534.25,29545.25,29528.75,29544.5,,,,
1788859500,29544.5,29548.5,29535,29547.5,,,,
1788859800,29547.5,29567,29542.5,29561.75,,,,
1788860100,29562.5,29575.5,29557.5,29574,,,,
1788860400,29573.5,29587,29563,29568,,,,
1788860700,29568.5,29586.5,29566.5,29584,,,,
1788861000,29584.75,29592,29581,29588.5,,,,
1788861300,29588.25,29600.5,29585.25,29599.75,,,,
1788861600,29600,29600.5,29583.25,29588,,,,
1788861900,29587.25,29591,29579,29582,,,,
1788862200,29581.5,29587.25,29572.75,29585.25,,,,
1788862500,29584.5,29598.5,29581.5,29597.5,,,,
1788862800,29598,29649,29595.25,29605.75,,,,
1788863100,29606.5,29612.5,29601.25,29607,,,,
1788863400,29608.5,29608.5,29581.75,29588.5,,,,
1788863700,29589.25,29597.75,29586.5,29594.25,,,,
1788864000,29594.5,29597,29586.5,29592.75,,,,
1788864300,29592,29592.75,29566.5,29568.5,,,,
1788864600,29569.25,29572.75,29546,29561.75,,,,
1788864900,29561,29577,29560.75,29568.5,,,,
1788865200,29568,29580.75,29560,29570.75,,,,
1788865500,29570.5,29582.5,29538.25,29559.5,,,,
1788865800,29560,29560.5,29534,29547.75,,,,
1788866100,29547.25,29574.75,29545,29574.5,,,,
1788866400,29574.5,29577.75,29554.5,29566.5,,,,
1788866700,29566.5,29571.5,29558.25,29562.75,,,,
1788867000,29563.75,29577,29556.25,29571,,,,
1788867300,29571.75,29572.75,29558.75,29559.25,,,,
1788867600,29558.5,29562.25,29546.25,29546.75,,,,
1788867900,29547,29553.5,29539,29546.5,,,,
1788868200,29546,29572.25,29545.75,29570.75,,,,
1788868500,29570.5,29601.75,29570.5,29601.25,,,,
1788868800,29600.75,29601,29573.5,29581.25,,,,
1788869100,29580.75,29589.5,29570.75,29587.25,,,,
1788869400,29587.25,29587.5,29551.25,29555.75,,,,
1788869700,29555,29580.5,29548.5,29578.25,,,,
1788870000,29578.75,29586.5,29567.5,29578.75,,,,
1788870300,29579.75,29596,29579.75,29595.5,,,,
1788870600,29595.25,29626.5,29590.75,29620.25,,,,
1788870900,29620,29627.25,29608,29616.5,,,,
1788871200,29616,29621,29604.75,29615.5,,,,
1788871500,29615.25,29629.5,29603.75,29625.75,,,,
1788871800,29625.75,29638,29621.5,29637.75,,,,
1788872100,29637.5,29654.5,29629.75,29653.75,,,,
1788872400,29653.5,29655,29634.25,29648,,,,
1788872700,29647.75,29656.25,29640.75,29644.75,,,,
1788873000,29645.75,29660.5,29643.25,29658.75,,,,
1788873300,29659.25,29667.5,29651.75,29667,,,,
1788873600,29666.25,29668.25,29652.75,29655,,,,
1788873900,29655,29662.5,29633,29644.5,,,,
1788874200,29645,29686.75,29571.75,29600,,,,
1788874500,29600.25,29613.25,29561.5,29567.5,,,,
1788874800,29567.75,29573.5,29466.25,29474.5,,,,
1788875100,29474.25,29527.5,29469.5,29526.75,,,,
1788875400,29527,29527.75,29454.75,29501.25,,,,
1788875700,29501.25,29538.75,29489,29502.75,,,,
1788876000,29503.25,29512.5,29436.25,29484,,,,
1788876300,29484.5,29492,29450.25,29452.75,,,,
1788876600,29452.75,29479.75,29424.5,29462.5,,,,
1788876900,29462.25,29494.75,29458,29479.5,,,,
1788877200,29479.5,29523.75,29475.5,29522,,,,
1788877500,29521,29521.75,29483,29516.5,,,,
1788877800,29516.5,29525.25,29489.5,29522.75,,,,
1788878100,29522.5,29524.5,29497,29507,,,,
1788878400,29507.5,29540,29503.75,29530.5,,,,
1788878700,29530.75,29534.25,29511.5,29527.25,,,,
1788879000,29526.5,29551.75,29523,29549.75,,,,
1788879300,29549.5,29564.25,29539.25,29562.5,,,,
1788879600,29563,29567.5,29549,29557.75,,,,
1788879900,29558,29568.5,29545.25,29556.75,,,,
1788880200,29556.75,29610,29555.5,29603,,,,
1788880500,29603,29624.75,29594,29618.5,,,,
1788880800,29618,29621,29581,29618.25,,,,
1788881100,29618,29640,29605.75,29608.5,,,,
1788881400,29609,29621.5,29600.5,29610.5,,,,
1788881700,29610.5,29613,29595.25,29612,,,,
1788882000,29611.75,29645,29606.5,29641.25,,,,
1788882300,29641.25,29644.25,29606.25,29613.25,,,,
1788882600,29612.75,29627,29607.5,29614,,,,
1788882900,29614,29621.25,29599.25,29604.25,,,,
1788883200,29604.5,29617.75,29596,29617.5,,,,
1788883500,29617.5,29622.5,29588,29590,,,,
1788883800,29590,29595,29577.5,29589.25,,,,
1788884100,29588.75,29589.5,29569,29569.5,,,,
1788884400,29569.25,29592,29562.75,29591.75,,,,
1788884700,29591.5,29605,29566,29568.25,,,,
1788885000,29568.5,29583.75,29560.5,29575.5,,,,
1788885300,29575.75,29583.75,29569.25,29575.75,,,,
1788885600,29575.5,29584.75,29567.75,29575,,,,
1788885900,29575.75,29596,29570.25,29591,,,,
1788886200,29590.75,29609.75,29583,29595.5,,,,
1788886500,29596,29599.5,29549.5,29572.5,,,,
1788886800,29573,29631.5,29571.75,29630.25,,,,
1788887100,29630.5,29641.5,29616.25,29620.5,,,,
1788887400,29620.75,29633,29619.25,29628.25,,,,
1788887700,29628,29633,29620.5,29626,,,,
1788888000,29626,29629.5,29612,29622.75,,,,
1788888300,29623,29624.5,29606.25,29615.75,,,,
1788888600,29616,29632.75,29614.75,29627.5,,,,
1788888900,29627.25,29632,29619.5,29620.5,,,,
1788889200,29620.5,29621,29598,29600,,,,
1788889500,29599.75,29612,29599.5,29606,,,,
1788889800,29605.75,29613.25,29593,29608.5,,,,
1788890100,29608.25,29608.75,29588,29590.25,,,,
1788890400,29590.25,29599.75,29585.5,29598.25,,,,
1788890700,29598,29611.25,29596,29606.5,,,,
1788891000,29606.75,29613.75,29600.75,29604.75,,,,
1788891300,29605.5,29615.75,29603.25,29609.75,,,,
1788891600,29609.75,29614.25,29590,29592,,,,
1788891900,29592,29600,29588.5,29597.25,,,,
1788892200,29597.25,29600.25,29590.5,29591.25,,,,
1788892500,29591.25,29596.75,29580,29584.75,,,,
1788892800,29585,29604.75,29577.5,29603.25,,,,
1788893100,29602.75,29611,29519.5,29545.25,,,,
1788893400,29545,29581.25,29535.75,29575.25,,,,
1788893700,29575,29586.75,29570,29576,,,,
1788894000,29576,29586.5,29560,29569.5,,,,
1788894300,29569,29583.75,29565,29568,,,,
1788894600,29567.75,29580.25,29566.5,29574,,,,
1788894900,29574.5,29579.5,29558.75,29561,,,,
1788895200,29561,29571,29546.25,29550,,,,
1788895500,29550,29568.5,29543.75,29564.25,,,,
1788895800,29564.5,29566.5,29547.25,29563.25,,,,
1788896100,29562.5,29564.5,29549,29555.5,,,,
1788896400,29555.5,29560.5,29543.25,29549.25,,,,
1788896700,29549,29553,29524.25,29545,,,,
1788897000,29545.25,29552,29495,29507.5,,,,
1788897300,29508,29549.5,29500.75,29542.5,,,,
1788897600,29543,29550.75,29507.25,29517,,,,
1788897900,29517,29523.5,29505.5,29520.5,,,,
1788898200,29520,29527.75,29518.75,29524.5,,,,
1788898500,29524.75,29528.75,29513.75,29520.25,,,,
1788898800,29520.25,29526.5,29517.5,29523,,,,
1788899100,29523.5,29527.5,29505.5,29507.5,,,,
1788899400,29507.75,29511,29503.25,29510.75,,,,
1788899700,29510.5,29517.5,29509.75,29514.25,,,,
1788900000,29514,29522.75,29513.25,29521.25,,,,
1788900300,29521.25,29524,29518.25,29520.25,,,,
1788900600,29520.25,29527,29520.25,29524.75,,,,
1788900900,29524.75,29527.5,29520.25,29525.5,,,,
1788904800,29528,29540,29503.25,29534.25,,,,
1788905100,29534.25,29536,29524.5,29526,,,,
1788905400,29526,29527.75,29521.5,29521.75,,,,
1788905700,29521.75,29528.5,29518.75,29524.25,,,,
1788906000,29524,29526.5,29507.75,29517.25,,,,
1788906300,29516.5,29529,29516.5,29521.5,,,,
1788906600,29522,29524.5,29515.75,29522.25,,,,
1788906900,29522,29525.75,29520.25,29524,,,,
1788907200,29524,29530,29524,29526.75,,,,
1788907500,29527.5,29535,29526,29533.75,,,,
1788907800,29533.25,29537.25,29528.75,29534.25,,,,
1788908100,29534.5,29550.25,29533,29544.75,,,,
1788908400,29544.5,29546.25,29532.25,29536,,,,
1788908700,29535.75,29538.5,29532.75,29534,,,,
1788909000,29533.5,29535,29529.25,29531.5,,,,
1788909300,29530.75,29531.5,29518,29525,,,,
1788909600,29524.5,29527.75,29519.25,29526.25,,,,
1788909900,29526.5,29526.75,29512.75,29516,,,,
1788910200,29516,29520,29513,29514.5,,,,
1788910500,29514.25,29514.25,29502,29507.75,,,,
1788910800,29507.25,29512.5,29503.5,29507.5,,,,
1788911100,29507,29512.75,29495.75,29502.5,,,,
1788911400,29502.75,29505.5,29489.75,29490.5,,,,
1788911700,29491,29504,29490.5,29500.25,,,,
1788912000,29500.5,29548.5,29499,29545,,,,
1788912300,29545,29561.5,29535.5,29537.25,,,,
1788912600,29537.25,29551,29532.5,29539.25,,,,
1788912900,29539.5,29540,29516.5,29531,,,,
1788913200,29532,29538,29526.5,29528.5,,,,
1788913500,29528.5,29531.25,29515.75,29525.75,,,,
1788913800,29526.25,29529.75,29509,29521.25,,,,
1788914100,29521,29531.75,29509.25,29528.5,,,,
1788914400,29528.25,29539.75,29516,29537.75,,,,
1788914700,29537.75,29544,29532,29539.25,,,,
1788915000,29539.75,29562.75,29539,29558.25,,,,
1788915300,29558.75,29562.75,29551,29560,,,,
1788915600,29560.25,29573.5,29555.75,29563.5,,,,
1788915900,29563.25,29578.5,29558.5,29578,,,,
1788916200,29577.5,29581.25,29572.5,29575,,,,
1788916500,29574.75,29580.5,29569.25,29578.25,,,,
1788916800,29579.25,29595.75,29575,29594.5,,,,
1788917100,29594,29599.5,29588.5,29589.5,,,,
1788917400,29589.75,29596.25,29575.25,29594.5,,,,
1788917700,29595,29607.5,29594.5,29603,,,,
1788918000,29603.5,29604,29589.5,29593,,,,
1788918300,29593,29608.5,29593,29601.75,,,,
1788918600,29601.5,29601.5,29582,29591,,,,
1788918900,29591,29597,29585,29593,,,,
1788919200,29593.5,29611.5,29590.25,29609.75,,,,
1788919500,29609.25,29610.5,29596.5,29607.25,,,,
1788919800,29607.25,29612.75,29590.75,29593.25,,,,
1788920100,29592.75,29596,29583.5,29590,,,,
1788920400,29590,29603.5,29586.75,29601,,,,
1788920700,29601.25,29604.75,29597,29600.75,,,,
1788921000,29601.25,29606,29596.25,29602.5,,,,
1788921300,29602.75,29606.75,29596.75,29604.75,,,,
1788921600,29605,29625,29605,29620.75,,,,
1788921900,29620.5,29625.5,29614.5,29619.25,,,,
1788922200,29619.5,29621.75,29612.75,29615.75,,,,
1788922500,29615.5,29615.5,29606.75,29611.75,,,,
1788922800,29611.25,29614.25,29591.5,29591.75,,,,
1788923100,29592.25,29595.25,29583.75,29590.25,,,,
1788923400,29590,29600.5,29584.5,29591.25,,,,
1788923700,29591.5,29604,29590.75,29594,,,,
1788924000,29595,29598.75,29589,29594.5,,,,
1788924300,29594.75,29603.5,29589.25,29596.75,,,,
1788924600,29596.25,29604.75,29587.5,29590.75,,,,
1788924900,29590.75,29598.75,29590,29594.5,,,,
1788925200,29594.5,29596.75,29586.25,29590,,,,
1788925500,29590.75,29592.25,29575,29576,,,,
1788925800,29576.25,29581.25,29560.25,29564.5,,,,
1788926100,29564.5,29572,29561,29562.25,,,,
1788926400,29561.75,29584.25,29560.75,29582.25,,,,
1788926700,29582.25,29586,29570,29570,,,,
1788927000,29570.5,29572.25,29549.25,29557,,,,
1788927300,29556.75,29563,29553.25,29558.25,,,,
1788927600,29558,29591.75,29557,29588.25,,,,
1788927900,29587.75,29593,29578.75,29580.25,,,,
1788928200,29580.5,29598.25,29572.75,29596.5,,,,
1788928500,29597,29607,29596.25,29600.75,,,,
1788928800,29600,29608.5,29595.75,29603.5,,,,
1788929100,29603.75,29607.75,29599.25,29607,,,,
1788929400,29607,29614,29601.25,29612,,,,
1788929700,29612.25,29620.25,29612,29614.25,,,,
1788930000,29614.5,29616,29599.5,29605.25,,,,
1788930300,29605,29608.5,29596.75,29606.75,,,,
1788930600,29606.25,29614,29602,29605.5,,,,
1788930900,29604.5,29605.5,29580.75,29582.5,,,,
1788931200,29582,29584,29565.25,29581,,,,
1788931500,29581.25,29590.75,29575,29580.25,,,,
1788931800,29580.75,29592.25,29562,29579.25,,,,
1788932100,29579,29588.25,29572.5,29580.75,,,,
1788932400,29580.75,29589,29574.25,29577,,,,
1788932700,29576.5,29587.5,29573.25,29587.5,,,,
1788933000,29587.25,29607,29584.25,29606.25,,,,
1788933300,29606.5,29621.5,29599.75,29621,,,,
1788933600,29621,29628.5,29615.75,29624,,,,
1788933900,29623.75,29628.75,29604.25,29606.75,,,,
1788934200,29607.25,29631.75,29604.75,29629,,,,
1788934500,29628.75,29634,29626.5,29629,,,,
1788934800,29628.5,29629.25,29612.25,29622,,,,
1788935100,29621,29624.75,29586.75,29592.5,,,,
1788935400,29593,29608,29587,29606.25,,,,
1788935700,29606.5,29614.5,29602.25,29609.5,,,,
1788936000,29609.25,29613.5,29605.75,29612.25,,,,
1788936300,29612,29612.75,29589.25,29594.5,,,,
1788936600,29594.25,29602.5,29582.25,29584,,,,
1788936900,29583.5,29586.5,29577.5,29580.75,,,,
1788937200,29581,29591.5,29560.5,29591.5,,,,
1788937500,29591.25,29603,29589.5,29597,,,,
1788937800,29596,29612,29571.5,29571.5,,,,
1788938100,29572.25,29581,29557.5,29569.25,,,,
1788938400,29568.5,29600.5,29568.25,29593.75,,,,
1788938700,29593.75,29613,29590,29611.75,,,,
1788939000,29611.5,29613.5,29598.25,29603.5,,,,
1788939300,29602.75,29614.25,29591,29596.25,,,,
1788939600,29596.25,29600.5,29589.75,29595.5,,,,
1788939900,29595.75,29597.5,29572.5,29574.5,,,,
1788940200,29574.75,29579,29565.25,29579,,,,
1788940500,29578.25,29591.25,29575.75,29589,,,,
1788940800,29589,29603.25,29576,29597.75,,,,
1788941100,29598,29609.25,29585.25,29591.5,,,,
1788941400,29591,29600.25,29579.5,29582.75,,,,
1788941700,29583.25,29593,29580.75,29587.75,,,,
1788942000,29588,29592.5,29567.5,29569.25,,,,
1788942300,29569.25,29594.75,29566,29588.5,,,,
1788942600,29587.25,29593,29577.5,29578,,,,
1788942900,29577.75,29579,29550.25,29551.75,,,,
1788943200,29551.25,29570.5,29540.5,29542.25,,,,
1788943500,29541.75,29553,29538.75,29548.75,,,,
1788943800,29548.25,29569.25,29545.75,29567.75,,,,
1788944100,29568,29572,29560.75,29564,,,,
1788944400,29564.75,29575.25,29552,29564,,,,
1788944700,29563.75,29567.25,29537.75,29540.5,,,,
1788945000,29540,29553,29532.75,29550.25,,,,
1788945300,29551,29557.75,29543.25,29545.75,,,,
1788945600,29544.75,29545,29515,29518.25,,,,
1788945900,29518.25,29536.25,29517.75,29528.75,,,,
1788946200,29529.25,29539.5,29499.75,29500.5,,,,
1788946500,29501.25,29501.5,29486,29493.75,,,,
1788946800,29493.5,29496,29471.5,29478.5,,,,
1788947100,29478.25,29485.75,29455.5,29462,,,,
1788947400,29462,29466.75,29416,29417,,,,
1788947700,29417,29422,29388.5,29400.5,,,,
1788948000,29400.75,29416.75,29372,29413.75,,,,
1788948300,29413,29424.75,29389.5,29390,,,,
1788948600,29390.25,29413.75,29385,29395.75,,,,
1788948900,29395,29422.5,29383,29420.5,,,,
1788949200,29421,29432.25,29405,29412.75,,,,
1788949500,29412.25,29423.25,29403.75,29418.25,,,,
1788949800,29418.25,29429,29410.75,29421.5,,,,
1788950100,29421.75,29432,29415,29418.5,,,,
1788950400,29418.25,29421.75,29396,29398,,,,
1788950700,29398.25,29402.25,29378.5,29388.75,,,,
1788951000,29388.75,29398.75,29365,29391,,,,
1788951300,29390.75,29404.5,29383.25,29391.25,,,,
1788951600,29391.75,29405.75,29378,29395,,,,
1788951900,29394.75,29415.75,29386,29415.25,,,,
1788952200,29415.5,29430.25,29405.5,29408.5,,,,
1788952500,29409,29410,29377.5,29392.5,,,,
1788952800,29392.75,29425.25,29380,29424.5,,,,
1788953100,29425,29430.75,29414.25,29418,,,,
1788953400,29418.25,29419.5,29392.75,29393.5,,,,
1788953700,29394,29401,29387.25,29399.75,,,,
1788954000,29400.25,29403.5,29375,29377.75,,,,
1788954300,29378.25,29440.5,29376.5,29434.75,,,,
1788954600,29434.75,29451.75,29413,29416.5,,,,
1788954900,29417.25,29418.25,29391.5,29396.5,,,,
1788955200,29396.5,29400.5,29367.25,29372.75,,,,
1788955500,29372.75,29380.75,29359,29366,,,,
1788955800,29366.5,29366.75,29335.5,29337.25,,,,
1788956100,29336.5,29353.75,29332.5,29344.5,,,,
1788956400,29344.75,29366.5,29343.75,29358.5,,,,
1788956700,29358.5,29366.5,29351.5,29351.5,,,,
1788957000,29351.75,29382.75,29342.75,29376.5,,,,
1788957300,29377,29384.5,29371,29379.5,,,,
1788957600,29379.75,29384,29371,29381.75,,,,
1788957900,29381.25,29402,29381.25,29400.75,,,,
1788958200,29401.25,29403.75,29384,29386,,,,
1788958500,29385.25,29399.75,29384.25,29389.75,,,,
1788958800,29390.25,29409.75,29382.25,29403.25,,,,
1788959100,29403.5,29405.75,29395.5,29398.25,,,,
1788959400,29398.5,29408.75,29395,29403.25,,,,
1788959700,29403.5,29417,29398.5,29414.5,,,,
1788960000,29415.25,29419.25,29408.75,29417.75,,,,
1788960300,29418.25,29457.75,29418.25,29454.75,,,,
1788960600,29455,29499,29417,29478,,,,
1788960900,29478,29499.75,29467,29483,,,,
1788961200,29483,29506.5,29461.5,29479,,,,
1788961500,29478.5,29517,29456.5,29499,,,,
1788961800,29500,29523.5,29483.25,29518,,,,
1788962100,29518.25,29567,29513.25,29558.75,,,,
1788962400,29558.25,29587,29531,29577.75,,,,
1788962700,29578,29594,29561,29572.75,,,,
1788963000,29572.25,29582.25,29540,29561.75,,,,
1788963300,29561.25,29561.5,29489,29500.5,,,,
1788963600,29500.5,29508.5,29460.25,29462.5,,,,
1788963900,29462.25,29537.75,29459.5,29535.25,,,,
1788964200,29535,29536.75,29499.75,29519.5,,,,
1788964500,29519.25,29531.75,29492.5,29524.25,,,,
1788964800,29524,29547,29511,29537.75,,,,
1788965100,29537,29541.75,29517,29539,,,,
1788965400,29538.75,29541.5,29502.5,29506,,,,
1788965700,29506.75,29538.5,29503.5,29528.25,,,,
1788966000,29528.75,29563.25,29481.75,29491.75,,,,
1788966300,29492.5,29505.25,29433.75,29441.25,,,,
1788966600,29441.5,29448,29386.5,29399,,,,
1788966900,29398.5,29452,29391,29444,,,,
1788967200,29443.5,29454.5,29358.25,29364,,,,
1788967500,29364,29393.5,29359.5,29390.75,,,,
1788967800,29390.75,29435.25,29388,29433.75,,,,
1788968100,29433.75,29480,29405,29468.25,,,,
1788968400,29468.25,29482.75,29425,29438.25,,,,
1788968700,29438.25,29443,29422.25,29436.25,,,,
1788969000,29436.75,29466.75,29436.25,29465,,,,
1788969300,29465.5,29465.75,29427,29447.75,,,,
1788969600,29448,29458.25,29440.5,29456,,,,
1788969900,29456,29462,29413.75,29414,,,,
1788970200,29414.25,29436.25,29410.5,29414.25,,,,
1788970500,29414.25,29416.25,29397.25,29403.75,,,,
1788970800,29403.5,29414.25,29395,29413.5,,,,
1788971100,29413.5,29417.5,29386.5,29399.5,,,,
1788971400,29399.75,29436.75,29397.75,29431.5,,,,
1788971700,29431.5,29444.5,29422.75,29443,,,,
1788972000,29443.5,29455,29435.75,29454.75,,,,
1788972300,29454.75,29463,29440.75,29454.75,,,,
1788972600,29454.75,29478,29454.5,29462.25,,,,
1788972900,29462,29470.5,29453.75,29457.75,,,,
1788973200,29457.5,29480.75,29445,29448.5,,,,
1788973500,29448.75,29468,29448.75,29456.75,,,,
1788973800,29456.75,29481.5,29452.5,29477,,,,
1788974100,29476.5,29483.75,29460.5,29460.75,,,,
1788974400,29460.75,29470.25,29454.5,29470,,,,
1788974700,29470.25,29470.75,29449.25,29450.25,,,,
1788975000,29450.5,29462.25,29441.25,29452.5,,,,
1788975300,29452.75,29457.5,29428.5,29433,,,,
1788975600,29433,29458,29432.5,29455.75,,,,
1788975900,29455.5,29473.5,29455.5,29470.75,,,,
1788976200,29471,29483,29462.5,29480.75,,,,
1788976500,29480.5,29483.75,29467.5,29468.25,,,,
1788976800,29468.5,29471.5,29463,29468.25,,,,
1788977100,29467.25,29468.75,29451.25,29454,,,,
1788977400,29453.25,29456.75,29441.25,29441.5,,,,
1788977700,29441.25,29452.25,29436.5,29444.25,,,,
1788978000,29444.25,29461.25,29443,29458.25,,,,
1788978300,29458.5,29462.5,29446.5,29453.25,,,,
1788978600,29453.5,29461.75,29445.5,29454,,,,
1788978900,29454,29462.5,29453,29460.25,,,,
1788979200,29460.5,29469.75,29460.25,29466.5,,,,
1788979500,29466.5,29469.75,29456,29460,,,,
1788979800,29460,29473.75,29458.5,29470.75,,,,
1788980100,29470,29474.75,29446.25,29447.75,,,,
1788980400,29447.5,29452,29430.75,29435.25,,,,
1788980700,29435.25,29455,29433,29452,,,,
1788981000,29452,29455.75,29447.5,29448.75,,,,
1788981300,29449,29470.5,29449,29467.25,,,,
1788981600,29467.25,29471.25,29458.75,29465,,,,
1788981900,29465.25,29469.25,29451.25,29451.75,,,,
1788982200,29452,29457.75,29445.5,29450.5,,,,
1788982500,29450.5,29451.75,29440,29442.5,,,,
1788982800,29442.25,29448.25,29436,29447,,,,
1788983100,29447.25,29452,29438.5,29449.75,,,,
1788983400,29450,29452,29432.75,29441.75,,,,
1788983700,29442,29458.25,29422.75,29455,,,,
1788984000,29454.75,29459.5,29433.75,29440.75,,,,
1788984300,29440.25,29451,29438.75,29449.75,,,,
1788984600,29450,29456.75,29445.25,29451.25,,,,
1788984900,29451.5,29453.75,29448,29451.75,,,,
1788985200,29451.5,29454.25,29449.75,29454,,,,
1788985500,29453.75,29454.5,29448.75,29450,,,,
1788985800,29450,29453.5,29445.25,29453.5,,,,
1788986100,29453.5,29459.5,29453,29456.75,,,,
1788986400,29456.5,29459.5,29451.75,29454.25,,,,
1788986700,29454.5,29457,29453.5,29454.25,,,,
1788987000,29454.5,29454.5,29448.75,29452.5,,,,
1788987300,29452.5,29460.5,29451.5,29460.25,,,,
1788991200,29460.25,29474.5,29435,29436,,,,
1788991500,29436,29443.75,29425.75,29435.25,,,,
1788991800,29434.5,29440.5,29426.25,29428,,,,
1788992100,29428,29430,29422.75,29427,,,,
1788992400,29427.75,29434.25,29425,29428.5,,,,
1788992700,29428.25,29435,29426.25,29428.75,,,,
1788993000,29429.75,29437.5,29427.5,29433.5,,,,
1788993300,29433.75,29437.5,29431.25,29434.25,,,,
1788993600,29434.25,29436.25,29432,29433,,,,
1788993900,29433.25,29437.75,29430,29434.75,,,,
1788994200,29434.75,29434.75,29427.25,29428.25,,,,
1788994500,29428.25,29432.25,29425.75,29431.5,,,,
1788994800,29431.25,29432.75,29425,29429,,,,
1788995100,29429.25,29431,29417.75,29424.25,,,,
1788995400,29424,29425.5,29418.5,29421.75,,,,
1788995700,29421.25,29435.25,29414.5,29429.5,,,,
1788996000,29429.25,29430,29423.5,29426.25,,,,
1788996300,29426.75,29428.75,29420.25,29428.25,,,,
1788996600,29428.25,29431.25,29426.25,29426.75,,,,
1788996900,29426.5,29429.5,29424.75,29429,,,,
1788997200,29428.75,29432.25,29424.75,29429.75,,,,
1788997500,29430.5,29437,29426.5,29435.25,,,,
1788997800,29435.25,29470.75,29432,29468.75,,,,
1788998100,29468.5,29468.75,29453.25,29464.25,,,,
1788998400,29464.25,29472.75,29451.25,29471.75,,,,
1788998700,29471,29480,29468.75,29474,,,,
1788999000,29473.75,29478.75,29440.75,29450,,,,
1788999300,29450,29475,29448.25,29464.5,,,,
1788999600,29465.5,29473.75,29459.25,29464,,,,
1788999900,29464.25,29478,29454.75,29473.25,,,,
1789000200,29473.25,29475.75,29455.25,29459.5,,,,
1789000500,29459,29464.25,29452.75,29456,,,,
1789000800,29456,29458.75,29441.75,29456.5,,,,
1789001100,29456.25,29456.25,29435,29438.75,,,,
1789001400,29439.25,29439.25,29422.75,29429.5,,,,
1789001700,29428.75,29428.75,29407.75,29413.5,,,,
1789002000,29414.25,29427.5,29403,29414.25,,,,
1789002300,29414.5,29425,29403.25,29410.5,,,,
1789002600,29410.25,29415,29388.5,29399.75,,,,
1789002900,29400,29414.25,29390,29413.25,,,,
1789003200,29413.75,29415.5,29381.25,29388.5,,,,
1789003500,29388.5,29393.5,29372.5,29375.5,,,,
1789003800,29375.75,29384.5,29365.75,29367.75,,,,
1789004100,29367.25,29382.75,29364.25,29381.5,,,,
1789004400,29382,29404.25,29381.25,29400,,,,
1789004700,29400.5,29417.5,29393.75,29412.5,,,,
1789005000,29412.5,29417.25,29385,29387,,,,
1789005300,29387.5,29413.75,29386.25,29410.75,,,,
1789005600,29411.25,29411.25,29395.75,29401.5,,,,
1789005900,29401.5,29412.25,29392.75,29394.5,,,,
1789006200,29394.5,29397.25,29375.25,29395.5,,,,
1789006500,29396.25,29396.5,29374,29378.5,,,,
1789006800,29378.75,29392.75,29377.5,29387.75,,,,
1789007100,29387.75,29388.5,29371,29379,,,,
1789007400,29378.5,29398,29376.25,29396.25,,,,
1789007700,29396,29414.5,29393,29411.75,,,,
1789008000,29412.25,29422.5,29408.5,29414.5,,,,
1789008300,29414.25,29422,29406,29411.25,,,,
1789008600,29411.25,29422.75,29411.25,29420.5,,,,
1789008900,29420,29420.25,29410.5,29418.25,,,,
1789009200,29418.5,29435,29416.75,29432,,,,
1789009500,29431.75,29432.25,29423.75,29429.75,,,,
1789009800,29430.75,29437.5,29418,29420.25,,,,
1789010100,29420.5,29425.25,29415.75,29422.25,,,,
1789010400,29422.25,29428.5,29399,29400.5,,,,
1789010700,29400,29407.5,29388.75,29405.75,,,,
1789011000,29405.75,29413.5,29401,29407.25,,,,
1789011300,29407.25,29407.5,29392,29405.75,,,,
1789011600,29405,29416.5,29403,29413,,,,
1789011900,29413.5,29431.5,29411.75,29428,,,,
1789012200,29427.75,29427.75,29415.25,29422,,,,
1789012500,29422.25,29431,29418.75,29428,,,,
1789012800,29427.5,29433.5,29422.25,29432.75,,,,
1789013100,29433,29436.5,29423,29427.75,,,,
1789013400,29427.75,29431.5,29423.75,29428,,,,
1789013700,29428.25,29433.5,29424.25,29428.25,,,,
1789014000,29427.75,29434.25,29423.5,29431,,,,
1789014300,29431.25,29439.25,29428,29433,,,,
1789014600,29433.25,29437.5,29430.5,29436,,,,
1789014900,29436.5,29444.75,29432.75,29444,,,,
1789015200,29443.75,29447.5,29432.25,29434,,,,
1789015500,29434.25,29446.5,29432.75,29444.25,,,,
1789015800,29444.25,29462,29444.25,29453.25,,,,
1789016100,29453.25,29461,29448.5,29459.25,,,,
1789016400,29459.25,29469.5,29453.75,29455.75,,,,
1789016700,29455.5,29458.5,29448,29452.25,,,,
1789017000,29451.5,29462.5,29448.5,29461.75,,,,
1789017300,29461.75,29461.75,29454.75,29460.5,,,,
1789017600,29460.5,29466.25,29456.5,29463.5,,,,
1789017900,29463.25,29492.75,29463.25,29490.25,,,,
1789018200,29490.5,29495.75,29480.75,29490.75,,,,
1789018500,29490.75,29498.25,29480.75,29483,,,,
1789018800,29483,29491.25,29481.5,29487.75,,,,
1789019100,29487.5,29508.25,29487.5,29491,,,,
1789019400,29491,29491.25,29473,29473.75,,,,
1789019700,29473.75,29488,29465,29485,,,,
1789020000,29485,29492.5,29473.25,29473.25,,,,
1789020300,29473.5,29474.5,29458.25,29459.25,,,,
1789020600,29459.75,29466,29453.25,29455.5,,,,
1789020900,29455.25,29460.75,29440,29443,,,,
1789021200,29442.75,29451.5,29435.5,29447.75,,,,
1789021500,29448,29473.75,29443.25,29473.25,,,,
1789021800,29473.25,29483,29467.25,29470,,,,
1789022100,29470.75,29489,29468.5,29488.5,,,,
1789022400,29488.5,29489,29476,29479,,,,
1789022700,29479,29490,29478,29488.5,,,,
1789023000,29488.5,29491.5,29471.25,29473,,,,
1789023300,29473.75,29477.75,29466.5,29476.5,,,,
1789023600,29477.25,29478.25,29453.25,29455.25,,,,
1789023900,29455.25,29471.5,29451,29464.75,,,,
1789024200,29465.5,29476,29461.75,29469.75,,,,
1789024500,29470.5,29473.25,29459.75,29468,,,,
1789024800,29468,29471.75,29458,29463,,,,
1789025100,29462.75,29464.5,29432.75,29434.5,,,,
1789025400,29434.5,29439.25,29417.5,29426.75,,,,
1789025700,29427,29438.75,29420.75,29423.75,,,,
1789026000,29424.5,29445.5,29421.25,29444,,,,
1789026300,29443.75,29450,29436.25,29444.25,,,,
1789026600,29444.5,29455.75,29442.75,29449.5,,,,
1789026900,29451,29456,29443.25,29443.75,,,,
1789027200,29443.75,29460,29437.25,29447.75,,,,
1789027500,29447.5,29458.75,29438.5,29443.75,,,,
1789027800,29444.25,29456.25,29430.75,29432.25,,,,
1789028100,29433,29436.75,29424,29435,,,,
1789028400,29434.25,29452,29432.5,29444.75,,,,
1789028700,29444,29453.5,29437.5,29449,,,,
1789029000,29449.75,29457.25,29427.5,29428.25,,,,
1789029300,29427.5,29448.5,29427.25,29439.5,,,,
1789029600,29438.5,29441.5,29413,29417.75,,,,
1789029900,29417.75,29427,29411.75,29412.75,,,,
1789030200,29413.5,29416.5,29406,29414.5,,,,
1789030500,29415,29415,29405.75,29412.75,,,,
1789030800,29412.75,29430.75,29406.25,29429.25,,,,
1789031100,29427.5,29429.25,29407.25,29413,,,,
1789031400,29412.5,29423,29410.75,29417.75,,,,
1789031700,29417,29420.5,29407.75,29416.5,,,,
1789032000,29416.75,29420,29406.75,29408.25,,,,
1789032300,29408.5,29411.5,29393.75,29396.5,,,,
1789032600,29396.25,29396.25,29373,29385.75,,,,
1789032900,29385.75,29387,29372.25,29374,,,,
1789033200,29372.75,29393.25,29359.5,29391.75,,,,
1789033500,29391.5,29406.5,29389,29402.25,,,,
1789033800,29402,29420,29395.5,29411,,,,
1789034100,29411.25,29415,29400.5,29406.5,,,,
1789034400,29406,29418,29394,29408.75,,,,
1789034700,29409,29412.5,29388.25,29395,,,,
1789035000,29394.5,29403,29389,29396,,,,
1789035300,29395.25,29400.5,29392.5,29396,,,,
1789035600,29395.75,29402,29388,29394,,,,
1789035900,29394.25,29410,29384.5,29391,,,,
1789036200,29390.5,29392.75,29363.5,29369.5,,,,
1789036500,29369,29396.5,29366.75,29394.25,,,,
1789036800,29394.25,29403.5,29391.25,29392,,,,
1789037100,29392.5,29392.5,29380.25,29389.75,,,,
1789037400,29390.5,29393.5,29368,29368.5,,,,
1789037700,29368.5,29424,29363.75,29375,,,,
1789038000,29375.5,29376,29333.5,29346.5,,,,
1789038300,29347.25,29354.25,29328,29338.5,,,,
1789038600,29338.75,29349.25,29325.5,29342.75,,,,
1789038900,29342.5,29349,29333.75,29338.5,,,,
1789039200,29338.25,29346.25,29331.5,29343.5,,,,
1789039500,29342.75,29345.25,29335,29336,,,,
1789039800,29336.75,29362,29336.25,29357.75,,,,
1789040100,29357.5,29363.75,29351.25,29358,,,,
1789040400,29358,29358,29338.75,29345.25,,,,
1789040700,29345,29353.25,29316,29316.75,,,,
1789041000,29316.75,29318.5,29290.5,29299,,,,
1789041300,29298.75,29298.75,29263.75,29263.75,,,,
1789041600,29265,29279.75,29242,29247,,,,
1789041900,29247.5,29255,29236.25,29236.25,,,,
1789042200,29237,29264.25,29232.5,29258.5,,,,
1789042500,29258.5,29263,29226,29234.75,,,,
1789042800,29234,29237,29217,29221,,,,
1789043100,29220.75,29245,29210,29229.5,,,,
1789043400,29229.75,29252,29108.5,29110.5,,,,
1789043700,29111.25,29141.5,29099.75,29110.5,,,,
1789044000,29110.75,29113.75,29081.75,29102.75,,,,
1789044300,29102.75,29106.25,29074.75,29100.5,,,,
1789044600,29100,29105.5,29067,29081.25,,,,
1789044900,29081,29082,29042.5,29057.5,,,,
1789045200,29057.5,29097.75,29054.5,29092.75,,,,
1789045500,29093.5,29095.25,29058.25,29070.75,,,,
1789045800,29071,29091,29067.75,29069,,,,
1789046100,29069.25,29081.25,29051.5,29066,,,,
1789046400,29066.75,29074.75,29054,29056.5,,,,
1789046700,29057.25,29090.25,29045,29089.25,,,,
1789047000,29089.5,29123.5,29057.75,29097.75,,,,
1789047300,29098,29185.25,29088.5,29178,,,,
1789047600,29179,29200,29133,29137.5,,,,
1789047900,29138,29203.75,29131.5,29185.75,,,,
1789048200,29186.25,29188,29102.25,29105.5,,,,
1789048500,29105.5,29124.5,29088.75,29100.5,,,,
1789048800,29098.25,29178.75,29097.25,29148.75,,,,
1789049100,29148.75,29156.75,29106.25,29137.5,,,,
1789049400,29137,29169.75,29117.5,29140.25,,,,
1789049700,29139.5,29162.75,29111,29157,,,,
1789050000,29157.5,29263,29151.5,29229.75,,,,
1789050300,29230,29255.75,29195.25,29205.75,,,,
1789050600,29206.25,29241,29204.5,29219.25,,,,
1789050900,29219.5,29275.25,29219.25,29261.25,,,,
1789051200,29261,29270,29222,29236.5,,,,
1789051500,29236.75,29251,29212.25,29228,,,,
1789051800,29228,29246.75,29210,29244.75,,,,
1789052100,29244.75,29265,29229.5,29263.5,,,,
1789052400,29263.25,29265,29213.75,29227.25,,,,
1789052700,29227.25,29254.75,29222,29225,,,,
1789053000,29225,29261.25,29224,29244,,,,
1789053300,29243.75,29250.75,29208.75,29224,,,,
1789053600,29223,29235.75,29197.5,29233,,,,
1789053900,29232.75,29256.25,29223.75,29236.5,,,,
1789054200,29236.75,29249.25,29217,29242.5,,,,
1789054500,29242.75,29272.25,29227.5,29242.25,,,,
1789054800,29241.5,29254.75,29228.75,29251.5,,,,
1789055100,29251.5,29256.5,29214.25,29231.25,,,,
1789055400,29230.75,29240,29203.75,29204.75,,,,
1789055700,29204.5,29215,29185.75,29204.75,,,,
1789056000,29205,29232.25,29197,29204.75,,,,
1789056300,29204,29213.25,29180.25,29182.5,,,,
1789056600,29182.25,29194.25,29166,29181.25,,,,
1789056900,29180.5,29202.5,29168.75,29175.75,,,,
1789057200,29175.75,29191,29174,29180.5,,,,
1789057500,29180.25,29183.75,29162,29177.25,,,,
1789057800,29177,29195,29145,29151.75,,,,
1789058100,29152,29175,29133.5,29170.5,,,,
1789058400,29170.25,29216,29167.75,29208,,,,
1789058700,29208.25,29241.25,29203.75,29208,,,,
1789059000,29208.75,29235,29205.25,29234.5,,,,
1789059300,29234,29242.75,29224.25,29232.75,,,,
1789059600,29232.5,29267,29212.5,29226.5,,,,
1789059900,29226.5,29238,29219.25,29228,,,,
1789060200,29228.5,29248.25,29223.5,29225,,,,
1789060500,29225.5,29233,29215.25,29223.25,,,,
1789060800,29223.25,29225.5,29207.5,29211,,,,
1789061100,29211.25,29213.25,29199.5,29209.25,,,,
1789061400,29209,29214.75,29197.25,29204.25,,,,
1789061700,29204.5,29214.75,29177.5,29178.5,,,,
1789062000,29178,29205.25,29175.75,29202.25,,,,
1789062300,29202.25,29205.25,29187.25,29190.5,,,,
1789062600,29191,29204.5,29182.75,29194.25,,,,
1789062900,29194.75,29199.75,29183.25,29186,,,,
1789063200,29186,29199.75,29163.25,29169,,,,
1789063500,29168.75,29179,29153.25,29158.5,,,,
1789063800,29158.25,29168.5,29148.25,29159.75,,,,
1789064100,29159.5,29162.5,29147.5,29161,,,,
1789064400,29161.75,29180,29161,29166.75,,,,
1789064700,29167,29173.25,29153,29157.75,,,,
1789065000,29158,29166,29144.75,29164.5,,,,
1789065300,29164.25,29176.5,29156.75,29175.25,,,,
1789065600,29175,29176,29166,29173.75,,,,
1789065900,29173.25,29184.25,29150.75,29165.75,,,,
1789066200,29165.5,29199,29155,29181.5,,,,
1789066500,29180.75,29189.25,29167.25,29174,,,,
1789066800,29174.25,29176.5,29151,29152.5,,,,
1789067100,29152.5,29167.75,29141,29166.25,,,,
1789067400,29166,29169,29142.25,29156.5,,,,
1789067700,29157,29164.75,29136.75,29144.25,,,,
1789068000,29144.25,29157,29139.25,29155.25,,,,
1789068300,29155.5,29163,29152,29159.25,,,,
1789068600,29159,29166.25,29144.5,29163.25,,,,
1789068900,29163,29165,29145.25,29159.25,,,,
1789069200,29159.25,29169.5,29155.75,29157.75,,,,
1789069500,29157.75,29166.5,29146.5,29159.75,,,,
1789069800,29159.5,29168.75,29123,29136.5,,,,
1789070100,29136.5,29147.5,29125.75,29138.25,,,,
1789070400,29138,29148.5,29130,29134,,,,
1789070700,29133.5,29144.75,29124.75,29140.25,,,,
1789071000,29140.75,29157,29132.25,29153,,,,
1789071300,29153.25,29156.5,29145,29150.5,,,,
1789071600,29150.5,29154.5,29148.5,29152.25,,,,
1789071900,29152,29153.5,29142.75,29145.25,,,,
1789072200,29145,29151.25,29142.5,29149.25,,,,
1789072500,29148.5,29153.25,29146.5,29152,,,,
1789072800,29151.75,29153.25,29148.5,29151.75,,,,
1789073100,29151.75,29154.75,29144.75,29148.75,,,,
1789073400,29148.5,29152.75,29146,29151.75,,,,
1789073700,29151.75,29154.25,29127.75,29142.25,,,,
1789077600,29142,29156.25,29136.75,29149.25,,,,
1789077900,29149,29150.5,29135,29144.25,,,,
1789078200,29144.25,29151.75,29140.75,29143.5,,,,
1789078500,29143.75,29151.25,29141,29148.75,,,,
1789078800,29149.25,29157.75,29137.75,29140,,,,
1789079100,29140,29143.5,29117.25,29117.25,,,,
1789079400,29117.25,29123.25,29112.5,29116.25,,,,
1789079700,29115.5,29119,29107.5,29109,,,,
1789080000,29109,29112,29104.75,29105.75,,,,
1789080300,29106,29117,29099.5,29113.75,,,,
1789080600,29115,29115.5,29102.25,29104.25,,,,
1789080900,29104.75,29110.25,29104,29106.5,,,,
1789081200,29107.25,29116,29100.25,29104.25,,,,
1789081500,29104.75,29111.75,29103.25,29109.75,,,,
1789081800,29109.75,29112,29103.5,29110,,,,
1789082100,29110,29111.5,29106,29108,,,,
1789082400,29108.5,29110.5,29094,29098.5,,,,
1789082700,29099,29110.75,29098.5,29102.75,,,,
1789083000,29103,29113.25,29102.75,29107.25,,,,
1789083300,29106.25,29108,29100.5,29104.25,,,,
1789083600,29104.75,29106.75,29098,29105.75,,,,
1789083900,29106,29107,29097,29098.75,,,,
1789084200,29099.75,29101,29079,29080.75,,,,
1789084500,29081,29081.5,29062.25,29064.75,,,,
1789084800,29065,29101.75,29062.5,29093.5,,,,
1789085100,29093.25,29128,29091.5,29111.25,,,,
1789085400,29110.25,29121,29106.25,29108.75,,,,
1789085700,29109.5,29118.5,29103,29106.5,,,,
1789086000,29107,29129,29094.25,29121.5,,,,
1789086300,29121.5,29145,29115.5,29138.25,,,,
1789086600,29138,29143,29118.5,29128.25,,,,
1789086900,29127.25,29166,29125.5,29149.75,,,,
1789087200,29149.5,29152,29115.25,29124.75,,,,
1789087500,29124.75,29140,29123,29135.25,,,,
1789087800,29135.5,29153.75,29135.5,29150.5,,,,
1789088100,29151.25,29163.5,29146.75,29159.75,,,,
1789088400,29160.25,29171.75,29152.75,29163.75,,,,
1789088700,29164,29164,29148,29156.75,,,,
1789089000,29156.5,29165,29146.25,29149,,,,
1789089300,29149.25,29150.75,29138.75,29141.5,,,,
1789089600,29141.5,29143.25,29124.25,29131,,,,
1789089900,29130.75,29139.75,29124.75,29125.25,,,,
1789090200,29125.5,29137.75,29123.5,29127.5,,,,
1789090500,29127.25,29139,29116,29120,,,,
1789090800,29119.75,29121,29109,29119.25,,,,
1789091100,29119.25,29120.5,29104.75,29110,,,,
1789091400,29109.75,29115.5,29104.25,29110.75,,,,
1789091700,29111.5,29130.75,29109.25,29129.5,,,,
1789092000,29129.25,29138.25,29122.5,29126.5,,,,
1789092300,29126.25,29137,29120.75,29125.25,,,,
1789092600,29126,29135.5,29125,29132,,,,
1789092900,29131.5,29132.25,29113,29118.5,,,,
1789093200,29118.75,29126.75,29112,29114.5,,,,
1789093500,29114,29116,29098.25,29106.5,,,,
1789093800,29107,29109.25,29083.5,29089,,,,
1789094100,29089,29106.75,29087.75,29101.75,,,,
1789094400,29102,29106.75,29081.75,29085.75,,,,
1789094700,29086.5,29109.75,29083,29108,,,,
1789095000,29108.25,29112,29088,29088.25,,,,
1789095300,29088.5,29095.25,29083.25,29092.5,,,,
1789095600,29093,29097,29082.75,29086,,,,
1789095900,29085.75,29088.5,29074.5,29077.75,,,,
1789096200,29078,29082,29060.75,29076.5,,,,
1789096500,29076.5,29084.25,29073,29080.5,,,,
1789096800,29080.75,29083,29063,29066.75,,,,
1789097100,29067,29081,29065.5,29071.75,,,,
1789097400,29071,29072.5,29048.25,29059.75,,,,
1789097700,29059.25,29074,29056.25,29062.25,,,,
1789098000,29062.75,29089.5,29059.75,29086,,,,
1789098300,29085.75,29088.75,29053.5,29057.25,,,,
1789098600,29056.5,29068,29050.75,29062.75,,,,
1789098900,29062.75,29071.25,29056.5,29059.75,,,,
1789099200,29059,29077.75,29038,29071.25,,,,
1789099500,29071.25,29086,29065.75,29076.5,,,,
1789099800,29077.25,29094.25,29055.25,29092.5,,,,
1789100100,29093.5,29094,29075.75,29081.5,,,,
1789100400,29080.5,29108,29080,29108,,,,
1789100700,29107.75,29126.5,29107.25,29123.75,,,,
1789101000,29123.75,29131.75,29118.75,29119.75,,,,
1789101300,29120.5,29131,29116.75,29127.5,,,,
1789101600,29127.25,29140.75,29125,29137.75,,,,
1789101900,29137.75,29142.75,29131,29140.75,,,,
1789102200,29141,29151.5,29132.5,29137,,,,
1789102500,29136.5,29140.75,29123,29124.25,,,,
1789102800,29124.25,29130,29121,29123.5,,,,
1789103100,29124.25,29145.75,29119.5,29142,,,,
1789103400,29142,29161.5,29139.25,29159.5,,,,
1789103700,29159.75,29165,29145.75,29148.25,,,,
1789104000,29148,29155,29137,29147.5,,,,
1789104300,29148,29148,29130.75,29133.5,,,,
1789104600,29134,29161.5,29134,29156.25,,,,
1789104900,29156.25,29174.75,29156,29173,,,,
1789105200,29173,29196,29168.5,29190.25,,,,
1789105500,29191,29200.75,29176.5,29200,,,,
1789105800,29199.75,29227.5,29191.5,29221.75,,,,
1789106100,29221.75,29243.25,29221.25,29233.25,,,,
1789106400,29233.25,29238,29221,29222.5,,,,
1789106700,29223,29246,29215.25,29234.25,,,,
1789107000,29234.75,29248.75,29225.5,29244,,,,
1789107300,29244,29251.75,29224.5,29235,,,,
1789107600,29235.75,29238,29223.5,29231.5,,,,
1789107900,29231.25,29232,29221.75,29224.75,,,,
1789108200,29225,29237,29215,29219,,,,
1789108500,29219.25,29239.75,29219.25,29235,,,,
1789108800,29235,29235.75,29218,29228.25,,,,
1789109100,29228.75,29261,29228.75,29253.5,,,,
1789109400,29253.25,29256.25,29244,29250,,,,
1789109700,29249.25,29259.5,29246.25,29254,,,,
1789110000,29254,29266.5,29248.75,29266.5,,,,
1789110300,29266,29268.5,29252.5,29258,,,,
1789110600,29258.75,29267.75,29249.75,29257,,,,
1789110900,29258.5,29267.25,29248.75,29255,,,,
1789111200,29256,29265,29244.75,29254.25,,,,
1789111500,29254.5,29254.75,29235.5,29236,,,,
1789111800,29235.5,29247.5,29227.75,29229.75,,,,
1789112100,29229.5,29241.75,29229.25,29235.5,,,,
1789112400,29235.5,29243.25,29229.5,29235,,,,
1789112700,29235,29239.25,29226,29232,,,,
1789113000,29231.75,29241.5,29229.25,29238.75,,,,
1789113300,29239,29246.25,29236,29241.75,,,,
1789113600,29242.5,29271.25,29240,29245.5,,,,
1789113900,29245.5,29246.25,29227,29231.25,,,,
1789114200,29232.25,29254.25,29223.5,29245,,,,
1789114500,29244.75,29267.5,29239.25,29254.5,,,,
1789114800,29255,29317,29250.75,29285.75,,,,
1789115100,29286.5,29291.5,29264.5,29270.75,,,,
1789115400,29271.75,29313.25,29270.25,29303.5,,,,
1789115700,29303.25,29308,29290.5,29292.75,,,,
1789116000,29292.5,29300.75,29288,29291,,,,
1789116300,29291.75,29309.25,29286.75,29304.25,,,,
1789116600,29303.75,29321,29300,29311,,,,
1789116900,29309.75,29325,29307.5,29323.75,,,,
1789117200,29324,29333.75,29313.5,29316.75,,,,
1789117500,29316.5,29321.75,29300.75,29301.5,,,,
1789117800,29301.5,29306.75,29292.75,29293.25,,,,
1789118100,29293.25,29309.25,29289.5,29306.25,,,,
1789118400,29306.25,29315,29300.5,29301.5,,,,
1789118700,29302,29307,29298.75,29304,,,,
1789119000,29304,29311.75,29301.5,29306,,,,
1789119300,29307.25,29313.5,29305,29309.5,,,,
1789119600,29309,29316,29305,29306.75,,,,
1789119900,29307.25,29314.5,29304,29310.25,,,,
1789120200,29310.5,29313,29305.75,29309,,,,
1789120500,29309.5,29326.75,29307.5,29319.25,,,,
1789120800,29319.75,29340,29285.25,29334.75,,,,
1789121100,29334,29335,29322.75,29330,,,,
1789121400,29330.25,29335,29319.75,29326,,,,
1789121700,29326.5,29329.5,29320,29326,,,,
1789122000,29325.75,29328,29313.5,29320.75,,,,
1789122300,29320.75,29321.75,29308.5,29314.5,,,,
1789122600,29314.5,29324.25,29309.5,29324.25,,,,
1789122900,29323.75,29329,29312.5,29320.5,,,,
1789123200,29320.5,29322,29313.25,29315.5,,,,
1789123500,29316.25,29316.5,29305.25,29309.75,,,,
1789123800,29310.25,29318.25,29307,29309.25,,,,
1789124100,29310.25,29316,29307.75,29310.5,,,,
1789124400,29310.75,29315.25,29303.75,29304,,,,
1789124700,29303.75,29305.25,29289.75,29294.75,,,,
1789125000,29294.25,29301,29289.75,29294,,,,
1789125300,29294.75,29308.25,29290.25,29307.5,,,,
1789125600,29307,29310,29294.75,29307.5,,,,
1789125900,29307.5,29325,29307.25,29312.5,,,,
1789126200,29313.25,29322,29300.25,29302.5,,,,
1789126500,29303.25,29314,29296.75,29312,,,,
1789126800,29311.75,29332.25,29310,29330,,,,
1789127100,29330.75,29338,29319,29335.5,,,,
1789127400,29335.5,29337.25,29325.5,29326.5,,,,
1789127700,29326.5,29334.25,29321.25,29323,,,,
1789128000,29322.75,29326.25,29306.75,29311.5,,,,
1789128300,29311.5,29316.25,29304.5,29314.25,,,,
1789128600,29315,29336.5,29307,29324,,,,
1789128900,29324.25,29347.75,29318.25,29337.75,,,,
1789129200,29338.25,29344.75,29325.75,29327.5,,,,
1789129500,29327.75,29396,29325.5,29381.25,,,,
1789129800,29387,29397.5,29204.5,29337.75,,,,
1789130100,29337.5,29376.25,29322,29364.25,,,,
1789130400,29364.25,29378.25,29342,29356.75,,,,
1789130700,29357.25,29402.75,29342.75,29394.25,,,,
1789131000,29394,29446.75,29393.75,29437.5,,,,
1789131300,29437,29476.25,29432.5,29468.75,,,,
1789131600,29468.5,29500.75,29467,29469.25,,,,
1789131900,29469,29484.25,29446.5,29452.25,,,,
1789132200,29452,29457.75,29434.5,29443.75,,,,
1789132500,29443.25,29448.5,29427.25,29430.5,,,,
1789132800,29430.25,29440.5,29424,29430.25,,,,
1789133100,29430,29452.5,29415.25,29417.75,,,,
1789133400,29418,29426.25,29347.25,29419.25,,,,
1789133700,29419.5,29431.75,29373.25,29401,,,,
1789134000,29400.5,29440.25,29354,29434,,,,
1789134300,29434,29472.5,29399,29435.5,,,,
1789134600,29434.75,29446,29383.25,29426.75,,,,
1789134900,29426.25,29475,29415.25,29472,,,,
1789135200,29472.75,29473,29386.5,29392.5,,,,
1789135500,29392.75,29408.5,29365.5,29393.75,,,,
1789135800,29393.25,29424.25,29378.25,29397.25,,,,
1789136100,29397.5,29441.25,29373.75,29439,,,,
1789136400,29439.25,29461.75,29432.75,29444.25,,,,
1789136700,29444,29467,29439,29451,,,,
1789137000,29451.75,29455.75,29406.25,29412.75,,,,
1789137300,29412.75,29413,29369.25,29384.5,,,,
1789137600,29384.75,29410.5,29353.25,29372.5,,,,
1789137900,29372.5,29400,29334,29399.25,,,,
1789138200,29398.75,29401.5,29366.75,29369.75,,,,
1789138500,29369.75,29377.5,29349,29370.5,,,,
1789138800,29370.25,29404,29360,29403.25,,,,
1789139100,29403.25,29433,29400.75,29421.25,,,,
1789139400,29420.75,29425.5,29375.25,29394,,,,
1789139700,29394,29445,29393.5,29439,,,,
1789140000,29439,29463.5,29435.25,29460.75,,,,
1789140300,29461.25,29493,29456.75,29485,,,,
1789140600,29485,29499.5,29477,29485.25,,,,
1789140900,29485.5,29487.75,29462.75,29475.5,,,,
1789141200,29475.75,29484.25,29466.75,29478.25,,,,
1789141500,29477.75,29479,29461,29470,,,,
1789141800,29470.5,29476.5,29442,29448.5,,,,
1789142100,29448.75,29461.5,29441,29449.75,,,,
1789142400,29450.25,29482.25,29450.25,29481.5,,,,
1789142700,29482,29485,29460.25,29469.5,,,,
1789143000,29469.5,29473,29445.25,29447.75,,,,
1789143300,29447.75,29452,29434.5,29438.5,,,,
1789143600,29438.25,29442.75,29421.75,29426.25,,,,
1789143900,29426,29436.25,29398,29402.75,,,,
1789144200,29402,29441.75,29395,29427.25,,,,
1789144500,29427.5,29428.75,29396.25,29398.25,,,,
1789144800,29398.25,29434,29392,29431.5,,,,
1789145100,29431.5,29435.75,29413,29415.5,,,,
1789145400,29415.5,29429.25,29413.75,29429,,,,
1789145700,29429.25,29437.75,29426,29436.25,,,,
1789146000,29437,29449.5,29435.75,29441,,,,
1789146300,29440.5,29465,29440.25,29452.75,,,,
1789146600,29452.75,29459.25,29435.75,29437.5,,,,
1789146900,29438,29462.5,29438,29457,,,,
1789147200,29456.75,29475.25,29456.5,29474.25,,,,
1789147500,29474.5,29479.25,29462.25,29463.5,,,,
1789147800,29463.25,29478.25,29460.75,29463.25,,,,
1789148100,29463.5,29469.25,29457.25,29459.25,,,,
1789148400,29459.25,29470.75,29457.25,29462,,,,
1789148700,29462.25,29469,29454,29464.75,,,,
1789149000,29465.25,29468,29461.25,29463,,,,
1789149300,29463.5,29465.25,29448.5,29452.25,,,,
1789149600,29452.5,29460.25,29449,29453.5,,,,
1789149900,29453.75,29454,29442.75,29446.25,,,,
1789150200,29446.75,29447,29437.5,29441,,,,
1789150500,29441.25,29446.25,29433.5,29441,,,,
1789150800,29441.25,29442.5,29416.5,29431.5,,,,
1789151100,29431.5,29446.5,29426.5,29442,,,,
1789151400,29441.75,29458,29432.5,29455,,,,
1789151700,29455.5,29459.25,29443,29447.25,,,,
1789152000,29447.25,29450.75,29434,29437.75,,,,
1789152300,29437.75,29445,29429,29431.25,,,,
1789152600,29431,29435,29427,29428.25,,,,
1789152900,29428.5,29438.5,29425.5,29429,,,,
1789153200,29429,29433.5,29421.75,29427,,,,
1789153500,29426.75,29431,29412,29414.5,,,,
1789153800,29414,29419,29405.25,29415.5,,,,
1789154100,29415,29425.75,29412.75,29418.75,,,,
1789154400,29419,29424.5,29412.25,29423.25,,,,
1789154700,29423.25,29426.5,29411.75,29414.75,,,,
1789155000,29414.5,29420,29411.5,29419.75,,,,
1789155300,29419.25,29421,29412.75,29417.25,,,,
1789155600,29417.5,29427.25,29416.75,29423.75,,,,
1789155900,29424,29428.75,29411.5,29414,,,,
1789156200,29414,29417.75,29394,29409.25,,,,
1789156500,29409,29409,29380.25,29386.75,,,,
1789156800,29386.5,29390.25,29380.5,29385.75,,,,
1789157100,29385.5,29392.75,29384.75,29390.75,,,,
1789157400,29391.25,29393.5,29375.5,29380.75,,,,
1789157700,29381.75,29382.5,29376,29378,,,,
1789158000,29378.5,29387,29378.5,29385,,,,
1789158300,29385.25,29386.25,29380.25,29384.25,,,,
1789158600,29385,29394,29384.25,29390.75,,,,
1789158900,29390.25,29396.75,29389,29395.25,,,,
1789159200,29395,29396.25,29386,29389.75,,,,
1789159500,29389.75,29390.75,29383.25,29387,,,,
1789159800,29388,29393.25,29387,29393,,,,
1789160100,29393,29396.5,29389,29392.75,,,,
1789336800,29070.25,29135.5,29000,29038.25,,,,
1789337100,29038,29053.25,28981,29003.75,,,,
1789337400,29002.5,29028.25,28992,29023.5,,,,
1789337700,29023.75,29042.25,29013,29041.5,,,,
1789338000,29040.5,29046.5,29032,29041.75,,,,
1789338300,29042.75,29084.25,29041.75,29082.5,,,,
1789338600,29082.25,29102,29077.25,29098,,,,
1789338900,29098,29105,29088.75,29099,,,,
1789339200,29100,29101.5,29073.5,29074.75,,,,
1789339500,29075,29089,29065.25,29075.25,,,,
1789339800,29075,29085,29074.25,29079.5,,,,
1789340100,29079.5,29088.5,29061,29069.5,,,,
1789340400,29068.75,29077.25,29055.5,29061.5,,,,
1789340700,29060.75,29066,29055.5,29062.75,,,,
1789341000,29063.5,29068,29059.5,29063.25,,,,
1789341300,29062.5,29065,29060.25,29062.5,,,,
1789341600,29061.75,29093.75,29060,29093.25,,,,
1789341900,29093.25,29099.25,29080,29096.5,,,,
1789342200,29095.75,29102,29091,29091,,,,
1789342500,29091.5,29092.75,29038,29048,,,,
1789342800,29047.5,29056,29030,29038.75,,,,
1789343100,29038.5,29038.5,29017,29023.25,,,,
1789343400,29022.5,29037.5,29010.5,29021,,,,
1789343700,29022,29026,29011,29016.75,,,,
1789344000,29016.25,29053,29015,29046.5,,,,
1789344300,29046.5,29075,29044.25,29068.5,,,,
1789344600,29069.25,29071,29043.25,29058,,,,
1789344900,29057.25,29064.75,29037,29047.25,,,,
1789345200,29047.25,29047.5,29020,29033.25,,,,
1789345500,29033.5,29036.25,29005,29014.75,,,,
1789345800,29014,29032.75,29012,29023.5,,,,
1789346100,29023.75,29032.5,29011.25,29017.75,,,,
1789346400,29017,29040,29007.75,29036,,,,
1789346700,29035.75,29044.5,29024.75,29034.5,,,,
1789347000,29035.5,29040,29020,29038,,,,
1789347300,29037.75,29047.25,29012.75,29015,,,,
1789347600,29014.75,29032.75,29000,29018.25,,,,
1789347900,29018.25,29032,29012.75,29030.5,,,,
1789348200,29030.5,29038,29007.5,29011.25,,,,
1789348500,29012.25,29018.75,29004.75,29006.5,,,,
1789348800,29007.25,29013.5,28995.75,29008.25,,,,
1789349100,29007.75,29021,29000.5,29017,,,,
1789349400,29018,29021.25,29002.5,29006.25,,,,
1789349700,29005,29033.5,29004.25,29031.25,,,,
1789350000,29031,29037.25,29020,29026.5,,,,
1789350300,29027,29045,29026.75,29041.75,,,,
1789350600,29042.5,29050,29036.25,29046.25,,,,
1789350900,29046.25,29074,29046.25,29069.5,,,,
1789351200,29068.5,29078,29052.75,29057.5,,,,
1789351500,29057.25,29083,29056.75,29070.25,,,,
1789351800,29070.5,29078.5,29064.5,29071,,,,
1789352100,29071,29075.5,29059.5,29069.75,,,,
1789352400,29069.5,29075,29063.5,29068.75,,,,
1789352700,29068.75,29070.75,29062.5,29065.25,,,,
1789353000,29065.5,29075,29062,29065.5,,,,
1789353300,29065.75,29067,29053.75,29056.25,,,,
1789353600,29056.5,29062.25,29040.25,29048.25,,,,
1789353900,29048.25,29065,29044.75,29061.5,,,,
1789354200,29061.5,29070,29059.75,29065.75,,,,
1789354500,29064.75,29065.5,29050.75,29052.75,,,,
1789354800,29053,29056.25,29046.25,29051,,,,
1789355100,29051.25,29059,29049.75,29053.25,,,,
1789355400,29053.25,29053.25,29027.5,29030.75,,,,
1789355700,29030,29038.5,29009,29015.25,,,,
1789356000,29015.25,29026.25,29014.75,29020.75,,,,
1789356300,29020.75,29030.75,29014.75,29027,,,,
1789356600,29027,29027.75,29010,29021.25,,,,
1789356900,29021.25,29024.25,29013.25,29020,,,,
1789357200,29020.25,29021.25,29011,29014,,,,
1789357500,29015,29022.75,29008.75,29016.75,,,,
1789357800,29015.5,29024,29010.5,29019.75,,,,
1789358100,29019.75,29020.75,29014,29016.5,,,,
1789358400,29016.25,29030.25,29015.75,29030,,,,
1789358700,29030.5,29035,29020,29026,,,,
1789359000,29025.5,29025.5,29010,29011.5,,,,
1789359300,29011.75,29014.75,29000.25,29013.5,,,,
1789359600,29013.5,29020.25,29009.75,29018.5,,,,
1789359900,29019,29023.25,29016.75,29017.5,,,,
1789360200,29018.5,29021.5,29001,29009.75,,,,
1789360500,29009.75,29023.75,29003,29022.5,,,,
1789360800,29022,29024.25,29004.25,29009.25,,,,
1789361100,29010,29027,29009.25,29024,,,,
1789361400,29024.25,29033.25,29013,29014,,,,
1789361700,29015.25,29022.5,29011,29015.25,,,,
1789362000,29015.25,29023.5,29009,29020.5,,,,
1789362300,29020,29025,29016.75,29018.75,,,,
1789362600,29018.5,29019.75,29008,29017.75,,,,
1789362900,29017.25,29019.5,29005,29009,,,,
1789363200,29009.25,29010.25,29000.25,29002.75,,,,
1789363500,29002.5,29016,29000.75,29010.75,,,,
1789363800,29011,29014.75,29002.25,29009.5,,,,
1789364100,29009.75,29020.25,29003.25,29010.75,,,,
1789364400,29011.25,29013.75,28986.25,28997.5,,,,
1789364700,28996.5,29003.25,28992.25,28993.5,,,,
1789365000,28995.5,29008,28989.25,29007.75,,,,
1789365300,29008,29014,28998.5,29014,,,,
1789365600,29013.25,29029.5,29008.75,29027.75,,,,
1789365900,29026.5,29031.25,29019.75,29026,,,,
1789366200,29025.75,29036.5,29023,29028.75,,,,
1789366500,29028.25,29031,29021.75,29027,,,,
1789366800,29026,29032.5,29013,29027.5,,,,
1789367100,29027,29035,29026.5,29031.75,,,,
1789367400,29031.5,29034,29004.75,29009.5,,,,
1789367700,29009.25,29014,29002.25,29010.75,,,,
1789368000,29011.5,29020,28997.25,29010.75,,,,
1789368300,29011,29018.25,28997.25,28997.25,,,,
1789368600,28997.5,29004.25,28993,29001,,,,
1789368900,29000.5,29003,28950,28976.5,,,,
1789369200,28977,28982.75,28938,28958.25,,,,
1789369500,28957.25,28966,28947.75,28951,,,,
1789369800,28952,28976,28943,28974.25,,,,
1789370100,28973.5,28979.5,28965.75,28971.25,,,,
1789370400,28970.25,28987,28958.25,28978.25,,,,
1789370700,28978.25,28983.75,28948.5,28950.25,,,,
1789371000,28949.25,28958.75,28946.25,28956.75,,,,
1789371300,28957,28959.75,28947.25,28951.75,,,,
1789371600,28952,28959.5,28924.75,28931.75,,,,
1789371900,28931.25,28939.75,28914.75,28938.5,,,,
1789372200,28937.25,28938.75,28905,28913.75,,,,
1789372500,28913.5,28923,28909.75,28916.75,,,,
1789372800,28917.75,28934.5,28906.5,28919.25,,,,
1789373100,28917.75,28943,28910.5,28940,,,,
1789373400,28939.75,28940.75,28917.75,28933,,,,
1789373700,28933.5,28935,28902.75,28909.5,,,,
1789374000,28909,28922,28900,28903.75,,,,
1789374300,28903.75,28908.75,28873.75,28876.25,,,,
1789374600,28875.25,28895,28870.75,28888,,,,
1789374900,28889.25,28912.5,28888.5,28911.25,,,,
1789375200,28911.25,28916.25,28892.25,28895.5,,,,
1789375500,28895.5,28903.25,28855.75,28868.5,,,,
1789375800,28867.25,28883.5,28860.5,28860.5,,,,
1789376100,28862.5,28879,28849.5,28876.5,,,,
1789376400,28877,28888,28871,28881.75,,,,
1789376700,28881.75,28891.5,28877.5,28883,,,,
1789377000,28883,28886.75,28836.75,28847,,,,
1789377300,28846.75,28851.75,28834.25,28847.5,,,,
1789377600,28847,28853.75,28815.5,28821.75,,,,
1789377900,28822,28860,28816,28852.25,,,,
1789378200,28851,28867.75,28847.5,28860.75,,,,
1789378500,28860,28865.5,28842.5,28849,,,,
1789378800,28849.25,28869.5,28845.5,28848.75,,,,
1789379100,28849.5,28858,28844.75,28847.5,,,,
1789379400,28846.25,28862.75,28837.75,28858.25,,,,
1789379700,28859.5,28860.75,28848.75,28855.25,,,,
1789380000,28855.75,28864.75,28854.75,28857.5,,,,
1789380300,28859.25,28867.25,28855,28862.25,,,,
1789380600,28861.25,28883.25,28860.5,28875.75,,,,
1789380900,28876,28876.75,28861,28870,,,,
1789381200,28870,28896.5,28867.25,28890.75,,,,
1789381500,28891.25,28909.5,28891.25,28909,,,,
1789381800,28909.75,28917.5,28902.25,28915.75,,,,
1789382100,28916,28928,28915.5,28918,,,,
1789382400,28918.25,28939.25,28916.25,28934,,,,
1789382700,28935.5,28941,28926.25,28935.25,,,,
1789383000,28937,28938,28916.25,28917,,,,
1789383300,28918,28934.5,28917,28926.5,,,,
1789383600,28926.5,28942.75,28913.5,28941.25,,,,
1789383900,28941,28945.75,28934.5,28940,,,,
1789384200,28940,28948,28924,28936.5,,,,
1789384500,28937.25,28952.5,28936.25,28944.25,,,,
1789384800,28944.25,28957,28940.75,28957,,,,
1789385100,28955.75,28977.25,28952.75,28972,,,,
1789385400,28972,28972.75,28951.5,28954,,,,
1789385700,28954.75,28955,28932,28949,,,,
1789386000,28949.75,28958.5,28939,28947.5,,,,
1789386300,28947.5,28961.5,28942.25,28957.5,,,,
1789386600,28956.5,28956.75,28924,28929.75,,,,
1789386900,28930.25,28939.25,28925.25,28927.75,,,,
1789387200,28928.25,28928.5,28893.75,28900.5,,,,
1789387500,28900.5,28911.25,28891.5,28907,,,,
1789387800,28906.5,28923.25,28900.25,28913,,,,
1789388100,28912.75,28946.5,28910,28923.75,,,,
1789388400,28925.5,28931.5,28913.75,28920.25,,,,
1789388700,28921,28922.25,28907.25,28918,,,,
1789389000,28918,28931.75,28903,28908.25,,,,
1789389300,28908,28909,28851,28872,,,,
1789389600,28871,28903.25,28857,28901.25,,,,
1789389900,28900.25,28905.25,28876.75,28887.75,,,,
1789390200,28887,28891.75,28861,28863.25,,,,
1789390500,28863,28884.5,28856.75,28879.75,,,,
1789390800,28879.5,28880.75,28836.25,28841.75,,,,
1789391100,28841.5,28847.25,28826,28837,,,,
1789391400,28837.75,28879,28835,28877,,,,
1789391700,28877,28905.5,28877,28900.25,,,,
1789392000,28900.5,28913.75,28896,28905.25,,,,
1789392300,28905.5,28923.75,28895.75,28905,,,,
1789392600,28906,28933.75,28880.5,28905.5,,,,
1789392900,28904,28919.25,28880.5,28888.5,,,,
1789393200,28888.5,28954,28882.75,28951.25,,,,
1789393500,28952,29046.25,28950.75,29032.5,,,,
1789393800,29032.75,29041,28997.75,29005.5,,,,
1789394100,29005,29019,28988.75,29003.75,,,,
1789394400,29003.25,29039.25,28999.5,29023,,,,
1789394700,29023.5,29075.75,29017.75,29064.75,,,,
1789395000,29064.75,29088.5,29064.75,29073.25,,,,
1789395300,29073.5,29081.25,29030.5,29044.5,,,,
1789395600,29043.5,29046.75,29005.25,29005.25,,,,
1789395900,29005.25,29012.5,28977.75,29007,,,,
1789396200,29006.5,29020,28982.25,29017,,,,
1789396500,29017.25,29019,28959,28970.75,,,,
1789396800,28970,28992.25,28955.75,28991.75,,,,
1789397100,28991.5,29025,28987.25,29007.5,,,,
1789397400,29007.25,29008.25,28973.25,28980.75,,,,
1789397700,28981.75,29013.75,28969.75,29010.75,,,,
1789398000,29010.75,29018.5,28985.75,28989.25,,,,
1789398300,28988.5,29079.75,28986.75,29039,,,,
1789398600,29039.75,29047,29021.5,29022.75,,,,
1789398900,29022.75,29063.5,29016.75,29057,,,,
1789399200,29057,29075.5,29045.75,29071.25,,,,
1789399500,29071.25,29089,29062.25,29078.75,,,,
1789399800,29077.75,29164.5,29070.75,29158.5,,,,
1789400100,29159.25,29179.75,29141.25,29174.75,,,,
1789400400,29174.5,29208.5,29166.5,29200.25,,,,
1789400700,29200.25,29203,29171.5,29173.25,,,,
1789401000,29173,29187.75,29164,29182.75,,,,
1789401300,29183,29188.75,29170,29175.25,,,,
1789401600,29174.75,29179.25,29142.5,29143,,,,
1789401900,29143.25,29156.5,29132,29142,,,,
1789402200,29142.25,29166.25,29140,29162.25,,,,
1789402500,29161.5,29226,29161.5,29216.5,,,,
1789402800,29216.25,29230,29200.75,29218.75,,,,
1789403100,29218.25,29221.25,29188.25,29194,,,,
1789403400,29193,29207.5,29187.5,29191.5,,,,
1789403700,29192.75,29205.25,29183,29201.5,,,,
1789404000,29200.25,29221.5,29194.5,29220,,,,
1789404300,29219.5,29276.75,29205.5,29263.5,,,,
1789404600,29262.25,29274.75,29252.5,29254.25,,,,
1789404900,29255.25,29262.25,29239,29259.25,,,,
1789405200,29259.25,29267.5,29242,29250.5,,,,
1789405500,29250,29257.25,29237.75,29251.25,,,,
1789405800,29251,29276,29248.75,29254.25,,,,
1789406100,29254.5,29262,29236.5,29248,,,,
1789406400,29248.5,29266.5,29245.25,29262.75,,,,
1789406700,29262.5,29283.5,29255.75,29279.25,,,,
1789407000,29279.25,29287.5,29268,29276.75,,,,
1789407300,29276.5,29285.25,29266.25,29284.25,,,,
1789407600,29283.25,29285,29273.5,29280.25,,,,
1789407900,29279.5,29294,29279.25,29288.5,,,,
1789408200,29288.75,29299.5,29285.25,29294.5,,,,
1789408500,29294.25,29305.75,29280,29281.25,,,,
1789408800,29281.75,29301.25,29271,29275,,,,
1789409100,29275.25,29291.75,29267,29284.75,,,,
1789409400,29285,29286.25,29272.5,29282.25,,,,
1789409700,29283.25,29289.5,29271.75,29274.75,,,,
1789410000,29273.25,29277,29259.5,29260.75,,,,
1789410300,29260.75,29267,29255.5,29260.5,,,,
1789410600,29261.25,29276.75,29258,29269.5,,,,
1789410900,29269,29282.75,29265,29274.75,,,,
1789411200,29275,29283,29269.25,29270,,,,
1789411500,29270.75,29274,29255.75,29271.25,,,,
1789411800,29271.5,29274.5,29262.75,29265,,,,
1789412100,29264.5,29268.5,29249.25,29257.5,,,,
1789412400,29257.5,29258.75,29241.5,29248,,,,
1789412700,29247.25,29249.75,29227.5,29236,,,,
1789413000,29235.75,29241.25,29226.75,29233.5,,,,
1789413300,29233.75,29233.75,29221.25,29229.75,,,,
1789413600,29229.5,29232.25,29217,29225,,,,
1789413900,29225.75,29230.75,29221.25,29224.75,,,,
1789414200,29224.25,29230.75,29221.75,29224.25,,,,
1789414500,29224.25,29224.75,29211,29212.5,,,,
1789414800,29212.5,29222.75,29210.75,29216,,,,
1789415100,29216.5,29226.75,29213.75,29224.25,,,,
1789415400,29223.75,29231.5,29187,29194.25,,,,
1789415700,29194.25,29194.25,29146.5,29151.5,,,,
1789416000,29151.5,29168,29149.75,29160.25,,,,
1789416300,29160.25,29164,29153,29157,,,,
1789416600,29157,29166.75,29154.5,29163.5,,,,
1789416900,29163,29164,29147.75,29163,,,,
1789417200,29162.25,29180.25,29162.25,29179.25,,,,
1789417500,29178.75,29184.25,29174.75,29179.5,,,,
1789417800,29179.5,29182.5,29172.5,29181.5,,,,
1789418100,29182,29183.75,29178,29182.25,,,,
1789418400,29181.75,29189,29178.75,29182,,,,
1789418700,29182.25,29193.25,29180.75,29190.75,,,,
1789419000,29191.5,29199,29188.75,29198.25,,,,
1789419300,29197.25,29200,29186,29195,,,,
1789423200,29495.75,29495.75,29465.25,29476.25,,,,
1789423500,29477,29477.5,29457.5,29460.75,,,,
1789423800,29461,29465.25,29458.25,29462,,,,
1789424100,29462,29468.5,29452,29457.75,,,,
1789424400,29457.75,29461.75,29456.5,29458.75,,,,
1789424700,29458,29459,29449,29457.5,,,,
1789425000,29457.5,29463,29456.75,29460.5,,,,
1789425300,29460.25,29465,29456.25,29458.75,,,,
1789425600,29459.5,29461.75,29453.75,29456.75,,,,
1789425900,29456.75,29467.5,29456,29465.75,,,,
1789426200,29466.25,29473.5,29465,29466.5,,,,
1789426500,29466.5,29468.25,29458.5,29458.75,,,,
1789426800,29458.75,29462,29450.25,29458.5,,,,
1789427100,29458.5,29462.25,29452.75,29460.75,,,,
1789427400,29461,29467.25,29456.75,29462,,,,
1789427700,29462,29463.5,29450,29453.5,,,,
1789428000,29453.5,29461.75,29450.25,29459.5,,,,
1789428300,29460,29463.75,29452.75,29455.75,,,,
1789428600,29455.25,29459.75,29453.25,29457.75,,,,
1789428900,29457.75,29462.5,29456.5,29460.75,,,,
1789429200,29461.5,29463.5,29455.25,29457.75,,,,
1789429500,29458.5,29461,29444.5,29454,,,,
1789429800,29454.5,29456,29442.75,29450,,,,
1789430100,29450.25,29460,29449,29457.25,,,,
1789430400,29457,29469.5,29445.5,29449.75,,,,
1789430700,29450.5,29466,29427,29461.25,,,,
1789431000,29461,29461.25,29443.5,29457.25,,,,
1789431300,29457.5,29458,29433,29443.25,,,,
1789431600,29442.5,29462.25,29434.75,29459.75,,,,
1789431900,29459.5,29467,29449,29453,,,,
1789432200,29453.25,29462.75,29452,29459.25,,,,
1789432500,29458,29480.75,29457.5,29477.25,,,,
1789432800,29476.75,29490,29476.25,29484.75,,,,
1789433100,29484.75,29487.5,29470,29477,,,,
1789433400,29476.75,29489.5,29476.5,29481.5,,,,
1789433700,29481.25,29484.25,29459,29467.75,,,,
1789434000,29467.25,29489.75,29458.25,29485,,,,
1789434300,29484.75,29485.75,29471.75,29476.75,,,,
1789434600,29477.25,29493,29477.25,29487.25,,,,
1789434900,29487.5,29495,29485.25,29487.25,,,,
1789435200,29487.25,29490.25,29483.5,29487.25,,,,
1789435500,29487.25,29490.75,29472,29474.25,,,,
1789435800,29474.25,29479,29455.5,29457.5,,,,
1789436100,29456.75,29459,29444,29453.5,,,,
1789436400,29453.25,29454,29427.75,29438.75,,,,
1789436700,29438.5,29455.5,29430.5,29454,,,,
1789437000,29454.5,29469.5,29439,29460.25,,,,
1789437300,29460.75,29470.5,29457.5,29463.75,,,,
1789437600,29464.25,29476,29459.75,29471,,,,
1789437900,29471,29471.5,29454.5,29461,,,,
1789438200,29461,29466.5,29452.75,29461,,,,
1789438500,29461,29465.25,29451.5,29454.5,,,,
1789438800,29455.25,29463.75,29453.5,29462.5,,,,
1789439100,29462.75,29468.25,29458.25,29463.5,,,,
1789439400,29464,29470,29454.75,29463.75,,,,
1789439700,29463.5,29472.5,29456.5,29461.5,,,,
1789440000,29461.75,29466.5,29452.25,29459,,,,
1789440300,29459,29469.5,29455,29468,,,,
1789440600,29467.25,29468,29456.75,29463.5,,,,
1789440900,29462.75,29469.75,29458.5,29460.75,,,,
1789441200,29460.5,29468,29455.25,29458.5,,,,
1789441500,29458.5,29458.5,29448,29451.5,,,,
1789441800,29451,29455.25,29444.75,29451.75,,,,
1789442100,29451,29455,29444.5,29446.75,,,,
1789442400,29447.25,29449.75,29443.25,29445.25,,,,
1789442700,29445.5,29449.25,29440,29448.25,,,,
1789443000,29448,29451.75,29440,29446.75,,,,
1789443300,29447.5,29452.25,29441,29442.75,,,,
1789443600,29442.5,29450,29441.5,29450,,,,
1789443900,29449.25,29454,29436.75,29441,,,,
1789444200,29440.75,29442,29422.5,29423.5,,,,
1789444500,29424,29426.5,29415,29415.75,,,,
1789444800,29416,29426.5,29408.5,29424.75,,,,
1789445100,29424.5,29433.5,29416.75,29419.75,,,,
1789445400,29420,29426,29411.5,29414.5,,,,
1789445700,29415,29417.75,29405.75,29410.5,,,,
1789446000,29410.25,29411.25,29389.25,29390.75,,,,
1789446300,29390.25,29392.25,29376.5,29384.75,,,,
1789446600,29384.75,29393,29379,29383.25,,,,
1789446900,29383.75,29384.5,29361.75,29372.25,,,,
1789447200,29372.5,29394,29371,29387.75,,,,
1789447500,29387.5,29399,29380.75,29389,,,,
1789447800,29388.5,29391.75,29365.25,29376,,,,
1789448100,29376.5,29377,29351.25,29352,,,,
1789448400,29352.25,29362.75,29347.5,29351.5,,,,
1789448700,29351,29356,29333.25,29335,,,,
1789449000,29334.25,29336,29317.75,29325.75,,,,
1789449300,29325.25,29325.75,29308.5,29314.25,,,,
1789449600,29314.25,29326.5,29311.75,29317.75,,,,
1789449900,29317,29344.75,29316,29341.25,,,,
1789450200,29340,29355.25,29331.25,29351.75,,,,
1789450500,29351.5,29354.25,29328.5,29344.25,,,,
1789450800,29344.25,29379,29343.75,29377.5,,,,
1789451100,29377.25,29388.25,29369.5,29374.5,,,,
1789451400,29374.25,29404.25,29369.5,29403.25,,,,
1789451700,29403,29404,29376.5,29378.75,,,,
1789452000,29379,29395.25,29376.25,29389,,,,
1789452300,29389,29392.75,29365.5,29378.25,,,,
1789452600,29378.25,29391,29369.25,29384.25,,,,
1789452900,29384,29392.75,29378.75,29391.25,,,,
1789453200,29390.25,29396,29379.25,29380.75,,,,
1789453500,29381.75,29384.5,29370,29372.25,,,,
1789453800,29372.5,29373.75,29356.5,29358.5,,,,
1789454100,29358.5,29371,29348.75,29357.25,,,,
1789454400,29356.75,29368.25,29345.5,29347.75,,,,
1789454700,29348.5,29360.75,29344.75,29354,,,,
1789455000,29354.5,29356.5,29345.25,29347.25,,,,
1789455300,29347.5,29359.25,29339.25,29353.5,,,,
1789455600,29354,29376.5,29340,29368,,,,
1789455900,29367.75,29374.5,29345,29361.25,,,,
1789456200,29361.75,29367.25,29324.25,29326.5,,,,
1789456500,29326.25,29353,29326,29352.5,,,,
1789456800,29352.5,29378.5,29350.5,29376.75,,,,
1789457100,29378.25,29382.75,29343,29354.25,,,,
1789457400,29354.5,29365,29348.75,29354,,,,
1789457700,29353,29355.75,29333.75,29337,,,,
1789458000,29337,29340,29312.75,29315.25,,,,
1789458300,29315.25,29337.5,29311.75,29326.5,,,,
1789458600,29326,29330.75,29302,29313.5,,,,
1789458900,29312.5,29321.5,29297.75,29316.75,,,,
1789459200,29317,29318,29277.5,29282.75,,,,
1789459500,29283.5,29285.5,29242.5,29242.5,,,,
1789459800,29242.75,29278.5,29231.25,29276.5,,,,
1789460100,29276.75,29301.5,29276,29300,,,,
1789460400,29300.75,29310,29294.75,29295.5,,,,
1789460700,29296.25,29304,29274.75,29290.5,,,,
1789461000,29290.25,29296,29269.75,29273.5,,,,
1789461300,29273.25,29292,29269,29281.75,,,,
1789461600,29282,29286,29269,29272.25,,,,
1789461900,29272,29274.75,29263.75,29272.25,,,,
1789462200,29272,29281.5,29270.25,29274.75,,,,
1789462500,29275,29286.75,29262.75,29272,,,,
1789462800,29272,29276.5,29250,29268.5,,,,
1789463100,29268.25,29285,29259.75,29259.75,,,,
1789463400,29260.75,29271.5,29250.25,29261,,,,
1789463700,29261.5,29267,29236.5,29242.75,,,,
1789464000,29243.25,29274,29242,29251,,,,
1789464300,29250.5,29272,29247.5,29270,,,,
1789464600,29269.5,29277,29258.75,29273.5,,,,
1789464900,29273.25,29296,29271.25,29293.5,,,,
1789465200,29294,29301,29289.75,29294.75,,,,
1789465500,29295.5,29328,29295.25,29326.5,,,,
1789465800,29326.5,29346.25,29323.5,29344.5,,,,
1789466100,29344.5,29346,29330.75,29339.5,,,,
1789466400,29340,29349.5,29331.5,29335,,,,
1789466700,29335.75,29344.5,29333.5,29342,,,,
1789467000,29342.5,29367.5,29340.75,29347.5,,,,
1789467300,29347.5,29348,29334.25,29343.75,,,,
1789467600,29344.25,29358,29340.75,29356,,,,
1789467900,29355.75,29363,29351.75,29362,,,,
1789468200,29362.25,29370.5,29354,29367.25,,,,
1789468500,29367.5,29375.75,29364.5,29373.75,,,,
1789468800,29373,29376.75,29362.25,29368.5,,,,
1789469100,29368,29378.25,29361.25,29374,,,,
1789469400,29374.75,29386.75,29372.25,29385.25,,,,
1789469700,29385,29396.5,29383.5,29393.25,,,,
1789470000,29393,29418.75,29391.5,29405.25,,,,
1789470300,29406,29417.75,29393,29415.25,,,,
1789470600,29415.75,29425,29412.75,29416,,,,
1789470900,29416,29427.5,29409,29418.5,,,,
1789471200,29418.75,29425.5,29404.25,29409.5,,,,
1789471500,29409.75,29414.25,29401,29404.75,,,,
1789471800,29405.25,29406.25,29388.5,29400,,,,
1789472100,29399.75,29410,29392.5,29395.25,,,,
1789472400,29395.5,29409.25,29390.75,29406,,,,
1789472700,29405.5,29417.25,29402.5,29406.25,,,,
1789473000,29407,29421.5,29402.25,29407,,,,
1789473300,29407,29420.25,29403,29416.75,,,,
1789473600,29416.25,29432.5,29404.25,29420.5,,,,
1789473900,29420.75,29424.5,29413,29420.75,,,,
1789474200,29420.25,29440.25,29418,29434.25,,,,
1789474500,29433.75,29441.5,29424.5,29432,,,,
1789474800,29432.25,29432.75,29398.5,29407,,,,
1789475100,29406.5,29430.25,29406,29423,,,,
1789475400,29422.25,29429.25,29401.25,29429.25,,,,
1789475700,29428.75,29431.5,29417,29425.25,,,,
1789476000,29425.25,29432.25,29407,29420.5,,,,
1789476300,29420.75,29468,29414.75,29459,,,,
1789476600,29458.5,29474.75,29447.75,29471.25,,,,
1789476900,29471.75,29484.25,29429.25,29434.25,,,,
1789477200,29433.5,29444.5,29424.75,29443.75,,,,
1789477500,29443.25,29447,29432.5,29439,,,,
1789477800,29439.5,29445.75,29426.5,29430,,,,
1789478100,29429.25,29436.5,29412,29421,,,,
1789478400,29420.75,29425.5,29409.5,29417.75,,,,
1789478700,29418,29439,29414.75,29420.75,,,,
1789479000,29421,29425.75,29371.75,29385.75,,,,
1789479300,29386.5,29441.75,29385.75,29429.75,,,,
1789479600,29430,29441,29405,29435.75,,,,
1789479900,29435.75,29452.75,29421.75,29429,,,,
1789480200,29429.5,29437,29405.75,29429.25,,,,
1789480500,29429.5,29438.5,29415.25,29429.75,,,,
1789480800,29429,29432.25,29396.25,29396.75,,,,
1789481100,29396.75,29404,29368.5,29381.5,,,,
1789481400,29381.25,29381.25,29338.25,29342.75,,,,
1789481700,29343.5,29365.25,29339.75,29355.25,,,,
1789482000,29355.5,29363,29302.25,29327.25,,,,
1789482300,29327.75,29337.25,29315.5,29326.25,,,,
1789482600,29326.5,29334.5,29299,29310,,,,
1789482900,29310,29319,29285.5,29291.25,,,,
1789483200,29291,29291.75,29274,29288.25,,,,
1789483500,29287.75,29301,29267.75,29268.25,,,,
1789483800,29267.75,29273.75,29215.75,29239.5,,,,
1789484100,29239,29258.5,29227.75,29240,,,,
1789484400,29240,29284.75,29239,29284,,,,
1789484700,29283.75,29290,29268.5,29274,,,,
1789485000,29273.75,29281.75,29260,29273.75,,,,
1789485300,29273.75,29295.75,29266.5,29287.75,,,,
1789485600,29287.75,29296.5,29267.5,29287.5,,,,
1789485900,29288,29297.75,29277.75,29291.25,,,,
1789486200,29291.5,29294,29261.25,29282,,,,
1789486500,29282.5,29290.25,29271,29272.5,,,,
1789486800,29272.5,29297,29271.25,29287.5,,,,
1789487100,29287.5,29290.25,29261.75,29267.25,,,,
1789487400,29267,29298.75,29265,29278.75,,,,
1789487700,29278.75,29306.25,29273.75,29277.5,,,,
1789488000,29278,29289.75,29272.25,29285,,,,
1789488300,29285,29285,29245.75,29249.5,,,,
1789488600,29249.5,29254.75,29240.25,29244,,,,
1789488900,29243.5,29268.5,29240,29267.25,,,,
1789489200,29266.75,29301.5,29266.5,29296,,,,
1789489500,29296.75,29300.75,29281.75,29285,,,,
1789489800,29284.5,29293.75,29266.25,29286.25,,,,
1789490100,29286,29288.5,29274.5,29280.5,,,,
1789490400,29280.75,29284.25,29271,29277,,,,
1789490700,29277,29284.25,29264.75,29273.75,,,,
1789491000,29274,29301,29272.5,29297.75,,,,
1789491300,29298.25,29302.75,29271.5,29280.25,,,,
1789491600,29280,29284,29250,29250,,,,
1789491900,29250,29268.25,29244.5,29255.5,,,,
1789492200,29256,29272.25,29252.5,29253.5,,,,
1789492500,29253.75,29262.5,29251.25,29261.75,,,,
1789492800,29261.5,29268.5,29242.5,29243.75,,,,
1789493100,29244.25,29257.25,29241,29253.75,,,,
1789493400,29253.75,29268,29249.25,29257.75,,,,
1789493700,29258,29264.75,29249.25,29254,,,,
1789494000,29254,29260.25,29242.25,29255.5,,,,
1789494300,29255,29262.25,29245.75,29249.5,,,,
1789494600,29249.25,29264.75,29247.5,29263.75,,,,
1789494900,29263.75,29271.5,29258.25,29263.75,,,,
1789495200,29263.5,29274.25,29255,29273.5,,,,
1789495500,29273.5,29280.75,29268,29280.25,,,,
1789495800,29280.5,29287.5,29274.25,29280.5,,,,
1789496100,29281.25,29283,29262.25,29267.25,,,,
1789496400,29267,29273,29265.75,29271.25,,,,
1789496700,29271.5,29281,29266,29280.75,,,,
1789497000,29280.75,29280.75,29255.25,29258.5,,,,
1789497300,29258.5,29262.5,29250.5,29258.25,,,,
1789497600,29258.75,29269.75,29248.5,29251,,,,
1789497900,29251,29253,29229.5,29236,,,,
1789498200,29236,29244.5,29233,29242.75,,,,
1789498500,29242.5,29254,29240.25,29252.5,,,,
1789498800,29252.25,29258.75,29242.75,29250.75,,,,
1789499100,29250.5,29255.5,29244.75,29252.75,,,,
1789499400,29252.5,29254.75,29238.5,29240.75,,,,
1789499700,29241,29244,29233,29240.75,,,,
1789500000,29241.25,29241.75,29234,29236.25,,,,
1789500300,29236.25,29244,29231,29238.5,,,,
1789500600,29238.5,29241.5,29232.5,29233.5,,,,
1789500900,29233.25,29233.25,29212,29219,,,,
1789501200,29219.25,29230.75,29215.25,29227.5,,,,
1789501500,29227.25,29234.5,29220.75,29233,,,,
1789501800,29232.75,29239.25,29208.75,29237.75,,,,
1789502100,29238,29254.25,29228.25,29252.25,,,,
1789502400,29251.75,29281.5,29250.25,29277.75,,,,
1789502700,29278,29279.75,29272,29276.25,,,,
1789503000,29277,29291,29275.25,29286.25,,,,
1789503300,29286.75,29287.75,29280,29280.75,,,,
1789503600,29281.5,29282.25,29273.5,29276.25,,,,
1789503900,29276.5,29277,29269,29270.5,,,,
1789504200,29270.75,29276.75,29267.25,29271.75,,,,
1789504500,29272,29280.25,29271.5,29276.5,,,,
1789504800,29277.25,29283,29273.25,29278.75,,,,
1789505100,29278.75,29285.25,29276.75,29284.5,,,,
1789505400,29284.5,29285,29280,29283.25,,,,
1789505700,29282.25,29286.75,29275.25,29276.75,,,,
1789509600,29268.5,29278,29260.75,29273,,,,
1789509900,29272.5,29273.25,29256.75,29263,,,,
1789510200,29262.75,29264,29257.75,29261.5,,,,
1789510500,29261.25,29271,29260.25,29263.75,,,,
1789510800,29264.5,29275.25,29262,29271.25,,,,
1789511100,29271.75,29272.25,29262,29268.75,,,,
1789511400,29268.5,29280,29267.25,29278,,,,
1789511700,29278,29286.75,29278,29286,,,,
1789512000,29285.5,29285.75,29280,29283.5,,,,
1789512300,29283.75,29286,29280.25,29284.25,,,,
1789512600,29284.5,29289,29284,29285.5,,,,
1789512900,29286,29287,29282.25,29283,,,,
1789513200,29282.5,29284.75,29278,29279.75,,,,
1789513500,29280,29282.5,29278.5,29279,,,,
1789513800,29279.75,29282.75,29275.75,29278.25,,,,
1789514100,29278.25,29279.75,29272.75,29275.75,,,,
1789514400,29276.25,29276.75,29273.25,29275.75,,,,
1789514700,29275,29275.75,29265,29267,,,,
1789515000,29267.5,29272.25,29265.75,29267.5,,,,
1789515300,29268,29273.75,29264,29272.75,,,,
1789515600,29273.25,29287.75,29270,29282.25,,,,
1789515900,29282.25,29287,29276.25,29278.25,,,,
1789516200,29278.25,29287.25,29277.75,29286,,,,
1789516500,29285.75,29286.75,29273.75,29279.5,,,,
1789516800,29278.5,29286.5,29257.5,29269.25,,,,
1789517100,29268.75,29278.5,29263.25,29264.25,,,,
1789517400,29264.5,29284.25,29260.75,29278.25,,,,
1789517700,29278.5,29283.75,29270.75,29278.75,,,,
1789518000,29278.25,29279.5,29270.75,29271.25,,,,
1789518300,29270.75,29278.25,29266.75,29275.25,,,,
1789518600,29275.5,29285,29271,29272,,,,
1789518900,29271.75,29280.75,29264.75,29277.5,,,,
1789519200,29276.75,29278.25,29271.25,29272.75,,,,
1789519500,29272.25,29286,29267,29279,,,,
1789519800,29279.5,29282.5,29274.5,29278,,,,
1789520100,29276.75,29279.75,29268.5,29272.25,,,,
1789520400,29272,29277.75,29258.5,29260,,,,
1789520700,29259.75,29259.75,29243,29246,,,,
1789521000,29245.75,29283.5,29241.25,29282,,,,
1789521300,29283,29287.5,29270.5,29274.75,,,,
1789521600,29274.25,29290,29273.5,29285.75,,,,
1789521900,29285.75,29289,29276.5,29276.5,,,,
1789522200,29276.75,29278.75,29260.75,29270.75,,,,
1789522500,29271,29274,29244.5,29250.75,,,,
1789522800,29250.75,29262,29248.5,29257,,,,
1789523100,29257,29267,29248.75,29249.25,,,,
1789523400,29249.75,29252.75,29232,29235,,,,
1789523700,29234.25,29240.25,29225.75,29229.75,,,,
1789524000,29230,29260.75,29227,29253.25,,,,
1789524300,29253.5,29255,29233.75,29243.75,,,,
1789524600,29244,29253.5,29227.75,29233.75,,,,
1789524900,29234,29249.25,29233.5,29247.5,,,,
1789525200,29247.25,29260.5,29241,29258.75,,,,
1789525500,29258.5,29278.5,29257.75,29275.25,,,,
1789525800,29275,29284,29267.75,29275.25,,,,
1789526100,29275.25,29282.75,29267.5,29271,,,,
1789526400,29271,29274.25,29254.5,29261.25,,,,
1789526700,29261,29270.5,29259.5,29267.5,,,,
1789527000,29268.25,29280,29264.5,29274.5,,,,
1789527300,29274,29283.5,29273.5,29283.25,,,,
1789527600,29282.75,29305,29280.75,29299.75,,,,
1789527900,29299.5,29306.5,29291.75,29295.5,,,,
1789528200,29295.5,29321.25,29293.25,29320.5,,,,
1789528500,29320.75,29335.5,29318,29332.75,,,,
1789528800,29333.5,29357.25,29326.75,29343.25,,,,
1789529100,29343.25,29348.25,29320,29320.25,,,,
1789529400,29320,29324.5,29307.25,29309.5,,,,
1789529700,29309.25,29313,29300,29312,,,,
1789530000,29311.5,29325.75,29308,29322.25,,,,
1789530300,29322,29339,29321,29328.5,,,,
1789530600,29329,29335.5,29325.25,29326.75,,,,
1789530900,29326.75,29336.75,29323.75,29329.25,,,,
1789531200,29330.25,29342.25,29330,29339.75,,,,
1789531500,29339,29339.75,29328,29332.5,,,,
1789531800,29332.75,29336.25,29328.5,29331.75,,,,
1789532100,29332,29334,29322.5,29325.25,,,,
1789532400,29326,29341.5,29326,29334,,,,
1789532700,29334,29336,29318,29321.75,,,,
1789533000,29321.75,29323,29302,29304,,,,
1789533300,29303.25,29313,29298,29308.5,,,,
1789533600,29308.75,29316.75,29302,29305.25,,,,
1789533900,29305.5,29319.25,29304.25,29317.25,,,,
1789534200,29317,29320,29309.5,29311.25,,,,
1789534500,29311.25,29316,29303,29303.25,,,,
1789534800,29303.5,29307.5,29285.5,29304,,,,
1789535100,29304,29314,29292.5,29313,,,,
1789535400,29313.5,29316.75,29305,29312.5,,,,
1789535700,29312.5,29326,29312,29320.5,,,,
1789536000,29320.75,29324.25,29310.5,29317.25,,,,
1789536300,29317.5,29323.75,29309,29322.25,,,,
1789536600,29321.75,29328,29315,29322.5,,,,
1789536900,29322.5,29333,29319,29329.5,,,,
1789537200,29329.5,29345.75,29329,29342.75,,,,
1789537500,29343.5,29348.5,29324.25,29325.75,,,,
1789537800,29325.5,29334.5,29320.5,29333,,,,
1789538100,29332.75,29341.25,29330.75,29334.5,,,,
1789538400,29334.25,29357.75,29328.25,29333.5,,,,
1789538700,29333.5,29365.5,29333.5,29356.5,,,,
1789539000,29357.75,29372.5,29355.25,29360.25,,,,
1789539300,29360,29364.5,29348,29363.5,,,,
1789539600,29363.25,29366.5,29340.25,29343.5,,,,
1789539900,29343.25,29348,29328.75,29340.75,,,,
1789540200,29341.25,29346.25,29330.5,29340.75,,,,
1789540500,29340.25,29349.5,29333.75,29343,,,,
1789540800,29342.75,29346.75,29335,29345,,,,
1789541100,29344.5,29347.75,29332.75,29344.25,,,,
1789541400,29343.75,29362.25,29340.25,29354,,,,
1789541700,29354.75,29369.25,29348.75,29364.75,,,,
1789542000,29365.25,29393.5,29358.75,29391.25,,,,
1789542300,29391.25,29395.5,29377,29392.5,,,,
1789542600,29392.75,29394.5,29378,29385.25,,,,
1789542900,29384.75,29388.25,29366.5,29367.25,,,,
1789543200,29367.25,29392,29367,29384.75,,,,
1789543500,29384.75,29390.75,29381,29387,,,,
1789543800,29386.5,29398.25,29384,29387.75,,,,
1789544100,29387.75,29389.25,29373,29373.5,,,,
1789544400,29373,29377,29366.75,29370.75,,,,
1789544700,29371.5,29377.25,29366,29371.5,,,,
1789545000,29371.75,29372,29360,29360.5,,,,
1789545300,29360.25,29376.75,29359.5,29368,,,,
1789545600,29368,29376.75,29345,29346.25,,,,
1789545900,29346.5,29356.5,29336,29343.25,,,,
1789546200,29343.75,29349.5,29327.25,29346.25,,,,
1789546500,29345,29374.25,29342.75,29355.25,,,,
1789546800,29354.75,29368.75,29337,29339.25,,,,
1789547100,29338.5,29350.5,29331,29348,,,,
1789547400,29347.75,29365.75,29341.5,29348.5,,,,
1789547700,29349,29353.25,29328.5,29330,,,,
1789548000,29329.5,29349,29325.5,29347.25,,,,
1789548300,29346.75,29353.75,29340.5,29342,,,,
1789548600,29341.5,29366,29341,29363.75,,,,
1789548900,29363.5,29375,29361.25,29372.75,,,,
1789549200,29373,29378.75,29363,29377.25,,,,
1789549500,29377,29382,29365,29371.75,,,,
1789549800,29371.75,29374.5,29355.25,29357,,,,
1789550100,29357.5,29359.5,29336.75,29338.25,,,,
1789550400,29337.75,29352.25,29336.5,29343.75,,,,
1789550700,29343.25,29372.5,29342,29356.75,,,,
1789551000,29356.25,29367.5,29351.5,29363.75,,,,
1789551300,29364.5,29373.25,29360,29371.5,,,,
1789551600,29371.75,29390,29369.5,29382.25,,,,
1789551900,29382.75,29383,29367.25,29375.75,,,,
1789552200,29376.25,29388.75,29374.25,29386.5,,,,
1789552500,29386.5,29391.75,29379.25,29379.5,,,,
1789552800,29380,29386.25,29362.75,29362.75,,,,
1789553100,29363,29377.25,29357.25,29377.25,,,,
1789553400,29377.5,29378.75,29355.5,29369.75,,,,
1789553700,29369.25,29375,29361.75,29371,,,,
1789554000,29371,29377,29364.75,29367,,,,
1789554300,29367.75,29376,29365,29374,,,,
1789554600,29374,29378.25,29369.5,29371.5,,,,
1789554900,29371.25,29381.75,29371,29380.75,,,,
1789555200,29380.75,29385.25,29378,29382.25,,,,
1789555500,29381.75,29382,29371.75,29375,,,,
1789555800,29375.75,29377.25,29368.5,29370.25,,,,
1789556100,29370,29400.75,29368.75,29397.25,,,,
1789556400,29397.25,29419,29383.5,29393.25,,,,
1789556700,29392.25,29399,29376.75,29392.5,,,,
1789557000,29391,29395.75,29372.5,29372.5,,,,
1789557300,29372.5,29378,29363.25,29377.25,,,,
1789557600,29376.75,29379,29365.75,29375.75,,,,
1789557900,29376,29388.5,29373.75,29380,,,,
1789558200,29379.5,29396,29377.75,29390.25,,,,
1789558500,29390,29400.75,29385,29398.5,,,,
1789558800,29398,29418.25,29380.75,29409,,,,
1789559100,29409.75,29415.25,29404.75,29408.5,,,,
1789559400,29409.25,29414,29406.25,29412.5,,,,
1789559700,29412,29417,29402.75,29417,,,,
1789560000,29415.5,29430,29411.5,29423.75,,,,
1789560300,29424,29439,29417,29434.25,,,,
1789560600,29433.5,29434.5,29421.25,29422.5,,,,
1789560900,29422.5,29432,29420.25,29431.75,,,,
1789561200,29432,29436,29422.25,29424,,,,
1789561500,29424.5,29436.5,29422,29432.75,,,,
1789561800,29432,29433.25,29403.25,29411.5,,,,
1789562100,29410.75,29414,29374.75,29383.25,,,,
1789562400,29384,29385,29367.5,29368.75,,,,
1789562700,29368.5,29398.25,29364,29397.5,,,,
1789563000,29397.25,29405.25,29376.25,29378.75,,,,
1789563300,29378.75,29408,29375.5,29401.5,,,,
1789563600,29401.5,29412,29364.25,29367.25,,,,
1789563900,29367.25,29392.25,29366.25,29391.5,,,,
1789564200,29391.75,29405.25,29384.25,29403,,,,
1789564500,29403,29403.25,29385.75,29388.25,,,,
1789564800,29387.75,29414.75,29383.75,29396.5,,,,
1789565100,29397.25,29403.25,29386,29386.25,,,,
1789565400,29386.75,29421.75,29381,29406,,,,
1789565700,29405.75,29411.75,29373,29391,,,,
1789566000,29391.25,29423.25,29387.5,29404.5,,,,
1789566300,29404.25,29465,29401,29462.25,,,,
1789566600,29462.25,29477.75,29453.25,29463,,,,
1789566900,29463,29481.5,29456.25,29479,,,,
1789567200,29479.25,29482.75,29430,29435.25,,,,
1789567500,29434.75,29468,29424.5,29454.5,,,,
1789567800,29454.5,29462,29418,29450,,,,
1789568100,29449.75,29477,29444.75,29469.25,,,,
1789568400,29469.25,29474.5,29454.5,29463.5,,,,
1789568700,29464,29465,29444.5,29451.75,,,,
1789569000,29452,29459.25,29436.75,29444.75,,,,
1789569300,29444.75,29449.75,29425.75,29438.5,,,,
1789569600,29438.25,29466.75,29436.75,29466.5,,,,
1789569900,29466.25,29475.25,29451,29457.5,,,,
1789570200,29457.5,29473,29450,29463.5,,,,
1789570500,29464.25,29500.5,29460,29499,,,,
1789570800,29499,29514.5,29484.75,29501,,,,
1789571100,29501,29536.25,29491.75,29528.5,,,,
1789571400,29529.25,29534,29508.75,29524,,,,
1789571700,29523.75,29526,29495.25,29508.25,,,,
1789572000,29508.5,29517.25,29499.5,29516.25,,,,
1789572300,29516.5,29524.75,29501.25,29506.75,,,,
1789572600,29506.75,29511.25,29482,29489.75,,,,
1789572900,29490.25,29505.5,29483.25,29493.25,,,,
1789573200,29493.75,29502.5,29484,29496.25,,,,
1789573500,29495.5,29552.5,29488.75,29527.5,,,,
1789573800,29527.75,29532,29509.75,29511.25,,,,
1789574100,29511.5,29516.25,29497.75,29500,,,,
1789574400,29499.75,29502.5,29475.25,29475.5,,,,
1789574700,29476,29489,29475.25,29485.25,,,,
1789575000,29485.75,29487.25,29469.5,29484.75,,,,
1789575300,29484.5,29495.5,29481.75,29490.5,,,,
1789575600,29490.25,29490.5,29467.5,29469.75,,,,
1789575900,29469.75,29486,29468,29485,,,,
1789576200,29484.75,29487.5,29463.75,29465.75,,,,
1789576500,29466,29475,29465,29470.5,,,,
1789576800,29470,29477.25,29466.5,29470,,,,
1789577100,29470.25,29492.25,29470.25,29485.75,,,,
1789577400,29485.5,29488,29466,29474.25,,,,
1789577700,29474.75,29479.5,29468,29468.5,,,,
1789578000,29469,29469.75,29439.5,29448,,,,
1789578300,29448.25,29452.75,29444.75,29452.25,,,,
1789578600,29452.25,29463.5,29444.75,29460,,,,
1789578900,29460,29464.5,29452.25,29454,,,,
1789579200,29454,29462.75,29443.5,29448.25,,,,
1789579500,29447.75,29457.75,29447.75,29456.25,,,,
1789579800,29456.75,29463,29447,29451.75,,,,
1789580100,29452,29455,29440.5,29441,,,,
1789580400,29440.5,29441.25,29418.75,29423,,,,
1789580700,29422.75,29444.25,29422.75,29433.25,,,,
1789581000,29433.5,29450.5,29426,29445.5,,,,
1789581300,29445,29484,29443.75,29478,,,,
1789581600,29479,29530,29412.75,29508,,,,
1789581900,29508.75,29538.75,29494,29500.5,,,,
1789582200,29501,29509.75,29456.75,29465.25,,,,
1789582500,29464.75,29483.25,29451,29464.5,,,,
1789582800,29464.25,29479.5,29447.5,29455,,,,
1789583100,29455.25,29461,29406.5,29454.75,,,,
1789583400,29454.75,29467.25,29366.5,29371.75,,,,
1789583700,29370.25,29401.25,29300.5,29391.25,,,,
1789584000,29391,29495,29384.5,29439,,,,
1789584300,29439.5,29473.75,29376,29381.25,,,,
1789584600,29381,29397.75,29292,29295.75,,,,
1789584900,29296.5,29324.5,29220.75,29231.75,,,,
1789585200,29231.25,29303.5,29221,29273.75,,,,
1789585500,29273.25,29277.75,29186.5,29204.75,,,,
1789585800,29203.5,29212,29107.75,29130,,,,
1789586100,29129.75,29164.5,29085.25,29110,,,,
1789586400,29109.75,29131.5,29082.75,29111.25,,,,
1789586700,29112.75,29136.75,29052.75,29132.75,,,,
1789587000,29132,29197.5,29122.75,29195.25,,,,
1789587300,29195.25,29199.5,29141.75,29190.75,,,,
1789587600,29190.5,29208.5,29151,29173.75,,,,
1789587900,29174,29236.75,29173,29225,,,,
1789588200,29224.25,29254.75,29216.75,29239.75,,,,
1789588500,29240.5,29268,29219,29254,,,,
1789588800,29254,29282.75,29246.75,29269.5,,,,
1789589100,29269,29279.5,29258.5,29267.5,,,,
1789589400,29267.75,29270.25,29259,29265.75,,,,
1789589700,29265.75,29271,29256.5,29261,,,,
1789590000,29261.75,29266.25,29249.5,29250,,,,
1789590300,29250.75,29250.75,29231,29244.75,,,,
1789590600,29244.25,29257,29238,29253,,,,
1789590900,29252.5,29261.75,29243,29261,,,,
1789591200,29261.25,29267.25,29251.75,29260.25,,,,
1789591500,29260,29268.5,29257,29268.5,,,,
1789591800,29268.25,29273,29261.25,29266.25,,,,
1789592100,29266,29269.25,29252,29264.75,,,,
1789596000,29270.25,29285.5,29247.5,29252.25,,,,
1789596300,29252.25,29288,29252.25,29282.75,,,,
1789596600,29282.5,29286.25,29277,29282.25,,,,
1789596900,29282,29288.25,29280,29286.5,,,,
1789597200,29287,29300,29287,29298.75,,,,
1789597500,29298.25,29329.5,29296,29323,,,,
1789597800,29322.5,29337.5,29321.75,29332.5,,,,
1789598100,29332.5,29353.25,29332.25,29349,,,,
1789598400,29348.75,29369.25,29348.5,29357.25,,,,
1789598700,29357.25,29362.5,29342.5,29346.5,,,,
1789599000,29346,29351.75,29344,29345.75,,,,
1789599300,29345.75,29353.25,29340.75,29350.75,,,,
1789599600,29350.5,29364.75,29348.25,29354.5,,,,
1789599900,29354.25,29374,29352.25,29372.25,,,,
1789600200,29372.75,29374.75,29364,29368.75,,,,
1789600500,29368.25,29392.25,29368.25,29383,,,,
1789600800,29382.5,29399.75,29382.5,29397.5,,,,
1789601100,29397.5,29417,29390,29395.75,,,,
1789601400,29395.25,29412.75,29395.25,29410,,,,
1789601700,29410,29410,29395.75,29402.25,,,,
1789602000,29402.5,29444,29401.25,29436,,,,
1789602300,29436,29457,29433.25,29450,,,,
1789602600,29450.75,29453,29440,29442.75,,,,
1789602900,29442.75,29451.75,29435.25,29451,,,,
1789603200,29451.25,29464.5,29440.25,29450.5,,,,
1789603500,29450.5,29462,29440.75,29453.75,,,,
1789603800,29454,29458,29412.75,29413.25,,,,
1789604100,29413.75,29449.25,29409,29442.25,,,,
1789604400,29442.25,29447.5,29426,29432.75,,,,
1789604700,29433,29444.25,29426.25,29433.75,,,,
1789605000,29433.5,29472.25,29432.25,29457.5,,,,
1789605300,29457.5,29467.5,29453,29464.5,,,,
1789605600,29464.5,29479.5,29456.25,29458.75,,,,
1789605900,29459.5,29459.5,29438.25,29450.5,,,,
1789606200,29451.25,29453,29429,29436.5,,,,
1789606500,29436,29466.5,29433.5,29450.25,,,,
1789606800,29450.5,29453.25,29436.25,29450.75,,,,
1789607100,29450.5,29474.75,29447.75,29452.5,,,,
1789607400,29452.25,29453,29434,29451,,,,
1789607700,29450.75,29455.25,29438.5,29445,,,,
1789608000,29444.5,29454,29442.5,29449.5,,,,
1789608300,29450,29454,29443,29446.25,,,,
1789608600,29447,29470,29446.25,29456.25,,,,
1789608900,29457.25,29469.75,29440.75,29442.75,,,,
1789609200,29442.75,29447,29427.25,29443.25,,,,
1789609500,29442.75,29446.5,29434.5,29440.5,,,,
1789609800,29440.25,29440.5,29413.25,29423.75,,,,
1789610100,29424,29426,29406.25,29418.75,,,,
1789610400,29419,29439,29417,29438.5,,,,
1789610700,29438.5,29439.25,29410.5,29413,,,,
1789611000,29412.75,29420,29405.25,29412.75,,,,
1789611300,29412.25,29426,29408,29421.75,,,,
1789611600,29421.75,29427.5,29414,29422.5,,,,
1789611900,29422.75,29429.5,29412,29417.75,,,,
1789612200,29418.25,29435.75,29416.25,29428.25,,,,
1789612500,29428.75,29450,29425.75,29444,,,,
1789612800,29444,29454.25,29441.75,29447.5,,,,
1789613100,29448,29448.75,29438,29443.75,,,,
1789613400,29443.25,29449.75,29422.75,29423.75,,,,
1789613700,29423.75,29431.75,29418,29422.5,,,,
1789614000,29422.5,29433.75,29419,29433.5,,,,
1789614300,29433.5,29444.25,29432.75,29439.5,,,,
1789614600,29439.75,29443.5,29428,29442.5,,,,
1789614900,29443.25,29446.75,29431.25,29433.5,,,,
1789615200,29433.25,29446.25,29427.75,29445.5,,,,
1789615500,29446.25,29449,29442.75,29446.5,,,,
1789615800,29446.25,29451.25,29439,29446.75,,,,
1789616100,29446.5,29454,29442,29453,,,,
1789616400,29453.25,29463.5,29450.75,29460.5,,,,
1789616700,29460.25,29461.5,29441.25,29458,,,,
1789617000,29458.25,29458.75,29449.5,29454.75,,,,
1789617300,29454.75,29466.75,29454.75,29460,,,,
1789617600,29460.5,29469.5,29459,29466.5,,,,
1789617900,29466.25,29468.75,29461.25,29463,,,,
1789618200,29462.25,29464.25,29453.25,29459,,,,
1789618500,29458.5,29461.25,29447.75,29449.75,,,,
1789618800,29449.25,29452.25,29444.5,29446.25,,,,
1789619100,29446.75,29455.25,29440.5,29451.25,,,,
1789619400,29451,29452.5,29439.25,29442.25,,,,
1789619700,29443,29463.5,29442.25,29461,,,,
1789620000,29461,29468,29457.5,29460.25,,,,
1789620300,29460.5,29471.75,29459.75,29459.75,,,,
1789620600,29459.75,29460.25,29443,29445.75,,,,
1789620900,29445.5,29454,29445,29450.5,,,,
1789621200,29450.25,29454,29445.75,29451,,,,
1789621500,29451,29451.5,29443.5,29443.5,,,,
1789621800,29443.75,29447,29433.5,29436,,,,
1789622100,29435.75,29435.75,29426.5,29428.5,,,,
1789622400,29428.5,29430.75,29420.75,29427.5,,,,
1789622700,29428,29441.75,29426.25,29429,,,,
1789623000,29429.5,29432.5,29415,29422.25,,,,
1789623300,29422.5,29423,29403.75,29409.25,,,,
1789623600,29410.75,29413,29390.75,29391.75,,,,
1789623900,29392,29403.5,29391.75,29397.5,,,,
1789624200,29397.75,29405.5,29382.25,29384.25,,,,
1789624500,29383.75,29384.75,29371,29373.25,,,,
1789624800,29372.5,29407.25,29368.75,29400.75,,,,
1789625100,29400.5,29413.75,29389.75,29392.75,,,,
1789625400,29393,29398.75,29381.75,29392.75,,,,
1789625700,29393.5,29397.5,29376,29392,,,,
1789626000,29392.5,29411.5,29388.25,29411.5,,,,
1789626300,29411.5,29444.75,29408,29443.75,,,,
1789626600,29443.75,29459,29440.75,29448.25,,,,
1789626900,29448.5,29463,29443.5,29446,,,,
1789627200,29445.75,29470,29445.75,29463,,,,
1789627500,29462.75,29470,29458,29461.75,,,,
1789627800,29462.5,29471,29456.25,29464,,,,
1789628100,29463.75,29473.75,29460.75,29468.75,,,,
1789628400,29469,29496.5,29462,29491,,,,
1789628700,29491,29522,29490.75,29518,,,,
1789629000,29518.5,29524,29506,29510.5,,,,
1789629300,29510.5,29536.75,29506.5,29522,,,,
1789629600,29523,29536.5,29508.75,29532.25,,,,
1789629900,29532.25,29551.5,29530,29548.75,,,,
1789630200,29549.25,29566.75,29546,29550.25,,,,
1789630500,29550.5,29550.5,29536.75,29545.75,,,,
1789630800,29545,29550.25,29538.5,29546.25,,,,
1789631100,29546.5,29547.75,29532.5,29533.5,,,,
1789631400,29533.5,29534.75,29518.5,29519.75,,,,
1789631700,29520,29520.5,29509.25,29517.5,,,,
1789632000,29518.5,29531,29512,29528.75,,,,
1789632300,29528.25,29533.75,29520.75,29526.5,,,,
1789632600,29525.5,29531.25,29491,29497.25,,,,
1789632900,29496.5,29504.75,29485,29490.25,,,,
1789633200,29490,29503,29488,29501.75,,,,
1789633500,29501.25,29520.25,29499.75,29515.75,,,,
1789633800,29516,29525.75,29504.75,29523.75,,,,
1789634100,29523.75,29537.25,29522.25,29535.75,,,,
1789634400,29535.75,29537.75,29524,29530.5,,,,
1789634700,29530,29544,29527.75,29542.25,,,,
1789635000,29541.25,29559,29534.5,29554,,,,
1789635300,29554,29561.75,29549.75,29555.5,,,,
1789635600,29555.75,29579.75,29555.25,29570.5,,,,
1789635900,29571.25,29584,29567.75,29577.5,,,,
1789636200,29577.75,29592.5,29569.5,29571.5,,,,
1789636500,29571.5,29576.25,29556.25,29557.5,,,,
1789636800,29558.25,29566,29556.25,29560,,,,
1789637100,29559.75,29563.75,29553,29555.75,,,,
1789637400,29556,29572.75,29553.5,29570,,,,
1789637700,29570.5,29573.75,29562.25,29563.5,,,,
1789638000,29563.75,29572.75,29561,29567,,,,
1789638300,29566.75,29569.5,29545.5,29550.75,,,,
1789638600,29551,29570.25,29550.5,29567.25,,,,
1789638900,29567.25,29580,29557.5,29558.25,,,,
1789639200,29558.5,29569.75,29557.75,29566.75,,,,
1789639500,29567.25,29578,29564.5,29572,,,,
1789639800,29572.25,29582.75,29569.75,29570.5,,,,
1789640100,29571.25,29576.5,29561.75,29562.75,,,,
1789640400,29562.25,29584.75,29562.25,29584.75,,,,
1789640700,29584.25,29589.5,29576.25,29578.25,,,,
1789641000,29579,29590.5,29570.75,29573.25,,,,
1789641300,29572.5,29583.5,29572.25,29579,,,,
1789641600,29577.75,29580.5,29561.5,29565,,,,
1789641900,29564.5,29571.25,29562.5,29567,,,,
1789642200,29567.25,29579.75,29565,29572.25,,,,
1789642500,29572.25,29589.5,29570.75,29585.5,,,,
1789642800,29586.25,29613,29583,29592.5,,,,
1789643100,29593,29595.75,29582.5,29583.75,,,,
1789643400,29583.75,29591.5,29575.25,29588.5,,,,
1789643700,29589.5,29592,29566,29576,,,,
1789644000,29575,29585.75,29568.75,29569,,,,
1789644300,29569.5,29580.75,29565,29577.75,,,,
1789644600,29577.5,29582,29571.5,29572.5,,,,
1789644900,29572.75,29579,29566,29575.25,,,,
1789645200,29575.75,29576,29558.75,29560.5,,,,
1789645500,29560.5,29569.5,29558.25,29565,,,,
1789645800,29565.25,29583.5,29555,29577.25,,,,
1789646100,29578.25,29623,29574,29620.75,,,,
1789646400,29621,29626.75,29596,29619,,,,
1789646700,29620.25,29668,29615.5,29667.25,,,,
1789647000,29667,29681.25,29662.5,29666.75,,,,
1789647300,29667,29687.5,29662.5,29687.5,,,,
1789647600,29687.25,29697.25,29681.5,29695.75,,,,
1789647900,29695.75,29726.25,29689.5,29725.25,,,,
1789648200,29724.5,29753.25,29712,29748.5,,,,
1789648500,29748.25,29749.75,29722.25,29743,,,,
1789648800,29743.25,29744.75,29720.25,29721,,,,
1789649100,29721.5,29723.5,29708.25,29714,,,,
1789649400,29714.5,29727.25,29711,29723.5,,,,
1789649700,29723.25,29732.25,29713.75,29724.25,,,,
1789650000,29725,29750,29715,29730,,,,
1789650300,29730,29739,29723,29725.5,,,,
1789650600,29725.5,29736.5,29714.5,29730.75,,,,
1789650900,29730.25,29742.25,29725.75,29727.75,,,,
1789651200,29728.25,29733,29712.75,29715.5,,,,
1789651500,29715.5,29730.5,29709.5,29717.75,,,,
1789651800,29717.75,29737.75,29641,29641.5,,,,
1789652100,29641.5,29667.5,29605.75,29620.5,,,,
1789652400,29620.5,29649.25,29613,29641.75,,,,
1789652700,29642.25,29669.5,29623.75,29664.25,,,,
1789653000,29664.75,29694.75,29644,29674.5,,,,
1789653300,29674.25,29690.25,29661.75,29689.25,,,,
1789653600,29689,29691,29648.75,29675,,,,
1789653900,29675.25,29683.5,29638.75,29658.75,,,,
1789654200,29658,29717.75,29646.5,29710.75,,,,
1789654500,29710.25,29719.5,29696.25,29709.5,,,,
1789654800,29709.25,29725.5,29692.25,29721,,,,
1789655100,29721,29741.25,29710.5,29712,,,,
1789655400,29712.25,29738,29708.5,29734,,,,
1789655700,29734.5,29744.75,29722.25,29724.75,,,,
1789656000,29725.25,29748.25,29713,29716,,,,
1789656300,29715.25,29718.5,29680.75,29693.5,,,,
1789656600,29693.25,29698,29668.75,29674.5,,,,
1789656900,29674.5,29695.75,29667.25,29680,,,,
1789657200,29680.25,29688,29664,29673.5,,,,
1789657500,29673.5,29693.5,29652,29681.75,,,,
1789657800,29681.5,29686.5,29670,29682.75,,,,
1789658100,29681.75,29698,29670.75,29693.5,,,,
1789658400,29694,29695.25,29678.5,29691.5,,,,
1789658700,29691.5,29714,29690.75,29706.5,,,,
1789659000,29706.5,29711.25,29698.75,29706,,,,
1789659300,29706.25,29720.75,29703.75,29719.5,,,,
1789659600,29719.5,29740.75,29718,29735.25,,,,
1789659900,29734.75,29744.75,29731,29740.75,,,,
1789660200,29740.75,29746.5,29731.5,29737.5,,,,
1789660500,29738,29743.75,29726.5,29743.25,,,,
1789660800,29743.5,29746.5,29728.25,29728.5,,,,
1789661100,29729.25,29742,29717,29740.5,,,,
1789661400,29740.5,29744.5,29732.25,29740.25,,,,
1789661700,29739.75,29742.25,29733,29738,,,,
1789662000,29738,29753,29729.25,29747.75,,,,
1789662300,29747,29752.25,29742.25,29746.75,,,,
1789662600,29747.25,29750.5,29717,29725.25,,,,
1789662900,29725.25,29734.5,29721.5,29729.75,,,,
1789663200,29729.25,29746.75,29724.5,29746.75,,,,
1789663500,29746.5,29749.75,29739.75,29743,,,,
1789663800,29743,29747.25,29739.75,29741.75,,,,
1789664100,29742,29743.5,29703.75,29740.75,,,,
1789664400,29741.25,29767,29738,29754.25,,,,
1789664700,29754.5,29763,29744.5,29747.75,,,,
1789665000,29747.75,29748.5,29730.5,29732.25,,,,
1789665300,29732.25,29744,29731,29739,,,,
1789665600,29738.75,29743.25,29722,29725.75,,,,
1789665900,29725.25,29734.5,29721.25,29726.75,,,,
1789666200,29726.5,29733,29717.25,29732,,,,
1789666500,29732,29736.25,29723,29724,,,,
1789666800,29723.75,29739.5,29723.5,29737.75,,,,
1789667100,29737.25,29746.5,29735.5,29738,,,,
1789667400,29738.25,29738.75,29727.5,29731.5,,,,
1789667700,29731,29743.25,29730,29742.25,,,,
1789668000,29742.5,29744,29732.75,29741.25,,,,
1789668300,29741.25,29747.5,29724,29728.25,,,,
1789668600,29728,29734,29724.5,29730.25,,,,
1789668900,29729.75,29740,29720.75,29735.75,,,,
1789669200,29736,29738.5,29723,29724.25,,,,
1789669500,29724.5,29730.75,29723.5,29726.75,,,,
1789669800,29726.5,29734.25,29720.5,29722,,,,
1789670100,29721.75,29724.5,29708.25,29709.5,,,,
1789670400,29709.5,29717.75,29705.25,29717,,,,
1789670700,29716.25,29728.5,29714.75,29721.25,,,,
1789671000,29721.25,29726.25,29715.75,29720,,,,
1789671300,29720.5,29725,29715,29722,,,,
1789671600,29722,29737,29719.75,29735,,,,
1789671900,29735.25,29751.25,29735,29739.75,,,,
1789672200,29739.5,29745.75,29734.5,29739.75,,,,
1789672500,29739.75,29746.5,29736.5,29744,,,,
1789672800,29744,29746.25,29734,29735.25,,,,
1789673100,29735.25,29739,29727.75,29731.75,,,,
1789673400,29732,29754.25,29730.25,29752.5,,,,
1789673700,29752.25,29760.75,29751.75,29758,,,,
1789674000,29758.25,29766,29746.5,29763,,,,
1789674300,29763,29766,29749.5,29753.5,,,,
1789674600,29753.5,29793.25,29753.5,29769.75,,,,
1789674900,29769.75,29775.5,29731.5,29744.75,,,,
1789675200,29745,29748,29734.75,29737,,,,
1789675500,29737.5,29745,29735.25,29743.5,,,,
1789675800,29743.25,29744.75,29723.5,29725,,,,
1789676100,29724,29728.5,29715.75,29716.25,,,,
1789676400,29716.5,29719.5,29714.75,29718,,,,
1789676700,29718,29719,29715,29715.25,,,,
1789677000,29715,29720.5,29713.5,29717.5,,,,
1789677300,29717.5,29722.75,29716.25,29721,,,,
1789677600,29720.25,29722.75,29713.25,29715.75,,,,
1789677900,29715.25,29720.5,29714.25,29716.5,,,,
1789678200,29716.25,29723,29712.25,29721.25,,,,
1789678500,29720.5,29725.75,29717,29719.75,,,,
1789682400,29723.5,29729.75,29705.75,29706.5,,,,
1789682700,29707.25,29712,29695.5,29699.25,,,,
1789683000,29699.25,29707.5,29698.5,29704.25,,,,
1789683300,29703.75,29704.75,29690.75,29697.5,,,,
1789683600,29698.25,29701.5,29688.75,29692.75,,,,
1789683900,29694,29697.25,29680,29683,,,,
1789684200,29682.5,29684.75,29672.5,29678.25,,,,
1789684500,29678.25,29687.25,29676.5,29681.25,,,,
1789684800,29681.75,29683.5,29673,29681.25,,,,
1789685100,29681.5,29684.5,29679.25,29683.5,,,,
1789685400,29683.25,29683.5,29674.25,29675,,,,
1789685700,29675,29692.5,29674,29687.5,,,,
1789686000,29687.5,29700.25,29686.25,29698.75,,,,
1789686300,29698,29710,29697.5,29707,,,,
1789686600,29706.5,29712.5,29692,29693,,,,
1789686900,29693.5,29697.25,29685.75,29695,,,,
1789687200,29694.75,29704.5,29694,29698,,,,
1789687500,29698,29699,29688.25,29689,,,,
1789687800,29689.25,29697.5,29686,29696.75,,,,
1789688100,29696.5,29701,29694.25,29698.75,,,,
1789688400,29698.5,29705.75,29692.5,29698.5,,,,
1789688700,29698.25,29702.75,29690.5,29698.5,,,,
1789689000,29698,29702.25,29694.75,29699.75,,,,
1789689300,29699.5,29702,29695.25,29696.5,,,,
1789689600,29697.25,29708.5,29687.75,29697.5,,,,
1789689900,29697.25,29700,29678.5,29690.25,,,,
1789690200,29690.25,29698.75,29676.25,29698.75,,,,
1789690500,29698.25,29701.75,29687.5,29694.75,,,,
1789690800,29695.25,29697.75,29686,29697.5,,,,
1789691100,29696,29700.75,29682,29686.75,,,,
1789691400,29687.25,29698,29687.25,29695.25,,,,
1789691700,29694.75,29695,29671,29672.25,,,,
1789692000,29672.25,29685,29662.25,29680.25,,,,
1789692300,29680.75,29683.25,29665,29665,,,,
1789692600,29665.5,29671.25,29658.75,29668.5,,,,
1789692900,29668.75,29670.25,29664.5,29666.25,,,,
1789693200,29666,29682.25,29656.25,29660.75,,,,
1789693500,29660.25,29676.25,29660,29665.25,,,,
1789693800,29665.5,29670.75,29658.25,29661.75,,,,
1789694100,29661.5,29662.25,29647.5,29659.25,,,,
1789694400,29659.75,29664.75,29652.5,29657.25,,,,
1789694700,29657.5,29660,29649,29657.5,,,,
1789695000,29658,29663,29652.25,29659.5,,,,
1789695300,29658.75,29668,29655,29662,,,,
1789695600,29661.75,29678.25,29660.25,29664.75,,,,
1789695900,29664.5,29683,29664.5,29680.5,,,,
1789696200,29680.25,29681.75,29669,29677.75,,,,
1789696500,29678.25,29681,29672,29678.75,,,,
1789696800,29678.5,29684.5,29675.75,29676.5,,,,
1789697100,29676.25,29679.25,29670.5,29671.5,,,,
1789697400,29671.5,29676,29661.25,29674.25,,,,
1789697700,29674.75,29681.5,29671.5,29681.25,,,,
1789698000,29681,29693.25,29680,29690.25,,,,
1789698300,29690.5,29691.5,29680.75,29687.75,,,,
1789698600,29688,29692.5,29683.5,29691.25,,,,
1789698900,29691.25,29692.5,29682.25,29686.25,,,,
1789699200,29686.5,29699.75,29686.5,29693.5,,,,
1789699500,29693.5,29699.25,29691.5,29698,,,,
1789699800,29697.75,29703.75,29688.75,29695.75,,,,
1789700100,29694.75,29703,29686.25,29693,,,,
1789700400,29693.75,29709.5,29688.75,29709,,,,
1789700700,29709,29729,29707.75,29725.25,,,,
1789701000,29725.25,29738.25,29724.75,29737,,,,
1789701300,29737,29737.5,29719.25,29729.5,,,,
1789701600,29729,29738.5,29728,29731.75,,,,
1789701900,29732,29737.75,29730,29733.5,,,,
1789702200,29734,29739.5,29724.5,29737.75,,,,
1789702500,29737.25,29746.75,29737.25,29743,,,,
1789702800,29743.25,29748.25,29742.25,29748,,,,
1789703100,29748,29764,29747.5,29762.25,,,,
1789703400,29762,29764.5,29753.25,29756.75,,,,
1789703700,29756.5,29758.75,29749,29755.25,,,,
1789704000,29755,29768.25,29754.75,29766.75,,,,
1789704300,29766.25,29768.25,29761.75,29762.75,,,,
1789704600,29763,29769,29762.5,29768,,,,
1789704900,29767.5,29773.5,29760.75,29766.5,,,,
1789705200,29766.75,29767.5,29759,29760,,,,
1789705500,29760,29772.75,29754.75,29772.5,,,,
1789705800,29772.5,29779.75,29770.75,29772.75,,,,
1789706100,29772.25,29774.5,29766,29769.5,,,,
1789706400,29769.5,29800.5,29765.75,29795.5,,,,
1789706700,29795.5,29796.75,29786.5,29791.5,,,,
1789707000,29791,29810.25,29790.75,29805,,,,
1789707300,29804.5,29814.5,29802.5,29810.5,,,,
1789707600,29810.5,29812.25,29803.75,29811.25,,,,
1789707900,29811.75,29812.25,29802.75,29805.5,,,,
1789708200,29805.5,29815.75,29805.5,29810.25,,,,
1789708500,29810.75,29815.25,29810,29814.25,,,,
1789708800,29814,29824.25,29812.5,29821.75,,,,
1789709100,29821.75,29827,29807.5,29815,,,,
1789709400,29815,29829.25,29812,29824.25,,,,
1789709700,29823.75,29844.75,29821.25,29841,,,,
1789710000,29840.75,29854.25,29834.25,29854.25,,,,
1789710300,29853.5,29860,29838.5,29840.25,,,,
1789710600,29840,29853.25,29839.75,29842.25,,,,
1789710900,29841.5,29849.5,29838.5,29846.5,,,,
1789711200,29846,29871,29844.75,29868.5,,,,
1789711500,29868.75,29872.5,29861.75,29871.25,,,,
1789711800,29871,29885.5,29864,29882.75,,,,
1789712100,29883,29890,29870.75,29880,,,,
1789712400,29880,29896.75,29874,29892.25,,,,
1789712700,29892,29897,29882.75,29885.25,,,,
1789713000,29885.25,29913.25,29884,29905.5,,,,
1789713300,29906,29919.25,29901,29917.25,,,,
1789713600,29917.5,29917.75,29899.25,29906,,,,
1789713900,29906.25,29912.5,29901.75,29907,,,,
1789714200,29907.75,29912.75,29904.75,29908,,,,
1789714500,29909,29923,29907.5,29916.5,,,,
1789714800,29916.25,29926.25,29910.25,29922.5,,,,
1789715100,29923.25,29928.5,29915,29925.25,,,,
1789715400,29925,29938.75,29920.25,29921.25,,,,
1789715700,29922,29936.5,29919,29932.5,,,,
1789716000,29932.5,29947.5,29929.5,29941.25,,,,
1789716300,29941.5,29965,29940.5,29961.5,,,,
1789716600,29961.5,29967.25,29952.5,29958.75,,,,
1789716900,29959.25,29962.25,29952,29959.5,,,,
1789717200,29959.75,29960.25,29936.5,29939.25,,,,
1789717500,29939.5,29946.25,29933.75,29946,,,,
1789717800,29945.75,29952,29937.75,29948,,,,
1789718100,29947.5,29948.75,29923.5,29929.75,,,,
1789718400,29928.75,29945,29922,29926.5,,,,
1789718700,29927,29929.25,29905.5,29907.25,,,,
1789719000,29907.5,29919.5,29904,29913,,,,
1789719300,29912.5,29920.5,29908.25,29919.5,,,,
1789719600,29920,29931.5,29912,29917,,,,
1789719900,29917.5,29921.75,29895.25,29897.25,,,,
1789720200,29896.75,29914,29892.5,29913,,,,
1789720500,29913.25,29917.5,29902,29905.25,,,,
1789720800,29905,29913.5,29900,29912.5,,,,
1789721100,29912,29918.75,29904.75,29908,,,,
1789721400,29909,29914.75,29896,29896,,,,
1789721700,29896,29901.5,29891,29893.25,,,,
1789722000,29893.5,29894.5,29880,29885.25,,,,
1789722300,29885.5,29895,29880.75,29888.25,,,,
1789722600,29888.25,29895.75,29881.25,29884.25,,,,
1789722900,29883.75,29894.75,29881,29894.25,,,,
1789723200,29894,29899.75,29886.5,29887.75,,,,
1789723500,29887.75,29891.25,29870,29873,,,,
1789723800,29872.75,29874.5,29862.75,29865.5,,,,
1789724100,29865.5,29872.5,29847.75,29848.25,,,,
1789724400,29848,29854,29837,29837.5,,,,
1789724700,29838,29852,29835.75,29845,,,,
1789725000,29844.25,29857.25,29841.5,29849.25,,,,
1789725300,29849.5,29853.5,29838.25,29838.25,,,,
1789725600,29838.5,29851,29837.75,29846.75,,,,
1789725900,29846.5,29855.25,29843.25,29851.5,,,,
1789726200,29851.5,29861,29846.25,29857.75,,,,
1789726500,29857.25,29872.5,29856.5,29866.75,,,,
1789726800,29867,29874.75,29865.5,29872.25,,,,
1789727100,29871.25,29878.5,29866.25,29877.25,,,,
1789727400,29876.75,29890.25,29875.5,29886,,,,
1789727700,29886.5,29903.5,29884.25,29897.25,,,,
1789728000,29896.75,29899,29887.5,29891.75,,,,
1789728300,29891.75,29892.75,29876,29879.5,,,,
1789728600,29879.5,29883.5,29872.75,29878.5,,,,
1789728900,29878.5,29882.5,29874,29877.5,,,,
1789729200,29878,29899,29860.25,29896.5,,,,
1789729500,29897.25,29897.25,29842.25,29866.5,,,,
1789729800,29866.5,29872.75,29844.25,29856.5,,,,
1789730100,29856.75,29857,29828.25,29836,,,,
1789730400,29836,29846.25,29823.75,29835.25,,,,
1789730700,29835.25,29839.25,29827.25,29830.25,,,,
1789731000,29830.25,29854.25,29829.5,29847.75,,,,
1789731300,29847,29859,29841,29846,,,,
1789731600,29846,29846,29826.25,29831.5,,,,
1789731900,29831.5,29838.25,29820,29835.25,,,,
1789732200,29834.25,29845.25,29831.75,29843.25,,,,
1789732500,29844,29846.5,29828.75,29838.75,,,,
1789732800,29840,29849.5,29814.5,29839,,,,
1789733100,29839.25,29853,29797.5,29798.75,,,,
1789733400,29799,29802.25,29784.75,29787.75,,,,
1789733700,29788.5,29799.25,29777.75,29779.25,,,,
1789734000,29779.25,29791.5,29767.5,29770.25,,,,
1789734300,29770.75,29786.5,29769.25,29773.75,,,,
1789734600,29773.75,29796.5,29771,29791.5,,,,
1789734900,29791.25,29795.5,29774,29785,,,,
1789735200,29784.5,29793.75,29780,29789.5,,,,
1789735500,29789.25,29795.75,29785.25,29785.25,,,,
1789735800,29785.25,29794.75,29782.25,29786.75,,,,
1789736100,29785.75,29788,29769.75,29775.75,,,,
1789736400,29776.5,29783.5,29764,29772.25,,,,
1789736700,29772,29789.75,29770.75,29785.75,,,,
1789737000,29786,29791,29782.5,29786.25,,,,
1789737300,29786.5,29796.75,29785.25,29793.75,,,,
1789737600,29793.5,29794.75,29768.5,29769,,,,
1789737900,29768.5,29819.5,29744.5,29814.5,,,,
1789738200,29814.75,29842,29801,29811,,,,
1789738500,29811,29840,29798.75,29835.75,,,,
1789738800,29836,29845.25,29802,29817,,,,
1789739100,29817,29838,29790.25,29795.25,,,,
1789739400,29795,29805.75,29775,29783.25,,,,
1789739700,29783.25,29789.5,29765.75,29776.25,,,,
1789740000,29776.75,29785,29723,29727.75,,,,
1789740300,29727.75,29747.5,29711,29740.25,,,,
1789740600,29739.75,29757,29716.75,29719,,,,
1789740900,29719.25,29727,29694,29724.75,,,,
1789741200,29724.75,29748,29717,29732.5,,,,
1789741500,29732.5,29745.5,29723.75,29729.25,,,,
1789741800,29728.5,29738.25,29712.5,29726.75,,,,
1789742100,29727,29752,29710.25,29734.5,,,,
1789742400,29734.25,29736.5,29702.5,29714.25,,,,
1789742700,29715,29744,29707.25,29743,,,,
1789743000,29742.5,29766.75,29735,29763.25,,,,
1789743300,29763.5,29769.25,29747.25,29759,,,,
1789743600,29758.5,29765,29736.25,29751.5,,,,
1789743900,29751.25,29771.5,29747.25,29749.75,,,,
1789744200,29750,29754,29725,29730.25,,,,
1789744500,29729.75,29736,29720.75,29731.25,,,,
1789744800,29731.5,29743.25,29725,29739.25,,,,
1789745100,29738.75,29756,29738.25,29749.5,,,,
1789745400,29749.25,29756,29727.25,29735.5,,,,
1789745700,29735.5,29744,29720,29725.75,,,,
1789746000,29725.5,29727.75,29712.5,29723.75,,,,
1789746300,29724.5,29727,29711.5,29719.5,,,,
1789746600,29719.25,29730.75,29707.75,29710.5,,,,
1789746900,29710.5,29720.5,29702.75,29708.25,,,,
1789747200,29708.25,29711.25,29699,29705.75,,,,
1789747500,29706,29724,29705.5,29714.5,,,,
1789747800,29714.25,29719.5,29709,29709,,,,
1789748100,29709.5,29723.25,29703.75,29721,,,,
1789748400,29721,29722.25,29669.25,29672.5,,,,
1789748700,29672.5,29705.25,29659.25,29700.5,,,,
1789749000,29700,29721.25,29692.5,29713.5,,,,
1789749300,29713.25,29719.5,29697,29708.5,,,,
1789749600,29708.75,29722.5,29701.75,29716,,,,
1789749900,29716.5,29719.75,29702,29714.25,,,,
1789750200,29713.75,29730.5,29713.75,29727.75,,,,
1789750500,29728.25,29735.25,29721.25,29727.75,,,,
1789750800,29728,29735,29719.5,29731.5,,,,
1789751100,29731.5,29742.75,29730.75,29736.25,,,,
1789751400,29736.75,29741.75,29725,29741.5,,,,
1789751700,29741.25,29749.25,29739,29746.25,,,,
1789752000,29746,29748.25,29738,29748,,,,
1789752300,29747.5,29751.25,29740.25,29741.5,,,,
1789752600,29741.5,29742.5,29732.25,29741.25,,,,
1789752900,29741.25,29756.25,29740.5,29755,,,,
1789753200,29755,29762.5,29752.5,29761.5,,,,
1789753500,29761.5,29765.5,29756.75,29758.5,,,,
1789753800,29758.5,29766.25,29756.5,29762,,,,
1789754100,29762,29768,29759.5,29763.5,,,,
1789754400,29763.5,29769,29756.5,29761.25,,,,
1789754700,29761.75,29763.5,29755.25,29757.75,,,,
1789755000,29758.25,29759.75,29748,29753.75,,,,
1789755300,29753.75,29765,29753,29764.5,,,,
1789755600,29764.5,29788,29764.25,29776.25,,,,
1789755900,29776.25,29781.75,29771.25,29780.75,,,,
1789756200,29780.75,29785,29774.5,29785,,,,
1789756500,29784.75,29785.75,29773.25,29779.75,,,,
1789756800,29780.25,29792.75,29777.25,29791,,,,
1789757100,29791.25,29824.5,29790.5,29819.5,,,,
1789757400,29819.25,29849.25,29819,29837,,,,
1789757700,29837.25,29838.25,29827,29831.75,,,,
1789758000,29832,29848.5,29828.75,29845,,,,
1789758300,29845,29852.75,29831.25,29837.5,,,,
1789758600,29837.75,29844.75,29830,29835,,,,
1789758900,29834.75,29840.75,29832,29837.75,,,,
1789759200,29837.75,29845.75,29832.25,29840.5,,,,
1789759500,29840.25,29842.5,29829,29831.25,,,,
1789759800,29831.5,29834,29821.75,29825.75,,,,
1789760100,29825.75,29843.5,29824.25,29840.75,,,,
1789760400,29840.5,29855,29836.75,29852.75,,,,
1789760700,29852.5,29874.5,29850.25,29872.5,,,,
1789761000,29872.75,29889,29862,29877.5,,,,
1789761300,29877.75,29938,29877.25,29916.25,,,,
1789761600,29916.25,29952.75,29912.5,29947,,,,
1789761900,29947,29950.75,29939.25,29945,,,,
1789762200,29944.5,29993.5,29944.5,29971,,,,
1789762500,29970.5,29975.5,29965,29965.75,,,,
1789762800,29966.25,29973.25,29960.25,29964.5,,,,
1789763100,29964.5,29970.5,29964,29968,,,,
1789763400,29968.5,29971.75,29963,29966.5,,,,
1789763700,29966.75,29968,29957,29966.25,,,,
1789764000,29966.5,29975.5,29966.5,29974,,,,
1789764300,29974,29986,29974,29978.25,,,,
1789764600,29977.5,29981.75,29958.25,29959.25,,,,
1789764900,29959.75,29962,29949.75,29960.25,,,,
1789941600,29938.25,29946,29903.5,29925.25,,,,
1789941900,29925.75,29948.75,29925.5,29946.25,,,,
1789942200,29945.75,30005.25,29945,29997.25,,,,
1789942500,29997.25,30008,29979,29987.25,,,,
1789942800,29988,29996,29979.25,29981.5,,,,
1789943100,29981,29993.5,29981,29989.5,,,,
1789943400,29989.25,30002.5,29987.25,30000.5,,,,
1789943700,30001,30026.25,29999.75,30007.25,,,,
1789944000,30006.5,30023.25,30006,30007.5,,,,
1789944300,30008,30015.75,29996,30006.75,,,,
1789944600,30006.25,30010,30001.25,30005.75,,,,
1789944900,30006.5,30033.75,30006.5,30025.75,,,,
1789945200,30025,30030,30014,30016.5,,,,
1789945500,30016.75,30023.5,30014.5,30019.25,,,,
1789945800,30018.5,30023.5,30015,30019.75,,,,
1789946100,30019.75,30021,30012,30017.75,,,,
1789946400,30017.75,30018.75,30010.5,30018,,,,
1789946700,30018.75,30030,30017,30027,,,,
1789947000,30027,30032.5,30023,30027.25,,,,
1789947300,30027.25,30039.5,30026,30032.75,,,,
1789947600,30032.75,30040.25,30028.75,30036,,,,
1789947900,30036.25,30040,30026,30030.5,,,,
1789948200,30030,30031.75,30019,30024.5,,,,
1789948500,30024.5,30036.5,30023.75,30029.25,,,,
1789948800,30029.5,30055,30025.75,30048.5,,,,
1789949100,30049,30065.5,30040,30046.75,,,,
1789949400,30047.25,30047.75,30035,30041.25,,,,
1789949700,30041.25,30045.5,30016.75,30024.75,,,,
1789950000,30024.5,30070,30021.75,30065.5,,,,
1789950300,30065.75,30079,30061,30066.75,,,,
1789950600,30066.75,30090.75,30066.75,30088,,,,
1789950900,30088.25,30091.75,30082.25,30089.5,,,,
1789951200,30090.5,30090.75,30070.75,30074.25,,,,
1789951500,30074.25,30082.75,30070.75,30078.25,,,,
1789951800,30078,30087.5,30076.25,30078.5,,,,
1789952100,30078.75,30097.75,30075.25,30095.25,,,,
1789952400,30095.25,30105.75,30088.5,30104.5,,,,
1789952700,30104.5,30124.5,30101.25,30118.5,,,,
1789953000,30118.75,30128.75,30105.75,30114.5,,,,
1789953300,30114.75,30119,30107,30111.25,,,,
1789953600,30110.5,30115.5,30104.75,30111.5,,,,
1789953900,30111.5,30127.5,30110.5,30111,,,,
1789954200,30111.25,30121.5,30107.75,30119,,,,
1789954500,30119,30119.5,30108,30114.25,,,,
1789954800,30114.25,30119.75,30109,30113.25,,,,
1789955100,30114,30114.75,30088.5,30092.5,,,,
1789955400,30092.5,30099.25,30083.75,30092.75,,,,
1789955700,30093,30094.5,30069.5,30071,,,,
1789956000,30070.75,30085,30063.75,30079.75,,,,
1789956300,30079.25,30082.5,30070,30081.75,,,,
1789956600,30081.25,30084.25,30075,30079.75,,,,
1789956900,30079.75,30082.5,30072.25,30077.75,,,,
1789957200,30077,30082.75,30072.5,30081,,,,
1789957500,30081,30089.5,30079.75,30089,,,,
1789957800,30088.5,30088.75,30067.75,30073.75,,,,
1789958100,30073.5,30081.75,30073,30078.5,,,,
1789958400,30078.5,30088,30073,30083.25,,,,
1789958700,30082.75,30104.75,30080.25,30100.25,,,,
1789959000,30100.5,30102.25,30078,30084.75,,,,
1789959300,30084,30086.5,30076,30079,,,,
1789959600,30078.75,30100.75,30077.75,30098.75,,,,
1789959900,30099,30100.25,30092.25,30094.25,,,,
1789960200,30095,30100,30089.25,30093.75,,,,
1789960500,30094.25,30106,30091.75,30102.5,,,,
1789960800,30101.75,30104.75,30098,30099.5,,,,
1789961100,30099.5,30104,30092.25,30093,,,,
1789961400,30092.75,30095.25,30082.75,30091.75,,,,
1789961700,30091.5,30095.25,30083.5,30092,,,,
1789962000,30092,30096,30087.75,30094,,,,
1789962300,30094.5,30107.5,30093.5,30094.25,,,,
1789962600,30094,30101.25,30091.25,30097.25,,,,
1789962900,30097.25,30097.5,30086,30087.75,,,,
1789963200,30087.25,30096,30081.5,30083,,,,
1789963500,30083.25,30087.75,30070.25,30081,,,,
1789963800,30080.75,30084.75,30072,30083,,,,
1789964100,30082.75,30099.75,30081,30098.25,,,,
1789964400,30098,30101.5,30087.75,30094,,,,
1789964700,30094,30098,30092.5,30094,,,,
1789965000,30094,30094.5,30081,30086.75,,,,
1789965300,30087,30087,30081,30084.25,,,,
1789965600,30085,30093.25,30084.75,30088,,,,
1789965900,30087.75,30097.5,30086.75,30093.25,,,,
1789966200,30093.5,30097,30090.75,30091.5,,,,
1789966500,30092,30096.75,30088.5,30089.75,,,,
1789966800,30090.25,30090.75,30083.5,30084,,,,
1789967100,30083.75,30086.75,30079.25,30083.5,,,,
1789967400,30082.75,30086.75,30080.5,30081.75,,,,
1789967700,30081.25,30083,30075,30079.5,,,,
1789968000,30080,30089.5,30079,30088,,,,
1789968300,30088.25,30088.25,30078,30082,,,,
1789968600,30081.5,30095.25,30077,30089.25,,,,
1789968900,30089,30103.25,30084.25,30095.5,,,,
1789969200,30095.75,30112,30094.75,30098.5,,,,
1789969500,30098.5,30102.75,30084,30085.25,,,,
1789969800,30085.5,30097.25,30082.75,30090.5,,,,
1789970100,30090,30093,30087.5,30090,,,,
1789970400,30090.25,30108.75,30090,30107.5,,,,
1789970700,30107.25,30115,30104,30114,,,,
1789971000,30114,30121.5,30105.75,30112.75,,,,
1789971300,30112,30124,30108,30116.75,,,,
1789971600,30116.25,30119.25,30109.25,30112,,,,
1789971900,30111.5,30115.5,30103,30107.5,,,,
1789972200,30107.5,30121,30106.5,30120.75,,,,
1789972500,30120.25,30123.75,30114.25,30121.5,,,,
1789972800,30121.5,30124,30117,30120.75,,,,
1789973100,30121.5,30138,30121,30134.25,,,,
1789973400,30134.25,30136,30117.25,30124.25,,,,
1789973700,30124.25,30143.75,30124,30141.5,,,,
1789974000,30141.75,30162.75,30131,30159.5,,,,
1789974300,30159.5,30162,30148.5,30156,,,,
1789974600,30156.25,30156.5,30135,30153.5,,,,
1789974900,30153.5,30155.5,30146,30150.5,,,,
1789975200,30151.25,30152,30129,30135,,,,
1789975500,30135.25,30151,30126,30149.25,,,,
1789975800,30149.25,30155.5,30142.75,30147,,,,
1789976100,30147.5,30157.75,30145,30152,,,,
1789976400,30152,30152.25,30138.5,30145,,,,
1789976700,30144.5,30152,30140,30149.75,,,,
1789977000,30150,30178.5,30149,30178,,,,
1789977300,30178,30188.25,30177.25,30178,,,,
1789977600,30178.25,30216.25,30172.5,30202.75,,,,
1789977900,30202.75,30208.75,30184.25,30207.5,,,,
1789978200,30207.75,30214.75,30202.25,30204.75,,,,
1789978500,30204.75,30208.5,30195.75,30197.5,,,,
1789978800,30197.5,30212.25,30191.75,30210.25,,,,
1789979100,30210,30214,30198.75,30199.5,,,,
1789979400,30199,30231.25,30197.25,30223.75,,,,
1789979700,30223.75,30229.75,30219.25,30225,,,,
1789980000,30225,30237.5,30220,30233.5,,,,
1789980300,30233,30234.75,30222,30231.25,,,,
1789980600,30229.75,30236.75,30223.75,30227.5,,,,
1789980900,30227.5,30238.5,30224.5,30234,,,,
1789981200,30234.75,30237.75,30228.75,30230,,,,
1789981500,30229.75,30250,30228.5,30240.25,,,,
1789981800,30240.75,30245,30232.25,30239,,,,
1789982100,30238.75,30248,30232.5,30235,,,,
1789982400,30235.75,30250,30232.25,30246.75,,,,
1789982700,30246.25,30261.75,30242.75,30246.5,,,,
1789983000,30247,30250,30239.5,30249.5,,,,
1789983300,30250.5,30256,30247.75,30254.25,,,,
1789983600,30254,30260,30251.25,30257.25,,,,
1789983900,30257.75,30264,30253,30254.75,,,,
1789984200,30255,30260.5,30250.75,30254,,,,
1789984500,30253.75,30253.75,30232.75,30233.5,,,,
1789984800,30234,30248,30232.75,30246.5,,,,
1789985100,30246,30248.25,30238,30247,,,,
1789985400,30246.25,30247,30238.5,30246.5,,,,
1789985700,30246,30254,30241.75,30246.25,,,,
1789986000,30246.25,30247.5,30238.5,30240.5,,,,
1789986300,30240.75,30251.75,30239,30245.75,,,,
1789986600,30246.5,30261,30236.75,30259.5,,,,
1789986900,30259.5,30273,30246.5,30259,,,,
1789987200,30258.75,30259.75,30250,30251.75,,,,
1789987500,30251.75,30258.5,30247.25,30249.5,,,,
1789987800,30249.75,30256,30247.5,30255.5,,,,
1789988100,30255,30255.75,30239,30241.25,,,,
1789988400,30241,30251.75,30232.75,30235.25,,,,
1789988700,30235.5,30238.25,30222.25,30229.25,,,,
1789989000,30229.25,30238.25,30224.25,30233,,,,
1789989300,30233,30242.5,30232.25,30239.25,,,,
1789989600,30239,30239,30221,30224,,,,
1789989900,30223.5,30229.75,30218.25,30226.25,,,,
1789990200,30225.75,30240,30223,30234.5,,,,
1789990500,30234.75,30238.25,30220.25,30232,,,,
1789990800,30231,30241,30226,30240.5,,,,
1789991100,30240.5,30250,30232.75,30248.75,,,,
1789991400,30248.5,30257.5,30246.25,30254,,,,
1789991700,30254.25,30261.5,30243.75,30247,,,,
1789992000,30247.25,30268.5,30236,30267.5,,,,
1789992300,30267.75,30277.25,30261,30264,,,,
1789992600,30264.5,30266,30251.5,30252.25,,,,
1789992900,30252.5,30258.25,30245.75,30252.5,,,,
1789993200,30252.25,30256,30236,30236,,,,
1789993500,30235.75,30238.25,30225.5,30225.5,,,,
1789993800,30225.5,30236.5,30223.5,30229.5,,,,
1789994100,30230,30236,30222.25,30232,,,,
1789994400,30231.5,30257,30226.5,30256,,,,
1789994700,30256,30258.75,30233.25,30237.75,,,,
1789995000,30238,30243,30235,30237.5,,,,
1789995300,30236.75,30236.75,30224.5,30225,,,,
1789995600,30224.75,30237.25,30219,30233.25,,,,
1789995900,30233.25,30235.75,30224.5,30233.25,,,,
1789996200,30233.25,30239.25,30220.25,30223.25,,,,
1789996500,30223.75,30231.75,30222.25,30230.25,,,,
1789996800,30230,30230.5,30202.25,30202.75,,,,
1789997100,30203,30233,30203,30221.75,,,,
1789997400,30222,30260.75,30216.5,30251.75,,,,
1789997700,30252,30303.75,30235,30297.25,,,,
1789998000,30297,30340.75,30296.75,30340,,,,
1789998300,30340.25,30371.75,30339.75,30358.75,,,,
1789998600,30359.25,30408.5,30351.75,30407.75,,,,
1789998900,30408,30422.75,30394.5,30417,,,,
1789999200,30416.5,30438.25,30410.5,30417,,,,
1789999500,30417.5,30421.75,30396.75,30408.25,,,,
1789999800,30408.5,30450,30408.25,30437.25,,,,
1790000100,30437.5,30471.25,30437.5,30468.75,,,,
1790000400,30468.75,30505.25,30456,30502.25,,,,
1790000700,30502.5,30519.75,30493.25,30518,,,,
1790001000,30518.75,30534.25,30510.25,30524,,,,
1790001300,30524.25,30556.5,30524.25,30531,,,,
1790001600,30531.25,30539.5,30500.5,30517,,,,
1790001900,30517,30531.5,30504,30519,,,,
1790002200,30519,30529.25,30506.25,30528.25,,,,
1790002500,30527.75,30564.5,30519.25,30550.25,,,,
1790002800,30550.75,30577,30549.25,30576.25,,,,
1790003100,30576.25,30579.75,30564,30575.5,,,,
1790003400,30576.25,30581.25,30566.5,30575.5,,,,
1790003700,30575.25,30589,30570.75,30585,,,,
1790004000,30585.25,30586,30570,30574,,,,
1790004300,30574,30588.5,30571,30584.5,,,,
1790004600,30584.75,30595,30579.25,30582.5,,,,
1790004900,30582.25,30617.75,30580,30608,,,,
1790005200,30608,30614.75,30598.5,30613.5,,,,
1790005500,30613.25,30632.5,30613.25,30624.5,,,,
1790005800,30624.25,30639.5,30611.5,30612.5,,,,
1790006100,30613,30617.5,30601.5,30610.25,,,,
1790006400,30610.25,30632.75,30601.25,30629.75,,,,
1790006700,30630.25,30655.75,30619.5,30652.25,,,,
1790007000,30652.75,30661.5,30645.75,30652.75,,,,
1790007300,30652.75,30664.25,30648,30657.25,,,,
1790007600,30657.5,30672,30652.25,30670.5,,,,
1790007900,30670.25,30687.75,30667,30678.25,,,,
1790008200,30678,30703.75,30676.75,30696.75,,,,
1790008500,30696.5,30699.75,30665.5,30667.25,,,,
1790008800,30667.25,30683.5,30666.25,30669.75,,,,
1790009100,30670.25,30681.5,30670,30678.25,,,,
1790009400,30678.25,30682.5,30663,30674,,,,
1790009700,30674.25,30681,30670,30680.25,,,,
1790010000,30680.5,30688,30678.5,30685.25,,,,
1790010300,30685.25,30693.75,30675.75,30681,,,,
1790010600,30680.75,30696,30675.75,30688.75,,,,
1790010900,30688.75,30692,30680,30688.5,,,,
1790011200,30689,30693.25,30667.25,30670.75,,,,
1790011500,30670.75,30689.5,30664.25,30687.25,,,,
1790011800,30687.75,30698.25,30673.5,30675.5,,,,
1790012100,30675.5,30684.25,30670.75,30680.5,,,,
1790012400,30680.5,30716.75,30678.25,30714,,,,
1790012700,30714.25,30724.75,30708.25,30712.5,,,,
1790013000,30712.25,30723,30710.75,30719,,,,
1790013300,30718.75,30719.25,30709,30712.75,,,,
1790013600,30712.75,30724.5,30711.75,30724.5,,,,
1790013900,30724.5,30732,30721.25,30724,,,,
1790014200,30724.25,30736.75,30719.75,30730.25,,,,
1790014500,30730.75,30745.25,30729.5,30739,,,,
1790014800,30739.5,30757.25,30738.75,30754.5,,,,
1790015100,30754.75,30759.75,30748,30753,,,,
1790015400,30753.75,30755.5,30735.5,30743,,,,
1790015700,30743.25,30763.25,30738.75,30762.75,,,,
1790016000,30762.75,30767.25,30756.25,30765.25,,,,
1790016300,30765.25,30775,30761.5,30772.5,,,,
1790016600,30772.5,30798.75,30772.5,30791.5,,,,
1790016900,30792,30795,30778.25,30786.75,,,,
1790017200,30786.75,30797,30775.25,30777.25,,,,
1790017500,30777.5,30791,30772.5,30789,,,,
1790017800,30789,30802.5,30778.5,30801.5,,,,
1790018100,30801.5,30807.25,30794.25,30805.25,,,,
1790018400,30805.25,30813.5,30796,30802.5,,,,
1790018700,30803,30812.5,30797.75,30803.5,,,,
1790019000,30803.25,30838,30800.25,30835.75,,,,
1790019300,30835.5,30863,30832.5,30854,,,,
1790019600,30854.5,30858,30826.75,30835.5,,,,
1790019900,30835.25,30837.75,30821.5,30825.75,,,,
1790020200,30825.75,30825.75,30787.75,30794.5,,,,
1790020500,30794.5,30807.5,30778,30783.5,,,,
1790020800,30783.75,30794,30763.5,30767.75,,,,
1790021100,30768,30786.75,30766.25,30781.75,,,,
1790021400,30781.75,30784,30770.75,30778.25,,,,
1790021700,30778.5,30779,30762,30771.25,,,,
1790022000,30771.25,30772.75,30765.25,30769,,,,
1790022300,30769.25,30782,30769.25,30777.75,,,,
1790022600,30777.25,30778.5,30769.25,30772.5,,,,
1790022900,30772.25,30772.25,30761.5,30765,,,,
1790023200,30765,30767.25,30758,30762.75,,,,
1790023500,30762.5,30768,30760.25,30765.5,,,,
1790023800,30765.75,30771,30763.5,30768.5,,,,
1790024100,30768.5,30786,30764.5,30781.75,,,,
1790028000,30781.75,30810,30780,30809.25,,,,
1790028300,30809.25,30821,30797.25,30804,,,,
1790028600,30804,30810,30785.5,30803.75,,,,
1790028900,30803,30816.25,30801.25,30807.75,,,,
1790029200,30807.75,30814,30803.25,30811.5,,,,
1790029500,30811.5,30815.75,30808,30815,,,,
1790029800,30815,30829.5,30809.75,30815.25,,,,
1790030100,30815.5,30820,30810,30813,,,,
1790030400,30813.75,30823,30804.25,30822.5,,,,
1790030700,30821.75,30825,30812.75,30823.75,,,,
1790031000,30823,30830,30815.75,30829.75,,,,
1790031300,30830,30833.25,30824.25,30828.25,,,,
1790031600,30828.25,30836.25,30823,30828.75,,,,
1790031900,30828.75,30840,30827.5,30838,,,,
1790032200,30838.5,30852.25,30835.5,30843,,,,
1790032500,30843.75,30847.75,30835.5,30842.75,,,,
1790032800,30842.5,30845,30838,30843.75,,,,
1790033100,30844,30845,30836.25,30842.25,,,,
1790033400,30842.25,30850.75,30837.25,30848.25,,,,
1790033700,30848.75,30851,30841.5,30846.75,,,,
1790034000,30846.75,30856,30846.75,30849.75,,,,
1790034300,30850,30854.75,30847,30849.75,,,,
1790034600,30850,30856.75,30847.25,30854.25,,,,
1790034900,30854.5,30855.5,30849.25,30852,,,,
1790035200,30852,30869.25,30850,30865.25,,,,
1790035500,30865.5,30885.5,30864,30884.5,,,,
1790035800,30885,30889,30873.25,30876.5,,,,
1790036100,30877,30882.5,30862.5,30873.75,,,,
1790036400,30873.75,30884.25,30870,30879.5,,,,
1790036700,30878.75,30893.75,30874.5,30892.75,,,,
1790037000,30893.25,30917.5,30864,30881.5,,,,
1790037300,30881.5,30885.75,30872.5,30875,,,,
1790037600,30875.5,30897.25,30872.25,30891.25,,,,
1790037900,30891.75,30907.25,30885,30896.25,,,,
1790038200,30895.75,30901.75,30892.75,30899.5,,,,
1790038500,30900,30903,30892,30900.5,,,,
1790038800,30900.25,30901,30882.25,30884.75,,,,
1790039100,30885.25,30897.5,30877.75,30889.5,,,,
1790039400,30888.75,30888.75,30876.75,30884.5,,,,
1790039700,30884.5,30884.75,30871,30871,,,,
1790040000,30871.5,30878.25,30867,30872.25,,,,
1790040300,30872.25,30891.5,30868.5,30882.5,,,,
1790040600,30882.25,30899.25,30870,30897,,,,
1790040900,30897,30905.5,30886.25,30888.25,,,,
1790041200,30889,30898.75,30883.25,30884.75,,,,
1790041500,30886.5,30893,30873.25,30876.75,,,,
1790041800,30876.5,30889.5,30875.75,30884.75,,,,
1790042100,30884.5,30890,30871.5,30873,,,,
1790042400,30873.5,30894.75,30873.5,30890.75,,,,
1790042700,30891.5,30891.5,30877,30878.75,,,,
1790043000,30879.25,30879.25,30870.25,30873,,,,
1790043300,30873.75,30879.5,30872,30877.5,,,,
1790043600,30877.25,30885.25,30874.5,30879.75,,,,
1790043900,30879.75,30885,30878,30879,,,,
1790044200,30879.25,30879.75,30866.25,30869.5,,,,
1790044500,30870,30887.25,30868,30885.75,,,,
1790044800,30885.5,30895,30884.5,30887.75,,,,
1790045100,30888.5,30896,30883.5,30888.5,,,,
1790045400,30888,30897,30886,30896.75,,,,
1790045700,30895.25,30897.75,30887.75,30895,,,,
1790046000,30894.25,30897.25,30886.75,30893.5,,,,
1790046300,30894.5,30894.5,30882.5,30884.5,,,,
1790046600,30884,30891.5,30884,30891.5,,,,
1790046900,30891.25,30899.25,30887,30891.75,,,,
1790047200,30891,30892.25,30887,30887,,,,
1790047500,30887,30890.75,30886.75,30889,,,,
1790047800,30889.25,30892,30880.25,30891.25,,,,
1790048100,30890.75,30898.75,30888,30889.75,,,,
1790048400,30889.5,30891,30877.75,30882,,,,
1790048700,30881.75,30885,30877.25,30882.5,,,,
1790049000,30881.75,30882,30874.5,30875,,,,
1790049300,30875.75,30879,30856.75,30872.75,,,,
1790049600,30872.25,30875.75,30856,30860.75,,,,
1790049900,30860.75,30862,30840.25,30841.75,,,,
1790050200,30842,30867.75,30832.25,30852.75,,,,
1790050500,30853.25,30856.5,30836.5,30836.5,,,,
1790050800,30836.5,30841.75,30832.5,30838.75,,,,
1790051100,30838.75,30849.5,30831,30837.25,,,,
1790051400,30836.75,30848.5,30831.25,30834.5,,,,
1790051700,30834,30839.75,30826.25,30831,,,,
1790052000,30830.25,30841.75,30824,30828.75,,,,
1790052300,30829,30835.5,30820,30821.5,,,,
1790052600,30821.75,30823.75,30812.5,30816,,,,
1790052900,30816.75,30821,30809,30813,,,,
1790053200,30813.5,30821.25,30808.25,30813.75,,,,
1790053500,30814,30820.75,30807.25,30808,,,,
1790053800,30808.25,30812.5,30804.5,30809.75,,,,
1790054100,30809.5,30810.5,30783.5,30784.75,,,,
1790054400,30784.5,30810,30783.5,30790.5,,,,
1790054700,30790.25,30801,30785.25,30792.75,,,,
1790055000,30792,30793.75,30778.75,30790.5,,,,
1790055300,30791,30815,30790.75,30813.5,,,,
1790055600,30813,30823.5,30807.5,30818.25,,,,
1790055900,30817.25,30844.75,30815.5,30843.75,,,,
1790056200,30843.75,30844.75,30820.25,30821.5,,,,
1790056500,30821,30822.5,30812.75,30815.5,,,,
1790056800,30816,30819.25,30790,30790,,,,
1790057100,30789.75,30803.75,30785.75,30796,,,,
1790057400,30796.25,30800.5,30777,30784.25,,,,
1790057700,30784,30789.25,30773.25,30774,,,,
1790058000,30774,30782.75,30766,30770.5,,,,
1790058300,30771.25,30788.25,30768.25,30787,,,,
1790058600,30786.5,30793,30778.25,30780.75,,,,
1790058900,30780.25,30795.25,30778.25,30786.25,,,,
1790059200,30786.25,30794.75,30775.5,30780.25,,,,
1790059500,30780.25,30787.5,30775,30781.25,,,,
1790059800,30782.25,30786,30775,30776.75,,,,
1790060100,30776.75,30789.75,30776.25,30778.75,,,,
1790060400,30779,30789.5,30762,30775.5,,,,
1790060700,30775.5,30786.75,30766.5,30782,,,,
1790061000,30781.5,30788.25,30768.25,30779.5,,,,
1790061300,30778.5,30792.5,30773.5,30774.25,,,,
1790061600,30774.75,30784,30767.5,30775.25,,,,
1790061900,30776.75,30780.25,30765,30769.25,,,,
1790062200,30769,30776.75,30761.25,30765.25,,,,
1790062500,30765.25,30777.5,30762,30773.5,,,,
1790062800,30773,30780,30770,30780,,,,
1790063100,30780,30786,30764.25,30769.25,,,,
1790063400,30770,30780.75,30766.5,30779.5,,,,
1790063700,30778.25,30782.5,30768.5,30770,,,,
1790064000,30770.5,30771.75,30729,30731.25,,,,
1790064300,30731,30747.5,30724.5,30737.25,,,,
1790064600,30737.5,30742.75,30729.25,30735.5,,,,
1790064900,30736.25,30737.5,30712.5,30723.75,,,,
1790065200,30724,30725,30700.75,30711.5,,,,
1790065500,30711.5,30734.75,30682.75,30686.75,,,,
1790065800,30687,30700.25,30671,30690.75,,,,
1790066100,30690.75,30744,30687.75,30735.75,,,,
1790066400,30736,30765.25,30727,30759.75,,,,
1790066700,30760.25,30780.5,30744,30777.5,,,,
1790067000,30778,30788.25,30766.5,30776.5,,,,
1790067300,30776.25,30790.5,30769.25,30782.25,,,,
1790067600,30783.25,30802.5,30756.5,30757.5,,,,
1790067900,30756.75,30780.75,30754.25,30767.25,,,,
1790068200,30766.75,30781.25,30752.5,30764.5,,,,
1790068500,30764.25,30788,30762,30767.5,,,,
1790068800,30767.5,30775,30760,30766.75,,,,
1790069100,30766.25,30773,30761,30769.75,,,,
1790069400,30770.75,30787,30766,30777.75,,,,
1790069700,30777.25,30777.75,30763.5,30766.5,,,,
1790070000,30766.5,30790,30765.75,30789.5,,,,
1790070300,30789,30793.75,30781.5,30787.5,,,,
1790070600,30787.5,30855.25,30786,30821.75,,,,
1790070900,30821.75,30845.5,30794.5,30836.5,,,,
1790071200,30838,30842,30818,30834.75,,,,
1790071500,30834.25,30848,30830,30838.25,,,,
1790071800,30838.5,30843.25,30809.5,30818.25,,,,
1790072100,30817.75,30825.75,30809.5,30812.5,,,,
1790072400,30813,30815.25,30799,30801.25,,,,
1790072700,30802,30815.75,30794.5,30809.25,,,,
1790073000,30809.5,30815.75,30797.75,30805.25,,,,
1790073300,30804.75,30810.25,30797.75,30809.25,,,,
1790073600,30809.75,30830.75,30806.75,30821.75,,,,
1790073900,30821.75,30832.25,30808.25,30828.25,,,,
1790074200,30828.25,30834.75,30823.75,30826.5,,,,
1790074500,30826.75,30830,30813.5,30814.5,,,,
1790074800,30814.5,30829.5,30796.25,30809.75,,,,
1790075100,30810,30813.5,30754.75,30773.5,,,,
1790075400,30774.25,30805,30765,30795.25,,,,
1790075700,30795,30800.25,30788.25,30791.25,,,,
1790076000,30791,30802.5,30783.75,30799.25,,,,
1790076300,30799,30801.75,30777.5,30779,,,,
1790076600,30779.5,30795.5,30776.25,30788,,,,
1790076900,30787.75,30801.25,30787.5,30796.25,,,,
1790077200,30796.25,30805,30785.5,30794.25,,,,
1790077500,30794.75,30813.75,30784.5,30792,,,,
1790077800,30792,30794,30775.25,30776.5,,,,
1790078100,30776,30792,30772,30776.25,,,,
1790078400,30776.5,30791.75,30770.75,30786.25,,,,
1790078700,30785.75,30789,30747.75,30759.75,,,,
1790079000,30759.75,30769.5,30757.25,30761,,,,
1790079300,30762,30770.75,30749.25,30758.5,,,,
1790079600,30758.25,30783.25,30757.25,30771,,,,
1790079900,30771,30784.5,30770.5,30784.5,,,,
1790080200,30783.75,30788.25,30772,30784.75,,,,
1790080500,30784.75,30787.25,30764,30767.75,,,,
1790080800,30767.5,30781,30763.25,30764.5,,,,
1790081100,30765,30769.75,30761.25,30763,,,,
1790081400,30763.5,30765.25,30752.75,30758,,,,
1790081700,30757.5,30762,30748,30752.75,,,,
1790082000,30752.75,30771.75,30748.75,30767.5,,,,
1790082300,30767.75,30781,30757.75,30767,,,,
1790082600,30766.75,30773,30760.25,30769.75,,,,
1790082900,30769.5,30774.75,30755.25,30759.25,,,,
1790083200,30759.25,30771.25,30750.75,30768.25,,,,
1790083500,30768.75,30777.75,30757,30764,,,,
1790083800,30764.5,30868.25,30763.25,30865.5,,,,
1790084100,30865.25,30897.5,30863.5,30892.75,,,,
1790084400,30893,30927.5,30886.5,30902.5,,,,
1790084700,30902.5,30924.75,30881,30907.25,,,,
1790085000,30907,30947.25,30905,30941.5,,,,
1790085300,30941.5,30943.5,30892,30930,,,,
1790085600,30929.75,30937.75,30910,30928,,,,
1790085900,30928.25,30933.75,30907.25,30915,,,,
1790086200,30914.75,30987.5,30912.5,30960.75,,,,
1790086500,30960.5,30978.75,30938.25,30950,,,,
1790086800,30950,30960.75,30934.25,30950.75,,,,
1790087100,30950.5,30966.5,30939.5,30961,,,,
1790087400,30961.25,30997.75,30953.5,30987.75,,,,
1790087700,30987.75,30989.25,30935.75,30943.5,,,,
1790088000,30944,30949.25,30896.25,30914,,,,
1790088300,30914.25,30944.75,30890.25,30941.75,,,,
1790088600,30941.5,30955.75,30923,30943.75,,,,
1790088900,30944.25,30950,30916,30925,,,,
1790089200,30925.5,30930,30902.5,30915.25,,,,
1790089500,30915.25,30940.5,30911,30914.5,,,,
1790089800,30914.75,30945,30906.75,30938,,,,
1790090100,30938.25,30948.25,30924,30946.5,,,,
1790090400,30946.75,30947.25,30929.5,30933,,,,
1790090700,30932.75,30945,30920.5,30928.25,,,,
1790091000,30928.25,30934.25,30916,30923.75,,,,
1790091300,30923.75,30925.75,30893.75,30897.5,,,,
1790091600,30897.5,30906.5,30883.5,30899.5,,,,
1790091900,30899.5,30918.75,30898,30908.25,,,,
1790092200,30909,30914.75,30894.25,30895.5,,,,
1790092500,30895.75,30912,30887,30911,,,,
1790092800,30911,30920,30894.75,30908.75,,,,
1790093100,30908.5,30935.25,30906.25,30926.75,,,,
1790093400,30927.25,30934.5,30919.5,30925.25,,,,
1790093700,30924.75,30926.75,30908.75,30910.25,,,,
1790094000,30910.75,30926.5,30897.5,30900,,,,
1790094300,30899.75,30907.75,30889.25,30892.25,,,,
1790094600,30891.75,30920,30891.25,30919.25,,,,
1790094900,30919.5,30920,30900,30904.5,,,,
1790095200,30904,30916.25,30895.5,30915.5,,,,
1790095500,30915.25,30945.75,30911,30943,,,,
1790095800,30942.75,30946,30933,30938.25,,,,
1790096100,30938,30944,30934.75,30941,,,,
1790096400,30941,30944,30936.5,30938.75,,,,
1790096700,30938.5,30954,30935,30942,,,,
1790097000,30942,30946.75,30937,30941.5,,,,
1790097300,30941.75,30944.25,30935,30939.5,,,,
1790097600,30939.5,30939.5,30928.5,30935,,,,
1790097900,30935.25,30957.75,30932.75,30953.25,,,,
1790098200,30953.25,30953.75,30930.25,30935.5,,,,
1790098500,30935.25,30939,30925.5,30929.75,,,,
1790098800,30929.75,30945.5,30921.75,30944.5,,,,
1790099100,30944.5,30951,30937.5,30942,,,,
1790099400,30942,30987.75,30936.5,30976.75,,,,
1790099700,30976.75,30980.75,30965.75,30977.25,,,,
1790100000,30977.5,30979.75,30951,30960.5,,,,
1790100300,30960.5,30981.5,30958.75,30980.5,,,,
1790100600,30980.25,30985.25,30974,30980.5,,,,
1790100900,30980.75,30994.75,30980.75,30990.5,,,,
1790101200,30990.25,31009.75,30988.25,31004,,,,
1790101500,31004,31006.75,30992,30994,,,,
1790101800,30994,30998.75,30980.75,30981.75,,,,
1790102100,30981.75,30985,30966,30972.25,,,,
1790102400,30972,30992.75,30966,30988,,,,
1790102700,30988.25,30991.75,30980,30984.25,,,,
1790103000,30984,30989.25,30978,30985.5,,,,
1790103300,30985.5,30987.5,30971.5,30976,,,,
1790103600,30976,30989,30975,30988.25,,,,
1790103900,30988.5,30998.25,30984.25,30995.5,,,,
1790104200,30996,31005,30995.75,31003.25,,,,
1790104500,31003,31016.25,31002.25,31011.5,,,,
1790104800,31011.5,31011.5,30997.75,31005,,,,
1790105100,31005.25,31027,31003.75,31020.25,,,,
1790105400,31020.5,31048,31018.5,31046.75,,,,
1790105700,31046.5,31050,31037,31043.75,,,,
1790106000,31043.25,31045.25,31018.25,31035,,,,
1790106300,31034.75,31049.25,31034.75,31046.75,,,,
1790106600,31046.5,31066,31027.5,31040,,,,
1790106900,31040.5,31040.75,31013,31029.75,,,,
1790107200,31029.75,31030.25,31017.25,31026,,,,
1790107500,31026,31035.5,31018,31028.75,,,,
1790107800,31028.75,31034.75,31020.25,31021.5,,,,
1790108100,31020.75,31024.25,31015.75,31016,,,,
1790108400,31016.5,31017,31000,31008.5,,,,
1790108700,31008.5,31014.75,31002.75,31003.75,,,,
1790109000,31005,31011.75,31002.25,31007.5,,,,
1790109300,31007.5,31009.75,31006.5,31007,,,,
1790109600,31007.25,31009.75,31001.75,31002.5,,,,
1790109900,31002.5,31004,30994.75,30999.25,,,,
1790110200,30999.25,31006,30998,31002,,,,
1790110500,31002,31006.25,30990.5,31002.5,,,,
1790114400,31010,31034,31000.5,31017.5,,,,
1790114700,31017.5,31040.5,31017.5,31032.75,,,,
1790115000,31033.5,31042.25,31026.75,31041,,,,
1790115300,31041,31046.75,31036.5,31043.75,,,,
1790115600,31043.75,31057,31043.75,31052.75,,,,
1790115900,31053.25,31058.25,31045.75,31049.75,,,,
1790116200,31049.5,31059.5,31048.25,31057,,,,
1790116500,31056.5,31058.75,31051,31052.5,,,,
1790116800,31052.5,31061,31051.5,31053,,,,
1790117100,31053,31053,31027.25,31028.75,,,,
1790117400,31029.75,31046.25,31025.5,31043.25,,,,
1790117700,31044.25,31049,31042.5,31044.75,,,,
1790118000,31044.25,31054,31044.25,31048.5,,,,
1790118300,31048.5,31053,31043.25,31046.25,,,,
1790118600,31046.25,31050.5,31044,31049,,,,
1790118900,31048.5,31053.5,31047.5,31052.25,,,,
1790119200,31051.75,31061.5,31050,31058.75,,,,
1790119500,31058.25,31058.75,31048,31053.5,,,,
1790119800,31053,31057.5,31050.25,31054.75,,,,
1790120100,31055.5,31058,31053,31056.25,,,,
1790120400,31056.25,31058,31050.5,31052.5,,,,
1790120700,31053.25,31055.25,31042.25,31049.25,,,,
1790121000,31048.75,31065.25,31044,31061.5,,,,
1790121300,31061.5,31075.75,31054,31065.75,,,,
1790121600,31065,31066.25,31035.5,31047.75,,,,
1790121900,31047.75,31052,31031.5,31042.75,,,,
1790122200,31042.25,31048.75,31033.25,31040.75,,,,
1790122500,31040.75,31053.5,31037,31046.5,,,,
1790122800,31045.75,31050.5,31032,31049.75,,,,
1790123100,31049.25,31055.5,31036,31038.25,,,,
1790123400,31037.5,31050.75,31034.5,31038.75,,,,
1790123700,31038.75,31047.25,31034.25,31042.25,,,,
1790124000,31042.5,31049.5,31036.5,31039.5,,,,
1790124300,31039.75,31045,31026.75,31027.75,,,,
1790124600,31028.25,31035.75,31013,31015.5,,,,
1790124900,31015.25,31023.25,31012.5,31023.25,,,,
1790125200,31023.25,31026.25,31015,31021.75,,,,
1790125500,31022.5,31038,31020,31029,,,,
1790125800,31030.25,31031,31016.5,31026.25,,,,
1790126100,31026,31036.5,31019,31036,,,,
1790126400,31035.75,31046.75,31030.75,31044.25,,,,
1790126700,31044,31057.5,31040.75,31053.75,,,,
1790127000,31052.75,31059,31024,31031.75,,,,
1790127300,31031.75,31034.25,31020.75,31026.25,,,,
1790127600,31026.5,31028,31005.5,31014.25,,,,
1790127900,31014.25,31023.25,31012,31015.5,,,,
1790128200,31015,31019.5,31010.25,31016.75,,,,
1790128500,31016.25,31021,31011.75,31015.5,,,,
1790128800,31016,31021.75,31006.25,31015,,,,
1790129100,31014.75,31017.75,31003.75,31004.5,,,,
1790129400,31004.25,31006,30996.5,31001.25,,,,
1790129700,31001.25,31012.75,30983.25,31001,,,,
1790130000,31000.75,31017.75,30999.25,31011.75,,,,
1790130300,31011.5,31020.25,31010,31012.25,,,,
1790130600,31012.5,31016,31004.5,31008.5,,,,
1790130900,31009,31012.25,31000.5,31001.25,,,,
1790131200,31002.25,31007.75,30999.5,31002.25,,,,
1790131500,31001.75,31013.5,31001.5,31009.75,,,,
1790131800,31009.75,31011.25,31004.75,31010.75,,,,
1790132100,31011.25,31012,31006.75,31007.5,,,,
1790132400,31008,31008.75,31000.75,31004,,,,
1790132700,31004,31007,30992.75,31002,,,,
1790133000,31002.5,31007.75,31001,31006,,,,
1790133300,31006,31007.5,30992,30996.75,,,,
1790133600,30997,31012,30996.25,31008,,,,
1790133900,31007.25,31014.75,30999.5,30999.75,,,,
1790134200,31000,31013.75,30999.75,31013.5,,,,
1790134500,31013.75,31016.25,31008.75,31011.5,,,,
1790134800,31012,31027.5,31009.5,31019.75,,,,
1790135100,31019.75,31023.75,31017.5,31021,,,,
1790135400,31021.25,31026,31017.75,31026,,,,
1790135700,31025.25,31025.25,31011,31013.25,,,,
1790136000,31014,31024.75,31010.75,31024.5,,,,
1790136300,31024.5,31035,31024,31032,,,,
1790136600,31031.75,31034.25,31024.25,31031.75,,,,
1790136900,31031.75,31038,31029.75,31037,,,,
1790137200,31037.5,31044.75,31035.5,31040,,,,
1790137500,31040.5,31043.25,31036.5,31039.75,,,,
1790137800,31039.25,31048.5,31038.25,31045.5,,,,
1790138100,31046,31052,31041,31044,,,,
1790138400,31044,31050.5,31041.25,31049.5,,,,
1790138700,31048.5,31051.75,31046.25,31049.25,,,,
1790139000,31049.5,31050.5,31038,31040,,,,
1790139300,31040.25,31042.25,31031,31035.25,,,,
1790139600,31035.5,31037.5,31021.5,31029,,,,
1790139900,31028.5,31034,31023,31033,,,,
1790140200,31033,31039.5,31028.75,31033.25,,,,
1790140500,31033.5,31043,31029.5,31032,,,,
1790140800,31030.75,31031.5,31018.25,31020.75,,,,
1790141100,31021.25,31037,31020.5,31034,,,,
1790141400,31034.25,31038.75,31022,31026,,,,
1790141700,31026.25,31036.75,31025,31033.5,,,,
1790142000,31033.25,31039.5,31021,31028.25,,,,
1790142300,31028.25,31042.25,31026.75,31028.75,,,,
1790142600,31029.5,31044.25,31028.5,31039,,,,
1790142900,31039,31041.25,31027.5,31028.75,,,,
1790143200,31029,31054.75,31028,31043.75,,,,
1790143500,31043.25,31054.75,31037,31040,,,,
1790143800,31041,31058.25,31041,31057.5,,,,
1790144100,31057.5,31058.25,31051.5,31055.5,,,,
1790144400,31055.25,31057.5,31039,31049.75,,,,
1790144700,31050.5,31062.75,31049.75,31057.5,,,,
1790145000,31057.25,31081.5,31056,31081,,,,
1790145300,31081,31094.75,31078.5,31090.75,,,,
1790145600,31090.5,31091.5,31073.75,31083,,,,
1790145900,31082.75,31083,31057.25,31079.75,,,,
1790146200,31079.75,31081,31062.75,31063.75,,,,
1790146500,31063.75,31064.75,31048.25,31050,,,,
1790146800,31049.75,31055.25,31043,31052,,,,
1790147100,31052.5,31053,31029,31031.5,,,,
1790147400,31031.25,31047.5,31028,31045.25,,,,
1790147700,31045.5,31048.25,31030.25,31035.75,,,,
1790148000,31035.75,31040.75,31030.75,31035.75,,,,
1790148300,31036,31052.5,31034.5,31052.25,,,,
1790148600,31051.5,31062,31035.5,31040,,,,
1790148900,31040.25,31055,31037.5,31041,,,,
1790149200,31041,31051,31035.5,31037.5,,,,
1790149500,31037.5,31045.5,31032,31043.5,,,,
1790149800,31043.75,31049.75,31028.25,31030.75,,,,
1790150100,31030.25,31039.5,31028.75,31034.25,,,,
1790150400,31034.5,31047.25,31011.25,31019,,,,
1790150700,31019.25,31041,31015.5,31036,,,,
1790151000,31036,31044.25,31031.5,31039,,,,
1790151300,31039,31044.25,31027.75,31041,,,,
1790151600,31041.5,31053,31040,31049.5,,,,
1790151900,31049.75,31051.75,31037,31040,,,,
1790152200,31039.25,31046,31034.75,31035.25,,,,
1790152500,31035.75,31037.5,31011.75,31021.75,,,,
1790152800,31021.5,31024.5,31007.5,31014.25,,,,
1790153100,31014.5,31018.25,31004.75,31016,,,,
1790153400,31016.75,31017,31003,31010.5,,,,
1790153700,31011,31022,31008.5,31017,,,,
1790154000,31016.25,31026.25,31007,31010.5,,,,
1790154300,31010,31027.5,31008.25,31025.5,,,,
1790154600,31025.75,31026.25,31014,31017,,,,
1790154900,31016.75,31021.75,31009,31020.5,,,,
1790155200,31020.75,31031.75,31016.25,31031,,,,
1790155500,31031,31034.5,31023.75,31024,,,,
1790155800,31024,31033.25,31022.5,31026,,,,
1790156100,31025.75,31033.75,31022.5,31025.25,,,,
1790156400,31026,31027.75,31018.75,31019,,,,
1790156700,31019,31019,30997.5,31005.75,,,,
1790157000,31006.25,31016.75,31002.25,31014.5,,,,
1790157300,31014.25,31015.75,31007,31012,,,,
1790157600,31012.5,31024,31009.75,31020.5,,,,
1790157900,31020,31027.25,31018.5,31024,,,,
1790158200,31024.5,31032,31018.75,31029.25,,,,
1790158500,31029.5,31039.5,31028.25,31037.5,,,,
1790158800,31037.75,31037.75,31020.75,31026.5,,,,
1790159100,31026.5,31033.75,31023,31033.75,,,,
1790159400,31033,31035.75,31022,31022.5,,,,
1790159700,31022.25,31031.25,31015,31029.75,,,,
1790160000,31029.25,31029.75,31016,31022,,,,
1790160300,31021.25,31022.25,31012.5,31019,,,,
1790160600,31019.5,31027.75,31014,31025.25,,,,
1790160900,31025.25,31033,31025.25,31027.75,,,,
1790161200,31027.75,31029.5,31003.75,31007,,,,
1790161500,31006.25,31006.25,30993.25,31001,,,,
1790161800,31001.25,31006.75,30996.75,31001.5,,,,
1790162100,31002,31011.5,30991,30994.25,,,,
1790162400,30994.75,30995,30957.25,30962.75,,,,
1790162700,30962.75,30970.25,30949,30952.75,,,,
1790163000,30952.5,30954.75,30932,30936,,,,
1790163300,30936,30937.5,30914,30929.75,,,,
1790163600,30929,30932.75,30911.25,30926.5,,,,
1790163900,30926.5,30960,30925.25,30956,,,,
1790164200,30955.5,30956,30943,30950.5,,,,
1790164500,30951.25,30963,30946.75,30959.75,,,,
1790164800,30958.75,30966,30938.25,30941,,,,
1790165100,30941,30953,30935.75,30943.5,,,,
1790165400,30943.25,30947.75,30924,30930.75,,,,
1790165700,30931.25,30936.5,30919.25,30929.25,,,,
1790166000,30929.25,30949.75,30925.25,30949,,,,
1790166300,30949.25,30951.5,30938,30948,,,,
1790166600,30947.5,30958.5,30944,30951.5,,,,
1790166900,30951.25,30958.5,30945.5,30955.75,,,,
1790167200,30955.75,30961.25,30948.25,30948.75,,,,
1790167500,30949.25,30968.75,30947.25,30956.5,,,,
1790167800,30956.5,30960,30951.25,30956,,,,
1790168100,30955.25,30970.25,30947.75,30967.75,,,,
1790168400,30967.75,30970.75,30949.25,30952.5,,,,
1790168700,30952.75,30955.75,30943.5,30948.5,,,,
1790169000,30948.75,30965.75,30946.75,30962.5,,,,
1790169300,30962,30974,30961.25,30967.5,,,,
1790169600,30968,30979.75,30966.25,30970.75,,,,
1790169900,30971.25,31007,30968.25,31005.75,,,,
1790170200,31006.25,31013,30926,30926.5,,,,
1790170500,30926.5,30957,30901.75,30915,,,,
1790170800,30914.5,30925.75,30904.5,30910.75,,,,
1790171100,30910.5,30922.25,30860.75,30879.5,,,,
1790171400,30880,30888.5,30842,30848.75,,,,
1790171700,30849,30863.5,30833,30846.5,,,,
1790172000,30846.5,30870.75,30818.75,30831,,,,
1790172300,30831.75,30842.5,30766.25,30769.5,,,,
1790172600,30769.25,30773.25,30703.75,30719,,,,
1790172900,30719,30741.75,30671,30672.5,,,,
1790173200,30672.75,30702.75,30644.75,30673.75,,,,
1790173500,30674,30694.75,30640.25,30679,,,,
1790173800,30679.25,30722.75,30657.5,30720.5,,,,
1790174100,30720.25,30739,30687,30697.75,,,,
1790174400,30697.5,30722.75,30689.75,30719,,,,
1790174700,30719,30739.25,30718,30733,,,,
1790175000,30732.5,30825.25,30712.5,30813.25,,,,
1790175300,30813,30827.75,30783.25,30822.5,,,,
1790175600,30822.25,30827.75,30794.25,30803.25,,,,
1790175900,30803.5,30814.5,30790,30802.75,,,,
1790176200,30803.5,30805.5,30781.75,30787.75,,,,
1790176500,30788,30800.25,30754.75,30785.25,,,,
1790176800,30785.5,30817.75,30778.75,30809,,,,
1790177100,30808.5,30817.75,30768.5,30773,,,,
1790177400,30773,30782.75,30763.5,30770.25,,,,
1790177700,30770,30778,30757.5,30766,,,,
1790178000,30766,30783.75,30752,30780.5,,,,
1790178300,30780.25,30786,30732.5,30740,,,,
1790178600,30740.25,30754,30723,30753.5,,,,
1790178900,30753.25,30757.5,30737.25,30746.75,,,,
1790179200,30746.75,30747.75,30726.5,30740.5,,,,
1790179500,30740.25,30753.5,30731.25,30745.25,,,,
1790179800,30745,30751,30737.75,30744.5,,,,
1790180100,30744.25,30756.5,30726,30738.25,,,,
1790180400,30737.5,30738.25,30715.25,30726,,,,
1790180700,30726,30735.75,30718.25,30723.25,,,,
1790181000,30723.5,30751.25,30722.75,30741.5,,,,
1790181300,30741.25,30749.5,30724.5,30728.5,,,,
1790181600,30728.5,30730,30695.25,30695.25,,,,
1790181900,30695.25,30720.75,30688,30695.5,,,,
1790182200,30695,30695.75,30668,30671.5,,,,
1790182500,30671.75,30696.5,30669,30687.5,,,,
1790182800,30687.5,30709.25,30646.5,30658.5,,,,
1790183100,30658.5,30682,30653,30676.5,,,,
1790183400,30676.5,30679.5,30655.75,30670.5,,,,
1790183700,30670.25,30725.5,30665.25,30722.5,,,,
1790184000,30722.5,30724.75,30680.75,30681.25,,,,
1790184300,30681.5,30691.5,30675.75,30681.75,,,,
1790184600,30681.75,30702.75,30672,30700.75,,,,
1790184900,30700.5,30705.75,30686,30695.75,,,,
1790185200,30696.25,30756.5,30685,30748.75,,,,
1790185500,30748.5,30764,30737.25,30750,,,,
1790185800,30750,30760,30740,30752.5,,,,
1790186100,30752.75,30774.5,30747.75,30771.25,,,,
1790186400,30771,30772.25,30727.25,30730.25,,,,
1790186700,30729.5,30748.25,30726,30739.25,,,,
1790187000,30739.75,30747.5,30736,30745.5,,,,
1790187300,30745.5,30769.5,30741,30760,,,,
1790187600,30760,30763,30746.25,30760,,,,
1790187900,30760,30764.5,30750.5,30755.5,,,,
1790188200,30754.75,30757.75,30739.25,30747.75,,,,
1790188500,30748.25,30754.5,30727.25,30732.25,,,,
1790188800,30732.5,30752.25,30732.5,30748,,,,
1790189100,30747.5,30763.5,30740.75,30761.75,,,,
1790189400,30762.25,30768.75,30745.5,30750,,,,
1790189700,30749.5,30766.75,30747.75,30762.25,,,,
1790190000,30762.5,30767.25,30742.25,30743.5,,,,
1790190300,30743.75,30782.25,30740.75,30769.75,,,,
1790190600,30770,30774.5,30753.75,30762.75,,,,
1790190900,30762.75,30765.75,30741.5,30751,,,,
1790191200,30750.5,30751,30741.25,30749.75,,,,
1790191500,30749.5,30757.75,30744.75,30753.25,,,,
1790191800,30753.5,30775.5,30747,30773,,,,
1790192100,30772.5,30772.75,30756.5,30765.25,,,,
1790192400,30765.5,30771.5,30728.75,30746.75,,,,
1790192700,30747,30767.75,30742.5,30767.25,,,,
1790193000,30767.75,30773,30711.5,30720.75,,,,
1790193300,30720.5,30779.5,30720.5,30769.75,,,,
1790193600,30770,30776.5,30758.25,30762.5,,,,
1790193900,30762,30764,30754,30761.5,,,,
1790194200,30761.25,30765,30751.5,30752.75,,,,
1790194500,30753.25,30760.25,30750.25,30759.5,,,,
1790194800,30760,30764.5,30757.75,30763.25,,,,
1790195100,30763.25,30765.5,30757.5,30763.5,,,,
1790195400,30763.25,30769,30760,30761.25,,,,
1790195700,30761.5,30772.75,30760,30771,,,,
1790196000,30770.5,30774.75,30768.75,30774.5,,,,
1790196300,30774.25,30776.75,30768,30768.25,,,,
1790196600,30768.5,30775.5,30768,30773,,,,
1790196900,30773.5,30777,30768,30776,,,,
1790200800,30780,30805.75,30778.25,30793,,,,
1790201100,30792,30808.75,30777.25,30804,,,,
1790201400,30805,30806.25,30799,30805.25,,,,
1790201700,30804.75,30814.25,30791,30792.75,,,,
1790202000,30792.75,30795.5,30786,30793.5,,,,
1790202300,30793.25,30794,30782,30786,,,,
1790202600,30786,30801.75,30780.75,30790.75,,,,
1790202900,30791.5,30791.5,30779.75,30786.75,,,,
1790203200,30786,30798.75,30783.5,30795.25,,,,
1790203500,30795.5,30799,30788.25,30796,,,,
1790203800,30797,30801.75,30791.75,30794.75,,,,
1790204100,30795,30796.25,30791,30794.5,,,,
1790204400,30794,30800,30790,30796.25,,,,
1790204700,30796.5,30796.5,30791,30795,,,,
1790205000,30794.5,30795.5,30783.5,30786.75,,,,
1790205300,30786.25,30792.5,30766.25,30782.25,,,,
1790205600,30782,30784,30768.25,30771,,,,
1790205900,30771.25,30774.25,30763.5,30770.5,,,,
1790206200,30771,30772.75,30760.75,30768.25,,,,
1790206500,30768.75,30774.5,30761.5,30771.5,,,,
1790206800,30771.25,30777,30753,30766.75,,,,
1790207100,30767.5,30771.75,30753.5,30754.25,,,,
1790207400,30753.75,30770,30744,30766.5,,,,
1790207700,30766.75,30766.75,30752.5,30753.5,,,,
1790208000,30753.5,30761,30739.5,30755,,,,
1790208300,30755,30756.75,30742.25,30744.5,,,,
1790208600,30744,30745.25,30721,30728.5,,,,
1790208900,30728.5,30747.5,30725.75,30745.75,,,,
1790209200,30744.75,30750.25,30726.5,30734.25,,,,
1790209500,30733.5,30737.5,30728,30735,,,,
1790209800,30734.75,30749.5,30729.25,30746.5,,,,
1790210100,30746.25,30747,30733.75,30736.5,,,,
1790210400,30736,30736.25,30715,30721.25,,,,
1790210700,30722.25,30722.5,30705.5,30715.75,,,,
1790211000,30716,30721,30703.5,30708.25,,,,
1790211300,30708,30731.5,30706.5,30725.75,,,,
1790211600,30726.25,30744.75,30723.25,30742.25,,,,
1790211900,30742,30758.5,30730,30750.25,,,,
1790212200,30750,30756,30737.5,30754.5,,,,
1790212500,30754.25,30755,30743,30748.25,,,,
1790212800,30748.25,30751.5,30740.75,30742.25,,,,
1790213100,30742.75,30746.25,30732.5,30737.5,,,,
1790213400,30737.75,30760.75,30732.75,30755.75,,,,
1790213700,30755.75,30760.25,30742.75,30748,,,,
1790214000,30748.5,30757.5,30735.25,30735.25,,,,
1790214300,30735,30739,30719.5,30728,,,,
1790214600,30728,30747,30713.5,30737.75,,,,
1790214900,30737.75,30745.5,30730.5,30743.75,,,,
1790215200,30743.25,30751,30739,30739.75,,,,