time,open,high,low,close
1777512600,27581.5,27597.5,27556,27567
1777513500,27568.5,27583.25,27557,27581.25
1777514400,27581.25,27588.5,27559,27566
1777515300,27565.75,27568.5,27512.75,27517.5
1777516200,27516.5,27516.5,27386.5,27437.75
1777517100,27438.5,27442,27395.5,27427.5
1777518000,27424.75,27453.5,27403.75,27413
1777518900,27413.5,27426.25,27402.5,27422.75
1777519800,27423,27440.25,27413,27427
1777520700,27426.25,27432.25,27406,27410.25
1777521600,27410.25,27410.5,27320.75,27338.75
1777522500,27339.75,27345.75,27278.5,27297.75
1777523400,27296.5,27299.5,27239,27267.75
1777524300,27266.75,27279,27231.5,27234.25
1777525200,27233.5,27307.25,27233.5,27305.25
1777526100,27305,27308.75,27244,27252
1777527000,27252.25,27296.75,27251,27274.5
1777527900,27273.5,27279.25,27221.75,27223.75
1777528800,27223.5,27230.25,27185.25,27211.5
1777529700,27212.25,27240,27201,27233
1777530600,27234,27307.5,27234,27270.25
1777531500,27269.75,27292.5,27252,27283.5
1777532400,27282.25,27341.5,27269.75,27324.75
1777533300,27323,27364.75,27304.25,27363
1777534200,27362.25,27377.25,27352,27359.75
1777535100,27363.75,27367,27334.75,27352.25
1777536000,27351.5,27382.75,27341.5,27356.5
1777536900,27356,27363,27324.75,27362.25
1777537800,27362.5,27396.75,27359.25,27383.75
1777538700,27385.75,27395.75,27360,27360
1777539600,27359.5,27379,27342.75,27351.25
1777540500,27351,27395.25,27330.75,27393
1777541400,27392.5,27442,27372,27375.25
1777542300,27374.5,27391.5,27356,27367.75
1777543200,27368.25,27400.75,27368.25,27377.25
1777544100,27376.25,27422.5,27371.25,27418
1777545000,27417.25,27432.75,27373,27378.75
1777545900,27378.5,27402,27350.5,27374.75
1777546800,27376.5,27440,27371.5,27415
1777547700,27414.5,27490.25,27412,27487.75
1777548600,27489.5,27494.25,27449.5,27450.5
1777549500,27450.25,27465.5,27434.5,27440.5
1777550400,27440.25,27491.25,27438,27489.75
1777551300,27486,27541,27485.25,27539.75
1777552200,27538.25,27550,27466.25,27486
1777553100,27486.5,27534.75,27480,27524.75
1777554000,27522.75,27540,27497.5,27498.5
1777554900,27499.5,27514.25,27483.5,27492.25
1777555800,27491.25,27491.5,27271,27345.25
1777556700,27345.75,27365.25,27203,27245.75
1777557600,27247.25,27303,27200.75,27252.75
1777558500,27253,27258.25,27163.25,27228.25
1777559400,27228.5,27275.75,27171.25,27245.5
1777560300,27245.25,27376,27243.25,27359.5
1777561200,27359.25,27415.25,27356.5,27401.75
1777562100,27401.5,27417,27377,27404.75
1777563000,27404.25,27435.75,27350.5,27361.25
1777563900,27362.25,27422,27331.25,27388.5
1777564800,27388.25,27433.25,27356.25,27430.75
1777565700,27430.5,27435,27395.25,27415
1777566600,27415.5,27424.25,27392,27394.75
1777567500,27394.75,27402,27347.75,27371.25
1777568400,27370.75,27455,27369.5,27448.75
1777569300,27448,27463.5,27426,27462.25
1777570200,27461.75,27504.25,27461.5,27498
1777571100,27498.5,27548,27497.5,27543.25
1777572000,27543.5,27586.75,27542,27570.25
1777572900,27570.75,27585.5,27552.5,27562.5
1777573800,27563,27591.75,27561,27575.5
1777574700,27575.5,27581.75,27548.75,27551.25
1777575600,27551.25,27598.25,27542,27597.5
1777576500,27597,27608.5,27587,27592
1777577400,27592.25,27619.5,27582,27618
1777578300,27618.25,27622,27572.25,27577.5
1777579200,27578.5,27603,27557,27588.5
1777580100,27589,27615,27588.75,27604.25
1777581000,27604.75,27617.5,27576.75,27584.5
1777581900,27584.5,27607,27583,27598.5
1777586400,27631.75,27646.5,27603,27640.5
1777587300,27640.25,27640.5,27613.75,27618.25
1777588200,27618.75,27620,27603.5,27615.25
1777589100,27615.5,27615.75,27556.25,27579.75
1777590000,27579.75,27600,27576.5,27584.5
1777590900,27584,27607,27580.25,27605
1777591800,27604.5,27624.25,27599.25,27607.25
1777592700,27606.75,27618,27588,27594.25
1777593600,27594.5,27621.25,27591,27600
1777594500,27600,27634,27600,27629.75
1777595400,27629.25,27640.25,27621.75,27631.25
1777596300,27632,27641.5,27622.25,27625.5
1777597200,27624.75,27639.75,27613,27638.25
1777598100,27638.75,27650.75,27633.5,27646.5
1777599000,27648,27658.25,27640.25,27646
1777599900,27644.75,27657.25,27642.25,27650.25
1777600800,27648.5,27652.25,27643,27644.5
1777601700,27644.25,27648.75,27635.25,27638
1777602600,27638,27642.75,27625,27628.5
1777603500,27628.5,27645.5,27624.5,27642
1777604400,27642.5,27653.75,27637,27650
1777605300,27649.25,27659.75,27648.75,27656.75
1777606200,27658.25,27674.5,27637.75,27640
1777607100,27640,27645.5,27634.25,27643
1777608000,27643.5,27643.5,27621.75,27630.75
1777608900,27631.5,27636,27625.5,27629.75
1777609800,27629,27633.5,27620.75,27626.5
1777610700,27626.25,27632.5,27624.75,27628.5
1777611600,27628.25,27640.75,27619.25,27637.75
1777612500,27636,27638,27621.25,27636.75
1777613400,27636,27636.5,27622,27627
1777614300,27627,27627.5,27612.25,27616.75
1777615200,27617.75,27623.25,27612.25,27622.75
1777616100,27623,27628.5,27608.75,27609.75
1777617000,27612,27613,27596.25,27603.75
1777617900,27603.5,27606.75,27591.5,27596.5
1777618800,27595.75,27622.75,27595,27618
1777619700,27617.75,27625.75,27602.75,27605
1777620600,27604.75,27606.25,27582,27584
1777621500,27583,27605.25,27572,27579.5
1777622400,27580.5,27596.25,27575.5,27588.75
1777623300,27589.75,27597.75,27579.25,27583
1777624200,27582,27582.25,27562.75,27565.25
1777625100,27564,27569.25,27554.5,27566.75
1777626000,27566,27566.5,27545.5,27555.25
1777626900,27557,27569,27553,27563.5
1777627800,27562.25,27569,27556,27563.75
1777628700,27562.5,27576,27561.25,27569.75
1777629600,27570.25,27573,27558,27569.5
1777630500,27570,27580.75,27562.5,27564.5
1777631400,27565.25,27568.25,27536.25,27550.5
1777632300,27550.5,27571,27548.5,27569.75
1777633200,27570.25,27575,27540.75,27548.5
1777634100,27548,27564.5,27541.5,27547.5
1777635000,27546,27552,27537.25,27548.5
1777635900,27549,27564.75,27547,27564.25
1777636800,27564.5,27622.75,27547,27601
1777637700,27599.5,27625.75,27589.25,27614.25
1777638600,27612.75,27614.5,27568.25,27571.5
1777639500,27571,27588.75,27565.75,27577
1777640400,27576.5,27615.75,27575.75,27604.75
1777641300,27604,27638,27594.75,27632.5
1777642200,27632.75,27795,27617.75,27788.25
1777643100,27787.75,27875.75,27752.5,27873.5
1777644000,27873.5,27909.25,27852,27889.5
1777644900,27890,27905.5,27859.5,27871.5
1777645800,27871.5,27873.25,27751,27816.75
1777646700,27816.75,27844.75,27793.5,27814.75
1777647600,27815.25,27838,27769,27837
1777648500,27836.75,27870.25,27828.25,27863
1777649400,27863.5,27903,27856,27895
1777650300,27894.75,27917,27837.75,27890.75
1777651200,27890.75,27901.5,27841,27844
1777652100,27843.25,27877.25,27818,27832.75
1777653000,27832.5,27848.5,27808.75,27819.5
1777653900,27819,27856.25,27805.5,27831.5
1777654800,27831,27858.25,27828.5,27856.75
1777655700,27856.25,27887.75,27855.75,27885.5
1777656600,27885.5,27890.5,27864,27885.25
1777657500,27885.25,27897,27876.5,27883.75
1777658400,27883.25,27890.25,27844,27846.75
1777659300,27846.5,27872,27835.75,27867.5
1777660200,27868.25,27869.25,27812.75,27822.5
1777661100,27822,27826,27794.75,27821.75
1777662000,27822.25,27873,27818,27868.25
1777662900,27869,27900,27861.75,27896.25
1777663800,27896.25,27900.75,27863.5,27874.25
1777664700,27873.75,27881,27822.75,27837.25
1777665600,27837.25,27837.5,27814,27819.75
1777666500,27820.25,27820.75,27787.5,27798.75
1777667400,27799.25,27800.75,27782,27788.25
1777668300,27788,27799.25,27755.75,27783.25
1777845600,27890,27926,27856.5,27866
1777846500,27866,27879.75,27837.5,27845.5
1777847400,27846.75,27860.75,27840.25,27854.5
1777848300,27854.75,27876,27836,27849.75
1777849200,27850,27857.5,27818.75,27828.25
1777850100,27828.5,27829.5,27815,27821.75
1777851000,27821,27836,27815.75,27826.5
1777851900,27826,27832.75,27816,27825
1777852800,27823.25,27866.75,27800.25,27855.75
1777853700,27854.75,27864.75,27807.75,27835.5
1777854600,27837.5,27864.5,27833.75,27863.75
1777855500,27863,27897.25,27860.25,27892.75
1777856400,27893,27898.5,27858.5,27884.5
1777857300,27885,27893,27873,27876
1777858200,27875.25,27912,27872.5,27905.25
1777859100,27905.25,27922,27900.25,27919.5
1777860000,27919.5,27924,27894.5,27913
1777860900,27913,27913,27878.25,27886.25
1777861800,27886.25,27916.25,27884.5,27913.75
1777862700,27913.75,27944,27910,27928.75
1777863600,27929.25,27945,27926.75,27940.75
1777864500,27940.25,27940.25,27925.5,27929
1777865400,27928.25,27931.5,27918.75,27930.25
1777866300,27929.25,27939.5,27918.75,27931.75
1777867200,27931.75,27943.75,27927.25,27938.5
1777868100,27938,27951.5,27937.75,27949
1777869000,27949.25,27953.25,27939,27944.5
1777869900,27946.25,27947.75,27936.25,27938.75
1777870800,27938,27951.75,27930.5,27949.25
1777871700,27951,27965.75,27931.25,27937
1777872600,27938.25,27949.75,27931.25,27949.75
1777873500,27949,27953,27933.25,27935.5
1777874400,27935.75,27940.25,27904.75,27921.5
1777875300,27923,27925.5,27892.75,27910
1777876200,27910,27918.25,27872.25,27884.75
1777877100,27884.5,27900,27874.75,27895.5
1777878000,27896.5,27932.25,27881.25,27925
1777878900,27924.25,27946.75,27924,27936.25
1777879800,27937,27943.5,27922.25,27940
1777880700,27938.75,27951.25,27912.25,27912.25
1777881600,27912,27914.25,27864.25,27887.5
1777882500,27887,27907.25,27869.5,27903
1777883400,27903.75,27911.5,27892.75,27893.25
1777884300,27892.75,27904.25,27888,27892.5
1777885200,27894.5,27915.25,27883.5,27911.75
1777886100,27912,27913.75,27902.75,27911.5
1777887000,27912,27922.5,27905.75,27914.25
1777887900,27914.5,27924.75,27889.25,27890.25
1777888800,27891,27897,27664,27700.25
1777889700,27700.25,27767.25,27662.25,27753.5
1777890600,27753.75,27854.25,27742.75,27828
1777891500,27827,27838,27806.5,27813.75
1777892400,27815,27847.75,27792.5,27828.75
1777893300,27829.75,27845,27814.75,27820.25
1777894200,27818,27831.25,27778.75,27810.75
1777895100,27810.5,27834.75,27793.5,27826.75
1777896000,27828.5,27868.75,27828.5,27856
1777896900,27855.25,27881.5,27828.25,27864
1777897800,27863,27876,27841.25,27865.25
1777898700,27864.5,27866.75,27831.75,27844.5
1777899600,27845.25,27880.75,27787.5,27850
1777900500,27850.25,27862.75,27843,27854.75
1777901400,27854.5,27888,27808.25,27855.5
1777902300,27855.25,27898.75,27840.5,27896
1777903200,27895.25,27913.25,27844,27892.75
1777904100,27892.75,27912.25,27867.25,27871.25
1777905000,27870.75,27930,27864,27926.5
1777905900,27926.75,27941,27874,27882
1777906800,27882,27914.25,27837.75,27854.5
1777907700,27854.25,27867.75,27711.5,27776.25
1777908600,27776.25,27783.75,27697.25,27762.75
1777909500,27762.25,27771.5,27700.75,27734.75
1777910400,27734.25,27746.5,27613,27656.5
1777911300,27656.75,27747.75,27629.5,27713.25
1777912200,27714.5,27744.25,27691,27711.75
1777913100,27712,27723,27688.75,27706.25
1777914000,27705.25,27758.5,27704,27743.25
1777914900,27743.75,27803.75,27740,27794
1777915800,27793.25,27798.25,27753.5,27776.25
1777916700,27776.5,27802.5,27767.25,27792.25
1777917600,27792.25,27818.75,27786.25,27787.5
1777918500,27787,27789.5,27732.25,27770.75
1777919400,27771.5,27777,27726.5,27727.75
1777920300,27728.25,27765,27718,27759.75
1777921200,27759,27789.25,27739.75,27774.5
1777922100,27774.75,27788.5,27749,27778.5
1777923000,27778.5,27792.5,27762,27768.25
1777923900,27768.25,27794,27747,27780.25
1777924800,27779.75,27781,27739,27754
1777925700,27753.5,27764.5,27738.75,27761.5
1777926600,27761.5,27764,27748.5,27749
1777927500,27748.25,27753,27740.25,27743
1777932000,27760,27789.5,27751.5,27773.75
1777932900,27773.75,27781.25,27771.75,27778
1777933800,27778,27779.75,27763.5,27764
1777934700,27764,27764.75,27740.75,27753.5
1777935600,27752,27764.75,27741.25,27758.5
1777936500,27759.25,27762.5,27746.75,27752.75
1777937400,27752.5,27761,27744.5,27745.25
1777938300,27746.25,27753.75,27731.75,27745.5
1777939200,27747,27791.25,27741,27784.75
1777940100,27783.75,27783.75,27739.75,27753
1777941000,27752,27779,27751,27757.75
1777941900,27759.5,27793,27758,27785
1777942800,27785,27807.25,27767.75,27800.5
1777943700,27800.25,27814.25,27797.5,27802.5
1777944600,27803.25,27833.25,27790.75,27811.25
1777945500,27812.25,27824.75,27810,27815.25
1777946400,27815.5,27825.75,27808.5,27811.25
1777947300,27811.25,27834.25,27808.5,27831.25
1777948200,27831.75,27841,27829.25,27836
1777949100,27836,27836.75,27801,27815.5
1777950000,27816,27833.75,27811.25,27830
1777950900,27830.75,27848.5,27827.25,27841.5
1777951800,27840.75,27842,27835.25,27837.5
1777952700,27836.75,27847.5,27835.5,27841
1777953600,27840,27860.25,27839.75,27847
1777954500,27846,27846.25,27837.5,27838
1777955400,27838.5,27840.25,27830.25,27833.5
1777956300,27833.5,27850.5,27826.75,27828.25
1777957200,27827.25,27838,27818.75,27836.5
1777958100,27836.75,27846,27833.5,27835.25
1777959000,27836,27854,27825,27845.75
1777959900,27846,27855,27842.25,27852.75
1777960800,27852.5,27873.5,27839.25,27844
1777961700,27844.25,27846.5,27818.25,27829.5
1777962600,27829.5,27871.25,27829,27864.25
1777963500,27866.5,27887,27860.25,27880.75
1777964400,27880,27902.25,27875.25,27895.75
1777965300,27895.75,27901,27882.25,27886
1777966200,27886,27926.75,27882.75,27898.25
1777967100,27897.75,27900,27874.75,27882
1777968000,27882.5,27934,27879.5,27926.5
1777968900,27927,27935,27918,27918.75
1777969800,27918.75,27933,27912,27928
1777970700,27927.5,27942.25,27920.25,27929.75
1777971600,27930,27939.75,27908.5,27926
1777972500,27925.75,27934.25,27913.5,27929.25
1777973400,27929.75,27949,27928.75,27937.25
1777974300,27938.5,27958.5,27929.25,27936.75
1777975200,27936.75,27945,27921.75,27935.25
1777976100,27935,27944.25,27928,27939.25
1777977000,27939.75,27959,27930.75,27931.75
1777977900,27932,27938.5,27927.5,27934.75
1777978800,27934,27939.25,27905.75,27913.5
1777979700,27913.75,27938.25,27900,27927.5
1777980600,27928.25,27945,27927.25,27939.5
1777981500,27940,27947.25,27936,27943.75
1777982400,27942.5,27997.25,27928.5,27993.5
1777983300,27993.25,28006,27980,27988.25
1777984200,27989.75,27994.5,27975.25,27976.5
1777985100,27976.5,27982.5,27970.25,27973.5
1777986000,27973.5,28008.5,27972.75,27990.5
1777986900,27990.75,27999.5,27973.75,27988.25
1777987800,27988.5,28084,27971,28082.75
1777988700,28082.75,28112,28064.75,28085.25
1777989600,28085,28109.25,28045,28054.75
1777990500,28055,28134,28031.75,28119.5
1777991400,28119.5,28139.25,28083,28087.5
1777992300,28087.75,28113.75,28077.5,28096
1777993200,28095.75,28134,28087.75,28132
1777994100,28132,28139.25,28115.25,28129.5
1777995000,28129.5,28142,28110.5,28134.75
1777995900,28135,28149.75,28120,28127
1777996800,28126.75,28152.5,28120.5,28148.25
1777997700,28147.5,28149.75,28090.25,28115.75
1777998600,28115.75,28129,28092.75,28107.5
1777999500,28107.5,28135.75,28102.5,28125.5
1778000400,28125.5,28135.5,28107.75,28122
1778001300,28122.5,28145.25,28122.5,28144.5
1778002200,28144.75,28152.25,28135,28147.75
1778003100,28148.25,28167.75,28145.5,28159
1778004000,28159.5,28186.25,28156.75,28180.5
1778004900,28181,28185.5,28169.25,28177.25
1778005800,28177,28181.75,28170.25,28175.25
1778006700,28175.75,28182.5,28154.25,28168.75
1778007600,28168.75,28188.25,28162.25,28172.75
1778008500,28172.5,28179,28161,28166.25
1778009400,28166,28170,28150.75,28158.75
1778010300,28158.5,28160.5,28108.75,28135.75
1778011200,28135.25,28157.5,28129,28154.75
1778012100,28155,28247,28110,28236
1778013000,28236.25,28238.5,28199,28201.25
1778013900,28201,28213,28183.75,28207.25
1778018400,28250,28268.5,28243,28260
1778019300,28260.5,28283.75,28253.25,28280
1778020200,28281.25,28297.5,28276.25,28294.75
1778021100,28295.25,28422,28293.25,28376.25
1778022000,28375.25,28385.25,28345.5,28383
1778022900,28382.75,28383.75,28346.75,28350.75
1778023800,28351.25,28370,28348.75,28361.75
1778024700,28362.75,28377,28359.75,28370
1778025600,28369.5,28372.75,28307,28313.5
1778026500,28313,28314.25,28248,28251
1778027400,28250.75,28286,28248.75,28275
1778028300,28275.25,28281.5,28248.75,28275.75
1778029200,28275.25,28299,28267.75,28290
1778030100,28290.25,28309,28278,28286.75
1778031000,28284.75,28293.75,28274.5,28289.25
1778031900,28289,28298.5,28271.25,28292
1778032800,28291.75,28295.75,28275.75,28286.5
1778033700,28285.75,28296.5,28271.25,28273
1778034600,28272,28282.25,28261.5,28271.5
1778035500,28270.5,28290.25,28270.5,28288
1778036400,28287.75,28309,28282.75,28305
1778037300,28304.25,28323.5,28297.75,28322.25
1778038200,28322,28334.5,28319.75,28325.25
1778039100,28325,28325,28307.75,28312.25
1778040000,28313.5,28324.5,28310.25,28324.25
1778040900,28325,28331,28318.5,28327.75
1778041800,28328.5,28332.25,28312,28326.25
1778042700,28327.25,28344.5,28325.75,28335.5
1778043600,28334.75,28349,28328.75,28342.5
1778044500,28341.75,28348,28326,28346
1778045400,28345.5,28347.25,28331,28344.75
1778046300,28344.25,28359.75,28344,28355
1778047200,28354.25,28369,28326.25,28334.75
1778048100,28333.75,28337.5,28318,28329.75
1778049000,28330.25,28342.75,28300,28325.5
1778049900,28325.5,28337,28312.5,28336.25
1778050800,28335.25,28352.75,28314.25,28318.75
1778051700,28318.25,28334,28308,28328.25
1778052600,28329.25,28339.5,28316.25,28338.75
1778053500,28338.75,28350.5,28334.25,28347.75
1778054400,28348,28364.5,28342,28348.75
1778055300,28347.5,28350,28323.75,28339.75
1778056200,28339.25,28365,28334.75,28362
1778057100,28362,28517.75,28360.75,28482.75
1778058000,28482.5,28498.5,28415,28448.5
1778058900,28449,28473.25,28447,28466.25
1778059800,28465.5,28509,28457.75,28497
1778060700,28497.25,28514.25,28481,28506.25
1778061600,28507.75,28538.25,28501.5,28512.75
1778062500,28511.75,28557.25,28508.25,28553.75
1778063400,28553.25,28590.75,28551.25,28583.75
1778064300,28583,28614.5,28560.5,28585
1778065200,28584,28634.25,28577.75,28620.5
1778066100,28620.75,28631,28585.5,28596.25
1778067000,28597.25,28608.5,28546.5,28548
1778067900,28548.5,28561,28512,28538.25
1778068800,28539.25,28540.25,28440,28452
1778069700,28451.25,28513.75,28426.25,28495.5
1778070600,28498.25,28503.75,28441.5,28448.25
1778071500,28448.5,28473.5,28432,28458
1778072400,28457.75,28457.75,28392,28423.75
1778073300,28423.75,28437.25,28372,28389.25
1778074200,28389.5,28482.25,28336,28481.75
1778075100,28481.25,28506,28419.5,28469
1778076000,28468.25,28499.5,28385,28474
1778076900,28475,28488,28404.5,28418.25
1778077800,28420.25,28526.5,28418.25,28521.25
1778078700,28521,28550.75,28518.5,28537.25
1778079600,28537.5,28558.25,28518,28535.75
1778080500,28536.5,28582.5,28532.25,28577.75
1778081400,28577.75,28586.75,28530.25,28557
1778082300,28557,28576,28547.5,28560.25
1778083200,28560.5,28601.25,28554,28596.25
1778084100,28596.25,28597.5,28566,28574
1778085000,28574,28585,28553,28567.75
1778085900,28567.5,28570.75,28512.25,28539.25
1778086800,28539.5,28584.25,28528.5,28578.5
1778087700,28579,28591.75,28567,28583.25
1778088600,28583.5,28610.25,28581.75,28606
1778089500,28606.25,28609.5,28587.5,28600
1778090400,28599.5,28624.25,28591.75,28620.25
1778091300,28620.75,28640,28620.25,28634.5
1778092200,28634.5,28665.75,28625.25,28649.75
1778093100,28649.5,28657.25,28633.75,28640.25
1778094000,28640,28679.75,28637.75,28677.25
1778094900,28676.75,28699.75,28672.75,28694.25
1778095800,28694,28694,28667.5,28669.75
1778096700,28669.25,28725.75,28666.75,28710.25
1778097600,28710.25,28800,28701.75,28793
1778098500,28793.75,28798.5,28769.5,28777.75
1778099400,28777.25,28779.75,28723.25,28725
1778100300,28725,28726.75,28694.5,28712.25
1778104800,28662.75,28702,28650,28683.75
1778105700,28683.5,28693.25,28653,28656.25
1778106600,28656.25,28673,28652.25,28671.5
1778107500,28672,28681.5,28667.75,28676.5
1778108400,28677.25,28694.5,28669.5,28683
1778109300,28683.5,28692,28672,28676.25
1778110200,28676,28683.25,28663,28673.25
1778111100,28673,28686.25,28654.25,28670.25
1778112000,28669.5,28695,28659.75,28677
1778112900,28677.5,28681.5,28642.25,28647.75
1778113800,28647.75,28656.5,28637,28652.25
1778114700,28653.25,28665.75,28649.25,28662
1778115600,28661.5,28664.5,28638.25,28657.75
1778116500,28658.75,28673.25,28656.5,28670.5
1778117400,28669,28690.25,28665.5,28686.5
1778118300,28686.25,28716,28686.25,28697
1778119200,28698.5,28706.75,28652.5,28655
1778120100,28654.25,28686,28654.25,28685
1778121000,28685.75,28691.75,28667.5,28673.75
1778121900,28675.25,28691,28673.75,28687
1778122800,28686.5,28688.5,28673.75,28680.5
1778123700,28679.5,28694.75,28673.75,28688.75
1778124600,28688,28697,28687.25,28696
1778125500,28695.5,28702.5,28688,28691.75
1778126400,28691.5,28705.5,28686,28703.25
1778127300,28703,28713.25,28701,28707.75
1778128200,28707.75,28713.5,28697.5,28703.75
1778129100,28703.75,28713.5,28700.25,28705
1778130000,28704.75,28714.5,28694.25,28712.75
1778130900,28711.75,28714.5,28698.5,28704
1778131800,28704.5,28727.75,28704,28724.5
1778132700,28724,28727.75,28715.75,28720.25
1778133600,28720,28731.5,28697,28697
1778134500,28696.5,28724,28695,28711.75
1778135400,28711,28748.75,28710,28743.5
1778136300,28742.25,28743.25,28713.5,28737.5
1778137200,28737.25,28800,28728.5,28798.25
1778138100,28799.5,28805.25,28752.25,28771
1778139000,28771.25,28798.75,28767.75,28791.25
1778139900,28792.75,28792.75,28766,28777.5
1778140800,28779.5,28814.5,28762.25,28769
1778141700,28769,28771.25,28733.75,28746.5
1778142600,28747.25,28764,28741.25,28742
1778143500,28741.5,28753.5,28728.75,28736.75
1778144400,28736.25,28743,28711,28732.75
1778145300,28733.5,28762.5,28731,28747.5
1778146200,28748.5,28754.5,28738.75,28743
1778147100,28742.5,28762.5,28721.75,28730.25
1778148000,28729.75,28736,28690.25,28715.5
1778148900,28717.25,28731.25,28704.5,28723
1778149800,28722.5,28742.75,28717,28741.25
1778150700,28741.25,28743,28724.5,28727
1778151600,28728,28751,28720,28720.5
1778152500,28720.5,28734.5,28710.5,28712.75
1778153400,28713.75,28740.25,28705.25,28732
1778154300,28731,28739,28712.5,28732
1778155200,28732.25,28746.25,28717,28741.75
1778156100,28740.25,28742.25,28718.5,28740.5
1778157000,28740,28759.5,28729.25,28753.25
1778157900,28753.75,28760.75,28738.75,28755.25
1778158800,28755.25,28755.25,28727.25,28743.25
1778159700,28743,28764,28740.25,28750.25
1778160600,28750,28782.5,28720.75,28742
1778161500,28741.5,28803,28708,28781.5
1778162400,28781.5,28848.75,28779,28837
1778163300,28836.75,28902.5,28822.5,28874
1778164200,28874.25,28915,28860.25,28899.25
1778165100,28899.25,28944.75,28870.25,28928
1778166000,28928.5,28930.5,28847,28862.5
1778166900,28862.75,28883,28823.75,28853.75
1778167800,28854.5,28896.5,28850.5,28880
1778168700,28879.5,28887,28772.75,28784.25
1778169600,28785.5,28788.25,28692,28700
1778170500,28700.5,28748.25,28637,28740.5
1778171400,28740.5,28776.25,28706.25,28725.75
1778172300,28725.75,28735.25,28661,28696.75
1778173200,28697.5,28713.5,28653.25,28669
1778174100,28668,28698.75,28552,28608.25
1778175000,28608.5,28688.75,28590.5,28645.5
1778175900,28645.5,28705.75,28605,28696.5
1778176800,28696.75,28721.5,28654,28677.25
1778177700,28679.25,28707.5,28642.5,28654
1778178600,28654.25,28691,28594.25,28610
1778179500,28608.5,28648.75,28582.75,28644.75
1778180400,28645,28663.25,28616,28652.75
1778181300,28653.25,28657.25,28586.75,28611.5
1778182200,28611.75,28685.25,28608.75,28679
1778183100,28679.5,28708.75,28648,28684.25
1778184000,28684.25,28766.25,28652.25,28711.5
1778184900,28711.5,28725.25,28703,28710.5
1778185800,28711,28720.5,28636.5,28673.5
1778186700,28672.75,28688.5,28633,28644
1778191200,28582,28643.25,28541,28627.25
1778192100,28626.75,28670.75,28616.5,28659
1778193000,28662,28663.25,28606.75,28621.5
1778193900,28622.75,28626.5,28602.25,28614.5
1778194800,28615.25,28641.75,28607.75,28628
1778195700,28629.25,28649,28625.5,28644.5
1778196600,28646,28654.75,28636.25,28654
1778197500,28654.5,28679.75,28646,28679.5
1778198400,28679.75,28731.75,28679.75,28719.5
1778199300,28717,28725.25,28693,28710.75
1778200200,28710.25,28741.25,28708.5,28734.75
1778201100,28735.25,28747.5,28713.5,28744.75
1778202000,28744.75,28770,28744,28767.75
1778202900,28766.75,28782.25,28757.25,28771.75
1778203800,28772.5,28777.25,28764.75,28769
1778204700,28769.75,28780,28758,28760.5
1778205600,28761,28764,28749.75,28754.75
1778206500,28754,28755,28727.75,28744.5
1778207400,28744,28755,28709.5,28739
1778208300,28738.75,28773.25,28738.5,28747.5
1778209200,28748.25,28760.5,28744,28751.5
1778210100,28753,28759.25,28743.75,28753
1778211000,28752.5,28770.75,28748.25,28758
1778211900,28758.5,28776.75,28754.25,28773.75
1778212800,28773.75,28785.75,28763.75,28772.25
1778213700,28772.5,28780.5,28760,28774.25
1778214600,28774.5,28778,28758.25,28764.25
1778215500,28763.75,28796,28761.25,28779
1778216400,28780.25,28795,28779.25,28787.5
1778217300,28787.5,28800,28786,28796.5
1778218200,28797,28829.5,28797,28811.25
1778219100,28810.25,28815.5,28802.75,28804.5
1778220000,28803.75,28824,28783.5,28813.75
1778220900,28814.25,28833,28807,28826.25
1778221800,28827.25,28830.5,28810.25,28827.25
1778222700,28826,28838.5,28814.5,28836.25
1778223600,28835.5,28837,28803.5,28810.5
1778224500,28811.25,28834,28809.25,28824.5
1778225400,28824.25,28829,28810.75,28822.25
1778226300,28823.5,28833.25,28815,28828
1778227200,28827.75,28869,28824.25,28847.75
1778228100,28847.75,28867,28845.75,28859
1778229000,28858.25,28866.5,28844.25,28847.25
1778229900,28846,28862.75,28842.75,28862
1778230800,28863,28890,28860.5,28883
1778231700,28882.75,28897,28876.75,28888.25
1778232600,28888.25,28889,28855.75,28858
1778233500,28858,28861.25,28831.5,28852.25
1778234400,28851.5,28864.75,28851.25,28855.75
1778235300,28856.5,28879.75,28856.5,28869.25
1778236200,28868.5,28890,28865.5,28880
1778237100,28880,28880,28841.25,28863.5
1778238000,28864,28885.5,28864,28881.75
1778238900,28881.25,28895.25,28872.5,28892.25
1778239800,28893.25,28900.5,28888.5,28894.75
1778240700,28894.25,28915,28894.25,28898.5
1778241600,28897.75,28903.5,28881.25,28886.5
1778242500,28886.5,28906.25,28877,28906.25
1778243400,28900.25,28976,28890,28961
1778244300,28961.5,28962,28898,28912.25
1778245200,28911.5,28928,28862.75,28879
1778246100,28879,28893.5,28863.5,28876.75
1778247000,28878.5,28998,28859.5,28997
1778247900,28997.25,29111.25,28996.75,29107.25
1778248800,29106.5,29129,29075.5,29100.75
1778249700,29099.75,29166,29087.5,29111.25
1778250600,29111,29138,29073.5,29137.5
1778251500,29137.25,29175.25,29125,29162
1778252400,29162.25,29187.5,29147,29155.5
1778253300,29154.75,29185,29124.75,29183.75
1778254200,29183.75,29216.5,29153.25,29183.75
1778255100,29185,29217.75,29176.5,29191.5
1778256000,29191,29227,29190.25,29219
1778256900,29218.5,29244.75,29210,29241.75
1778257800,29241.5,29243.5,29195.5,29198
1778258700,29197.75,29247.75,29196.75,29241
1778259600,29241.25,29296.25,29235,29284
1778260500,29283.75,29316.75,29282.25,29305.75
1778261400,29305.5,29317.5,29276.5,29279.5
1778262300,29279.75,29298,29254.75,29264.25
1778263200,29264.25,29305.5,29259.5,29288.75
1778264100,29288.5,29294.75,29270.25,29286.75
1778265000,29286.25,29292.75,29267.75,29273.75
1778265900,29274.75,29280.75,29237.75,29240.5
1778266800,29240.5,29304,29238.5,29294.25
1778267700,29294.5,29306,29261,29262
1778268600,29262,29303.75,29256.25,29300.5
1778269500,29300.75,29341,29294.75,29339.75
1778270400,29339.5,29386.75,29333.25,29343.75
1778271300,29343.75,29352.5,29331.5,29343.75
1778272200,29343.5,29346.75,29335.75,29341
1778273100,29340.25,29348.75,29330.25,29333.75
1778450400,29294,29320,29250,29271.25
1778451300,29274.25,29276.25,29225.75,29272.75
1778452200,29274,29277.5,29253.75,29269.5
1778453100,29269,29299.25,29266.75,29294.5
1778454000,29293.75,29342,29290.5,29321.5
1778454900,29321.5,29346.25,29299.25,29304
1778455800,29303.25,29314,29291,29310
1778456700,29310.25,29317.25,29296,29305
1778457600,29304.5,29373.75,29303.5,29369.25
1778458500,29369.5,29395,29347,29387.75
1778459400,29387.5,29399.75,29382.25,29388
1778460300,29387.75,29389.75,29264.75,29295.75
1778461200,29295,29305.5,29245,29294.75
1778462100,29295.5,29340.5,29278,29317.5
1778463000,29317,29337,29303,29331.25
1778463900,29332.25,29353,29324.75,29339.25
1778464800,29338.75,29358,29322.5,29340
1778465700,29340.25,29353.75,29326,29350
1778466600,29350,29361,29326.75,29351.25
1778467500,29352,29357,29336.25,29337.25
1778468400,29337.5,29340.5,29310.75,29323
1778469300,29323,29341.5,29315.25,29339.25
1778470200,29340.25,29348.25,29322.75,29345.25
1778471100,29344.25,29345.75,29322,29324.75
1778472000,29324.25,29326.25,29293,29309.5
1778472900,29308.25,29336.5,29308.25,29330.75
1778473800,29332,29338,29328,29334
1778474700,29334.25,29344.25,29329.75,29342.25
1778475600,29342.25,29347.5,29331,29336.5
1778476500,29336.75,29356.25,29329.25,29342.25
1778477400,29342,29353.25,29318.25,29322.25
1778478300,29319.75,29333,29317.5,29321.75
1778479200,29321.5,29345.75,29320.5,29338.5
1778480100,29338.75,29354,29323.25,29345.75
1778481000,29343.75,29348.25,29311.25,29316.5
1778481900,29315.75,29325.5,29300.25,29321.5
1778482800,29322,29325.75,29296,29298.25
1778483700,29299,29322.25,29287.5,29311.75
1778484600,29312.75,29330,29300,29311.75
1778485500,29312.25,29326,29310.5,29322.5
1778486400,29322.5,29330.75,29268.75,29278.25
1778487300,29280,29314.5,29267,29267
1778488200,29267.75,29293.75,29263.25,29291.75
1778489100,29292,29315.75,29289.25,29298
1778490000,29297,29331.75,29295,29315.25
1778490900,29314.75,29336.5,29311.25,29320.25
1778491800,29319.5,29342.25,29319.5,29339
1778492700,29339.75,29366,29315,29315.5
1778493600,29315.25,29333.5,29308.5,29314.5
1778494500,29311.5,29318,29297.75,29312.75
1778495400,29313.25,29315,29291.5,29301.5
1778496300,29302,29312.75,29289.25,29301.25
1778497200,29301.5,29343,29300.75,29341.5
1778498100,29341.5,29377.75,29334.25,29372.25
1778499000,29373.25,29389,29345.25,29347
1778499900,29347.75,29350,29324.25,29347.75
1778500800,29349,29353.25,29296.75,29301
1778501700,29301,29317.5,29278,29307.75
1778502600,29307,29315,29270.25,29271
1778503500,29271.25,29298.25,29259.25,29297.75
1778504400,29297,29313.5,29285,29307.25
1778505300,29307.25,29309.75,29281.75,29305.25
1778506200,29305.25,29434.75,29281.5,29399.25
1778507100,29399.75,29414,29300.75,29310.25
1778508000,29311.25,29405,29307.75,29400.5
1778508900,29400.5,29417.75,29274.5,29285
1778509800,29286.25,29374,29246.75,29365
1778510700,29365.5,29412.25,29357.25,29391.5
1778511600,29390.75,29408.5,29362.25,29369
1778512500,29370.25,29429.5,29359.75,29427
1778513400,29427,29443.5,29405.75,29421.25
1778514300,29420.25,29475.25,29416.25,29465.25
1778515200,29465.25,29480,29456.25,29479.25
1778516100,29479.5,29479.75,29446.25,29465
1778517000,29464.5,29477.5,29369,29414.5
1778517900,29413.5,29431,29396,29405
1778518800,29404.5,29432.5,29382.75,29390.25
1778519700,29389.5,29441,29377.25,29436.75
1778520600,29436.25,29474,29435.5,29467.5
1778521500,29468.5,29476.5,29439.75,29441.5
1778522400,29442,29475,29440.75,29464.25
1778523300,29463.25,29475,29448.25,29472
1778524200,29471.75,29471.75,29437,29446.5
1778525100,29446.25,29452,29386,29387.75
1778526000,29388.75,29434.5,29376,29416
1778526900,29416.25,29419.5,29371.25,29382
1778527800,29381.75,29408.5,29371.5,29382.25
1778528700,29382,29431.75,29376.5,29429.25
1778529600,29428.5,29430,29314.75,29391
1778530500,29391,29404.5,29376.25,29399.25
1778531400,29398.25,29413,29397.75,29402
1778532300,29402,29406.25,29389.5,29400
1778536800,29399,29430,29398,29427.5
1778537700,29427.5,29438,29424,29435.5
1778538600,29434.5,29452.25,29433,29450.25
1778539500,29450,29455.75,29439.75,29444.5
1778540400,29446.5,29449,29435.5,29438.5
1778541300,29438.5,29453,29422,29451.5
1778542200,29450,29454,29440,29445.5
1778543100,29444.25,29445,29418.25,29428.25
1778544000,29428.25,29428.25,29384,29393.25
1778544900,29393,29404.25,29353.25,29378.75
1778545800,29378,29401.5,29363.75,29375.25
1778546700,29374.5,29390.75,29372.25,29378.5
1778547600,29378.5,29392,29365.5,29367
1778548500,29366.5,29366.5,29315.5,29316.5
1778549400,29317.25,29330.75,29227,29270.25
1778550300,29270,29311.25,29264.25,29270
1778551200,29270.5,29344.25,29260,29340.25
1778552100,29340.75,29341.75,29310.5,29333
1778553000,29330.75,29336,29304.75,29322.5
1778553900,29325.5,29365.25,29323.5,29361.25
1778554800,29361.5,29364,29322,29339.25
1778555700,29341.5,29347,29330,29337.5
1778556600,29339.5,29346.5,29335,29338
1778557500,29337.25,29342,29320.25,29323.5
1778558400,29325.25,29335.75,29315,29320
1778559300,29321,29337.5,29319.25,29327.5
1778560200,29327.25,29333.5,29318,29324
1778561100,29324.75,29327,29282.5,29282.75
1778562000,29282.75,29303,29277,29280
1778562900,29281.25,29301.75,29272,29297
1778563800,29296.5,29298.75,29271,29274.5
1778564700,29275.25,29298.25,29275.25,29282.5
1778565600,29282.25,29292.25,29260.75,29274.5
1778566500,29275.5,29283.75,29246.25,29251
1778567400,29253,29260.5,29235,29244.25
1778568300,29244.5,29254,29214,29219.5
1778569200,29219.25,29223,29176,29215.75
1778570100,29217.25,29254.5,29213,29228
1778571000,29229.75,29254.5,29229.75,29238.25
1778571900,29239,29252,29232.75,29240
1778572800,29240.75,29245.25,29181.75,29182.5
1778573700,29181.25,29221.75,29174,29218.5
1778574600,29219.25,29225.5,29199,29199
1778575500,29198.75,29215.25,29185,29214
1778576400,29213.75,29224.75,29175.25,29208
1778577300,29208.5,29219.75,29195.25,29207.25
1778578200,29208.5,29246.5,29208.5,29215
1778579100,29217.25,29235,29210,29221
1778580000,29221.5,29250.25,29217.25,29238.25
1778580900,29238,29240.25,29216,29225
1778581800,29225.5,29227.5,29184.5,29195
1778582700,29194,29213.75,29188,29207.75
1778583600,29207.5,29217,29145,29153.5
1778584500,29153.5,29167,29133,29162.75
1778585400,29163,29184.75,29153.5,29172
1778586300,29172.25,29183.75,29164.75,29166.25
1778587200,29165.75,29168.75,29121.25,29165.25
1778588100,29166.5,29166.5,29127,29144.25
1778589000,29159.5,29228.75,29113,29202.75
1778589900,29204,29232.25,29201.75,29224
1778590800,29222.75,29237,29204.75,29216.5
1778591700,29216.75,29220.75,29185,29213.25
1778592600,29213,29285.75,29143,29284.75
1778593500,29285.25,29296,29109.75,29129.5
1778594400,29129,29194.75,29088.25,29190.75
1778595300,29191.75,29228.25,29081,29085
1778596200,29085.75,29127,29006.5,29082
1778597100,29083,29084.5,29000,29014.25
1778598000,29013.75,29031,28964.25,28965.25
1778598900,28966.5,28969.5,28856.5,28875.75
1778599800,28875.75,28945.25,28869,28928.5
1778600700,28929.5,28940.25,28828.5,28839.75
1778601600,28840,28913.5,28811,28908.75
1778602500,28908.75,28911.75,28828,28839
1778603400,28839.5,28846.5,28769.5,28791
1778604300,28791.25,28805.25,28742,28749
1778605200,28749.5,28843.75,28749,28840.25
1778606100,28839.75,28929.75,28838.25,28888.25
1778607000,28888.75,28929,28876.75,28899.75
1778607900,28900,28925,28877.75,28920.5
1778608800,28920.25,28949.25,28911.25,28947
1778609700,28946.75,29002.5,28931.5,28991
1778610600,28990.75,29007.25,28972.5,28979.25
1778611500,28979.5,29007,28947.5,28956
1778612400,28956.25,29050,28955.75,29040
1778613300,29040.25,29064,29014.5,29047.5
1778614200,29047.5,29132,29047,29127.5
1778615100,29127.75,29188.25,29112.25,29174.25
1778616000,29174.5,29176,29103,29124.75
1778616900,29125,29141.5,29106.25,29123.75
1778617800,29124,29135.5,29108,29130.25
1778618700,29129.5,29151,29128,29134.25
1778623200,29143.75,29170,29133.5,29164
1778624100,29163,29187,29162,29170.75
1778625000,29169,29179.75,29165.25,29166.75
1778625900,29167.75,29176,29141.25,29142.5
1778626800,29142,29158.75,29129.75,29136.75
1778627700,29138.25,29143.75,29126.5,29129.5
1778628600,29129.5,29129.5,29077.5,29088.25
1778629500,29087.25,29112.75,29082,29082
1778630400,29081.75,29115.5,29055.5,29087
1778631300,29085,29157,29082.25,29122.25
1778632200,29122.25,29145.75,29094.25,29135.5
1778633100,29134.75,29148.75,29113.75,29145.25
1778634000,29144,29187.75,29142.25,29183.25
1778634900,29184,29197,29165.25,29195.75
1778635800,29194.25,29203.25,29172.5,29202.5
1778636700,29202.5,29260.25,29202,29214.75
1778637600,29214.75,29240.5,29202.25,29216.75
1778638500,29216.5,29237.25,29213.25,29234.25
1778639400,29235.25,29240,29220,29226.5
1778640300,29227.25,29232,29211,29223
1778641200,29222.25,29226.5,29203.25,29205.25
1778642100,29206.5,29239.25,29205.5,29237.25
1778643000,29237,29264.75,29236.75,29262.75
1778643900,29262.25,29262.25,29239,29249
1778644800,29248.75,29266,29244,29262.5
1778645700,29262.75,29281.25,29260.5,29276.75
1778646600,29276,29297.75,29259.5,29278.5
1778647500,29278.75,29295.25,29278,29287.5
1778648400,29287,29310,29275.5,29295
1778649300,29294.75,29307.5,29284.75,29298
1778650200,29299.75,29304,29287.75,29292.25
1778651100,29292.75,29297.75,29285,29297
1778652000,29296.25,29323.5,29290.75,29322.75
1778652900,29322.5,29352,29311.25,29315.75
1778653800,29315,29327.5,29309,29313.75
1778654700,29313.75,29313.75,29290.5,29309
1778655600,29309.75,29322.75,29289.5,29310.25
1778656500,29310.5,29322.5,29307,29316.5
1778657400,29316.75,29363.25,29311.75,29355.5
1778658300,29355.75,29371.5,29349.5,29370.25
1778659200,29371.25,29432,29369.5,29423.25
1778660100,29423,29447,29421,29436.25
1778661000,29436.75,29447,29421.75,29435
1778661900,29435,29438.25,29401.75,29412.75
1778662800,29412.75,29412.75,29367,29380
1778663700,29380,29392.75,29366.75,29388
1778664600,29387.25,29418.75,29376,29414
1778665500,29412.25,29426.5,29402.75,29421
1778666400,29421,29423.25,29390.25,29399.5
1778667300,29400.5,29405.25,29381.25,29385.5
1778668200,29387.5,29394.25,29367.5,29392
1778669100,29391.5,29396.25,29380.5,29384.5
1778670000,29384.25,29394.5,29355.5,29366.75
1778670900,29366.25,29376.5,29348,29359.5
1778671800,29359.75,29385,29354,29371.25
1778672700,29371.25,29380,29355.75,29370
1778673600,29369.5,29404.75,29365,29374.25
1778674500,29374.5,29375,29309.25,29360
1778675400,29358.75,29360.75,29200,29248
1778676300,29248,29264.5,29224,29236.25
1778677200,29237.5,29294.75,29236.75,29288.75
1778678100,29289.25,29304.75,29280.25,29288
1778679000,29286.5,29288.5,29180.5,29210.5
1778679900,29211,29225.75,29075,29169.25
1778680800,29170.25,29193,29112,29172.75
1778681700,29172,29268.5,29149.5,29237.25
1778682600,29236,29280.5,29218.75,29265.25
1778683500,29265.75,29322,29238.25,29317.5
1778684400,29317.5,29349.5,29298.75,29322.75
1778685300,29321.75,29341.25,29281.5,29311.5
1778686200,29312,29386.75,29284.25,29378.5
1778687100,29378.5,29379.5,29297,29310
1778688000,29310.25,29388.25,29299.25,29385.75
1778688900,29385.75,29444.75,29374,29436.75
1778689800,29436.5,29449,29413.25,29433.75
1778690700,29433.5,29463.5,29415.5,29447.75
1778691600,29448,29492.75,29448,29488
1778692500,29488,29496.25,29463.75,29487.25
1778693400,29486.5,29492,29465,29480.25
1778694300,29480.5,29488.75,29442.5,29444.25
1778695200,29445.25,29523.5,29441.5,29521.75
1778696100,29522,29565.5,29522,29550.5
1778697000,29549.75,29555.75,29510.5,29513.5
1778697900,29514,29523.5,29466.75,29472.25
1778698800,29472.5,29527.5,29471,29525.25
1778699700,29525,29540,29499.5,29525.5
1778700600,29526,29535.75,29510,29532
1778701500,29532.25,29539.5,29449.5,29476
1778702400,29476,29519,29448.75,29511
1778703300,29511.25,29523.75,29508.5,29518.25
1778704200,29518.25,29547,29518,29539.75
1778705100,29539.75,29540.75,29531.75,29536
1778709600,29537,29561.75,29528,29558.25
1778710500,29556.75,29576.5,29546.75,29558.25
1778711400,29557.25,29574,29556.25,29573.75
1778712300,29573,29609.25,29571,29590.25
1778713200,29590.25,29648.5,29590.25,29642.5
1778714100,29642.25,29645,29615.75,29620.75
1778715000,29619.25,29628.75,29596.75,29613.25
1778715900,29613,29633.5,29603.5,29631.25
1778716800,29631.75,29634,29590.5,29631
1778717700,29631.5,29657.5,29625.75,29648.75
1778718600,29649.75,29681.25,29649.75,29679
1778719500,29678.5,29693,29659,29681
1778720400,29680.75,29680.75,29662.75,29670.5
1778721300,29668.25,29681.5,29637.25,29679.5
1778722200,29678,29682.75,29631,29641.5
1778723100,29642.75,29643.5,29603,29607.75
1778724000,29609,29626.25,29600,29615.75
1778724900,29616,29633,29608.5,29627.5
1778725800,29625.75,29635,29613.75,29622.5
1778726700,29624.25,29625.25,29572,29587.25
1778727600,29586.75,29608.25,29577.25,29601.25
1778728500,29600,29610.75,29563.5,29583
1778729400,29583.5,29586.5,29541,29548
1778730300,29548,29555.5,29521.5,29536
1778731200,29535.25,29553.25,29514,29549.5
1778732100,29550,29573.25,29539.75,29566.25
1778733000,29566.25,29590.5,29564.75,29582.25
1778733900,29582,29598.75,29564.75,29567.5
1778734800,29568,29583.5,29551.75,29554
1778735700,29552.75,29569,29535.25,29566.25
1778736600,29568,29575.5,29546.25,29559.25
1778737500,29560,29613,29560,29603.25
1778738400,29603.75,29634.75,29602.75,29625.75
1778739300,29625.75,29640.75,29614,29623.75
1778740200,29623,29637.75,29620.25,29632.5
1778741100,29631.75,29633.5,29603.25,29607.25
1778742000,29608.75,29620,29581.25,29594.75
1778742900,29593.75,29611,29592,29600.75
1778743800,29600.75,29633,29596.5,29620.5
1778744700,29622.25,29631,29567,29573.5
1778745600,29574.75,29601,29548.25,29599.5
1778746500,29600.5,29629.75,29583.75,29595
1778747400,29593.75,29614,29552,29555.25
1778748300,29556.25,29580.5,29546.5,29576
1778749200,29577.25,29589.5,29543.5,29558.5
1778750100,29558,29566.5,29526.75,29535.75
1778751000,29536,29545.5,29480.5,29510.5
1778751900,29510,29543.75,29505.5,29533.25
1778752800,29532.75,29593.5,29530.25,29556.75
1778753700,29556.5,29579.5,29534.25,29547.75
1778754600,29548,29555,29514.5,29525.25
1778755500,29526.5,29567,29518,29545
1778756400,29544,29577.25,29542.25,29565.75
1778757300,29563.75,29568,29508.25,29523.75
1778758200,29524.75,29551.75,29524.5,29546
1778759100,29546,29565,29536.75,29540
1778760000,29540,29565.25,29535,29560.75
1778760900,29560.25,29575,29549.5,29561
1778761800,29562.75,29564.75,29520.75,29521
1778762700,29520.5,29529.75,29476.5,29494.5
1778763600,29494.25,29500.75,29448.25,29474
1778764500,29473.25,29496.75,29452.5,29476.25
1778765400,29476.25,29628.5,29458.5,29626
1778766300,29625.5,29684.75,29526.75,29541.75
1778767200,29542,29616.75,29533,29583.75
1778768100,29583,29666.5,29578.25,29623
1778769000,29622.25,29686.75,29607,29686.25
1778769900,29686.5,29730,29664,29674.25
1778770800,29674.75,29734.5,29665,29733
1778771700,29733.25,29773.75,29731.75,29756.75
1778772600,29756.75,29770,29727.75,29752
1778773500,29752.25,29769.75,29733,29755.25
1778774400,29756,29782,29752.5,29756
1778775300,29755.75,29782,29714.5,29727.25
1778776200,29727.5,29743.25,29697.25,29719
1778777100,29718,29739,29692.25,29728
1778778000,29728.25,29754.5,29652,29660
1778778900,29659.25,29670,29595.25,29648
1778779800,29648.25,29702.5,29636.75,29697.5
1778780700,29698.5,29752.5,29698.5,29731
1778781600,29730.75,29730.75,29640.5,29690
1778782500,29690.25,29708,29660.25,29673.5
1778783400,29673.75,29698,29655,29673
1778784300,29672.75,29717.75,29656.25,29708.5
1778785200,29709,29732,29692.5,29706
1778786100,29706.75,29735,29695.25,29698.75
1778787000,29699.5,29735,29696.5,29727.25
1778787900,29727.5,29731.25,29678.5,29686.75
1778788800,29686.75,29737.75,29685.25,29709.5
1778789700,29708.25,29711,29674.25,29681.75
1778790600,29681.5,29691.75,29633.75,29659.25
1778791500,29659.25,29688.5,29657.5,29688.5
1778796000,29690,29718,29674.25,29694.25
1778796900,29693.75,29700,29670,29698.75
1778797800,29698.25,29711.25,29697.5,29707.75
1778798700,29707.5,29720.5,29704.75,29708.5
1778799600,29708.5,29719,29705.75,29718.5
1778800500,29717,29726.25,29705.75,29724.25
1778801400,29724.5,29734,29715.75,29718
1778802300,29718,29718.75,29674.75,29687.5
1778803200,29687,29700,29655.75,29700
1778804100,29700.75,29727,29699,29720.75
1778805000,29721.5,29721.75,29636.5,29662
1778805900,29662.5,29688,29655,29684
1778806800,29684.25,29691.5,29642,29657
1778807700,29656.25,29661.75,29581.5,29582.25
1778808600,29581,29604.5,29546,29584.25
1778809500,29581.75,29584.25,29512.75,29519
1778810400,29519,29540,29498,29509.75
1778811300,29507.75,29555.75,29493.75,29525.5
1778812200,29524,29556.75,29503.5,29554.5
1778813100,29555.25,29600.25,29547.5,29581
1778814000,29581.25,29593.5,29563.5,29581.5
1778814900,29583.5,29587,29563.75,29572.25
1778815800,29570.75,29585.5,29531.25,29563.5
1778816700,29563.75,29574.75,29552,29563.25
1778817600,29562.25,29563.5,29523.75,29549.25
1778818500,29547,29555,29515.5,29520.5
1778819400,29519.75,29537,29500.25,29507.5
1778820300,29507.5,29516.75,29445.75,29462.5
1778821200,29462,29464,29406.5,29428
1778822100,29428.25,29446,29414.75,29437
1778823000,29439,29439.75,29351.5,29357
1778823900,29356.5,29360.25,29280.5,29282.5
1778824800,29281.75,29349.75,29248,29332.75
1778825700,29333,29355.25,29263.75,29306.5
1778826600,29307.5,29404.75,29298.25,29401.75
1778827500,29401.5,29414.5,29379.5,29404.5
1778828400,29402.5,29462,29394.75,29461.5
1778829300,29460.5,29469.25,29435.25,29456
1778830200,29457.5,29459.25,29383.75,29393.75
1778831100,29393,29407,29376.5,29405.75
1778832000,29406.25,29413,29330.75,29341.75
1778832900,29341,29342.25,29218,29228
1778833800,29227.5,29300.75,29186.75,29298
1778834700,29300,29301,29252.5,29264.25
1778835600,29266,29289.25,29234.5,29241
1778836500,29242,29255.25,29190,29253.5
1778837400,29252.25,29262.75,29201.75,29212.25
1778838300,29212.25,29255.5,29177,29223.25
1778839200,29225.5,29283,29200,29279.5
1778840100,29278.5,29317.75,29263.25,29275.75
1778841000,29274,29306.5,29245,29289.75
1778841900,29290.5,29375.5,29281,29328.25
1778842800,29328.75,29355,29300,29317.75
1778843700,29319.25,29331.25,29292.25,29305.25
1778844600,29306.25,29318.25,29267,29267.75
1778845500,29267.5,29315.25,29250.75,29254.5
1778846400,29255,29255.5,29168.75,29180.75
1778847300,29180.25,29243.25,29172.25,29196.75
1778848200,29197,29199.25,29142.75,29159.25
1778849100,29157.25,29203.5,29142.5,29190
1778850000,29191,29191.25,29153.25,29177
1778850900,29177,29288.25,29167.25,29278.25
1778851800,29278,29291,29151,29167.25
1778852700,29167,29288,29089.75,29143.25
1778853600,29144,29304.75,29132,29301
1778854500,29300.75,29382.75,29269.75,29291.5
1778855400,29292.25,29360.5,29286,29347
1778856300,29346.75,29354,29247.5,29281.25
1778857200,29281,29325.5,29240.5,29285.75
1778858100,29284.75,29361,29274.75,29334
1778859000,29333.75,29382,29271.25,29285.25
1778859900,29286,29301.25,29212,29281.25
1778860800,29282,29313,29251.5,29287.25
1778861700,29287.25,29336.5,29253.25,29332.25
1778862600,29333,29348,29316.25,29345.25
1778863500,29345.25,29351,29279.75,29322.75
1778864400,29323.25,29363,29312,29362.5
1778865300,29362.5,29430,29341.25,29417.75
1778866200,29417.75,29446.75,29404.75,29424.25
1778867100,29425,29453.75,29412,29447.25
1778868000,29449,29486.75,29446.75,29468.75
1778868900,29468.5,29472.25,29376,29384.75
1778869800,29385.5,29389.5,29316,29376
1778870700,29376.25,29407,29352.75,29389.75
1778871600,29389.5,29398.25,29300,29322
1778872500,29321.5,29322.5,29283.75,29291.25
1778873400,29289.75,29340.25,29287.5,29295.75
1778874300,29295.25,29307,29208.25,29231.25
1778875200,29230.5,29233.75,29111,29154.75
1778876100,29155.5,29193.5,29142.75,29176
1778877000,29175.75,29180,29166,29173.5
1778877900,29173,29198.75,29160.5,29173
1779055200,29135,29283.75,29110,29252
1779056100,29252.75,29263.75,29190.5,29222.25
1779057000,29223.75,29274.5,29197.5,29262.75
1779057900,29263,29268,29200,29232.75
1779058800,29233,29248.5,29162.75,29190.75
1779059700,29189,29195.25,29127,29140
1779060600,29139,29165,29011.75,29117
1779061500,29116.5,29158.5,29088,29119
1779062400,29116.75,29145,28937.5,29012.75
1779063300,29012.25,29043,28962.75,29011.75
1779064200,29011.5,29030.25,28948.5,28950.5
1779065100,28950.5,29039,28945.5,29033.75
1779066000,29033.25,29051,28965,28965.75
1779066900,28965.5,28989.75,28938.75,28958.25
1779067800,28957.75,28992.5,28926,28987.25
1779068700,28985.25,29049,28977.5,29023.25
1779069600,29021.5,29047,28991,29040.5
1779070500,29039.25,29093.5,29039.25,29090
1779071400,29089.75,29092.75,29037,29047
1779072300,29045,29052.25,28996.5,29010.75
1779073200,29011.75,29062,29008.25,29018.25
1779074100,29019,29044,29008.75,29038.75
1779075000,29039.5,29071.25,29003.75,29064
1779075900,29063.75,29068.5,29041,29055.5
1779076800,29056,29110,29054,29100
1779077700,29099.25,29116.5,29022,29028.25
1779078600,29028,29079,29020,29072.25
1779079500,29072.25,29086.25,29032,29051
1779080400,29051.25,29097.25,29040,29065
1779081300,29062.5,29067.25,29021.25,29063.25
1779082200,29064.75,29087.5,29043.5,29065.75
1779083100,29064.5,29081.5,29040,29043.25
1779084000,29042,29055.5,29015.75,29040
1779084900,29039.5,29057.5,29000.75,29003
1779085800,29005.75,29066.75,28990.5,29066.5
1779086700,29067.25,29113,29065.25,29111.5
1779087600,29111.75,29143.5,29082,29087
1779088500,29088,29154.25,29060,29150.75
1779089400,29150.25,29175.75,29069,29080.25
1779090300,29080.25,29128.75,29073.75,29121
1779091200,29121.75,29190.25,29121.75,29166.75
1779092100,29166.5,29225.25,29150.25,29222
1779093000,29221.25,29241.5,29187.5,29192.25
1779093900,29192.5,29242.5,29192,29241
1779094800,29240.75,29249.25,29194,29201
1779095700,29199.5,29219.75,29183.25,29202.75
1779096600,29204,29208.75,29190.5,29200.5
1779097500,29201.75,29213.25,29169,29189
1779098400,29190,29195.75,29116.5,29139.5
1779099300,29140,29150.5,29126.25,29134.5
1779100200,29136,29141.75,29080.25,29118.75
1779101100,29118.5,29144.5,29110.75,29120
1779102000,29120.25,29127.75,29052,29105.5
1779102900,29104.75,29130,29085.75,29090.25
1779103800,29090,29274.25,29087.5,29237.75
1779104700,29241,29242.25,29158,29177.5
1779105600,29178.75,29238.25,29171.75,29219.5
1779106500,29218.25,29222,29186.25,29201.5
1779107400,29201.75,29324.25,29187,29318.5
1779108300,29318.25,29419.75,29313,29408
1779109200,29408.25,29419,29353,29378.75
1779110100,29378.5,29381.25,29333.75,29338
1779111000,29338.5,29356.25,29160,29166.5
1779111900,29167.5,29308.75,29135,29243.75
1779112800,29242.5,29272,29129,29261.5
1779113700,29259.25,29299,29137.25,29153.25
1779114600,29154,29175.75,28970.75,29087.75
1779115500,29087.75,29109,29002.5,29082.5
1779116400,29082.25,29126.25,29006,29065.75
1779117300,29066,29069.75,28956.25,28960.75
1779118200,28960.25,29065.25,28941.5,29000.75
1779119100,28999.75,29046.5,28978.5,28997.25
1779120000,28996.25,29030,28951.75,29027.5
1779120900,29026.5,29074,28859.25,28878.5
1779121800,28877.75,28961.5,28842.5,28922.75
1779122700,28921.75,29045.5,28907.75,29006
1779123600,29004.75,29038,28966.75,28995.75
1779124500,28995,29017.25,28966.25,29009.5
1779125400,29009.75,29029.75,28959.75,29011.25
1779126300,29011.75,29023,28972,29014
1779127200,29014.25,29020.5,28914.25,28917
1779128100,28916,28918.5,28834.75,28892.5
1779129000,28892.75,28915,28843.25,28873.75
1779129900,28873,28882.25,28814.75,28840
1779130800,28842.25,29070.25,28837.75,28959.5
1779131700,28959.25,28973.25,28881.5,28922.5
1779132600,28923,29055.25,28913.25,29053.5
1779133500,29053.5,29114,29041.75,29098.75
1779134400,29098.75,29110,29068.5,29080
1779135300,29079.75,29091.25,29072.5,29086.25
1779136200,29086.5,29094.5,29072,29087.25
1779137100,29088,29091.75,29075,29076
1779141600,29100,29159,29090.25,29118
1779142500,29117,29164.25,29116.5,29158
1779143400,29158,29173.5,29148,29154.25
1779144300,29153.5,29158.75,29132.5,29158
1779145200,29158,29185,29150,29161.5
1779146100,29161.5,29169.5,29144,29162.5
1779147000,29160.5,29164.25,29147.75,29157.75
1779147900,29158.75,29160.25,29114.25,29134.75
1779148800,29134.5,29152.5,29086.5,29119.25
1779149700,29119.5,29188.5,29092.25,29162.25
1779150600,29162.5,29173.25,29114.25,29128
1779151500,29129,29139.25,29076.25,29084
1779152400,29080.75,29097.5,29043.25,29064
1779153300,29066,29072,28989.5,29022.5
1779154200,29022.5,29079.5,28997.25,29068.5
1779155100,29068.5,29077.75,29011,29013.5
1779156000,29012.5,29012.5,28929.75,28962.75
1779156900,28962.25,28992,28935,28973.25
1779157800,28971.5,28999,28964,28998
1779158700,28997.5,29014.5,28964.5,28972
1779159600,28971.5,29002.5,28944.75,28990
1779160500,28992.25,29013.75,28979.75,29009.25
1779161400,29009,29038,29009,29018.75
1779162300,29016.75,29016.75,28981.75,28989.75
1779163200,28991,28991,28932,28956.5
1779164100,28957.25,28957.25,28905,28927.25
1779165000,28928.25,28974,28923.75,28951.75
1779165900,28952.25,28972.25,28926.5,28963.5
1779166800,28964.25,28982,28929,28956.25
1779167700,28957.75,28966,28885,28957.75
1779168600,28958.75,28970,28920.75,28930.5
1779169500,28930.75,28952.25,28920.5,28935
1779170400,28936.25,28970.25,28905,28966.75
1779171300,28967.25,28996,28946,28983.5
1779172200,28983.25,29019.25,28965.75,29015.5
1779173100,29012.75,29021.75,28987,29020.5
1779174000,29020.75,29084.25,29005.75,29059.75
1779174900,29060.5,29073.75,29043.75,29061.75
1779175800,29061.75,29100.5,29042,29084.5
1779176700,29085.25,29125.25,29081.75,29102.75
1779177600,29103.25,29117,29020,29037
1779178500,29038.5,29053,28973.75,28989.75
1779179400,28989,29022.25,28983.25,29012.25
1779180300,29012.25,29033.5,29003.5,29005.75
1779181200,29004.75,29005.5,28969.75,28972.5
1779182100,28971.5,28974.25,28893,28901.5
1779183000,28903.5,28917.75,28836,28841.5
1779183900,28840.5,28930.25,28839.5,28915.25
1779184800,28914.5,28922,28875,28905.5
1779185700,28905.75,28913.25,28884,28903.25
1779186600,28903.75,28931,28840,28853.5
1779187500,28855.75,28929.5,28840,28923.75
1779188400,28923.25,28950.75,28908.5,28915.5
1779189300,28914,28930.75,28894.5,28911.5
1779190200,28911.5,28942,28890.5,28897.25
1779191100,28896,28897.75,28853.75,28853.75
1779192000,28854.5,28889.25,28831,28880
1779192900,28879.5,28887.5,28842,28867.75
1779193800,28866.75,28937.75,28857.75,28916
1779194700,28915.5,28937.75,28908.5,28912.75
1779195600,28912.25,28925.75,28835,28875.75
1779196500,28876.25,28879.5,28802.75,28849.5
1779197400,28850.25,29068,28850.25,28909.75
1779198300,28910.25,29028,28868.75,28938.75
1779199200,28938,28944,28730.25,28736.75
1779200100,28737.25,28755,28663,28711.75
1779201000,28711.5,28801,28684,28744.75
1779201900,28743.5,28807,28675,28804
1779202800,28803.75,28836,28755,28827.75
1779203700,28829.25,28860,28726,28770.75
1779204600,28770.5,28877.75,28757.75,28855
1779205500,28856.75,28863.5,28779.75,28815.75
1779206400,28818,28880.5,28791.5,28814.5
1779207300,28815.5,28922.75,28814.25,28910.75
1779208200,28908,28990.25,28902.25,28989
1779209100,28989,29034.75,28967.25,29021.75
1779210000,29022.5,29080.5,29011,29073.75
1779210900,29073.75,29126.5,29061.5,29082
1779211800,29082.25,29119,29078.5,29089.5
1779212700,29089.75,29092,29007,29068.75
1779213600,29069.25,29101.75,29063.75,29072.5
1779214500,29072.25,29081.75,29006.75,29023.5
1779215400,29023.75,29061.5,29000.5,29017.25
1779216300,29016.75,29022,28941.75,28959.5
1779217200,28959.75,29055,28957.75,29053
1779218100,29053.25,29059.75,28924.5,28977.5
1779219000,28977.25,29004,28926.5,28931.75
1779219900,28932,28942,28867,28924.5
1779220800,28924.5,28941.5,28897,28923
1779221700,28922.5,28929.75,28902,28908.5
1779222600,28908.5,28911,28896,28899.5
1779223500,28899.75,28903.75,28887.5,28899.25
1779228000,28929.75,28956.5,28914,28926
1779228900,28924.5,28928.5,28863.25,28877.75
1779229800,28877,28914.25,28869,28886.75
1779230700,28889.25,28913.5,28870.75,28911.5
1779231600,28910.5,28950.5,28904,28945
1779232500,28946.5,28974,28939.75,28970
1779233400,28970,29024.25,28969.75,28993.75
1779234300,28995,28995.75,28945,28950
1779235200,28950,28950.5,28815.75,28831.25
1779236100,28830.25,28894,28797.25,28892.75
1779237000,28894.25,28948.75,28891.25,28927.25
1779237900,28930,28971.5,28922.5,28938.75
1779238800,28939.5,28979.5,28900,28975.75
1779239700,28972.75,28984.75,28901.5,28909.5
1779240600,28909.5,28924,28858.25,28904.5
1779241500,28903.5,28999,28899.25,28980.25
1779242400,28982,28993,28965,28982.75
1779243300,28984,29017.25,28957,28957
1779244200,28956.25,28958,28884.5,28884.75
1779245100,28883.5,28907,28866.25,28884.75
1779246000,28884.75,28884.75,28839,28845
1779246900,28843.75,28890,28840.25,28882.25
1779247800,28883,28914,28858.25,28893.25
1779248700,28894,28906,28879.5,28895.5
1779249600,28898.5,28942.25,28898.5,28940.25
1779250500,28939.5,28949.5,28911,28928
1779251400,28929.25,28930.75,28883.5,28883.5
1779252300,28884,28898.75,28870.5,28882.25
1779253200,28885,28941.25,28885,28913
1779254100,28912,28940,28888.5,28912
1779255000,28914,28982.5,28914,28945.25
1779255900,28944.75,28963.75,28914.5,28955
1779256800,28952.5,28976.25,28950.75,28972.75
1779257700,28973.5,29026.75,28973.5,29011.25
1779258600,29012.5,29015.75,28981.75,28987.75
1779259500,28989,29039.75,28987.75,29038.75
1779260400,29039.5,29052,29023.5,29032.75
1779261300,29031.5,29065,29030.5,29054.75
1779262200,29054,29058.5,29020.75,29047
1779263100,29046,29049.75,29014.25,29027.25
1779264000,29027.5,29086.75,29024,29080.25
1779264900,29080,29095,29060,29092.75
1779265800,29094.75,29123.25,29087,29117
1779266700,29118,29136.75,29096.25,29099.25
1779267600,29095.75,29100.5,29070.75,29071
1779268500,29070,29092.5,29066.75,29083.75
1779269400,29085,29103.75,29084.25,29099.5
1779270300,29100,29149.75,29096.5,29124
1779271200,29124.75,29155.75,29123,29139.25
1779272100,29140.5,29141.75,29118,29124.25
1779273000,29125.5,29157.75,29122.25,29130.5
1779273900,29131.75,29140.5,29103.5,29109
1779274800,29110,29129,29091.25,29097.25
1779275700,29096.25,29122.25,29095.25,29118.25
1779276600,29119.25,29127.5,29078.25,29089.5
1779277500,29089,29099.75,29063.5,29080.75
1779278400,29081.75,29123.75,29073.25,29121.5
1779279300,29120.25,29161.25,29109.75,29146.5
1779280200,29147.5,29169.25,29122.75,29127.25
1779281100,29127.25,29147.5,29103,29104.5
1779282000,29103.75,29117.75,29096.5,29100.5
1779282900,29099.75,29117,29056.5,29073.75
1779283800,29073.5,29154.5,29023.25,29142.5
1779284700,29142.75,29194.75,29047.25,29100.5
1779285600,29100.75,29130,29008.5,29088.25
1779286500,29087.25,29233.75,29074.5,29209.75
1779287400,29208.75,29263,29173,29223.75
1779288300,29224,29279.5,29175.25,29261.5
1779289200,29261.5,29281.5,29230.75,29256
1779290100,29255,29395.5,29255,29292.25
1779291000,29293.5,29334.25,29289,29319.75
1779291900,29320,29358.75,29305.75,29331.5
1779292800,29331.5,29337.5,29286.25,29299.25
1779293700,29299.5,29300.5,29210,29235.75
1779294600,29236.25,29289,29221,29288.25
1779295500,29287.5,29296.25,29224.5,29261.75
1779296400,29263,29304.75,29229,29282.75
1779297300,29282.5,29306,29261,29294.5
1779298200,29295.25,29326,29273.75,29302.75
1779299100,29304,29310.75,29282.25,29301.25
1779300000,29302.5,29326,29275.25,29307.25
1779300900,29307.25,29317,29278.25,29305.5
1779301800,29306.25,29345,29296,29298.25
1779302700,29297.75,29316.25,29288.25,29300.5
1779303600,29301.25,29338.75,29298.25,29337.5
1779304500,29337.5,29349.75,29329.75,29340.25
1779305400,29340.75,29377,29326.75,29354.25
1779306300,29353.25,29396.75,29336.25,29396.25
1779307200,29396.25,29397.5,29341,29356
1779308100,29357.25,29379,29247.25,29373.75
1779309000,29373,29379,29277.25,29304.75
1779309900,29306,29320.5,29252.25,29278.5
1779314400,29253,29278.5,29113,29156.75
1779315300,29160.25,29177,29118.5,29172
1779316200,29169.5,29189.25,29157.25,29183.75
1779317100,29183.5,29192,29161.75,29191.5
1779318000,29191.75,29225,29188,29205.25
1779318900,29206.25,29206.75,29164,29181.5
1779319800,29180.5,29199.75,29173.5,29186.75
1779320700,29186.75,29209,29178.75,29192.25
1779321600,29193,29213.25,29171,29208.5
1779322500,29209,29220,29172,29194.75
1779323400,29194.75,29219.25,29182,29218.25
1779324300,29218.25,29232.5,29205.25,29222
1779325200,29221.75,29281.25,29221.75,29281
1779326100,29280.25,29295.5,29260.25,29271
1779327000,29269.5,29320.5,29262.75,29314.5
1779327900,29312.75,29320,29281,29313.25
1779328800,29315,29340.25,29312.5,29332
1779329700,29333.25,29377.25,29330.5,29356
1779330600,29355.5,29358.25,29333.5,29336.75
1779331500,29337.25,29342.25,29319,29329
1779332400,29329.75,29356.5,29325.25,29346.75
1779333300,29348,29366.25,29335.75,29359.75
1779334200,29359.25,29381.5,29350.75,29380.25
1779335100,29380,29381,29356,29360.75
1779336000,29362.75,29390,29360,29383.25
1779336900,29383.75,29414.75,29379.5,29408.25
1779337800,29407,29409,29380.5,29404
1779338700,29404,29428.75,29395,29418.25
1779339600,29420.75,29439.75,29408.5,29415
1779340500,29413.5,29427.75,29390.5,29397
1779341400,29398,29398.75,29372.75,29385.25
1779342300,29381.5,29386.75,29298,29368
1779343200,29366.25,29393.5,29355.5,29364.25
1779344100,29363.75,29389,29340.25,29366.5
1779345000,29366,29376.75,29317,29319.25
1779345900,29318,29321.75,29280,29300.25
1779346800,29299,29305,29200,29230.75
1779347700,29230.25,29267.25,29201.5,29258
1779348600,29257.5,29289.75,29253.5,29284.5
1779349500,29285,29333.25,29276.5,29321.25
1779350400,29321.5,29433,29311.25,29432
1779351300,29432.75,29464.5,29373.5,29415.5
1779352200,29413.75,29416.5,29365,29385.25
1779353100,29387.25,29389,29349.25,29373.25
1779354000,29374,29419.75,29367,29404.25
1779354900,29403.75,29429.75,29397,29418.75
1779355800,29419,29429,29375,29379
1779356700,29378,29395.75,29373.25,29380.25
1779357600,29381.5,29392.5,29355,29384.75
1779358500,29385.5,29393,29242.5,29272
1779359400,29274,29296.75,29212.25,29252
1779360300,29253.25,29257.25,29192.25,29246.5
1779361200,29247.25,29259,29204,29250
1779362100,29249,29293.75,29247,29276
1779363000,29276,29286.75,29239,29243.5
1779363900,29243,29277.75,29243,29253.25
1779364800,29252.75,29268,29224.25,29238.5
1779365700,29238,29262,29219.5,29241.75
1779366600,29244.25,29292.75,29221,29236.25
1779367500,29237,29244,29185.5,29194
1779368400,29193.5,29244,29188,29215.75
1779369300,29213.5,29221.25,29180,29215.5
1779370200,29217.25,29268.5,29174,29214
1779371100,29216.25,29315,29188,29288.25
1779372000,29287.5,29340,29251.25,29267
1779372900,29267,29276.75,29127,29190
1779373800,29189.25,29255.75,29175.75,29236
1779374700,29234.5,29253.5,29166,29235.75
1779375600,29235.5,29249.25,29139,29233
1779376500,29233,29263.5,29219.5,29234.75
1779377400,29234.5,29274.75,29175.5,29258
1779378300,29257.5,29304.5,29257,29266.25
1779379200,29267,29310.5,29263,29275.25
1779380100,29274.75,29282.5,29215.25,29247.75
1779381000,29247.25,29273.75,29232,29254.5
1779381900,29256.25,29270,29207.75,29257.75
1779382800,29258.75,29382,29258.25,29343.25
1779383700,29344.5,29478.25,29335.25,29412.75
1779384600,29412.5,29496.25,29407.25,29493
1779385500,29493.75,29554,29470,29497.25
1779386400,29497,29521.5,29445,29450.75
1779387300,29451.75,29478,29428,29459
1779388200,29459.75,29469.5,29435,29457.5
1779389100,29456.25,29465.75,29293.25,29337
1779390000,29338.5,29413,29335.25,29412.25
1779390900,29411.75,29439.25,29405,29427.5
1779391800,29428,29444.5,29403,29416.5
1779392700,29416.75,29466,29399,29446.25
1779393600,29446.25,29471,29433.75,29458
1779394500,29457.25,29460.75,29439.25,29447
1779395400,29447.75,29460.25,29445,29458.25
1779396300,29458.25,29464.25,29451.25,29455.5
1779400800,29444,29515.75,29444,29512.75
1779401700,29511.5,29520.75,29486.75,29505.75
1779402600,29505.25,29516,29486.75,29512.25
1779403500,29513.5,29543.75,29513.25,29537.75
1779404400,29538.5,29553,29534.5,29543.75
1779405300,29543.75,29549,29535,29539
1779406200,29539.5,29553.75,29534.5,29543
1779407100,29543,29584.75,29541.25,29550.5
1779408000,29550.75,29576.75,29534.5,29555.25
1779408900,29552.5,29599.5,29547.25,29572
1779409800,29572.25,29603.5,29572,29574.75
1779410700,29574,29590.75,29564.75,29566
1779411600,29563.5,29578.75,29537,29574
1779412500,29574,29575.75,29539,29545
1779413400,29543,29550.25,29491,29525.25
1779414300,29526.25,29553.5,29521.75,29529.5
1779415200,29530,29543,29513,29532.25
1779416100,29533.25,29541.75,29504.25,29512.5
1779417000,29511.5,29550,29509.25,29538.25
1779417900,29538,29556.75,29532.25,29549.75
1779418800,29548.5,29553.25,29527.75,29536.5
1779419700,29538,29548,29531.5,29545
1779420600,29545.25,29564.25,29545.25,29563.25
1779421500,29562.5,29573.25,29560.25,29572.25
1779422400,29572.75,29593.5,29572.75,29584.5
1779423300,29585,29593.5,29577.5,29588.5
1779424200,29588.75,29588.75,29564.5,29571.75
1779425100,29571.75,29598,29571.75,29592.5
1779426000,29592.5,29606.25,29589.5,29594.75
1779426900,29595.5,29600.25,29573.25,29587.25
1779427800,29585.75,29592.25,29563.5,29579.25
1779428700,29579.25,29595.25,29534.75,29547
1779429600,29545.25,29565,29533.25,29561.25
1779430500,29560.5,29574,29546.25,29562
1779431400,29565.25,29593.25,29552.5,29587.75
1779432300,29591,29592.75,29559.75,29563.75
1779433200,29562.25,29563.75,29528.75,29538
1779434100,29538.5,29580.5,29538.5,29573.75
1779435000,29575.25,29576.75,29532.25,29563.5
1779435900,29564.25,29587.5,29553,29583.75
1779436800,29584,29615,29582.75,29596
1779437700,29595.5,29665.25,29595.5,29634.5
1779438600,29633,29635.5,29580.25,29597.75
1779439500,29598,29618,29562.75,29565.25
1779440400,29564.25,29566,29505.25,29508
1779441300,29506.75,29528.25,29486,29496.5
1779442200,29497.5,29537.5,29477,29533.75
1779443100,29533.25,29549.75,29518.25,29527.25
1779444000,29527,29527.25,29485.5,29489
1779444900,29489.75,29494,29449,29454.5
1779445800,29455,29464.5,29436,29452.25
1779446700,29453,29478.75,29450.5,29465.5
1779447600,29464.75,29496,29461,29469
1779448500,29467.75,29482.75,29452.75,29470.75
1779449400,29470,29500,29462,29499
1779450300,29499,29527.75,29492.5,29509.5
1779451200,29508.25,29581.5,29495.75,29566.5
1779452100,29567.5,29584.75,29529.75,29549.5
1779453000,29549.75,29566.25,29545,29554.5
1779453900,29555.5,29595.75,29555.5,29593.75
1779454800,29594.25,29603.75,29556.25,29584.25
1779455700,29583.75,29595.25,29548.5,29580.75
1779456600,29580,29715.5,29551.25,29642.25
1779457500,29642,29667.75,29587.5,29643
1779458400,29640.5,29642,29515.5,29564.25
1779459300,29565,29599,29490.25,29564.25
1779460200,29563.75,29637.25,29553,29635.75
1779461100,29635.5,29655,29607.25,29647.25
1779462000,29647,29696,29644.5,29688.75
1779462900,29689,29708.75,29668.75,29708.5
1779463800,29708,29713.75,29678,29695
1779464700,29695.25,29696,29660,29687.5
1779465600,29687,29694.75,29665,29681.25
1779466500,29680.25,29681.25,29640.25,29666
1779467400,29666.5,29677.5,29632.5,29640.75
1779468300,29640.75,29673.75,29639.25,29671.5
1779469200,29671.75,29704.5,29671.75,29696.75
1779470100,29697.75,29737.25,29645,29736.75
1779471000,29736.5,29749,29684.75,29702.25
1779471900,29702.25,29709,29661.5,29678.5
1779472800,29679.25,29688.75,29646,29664.5
1779473700,29664.5,29673.75,29650.5,29660.5
1779474600,29661,29674.25,29624,29666.5
1779475500,29667.25,29672.25,29641.25,29650.25
1779476400,29650.5,29664.5,29588,29599.75
1779477300,29600.25,29603.5,29543.25,29551
1779478200,29551.5,29588.5,29533,29561
1779479100,29561.25,29582.75,29532,29552.5
1779480000,29552.5,29580.75,29541.5,29561
1779480900,29561.25,29561.75,29540,29548.5
1779481800,29549,29552,29502.25,29529.25
1779482700,29530.25,29539.75,29519.75,29520.75
1779660000,29676.25,29778.75,29676.25,29772
1779660900,29772.5,29786,29756.75,29774
1779661800,29775.5,29808.5,29774.5,29804.25
1779662700,29804.75,29825.5,29802.75,29808.5
1779663600,29807.5,29831.75,29807.5,29822.5
1779664500,29824,29825,29805.25,29811.75
1779665400,29812,29883,29812,29858.5
1779666300,29857.5,29865.5,29838,29842.5
1779667200,29842.25,29872.5,29826.25,29870.25
1779668100,29869.75,29892,29860,29884.5
1779669000,29884.5,29922,29883.75,29912.75
1779669900,29913.25,29935.75,29904.5,29914.75
1779670800,29915.25,29929.75,29906,29923.25
1779671700,29923.25,29929.25,29915.75,29927
1779672600,29927.25,29949,29921,29933
1779673500,29933.5,29935.25,29921.5,29924.75
1779674400,29925.75,29935,29917.75,29924
1779675300,29925,29925.25,29905,29914.5
1779676200,29915,29917.25,29903,29915.75
1779677100,29915.75,29960.75,29915.75,29957
1779678000,29958,29988,29957.5,29965.25
1779678900,29966,29983.5,29955.5,29965.5
1779679800,29966.75,29975,29963.25,29966.75
1779680700,29966,29970,29957,29962.5
1779681600,29962.25,29977,29962,29966.75
1779682500,29966.75,29972,29962.25,29969.5
1779683400,29968.5,29972.25,29961,29971.5
1779684300,29971.25,29987.5,29971.25,29974.5
1779685200,29974,29990,29973,29986.25
1779686100,29986.25,29995,29976,29983
1779687000,29983,29993.75,29977.75,29991.75
1779687900,29991.5,29992.25,29968.25,29969.25
1779688800,29968.25,29981,29963,29970.75
1779689700,29969.75,29971.25,29950,29967.75
1779690600,29968.25,29978.5,29960,29966.5
1779691500,29966.75,29985,29964.5,29967.5
1779692400,29968.25,29973,29940.5,29941.25
1779693300,29941,29950,29889.5,29930
1779694200,29931,29987.75,29927,29965.25
1779695100,29965.25,29975.75,29956,29972.25
1779696000,29971.75,29974.5,29938.75,29940.5
1779696900,29939.5,29944.5,29927,29933.25
1779697800,29935.5,29957,29927.5,29952.75
1779698700,29955.5,29964.25,29955.5,29962.75
1779699600,29963.25,29976.75,29962.25,29966.75
1779700500,29966.5,29970.25,29957.25,29962.75
1779701400,29962.25,29972.25,29956,29962
1779702300,29961.75,29962.75,29954.25,29956.25
1779703200,29955.75,29963.25,29947,29962.25
1779704100,29962,29971,29956.75,29962.5
1779705000,29962,29972.5,29957.5,29970.75
1779705900,29971.75,29974.75,29966.25,29973
1779706800,29971.75,29980.5,29965.5,29977
1779707700,29976.5,29983.5,29975.25,29977.5
1779708600,29976.5,29988,29974.5,29980.5
1779709500,29981,29989.25,29970,29972.25
1779710400,29972.25,29985,29964,29965
1779711300,29964,29990,29960,29965.5
1779712200,29965,29968,29949.75,29953.25
1779713100,29953.75,29957.75,29936.75,29941.5
1779714000,29941.25,29955.5,29939.25,29946.75
1779714900,29947,29947,29937.75,29940.5
1779715800,29940.5,29975.75,29939.75,29975
1779716700,29975,29993.75,29970,29993.5
1779717600,29992.75,29993.75,29952.25,29953.5
1779718500,29952.75,29957.5,29940,29942.25
1779719400,29943,29945.5,29910,29912.75
1779720300,29912.25,29940.5,29910,29929
1779721200,29928.75,29990.75,29925,29967.75
1779722100,29968.25,29977.5,29933,29934.25
1779723000,29933.75,29941,29920.25,29926.75
1779723900,29925.5,29931,29915.5,29922.5
1779724800,29923,29935,29913,29932.25
1779725700,29931.75,29936.25,29914,29924
1779726600,29923.75,29936.25,29920,29934.5
1779727500,29934.25,29966.75,29927.75,29962.5
1779746400,29962,29977,29910.25,29925.75
1779747300,29924.75,29951.5,29919.25,29939.5
1779748200,29936.5,29936.5,29884.5,29906.75
1779749100,29906.5,29910,29881.25,29891
1779750000,29889,29901,29872.25,29878.75
1779750900,29879.5,29885.75,29834.25,29840.75
1779751800,29840,29883.5,29836.5,29881
1779752700,29880.5,29898.75,29872.25,29879.25
1779753600,29879.5,29880.5,29800.5,29828
1779754500,29827.5,29849,29811.25,29844
1779755400,29843,29856.25,29817.5,29823.75
1779756300,29822.75,29833.75,29808,29821.5
1779757200,29820.75,29828.5,29796.5,29823
1779758100,29822.75,29836,29794,29802
1779759000,29802.5,29804,29770.25,29789.25
1779759900,29788,29817.25,29788,29811.75
1779760800,29814.5,29827,29804.75,29820.5
1779761700,29819.5,29829,29797,29813.75
1779762600,29814.25,29825.5,29801.25,29809
1779763500,29810,29819.5,29803.25,29817.75
1779764400,29818.25,29823.5,29803.25,29803.5
1779765300,29803.5,29826.25,29802.25,29825.25
1779766200,29825.5,29828.5,29810.75,29812.5
1779767100,29811.75,29825.75,29804,29819.5
1779768000,29821,29827,29805.5,29826.25
1779768900,29826,29829,29813,29813
1779769800,29813,29823,29807.75,29811
1779770700,29810.75,29811.25,29793,29800.5
1779771600,29800,29810,29782.5,29805.25
1779772500,29805.25,29812.5,29801.75,29807.25
1779773400,29807,29816.5,29798.5,29806.5
1779774300,29806.75,29814.25,29793.75,29806
1779775200,29807,29840.5,29798.75,29837.25
1779776100,29837,29845.25,29802,29816.5
1779777000,29817.25,29842.5,29810,29834.75
1779777900,29835.25,29835.25,29820,29826.25
1779778800,29825.25,29830,29762.5,29780.75
1779779700,29781.5,29787.5,29760,29771.5
1779780600,29772.25,29784.5,29744,29782.75
1779781500,29782,29796.25,29755,29773
1779782400,29774.5,29786,29758,29772
1779783300,29771,29793,29765.5,29790.25
1779784200,29789.5,29804.75,29773,29800.75
1779785100,29800.75,29811,29784.25,29808.75
1779786000,29809,29823.5,29807.75,29809.25
1779786900,29808.25,29843.75,29805,29839.5
1779787800,29839.5,29844.25,29830.25,29837.75
1779788700,29837.75,29850.5,29836.5,29847
1779789600,29848.25,29871,29844,29868
1779790500,29869.75,29906,29862.25,29897.5
1779791400,29898,29915,29869.5,29871.25
1779792300,29873,29880,29854.25,29854.25
1779793200,29855.75,29866,29840.25,29840.75
1779794100,29842,29866.75,29840,29859.5
1779795000,29858.5,29874.25,29818,29858.75
1779795900,29857.75,29872,29852.25,29865.75
1779796800,29864,29884.75,29851,29870.25
1779797700,29870,29902.5,29864.25,29898
1779798600,29897.75,29930.5,29891,29918
1779799500,29918.75,29926,29910.25,29920.5
1779800400,29920,29925,29901.25,29921.25
1779801300,29921.25,29929,29888.5,29902.5
1779802200,29902,29938,29826.75,29934
1779803100,29933.5,30007,29914,30006.75
1779804000,30007,30030,29976,30028.25
1779804900,30028.75,30084,30008,30067.75
1779805800,30067.5,30118.75,30060.75,30105.25
1779806700,30104.75,30113.25,30053,30054.75
1779807600,30055.5,30066.75,30003.75,30038.25
1779808500,30037.75,30038.25,29992.5,29999.25
1779809400,29999,30007.5,29960.25,29972
1779810300,29972.25,29981.75,29886,29927.25
1779811200,29926.75,29979.5,29921.75,29938.5
1779812100,29938.5,29992.5,29928,29992.25
1779813000,29992,30015.5,29961.75,29964
1779813900,29963.5,29984.5,29948,29974.75
1779814800,29975.5,30002.25,29968,29986.75
1779815700,29987,29990.75,29954.5,29969.25
1779816600,29970,30002,29958.5,29985.25
1779817500,29986,30013.25,29985,29996.75
1779818400,29996.5,30031,29982,30025
1779819300,30025.5,30054.25,30022.5,30046
1779820200,30046,30060.75,30030.25,30031
1779821100,30031,30045.75,30008.75,30014.5
1779822000,30014,30057.75,30005.75,30051.75
1779822900,30052,30062.5,30044.75,30053
1779823800,30052.75,30095.25,30051.5,30091.75
1779824700,30092,30112,30067.75,30079.75
1779825600,30079.5,30084,30055.5,30057.5
1779826500,30057.25,30073,30055.75,30061.25
1779827400,30061.5,30070,30059.75,30061
1779828300,30060.75,30063,30031.5,30044.25
1779832800,30050,30077.25,30030.75,30045.75
1779833700,30044.5,30060.5,30035,30043.75
1779834600,30044.5,30062.75,30044.5,30045.25
1779835500,30045.5,30048.5,30028.5,30039.75
1779836400,30040,30059,30039.25,30044.75
1779837300,30045.75,30076.5,30042,30075
1779838200,30074.75,30093,30064.25,30092.5
1779839100,30092,30104.25,30089.5,30099.5
1779840000,30098,30115,30090.75,30105.75
1779840900,30105.25,30107,30071,30097.25
1779841800,30097.5,30125,30093,30114
1779842700,30116,30137,30107,30129
1779843600,30129.75,30158,30115,30146.75
1779844500,30146.25,30159.25,30138,30150
1779845400,30150.25,30153.75,30137.25,30139.5
1779846300,30140,30141,30116,30122.25
1779847200,30125,30142.5,30120.75,30139.75
1779848100,30140.75,30153.25,30139.5,30146
1779849000,30145.75,30156,30141,30149.25
1779849900,30149,30159,30136.25,30138.25
1779850800,30138,30155,30130.25,30132
1779851700,30132.5,30138,30120.25,30127
1779852600,30127.75,30132,30109.5,30122
1779853500,30122,30122,30093.75,30097.25
1779854400,30097,30123.75,30094.5,30109.5
1779855300,30108.75,30111.5,30076.5,30079
1779856200,30077.75,30106,30074.75,30105.25
1779857100,30105.75,30121.25,30105,30105.5
1779858000,30105.25,30120.5,30093.75,30104
1779858900,30102.25,30103.25,30076.25,30100.75
1779859800,30101.25,30103.25,30067.75,30101.5
1779860700,30101.75,30109.5,30086.75,30103.5
1779861600,30103.5,30110.75,30089,30099.25
1779862500,30098.5,30104,30076,30081.5
1779863400,30083.25,30088,30055.75,30072.75
1779864300,30072.5,30086,30066,30075.75
1779865200,30076.5,30115,30076.25,30115
1779866100,30115,30130,30104.75,30124.75
1779867000,30126.5,30138.25,30115.5,30130
1779867900,30131.25,30144,30112.5,30140.25
1779868800,30141,30168.25,30130.25,30166.25
1779869700,30166.75,30217,30166.25,30208.5
1779870600,30208.5,30217.75,30190.5,30211.75
1779871500,30210.5,30211.25,30191.5,30195.5
1779872400,30197.25,30199.75,30173.25,30187.25
1779873300,30186.75,30197.5,30180,30188.5
1779874200,30188.75,30209.5,30179,30196
1779875100,30195.75,30213.5,30186,30213.25
1779876000,30214,30247,30212.5,30246.5
1779876900,30246.75,30248.5,30227.5,30231.75
1779877800,30231.75,30232.75,30212.25,30224
1779878700,30225.25,30240.75,30221,30235.5
1779879600,30236,30273.25,30235.25,30268.5
1779880500,30268.75,30291.5,30251.25,30270.25
1779881400,30269.25,30297,30268.75,30278
1779882300,30278,30293.5,30262.25,30264.75
1779883200,30265.25,30279,30254.5,30267.75
1779884100,30266.75,30379,30243.25,30353.75
1779885000,30355.25,30357,30308.25,30314.75
1779885900,30315,30315.75,30256.25,30261.25
1779886800,30260.75,30271,30201,30215.5
1779887700,30214.75,30224.75,30185.75,30188.25
1779888600,30187.5,30192,29965,29981.75
1779889500,29982,30077,29937,30059.75
1779890400,30060.75,30099.25,29982.5,30015.5
1779891300,30015,30057.25,29888.25,29916
1779892200,29916.75,30024,29877.5,29993.75
1779893100,29993.75,30024,29923.25,29940.75
1779894000,29940.5,29977.75,29908.5,29950.5
1779894900,29950.75,29952,29883.25,29951.5
1779895800,29952,29981.25,29884.5,29890.5
1779896700,29890.25,29943.5,29882.5,29936
1779897600,29934.75,30001.75,29917.25,29996
1779898500,29996.5,30017,29977.25,29991.75
1779899400,29990.75,30039.5,29973.25,30030
1779900300,30031,30048.25,29975.25,29988
1779901200,29989.75,29997.25,29894.75,29921.5
1779902100,29920.5,29976,29913.25,29956.25
1779903000,29956.75,29990.5,29943,29947.75
1779903900,29948,29994.75,29942.25,29972.5
1779904800,29972.5,30005.75,29963,29997.25
1779905700,29997.5,30054.25,29991.5,30053.5
1779906600,30053.25,30060.25,30023,30047.5
1779907500,30047.5,30055,30033,30038.75
1779908400,30039,30062.25,30024.5,30042
1779909300,30041.25,30053.5,30009.5,30027.25
1779910200,30027,30072,30025.25,30066
1779911100,30066,30066.5,30034.25,30047.25
1779912000,30047.5,30071.5,30031,30057.5
1779912900,30058.5,30114.25,30058.5,30093.5
1779913800,30093.5,30116.75,30092,30110.75
1779914700,30110.75,30129.5,30108.75,30125.25
1779919200,30120,30136.25,30064.75,30074.75
1779920100,30075,30094.75,30047.75,30047.75
1779921000,30047.5,30063.5,30026.5,30044.75
1779921900,30046,30068.5,30044,30061.5
1779922800,30061.5,30075.5,30045.25,30056.5
1779923700,30056,30080,30028.5,30041.5
1779924600,30041.5,30041.75,30001.5,30005
1779925500,30006.5,30006.5,29966.75,29979
1779926400,29978,30018.5,29963.25,29973
1779927300,29973.5,30016.75,29970.75,30007.75
1779928200,30008.5,30025,29980.75,30025
1779929100,30025,30090,30023.25,30070.5
1779930000,30073.25,30080.25,30037.25,30064.25
1779930900,30064,30072,30045,30058.25
1779931800,30060.25,30076.25,30044.75,30047.75
1779932700,30049.25,30077,30034,30071
1779933600,30071.25,30079.5,30028,30028
1779934500,30029,30033.5,30001.5,30002.5
1779935400,30001.75,30015.25,29979.75,29983.5
1779936300,29983.75,30000.5,29970.75,29973.25
1779937200,29974.25,29985,29931,29939.5
1779938100,29939.5,29956.5,29910.75,29911.75
1779939000,29911,29911.5,29801.5,29802.75
1779939900,29801.75,29836.75,29795.75,29812
1779940800,29811,29825,29770.25,29800
1779941700,29799.75,29806.5,29763,29785
1779942600,29786.25,29822.5,29778,29805.25
1779943500,29804.5,29809,29781.5,29788.25
1779944400,29789,29817.25,29769,29811.25
1779945300,29812.25,29841.75,29802.75,29840.75
1779946200,29841.75,29886.75,29834,29871.75
1779947100,29874,29911.75,29874,29905
1779948000,29905.5,29933,29903.25,29928
1779948900,29928.25,29938,29915.25,29916.5
1779949800,29916.75,29923.25,29891.75,29912
1779950700,29911.5,29913.5,29880.5,29908.25
1779951600,29908.5,29965,29908.5,29947
1779952500,29947.75,29960,29938.25,29946.75
1779953400,29949.75,29959,29936.75,29951
1779954300,29950.25,29963.5,29923.5,29955.75
1779955200,29958.25,29990,29947.5,29966
1779956100,29964.5,29995.25,29950,29964
1779957000,29964,29988,29959,29972.25
1779957900,29970.75,29985.5,29962,29984.25
1779958800,29984.25,29998,29963.25,29970
1779959700,29970,29989.25,29967.75,29970.75
1779960600,29970.25,29971,29941.75,29949.75
1779961500,29950.5,29980.5,29946.75,29975.75
1779962400,29975.25,29975.5,29943.75,29946.75
1779963300,29945.5,29955.5,29914.25,29934.75
1779964200,29934.5,29940.25,29911,29913.5
1779965100,29914.25,29927.25,29863.5,29885
1779966000,29884.5,29908,29871.25,29879
1779966900,29878.75,29912.75,29877,29894.75
1779967800,29894.75,29940,29882.75,29937.75
1779968700,29937.75,29939,29914,29924
1779969600,29923.25,29962.25,29922,29955
1779970500,29955.5,29958.75,29928.25,29951.5
1779971400,29952.5,30028.75,29952.25,30027
1779972300,30026,30067.5,30020,30056
1779973200,30056.75,30099,30028.25,30036.75
1779974100,30036.75,30066,30033,30053.5
1779975000,30053,30112,29943.25,29955.5
1779975900,29954.75,29999,29920.25,29990.75
1779976800,29992.25,30187,29963.25,30161.25
1779977700,30161,30173.25,30062.5,30147.5
1779978600,30148,30171.25,30107.5,30167.25
1779979500,30168.5,30191.5,30123.25,30187.75
1779980400,30188,30244,30180.75,30221
1779981300,30221.5,30274.75,30209.25,30262.5
1779982200,30262.5,30293,30256.75,30261.5
1779983100,30261.75,30281,30251,30264.5
1779984000,30264.75,30283,30238.5,30274.5
1779984900,30274.25,30318.25,30268,30301.75
1779985800,30302,30309.75,30277.5,30306.75
1779986700,30306.5,30329.75,30298.75,30327
1779987600,30326.75,30335.75,30313.75,30317.75
1779988500,30318,30320.5,30295.25,30299.25
1779989400,30299.5,30324.5,30282.5,30321.5
1779990300,30322,30344.5,30312,30319.5
1779991200,30319.5,30337.5,30300.75,30303.75
1779992100,30304,30325.5,30297.5,30315.25
1779993000,30315,30316,30289.5,30300.5
1779993900,30300.75,30317,30280.5,30293.5
1779994800,30292,30312,30277.5,30287.5
1779995700,30287.5,30309.25,30274.25,30306
1779996600,30305.75,30331.5,30303.25,30310.25
1779997500,30309.75,30331,30283.25,30306.25
1779998400,30306,30335.75,30292,30333.5
1779999300,30333.75,30344,30315.25,30321.75
1780000200,30322,30328.75,30316,30321
1780001100,30320.75,30333.75,30311.25,30313
1780005600,30328,30362,30291,30311.5
1780006500,30311,30314.75,30287.25,30301.5
1780007400,30301.5,30313,30289.75,30308
1780008300,30308.25,30314.25,30295,30297.5
1780009200,30297,30318.25,30297,30315.75
1780010100,30315.25,30327.5,30313.25,30318.25
1780011000,30314.75,30317.75,30308,30312
1780011900,30310.75,30310.75,30295,30301.5
1780012800,30301.25,30301.5,30272.25,30282.75
1780013700,30282.25,30301.75,30278.25,30280.75
1780014600,30281.25,30282,30244,30249.75
1780015500,30249.5,30255,30234,30247.75
1780016400,30248.25,30262.25,30216.5,30233.5
1780017300,30233,30253.5,30226.5,30231.25
1780018200,30230,30257.75,30222,30253.5
1780019100,30254.25,30263.25,30232.5,30248.75
1780020000,30246.75,30272,30239,30264.75
1780020900,30264.25,30266.25,30227.75,30235.25
1780021800,30233.25,30255,30228.5,30246.75
1780022700,30247.75,30252.5,30232.5,30237.25
1780023600,30241.25,30265.5,30235.75,30257
1780024500,30257.75,30266.5,30252.5,30261
1780025400,30260.5,30264,30250.75,30259.75
1780026300,30259.75,30274.5,30246.75,30260.5
1780027200,30261,30277,30260,30271.75
1780028100,30271.75,30286.75,30271.5,30283.5
1780029000,30283,30305.5,30279.5,30304.75
1780029900,30304.25,30307.25,30291.25,30298
1780030800,30298,30317.75,30296,30311.75
1780031700,30312.5,30317.5,30304.25,30312.25
1780032600,30311.75,30315,30292,30305
1780033500,30304.5,30315.5,30294.25,30299
1780034400,30301,30327.5,30299.75,30322.25
1780035300,30322,30342.25,30313.25,30316.75
1780036200,30316.25,30335.5,30312.25,30328
1780037100,30327.75,30350.5,30326.25,30348.25
1780038000,30348.25,30349.5,30322,30324.5
1780038900,30324.25,30326.75,30293.75,30300
1780039800,30299.25,30303,30265.75,30278.75
1780040700,30277.5,30302.25,30276.5,30300.5
1780041600,30299.5,30318.25,30287,30310.5
1780042500,30311.25,30318.5,30292,30313
1780043400,30313,30326,30306.25,30308.25
1780044300,30309.25,30319.25,30289.5,30314.25
1780045200,30316.25,30361,30309,30361
1780046100,30360.25,30369.25,30337,30352.5
1780047000,30353.25,30354.5,30328.75,30331
1780047900,30331,30349.5,30328.25,30331.5
1780048800,30332,30333.5,30301,30315.75
1780049700,30316,30333,30303.25,30329.25
1780050600,30329.75,30346.5,30322,30339.25
1780051500,30339.5,30350,30334,30340.5
1780052400,30339.75,30364.25,30338,30361.25
1780053300,30361.75,30372.25,30332,30334
1780054200,30333.5,30352.25,30309.75,30343.25
1780055100,30343,30354.75,30298.75,30349
1780056000,30350,30351,30314.25,30320.75
1780056900,30320.25,30333.75,30312.25,30326.75
1780057800,30327.5,30332,30297,30322.25
1780058700,30321.75,30349.5,30310,30349
1780059600,30349.5,30363.75,30341.5,30344.5
1780060500,30345.25,30384.5,30336,30382.25
1780061400,30383,30462,30364.75,30460.5
1780062300,30460.5,30520.75,30452.25,30519
1780063200,30518,30536,30444.5,30459.75
1780064100,30460,30462.75,30346,30405.5
1780065000,30405.25,30437.5,30289,30293.5
1780065900,30294,30394.75,30270,30359.5
1780066800,30359.75,30429.5,30335.25,30427
1780067700,30426.25,30439.75,30359.5,30397.5
1780068600,30398,30419.75,30362.75,30376.75
1780069500,30376.75,30397.5,30352.5,30362.5
1780070400,30364,30447.75,30357.75,30435.75
1780071300,30435,30447.75,30400.5,30403.75
1780072200,30404,30447.5,30385.75,30422.5
1780073100,30422.75,30426.75,30375.5,30396.75
1780074000,30398,30410.75,30381.75,30392.5
1780074900,30392.5,30399.25,30355.25,30368
1780075800,30367,30376.5,30340.25,30347.5
1780076700,30347,30360.75,30296,30302
1780077600,30301.75,30366.25,30291,30342.5
1780078500,30342.75,30385.5,30328.5,30379.5
1780079400,30379.5,30402.25,30367,30384.75
1780080300,30385.25,30385.5,30316.5,30324.5
1780081200,30324,30369.25,30315.25,30365
1780082100,30365.5,30384.25,30344,30381.25
1780083000,30382.25,30440,30381.75,30429
1780083900,30429.75,30445.25,30393,30397.5
1780084800,30398,30411,30389,30396.25
1780085700,30396,30397,30379,30386.5
1780086600,30386.25,30392.25,30376.5,30382.75
1780087500,30382.5,30397,30380.5,30389.5
1780264800,30415.5,30440.75,30361.25,30420.25
1780265700,30419.75,30438,30396.25,30423.75
1780266600,30423.75,30453.5,30423.5,30453.5
1780267500,30453.75,30473,30452,30455.5
1780268400,30456,30479,30450.25,30465
1780269300,30464.5,30473,30450.5,30468
1780270200,30468.25,30478.25,30459.25,30466
1780271100,30466.75,30485,30461.25,30477
1780272000,30478.25,30524.5,30470.25,30513
1780272900,30512.25,30546.5,30495,30543.5
1780273800,30543.5,30552.25,30525.75,30544
1780274700,30545.75,30554.75,30535,30539.5
1780275600,30541,30549,30519.75,30530.25
1780276500,30530.5,30551.5,30529,30533.25
1780277400,30533.25,30548.75,30527,30539.25
1780278300,30539.25,30553,30533.5,30548.5
1780279200,30548.5,30566.75,30546.5,30564.25
1780280100,30563.75,30568.75,30555.25,30562.25
1780281000,30562.25,30564.5,30545.25,30550
1780281900,30549.75,30552.25,30543.25,30549.25
1780282800,30549.75,30566.25,30549.75,30560.5
1780283700,30561,30577.75,30535.5,30574.5
1780284600,30574.25,30595.25,30552.25,30555
1780285500,30554.75,30565,30537.25,30545.75
1780286400,30546.5,30564.25,30543.75,30558.25
1780287300,30558.25,30568,30549.5,30561.25
1780288200,30562.25,30581.25,30551.5,30579
1780289100,30579.25,30580,30569,30573.75
1780290000,30572.75,30581,30556.75,30570.25
1780290900,30571,30577.5,30551,30553.75
1780291800,30554.5,30576.75,30552.5,30574
1780292700,30574,30592.25,30570.75,30578.25
1780293600,30579.5,30589.5,30568.25,30575.75
1780294500,30575.25,30578,30554.5,30558.5
1780295400,30557.75,30580.5,30556,30568.5
1780296300,30567.75,30589,30567.5,30578.75
1780297200,30578.75,30591.75,30565.25,30570.75
1780298100,30570.5,30573.25,30512.25,30522.25
1780299000,30523.25,30531.75,30486.5,30501.5
1780299900,30501.5,30514.5,30492,30510
1780300800,30510.5,30516.5,30472,30476.25
1780301700,30476,30480.25,30454,30454.25
1780302600,30454.75,30479.75,30443.75,30478.25
1780303500,30478.75,30504.75,30459.75,30499.25
1780304400,30499.75,30512.25,30481,30484.25
1780305300,30483.25,30496,30470,30472.5
1780306200,30473,30479.25,30462.25,30472.25
1780307100,30472.5,30474.5,30453.75,30462
1780308000,30462.5,30485.5,30453.5,30483.5
1780308900,30483.5,30489.5,30467.25,30486.75
1780309800,30487.75,30504.75,30487.75,30500
1780310700,30500.75,30504.75,30490.75,30494
1780311600,30493.5,30497.25,30462,30470.5
1780312500,30470.25,30471.5,30452,30461.25
1780313400,30460.5,30502.25,30451.75,30484.5
1780314300,30483.75,30491.25,30460.25,30462.5
1780315200,30462.25,30464.25,30419,30422.75
1780316100,30422.75,30459,30415,30450.25
1780317000,30449.75,30489,30433,30484.75
1780317900,30485.75,30496.25,30446,30449.5
1780318800,30449,30456,30310.75,30347.5
1780319700,30347.75,30384.5,30291.5,30343
1780320600,30343,30462.25,30309.5,30413.25
1780321500,30412,30467.25,30306,30321.5
1780322400,30314.5,30384,30292,30352
1780323300,30352.5,30421.75,30338.5,30381.75
1780324200,30381.5,30433,30368.75,30420
1780325100,30420.25,30447.25,30406.25,30436.75
1780326000,30437,30457.25,30412.5,30446
1780326900,30445.25,30490,30444.75,30479.5
1780327800,30479.25,30554.25,30477.75,30537.75
1780328700,30538.25,30540.75,30495.5,30502.25
1780329600,30501.5,30538.5,30469,30482.5
1780330500,30482.75,30513,30450,30510
1780331400,30510.5,30540.5,30510.5,30523.5
1780332300,30523,30584.25,30507.5,30580.75
1780333200,30581.25,30584.5,30535,30550.5
1780334100,30549.75,30605,30538,30600.75
1780335000,30602.25,30693,30568.75,30651
1780335900,30651.5,30692.25,30651.25,30670
1780336800,30670,30675.75,30629.5,30634.75
1780337700,30635.25,30655.5,30626.75,30646.75
1780338600,30646.5,30654.5,30631,30642.25
1780339500,30642.25,30645.25,30614,30623.5
1780340400,30622.75,30648.75,30612.75,30630.5
1780341300,30630.5,30632.75,30616.5,30625
1780342200,30624,30625,30583.25,30588.5
1780343100,30588,30595.5,30555.75,30571.25
1780344000,30571.5,30575,30548.25,30556.75
1780344900,30556.25,30556.25,30539.5,30546
1780345800,30545.75,30574,30539.25,30554.75
1780346700,30554.25,30556.5,30506.75,30522.5
1780351200,30544.75,30547.25,30455.25,30477
1780352100,30475,30489,30450.5,30455
1780353000,30454.25,30463.5,30437.25,30444.25
1780353900,30445.5,30462,30431,30458.5
1780354800,30457.75,30465.75,30446,30455
1780355700,30453,30465.25,30450.25,30457.5
1780356600,30458.25,30479.75,30446.5,30460
1780357500,30459.25,30469.75,30442,30469.25
1780358400,30469.75,30470.25,30406,30414
1780359300,30413.5,30436.25,30377.75,30402.75
1780360200,30402.25,30422.25,30380,30396.75
1780361100,30396.75,30396.75,30363.25,30372.75
1780362000,30372.75,30401,30357.5,30395.5
1780362900,30395.25,30398.5,30350.75,30375.75
1780363800,30376.75,30390.75,30355,30370.5
1780364700,30369.25,30369.25,30333,30333.5
1780365600,30333.25,30348,30321.75,30338.5
1780366500,30337.25,30368.25,30331.5,30356
1780367400,30357,30385,30356.75,30375.25
1780368300,30376,30381,30363,30374
1780369200,30373,30383.75,30340.75,30346.5
1780370100,30346,30355.75,30317.75,30323.75
1780371000,30324.5,30353.75,30318.5,30343.5
1780371900,30343,30365,30341.75,30363.5
1780372800,30363,30392,30357.5,30375.25
1780373700,30377.5,30412.5,30370.5,30405.25
1780374600,30404.25,30414.25,30393.75,30412.5
1780375500,30411.5,30445,30408.75,30442.75
1780376400,30444,30469.5,30428.75,30468.5
1780377300,30468,30475.5,30456.25,30470.5
1780378200,30471.75,30495,30471.75,30482
1780379100,30482,30484.75,30457.75,30476.25
1780380000,30476,30492.75,30469.25,30482
1780380900,30482.25,30503.25,30481.5,30487.5
1780381800,30486.75,30509,30469,30496.5
1780382700,30496.5,30515.75,30494,30514.5
1780383600,30514.25,30543,30509.75,30536
1780384500,30535.25,30547.25,30526.25,30531
1780385400,30532,30539.25,30520.25,30529.75
1780386300,30529.25,30531,30511,30529.5
1780387200,30529.75,30569,30529.75,30556
1780388100,30555.75,30567.75,30532.5,30546
1780389000,30547,30566,30543.75,30548.5
1780389900,30548.5,30564.25,30540.5,30547.75
1780390800,30548,30549.5,30525.75,30539.75
1780391700,30539.5,30553,30527.5,30535.75
1780392600,30536,30584.5,30533.25,30577.25
1780393500,30577.25,30586,30563.25,30565.5
1780394400,30565.75,30571.75,30554,30560
1780395300,30560.25,30567.5,30548.25,30554.75
1780396200,30556.25,30557.5,30532.25,30535.75
1780397100,30538,30544,30527.75,30529.25
1780398000,30529.75,30546,30502.5,30544.25
1780398900,30543.25,30549.5,30523.75,30548
1780399800,30548.25,30574.5,30547.25,30551.5
1780400700,30551.75,30554.5,30530.75,30531.25
1780401600,30531.5,30545,30527.75,30530.5
1780402500,30530.75,30559.75,30523,30548.25
1780403400,30548.5,30560,30526.75,30554.25
1780404300,30555.5,30555.75,30526.5,30529.75
1780405200,30529.75,30536.25,30481.25,30493.75
1780406100,30493.25,30560,30488.5,30557
1780407000,30557,30567.75,30423.75,30503.25
1780407900,30502.5,30604.75,30497,30601.75
1780408800,30603,30647.25,30570,30633.75
1780409700,30634,30638.5,30537.75,30559.5
1780410600,30559.25,30625,30555.25,30623.75
1780411500,30623.5,30643.5,30600.75,30642.25
1780412400,30642.5,30666,30611.75,30666
1780413300,30666,30676.5,30651.75,30665.5
1780414200,30666,30685.75,30650,30668
1780415100,30668.25,30697.75,30657.25,30689.5
1780416000,30690,30713.25,30668.25,30700
1780416900,30700.25,30700.25,30651,30658.25
1780417800,30658.75,30676,30640.5,30647.5
1780418700,30647.25,30694,30642,30691.25
1780419600,30691,30703.25,30677.75,30695.75
1780420500,30696,30696.5,30632,30643.75
1780421400,30643,30649.75,30608.75,30635.5
1780422300,30635,30650,30625,30627.5
1780423200,30628.5,30664,30614,30647.75
1780424100,30648.25,30648.25,30629.25,30637.75
1780425000,30638.25,30654.5,30598.5,30619
1780425900,30617.75,30641.5,30614,30638.5
1780426800,30639,30682.25,30637.5,30672.75
1780427700,30673.25,30686.5,30662,30664.25
1780428600,30663.75,30687,30662.5,30681.75
1780429500,30682,30721.25,30678.25,30707.25
1780430400,30707.25,30763.25,30697.75,30738.5
1780431300,30738.75,30762.5,30737,30737.25
1780432200,30737.75,30745.75,30737,30743.25
1780433100,30742,30749.25,30736,30743
1780437600,30741.75,30751.75,30715.25,30730.5
1780438500,30729.5,30742.75,30722.75,30740.5
1780439400,30739.25,30757,30734.5,30737.5
1780440300,30737.75,30740.5,30698,30703.5
1780441200,30705,30710,30667.75,30674.75
1780442100,30675,30678.25,30561.25,30610.75
1780443000,30611.25,30689.25,30595.5,30682.75
1780443900,30682.25,30715,30667.25,30708
1780444800,30708.25,30719.5,30676.75,30678.75
1780445700,30678,30704.25,30671,30691.5
1780446600,30692.75,30714.75,30686.75,30714.25
1780447500,30713.5,30727.5,30707.75,30720
1780448400,30720.5,30723.75,30675,30675
1780449300,30676,30688.75,30671.75,30685
1780450200,30685,30701.25,30658,30666.75
1780451100,30666.75,30685,30653,30683
1780452000,30683.75,30693.25,30671.5,30690
1780452900,30689.75,30696.25,30662.75,30680
1780453800,30680.25,30688.75,30670.75,30680
1780454700,30679,30680.5,30667.75,30679
1780455600,30678.75,30687.5,30668.5,30687.5
1780456500,30688,30705.25,30681.75,30684.75
1780457400,30685,30701.25,30685,30697.25
1780458300,30698.5,30710,30690.75,30706.75
1780459200,30706,30727.25,30705.5,30723.75
1780460100,30723.5,30727.25,30712.75,30722
1780461000,30722,30730.5,30715.25,30724.25
1780461900,30722.5,30723.75,30700.5,30702.5
1780462800,30702.5,30718.5,30675,30713.75
1780463700,30713,30723.25,30704.25,30707
1780464600,30707.25,30710.5,30685,30695.5
1780465500,30694.25,30699.25,30680.5,30689.25
1780466400,30689.75,30716,30670.25,30682.75
1780467300,30682.25,30696.25,30674.75,30691.75
1780468200,30690.25,30718,30679.75,30705
1780469100,30706.25,30707.5,30688.25,30698
1780470000,30697.75,30742,30687,30728
1780470900,30729.75,30738.25,30704.5,30707.75
1780471800,30706.75,30719.5,30687,30702.75
1780472700,30703.75,30722.5,30698,30722.5
1780473600,30722.75,30751.5,30700,30735
1780474500,30735.25,30742,30702,30738.25
1780475400,30738.25,30742,30708.5,30717.25
1780476300,30716.75,30726,30707,30717.25
1780477200,30717,30751,30711.5,30741.75
1780478100,30742.5,30770,30735.25,30766.5
1780479000,30766.75,30769.25,30748.25,30763.25
1780479900,30762.5,30764.25,30731.5,30733.5
1780480800,30733.75,30785,30716,30759
1780481700,30759.25,30764.5,30738.5,30764
1780482600,30764.5,30783.5,30743,30744.75
1780483500,30744.75,30764.25,30744.25,30753.75
1780484400,30753.5,30781.5,30753.25,30774.75
1780485300,30774.25,30787,30764.25,30776
1780486200,30776.5,30794.25,30767.75,30773.25
1780487100,30773.25,30789.5,30766,30780
1780488000,30780.5,30799,30772.75,30791.25
1780488900,30792,30792,30754,30755.5
1780489800,30754,30755.5,30703.5,30726.5
1780490700,30725.75,30734.75,30700,30717.25
1780491600,30716.75,30742.5,30712.5,30730.25
1780492500,30730.5,30763.25,30728.5,30753.75
1780493400,30754.75,30807.75,30622,30623.75
1780494300,30624.25,30648.75,30496,30558.75
1780495200,30562,30687.75,30547.5,30687.25
1780496100,30687.25,30724.75,30663,30723
1780497000,30722.75,30739.5,30667.25,30701
1780497900,30701.25,30723,30644.5,30667.25
1780498800,30667.75,30715.5,30664.75,30693
1780499700,30692.75,30698.25,30615,30668.75
1780500600,30668.5,30692.25,30599.75,30602.25
1780501500,30602,30631.75,30568,30604.25
1780502400,30605,30623.25,30579,30611.25
1780503300,30611.25,30611.5,30531.25,30553.75
1780504200,30552.75,30578.5,30505.75,30530.25
1780505100,30529.75,30607.5,30529.75,30606.75
1780506000,30607.25,30609,30534.5,30543.5
1780506900,30544,30575.25,30516.25,30572.75
1780507800,30572.75,30616.5,30543.25,30613.5
1780508700,30613.75,30647.25,30604.75,30642.75
1780509600,30643.25,30655.75,30612,30625.5
1780510500,30625.75,30680,30608,30677
1780511400,30676.5,30682.25,30635,30651
1780512300,30651.75,30668,30636.75,30652
1780513200,30652,30659.75,30615.25,30636.75
1780514100,30637.25,30660.25,30611.25,30635.25
1780515000,30634.5,30691.25,30627,30683.75
1780515900,30683.75,30694.75,30625,30635.75
1780516800,30635.75,30639.75,30597.25,30606.75
1780517700,30607.25,30619,30544.5,30564
1780518600,30564.25,30566.5,30498.25,30501.75
1780519500,30501.5,30524.25,30478.25,30495
1780524000,30453,30499,30432,30457.25
1780524900,30457.25,30462.5,30405.5,30438.25
1780525800,30436.5,30469,30425.5,30440
1780526700,30438.75,30471.5,30368.5,30457.75
1780527600,30458.75,30463,30406.25,30425.25
1780528500,30426.75,30431.5,30390.75,30405.5
1780529400,30408.5,30423,30378.25,30387
1780530300,30387.5,30421.5,30370.75,30395.25
1780531200,30393,30453,30377.5,30433.5
1780532100,30433.75,30463,30412,30455
1780533000,30456.5,30501.75,30454,30496.25
1780533900,30497,30502.75,30472.75,30498.75
1780534800,30498,30531,30496,30515
1780535700,30516,30516.5,30473,30491.5
1780536600,30493.5,30524.75,30474.75,30482.5
1780537500,30481.5,30487.5,30438.25,30453.5
1780538400,30453.75,30456.75,30390,30393.5
1780539300,30395.25,30424.5,30352.5,30414.5
1780540200,30414,30418.5,30387.75,30409.75
1780541100,30410,30440.75,30409,30412
1780542000,30412.25,30453.25,30409.25,30438.25
1780542900,30438,30470,30438,30470
1780543800,30469.25,30486.75,30450,30454.75
1780544700,30454.5,30484.75,30446.25,30480.5
1780545600,30481,30496.5,30466,30496.5
1780546500,30497,30502.25,30485.25,30487.5
1780547400,30488.75,30507.5,30483,30504
1780548300,30504.25,30508.25,30489.75,30497.5
1780549200,30497.25,30499.75,30450,30475
1780550100,30475.25,30484,30452,30461.75
1780551000,30463,30493.25,30454,30492.5
1780551900,30492,30492.75,30458.25,30484.5
1780552800,30484.5,30500.75,30478,30485.25
1780553700,30484.5,30488.75,30465.5,30488.5
1780554600,30488.5,30520,30470.5,30519.5
1780555500,30518,30535,30502.75,30528.25
1780556400,30530,30544.5,30512.5,30533.25
1780557300,30532,30534.25,30490.5,30518
1780558200,30518.75,30533,30502.5,30505.5
1780559100,30505.25,30515,30490.25,30500
1780560000,30499.25,30500.25,30405,30405
1780560900,30405,30424,30340,30371.5
1780561800,30373,30402,30363,30367.5
1780562700,30367,30376.5,30326.5,30344.5
1780563600,30344,30346.25,30257,30260.75
1780564500,30260.75,30312.75,30248.5,30303
1780565400,30303.5,30331.5,30291.25,30298.25
1780566300,30298,30349,30294.25,30336.25
1780567200,30337,30337,30298.25,30309.25
1780568100,30308.75,30310.25,30268.75,30271.5
1780569000,30272,30292,30247.5,30253.5
1780569900,30253.75,30276,30204.25,30245.25
1780570800,30245.25,30264.75,30228.25,30246.5
1780571700,30245,30279.5,30228.25,30270
1780572600,30272.25,30290,30164.25,30196.75
1780573500,30196.5,30282.75,30191.25,30280.75
1780574400,30279.25,30286,30224.25,30237.5
1780575300,30237.25,30253.75,30223,30248
1780576200,30249,30312.25,30246,30309.5
1780577100,30308.75,30330,30289.75,30309.75
1780578000,30310.25,30317,30287.75,30301.75
1780578900,30300.25,30330.75,30265.25,30268.25
1780579800,30268.25,30364.5,30210,30227.25
1780580700,30226.25,30316,30187.75,30248
1780581600,30247.75,30282.5,30151,30279.25
1780582500,30279.5,30348.5,30251.75,30341.25
1780583400,30341,30348.25,30290.25,30301.5
1780584300,30300.5,30360,30291.75,30356.75
1780585200,30357.25,30453.25,30354.5,30450.5
1780586100,30451,30469.5,30431.5,30442
1780587000,30442,30448.75,30410.75,30419
1780587900,30419.25,30423,30363,30413.75
1780588800,30413.25,30452,30393,30440
1780589700,30440,30486.25,30440,30480
1780590600,30480.25,30490,30436,30482.75
1780591500,30482.75,30493.25,30465.75,30479
1780592400,30479,30502.25,30464.25,30494
1780593300,30493.5,30519.75,30474,30513.75
1780594200,30514,30540.25,30511,30540
1780595100,30539.75,30563.25,30525.75,30559.5
1780596000,30559.25,30598.5,30555.25,30592
1780596900,30592,30595.5,30574,30586.25
1780597800,30586.25,30590.75,30557.75,30572.5
1780598700,30572.75,30592.25,30550,30558
1780599600,30558,30588.75,30545.75,30555.25
1780600500,30555.25,30596,30531,30594.75
1780601400,30594.25,30603.25,30546.5,30548.75
1780602300,30548.25,30551.5,30481.25,30485.5
1780603200,30485.5,30495,30439.75,30451.75
1780604100,30451.75,30463.25,30402,30413.75
1780605000,30413,30424,30403,30411.5
1780605900,30412,30419,30397.5,30399.5
1780610400,30414,30422,30367,30371
1780611300,30369.75,30383.5,30316,30341.5
1780612200,30342.5,30357.75,30329.5,30336
1780613100,30336.25,30369,30335.5,30366.5
1780614000,30365.75,30371.25,30324.25,30328.5
1780614900,30328.75,30330.75,30289,30310.5
1780615800,30311,30311.5,30277,30281.5
1780616700,30281.75,30284.5,30255,30264.25
1780617600,30262.25,30264,30198.75,30199.75
1780618500,30199.5,30220.5,30169,30193.5
1780619400,30194,30214.75,30160.75,30167.25
1780620300,30166,30184.75,30130.75,30142.75
1780621200,30143.5,30153.75,30111,30123.75
1780622100,30124,30130.25,30052.25,30085.25
1780623000,30085,30152.5,30084.5,30146.75
1780623900,30147,30202,30129.5,30195.5
1780624800,30196.5,30218.75,30170.75,30211
1780625700,30212,30239.75,30199.75,30234.25
1780626600,30233,30249,30215.25,30221.5
1780627500,30220.75,30239,30207.75,30214.25
1780628400,30214.5,30223.5,30185.75,30211.5
1780629300,30211.25,30229.5,30185.75,30188.5
1780630200,30187.75,30208.25,30177.25,30181.75
1780631100,30182.75,30184.75,30146,30163
1780632000,30163.25,30189,30156,30184.75
1780632900,30185.5,30204.25,30174.75,30177
1780633800,30178.25,30211.25,30163.5,30202.25
1780634700,30201.25,30243,30195.75,30229.75
1780635600,30230.25,30233.25,30195,30198.25
1780636500,30198.5,30228.25,30190,30202.5
1780637400,30199.25,30224.75,30193.75,30195.75
1780638300,30194.75,30197,30163,30170.25
1780639200,30170.25,30213.75,30167.5,30171.25
1780640100,30170.25,30175,30131.5,30142.25
1780641000,30143.5,30157.5,30113.5,30119
1780641900,30119,30145,30113,30123.5
1780642800,30124.25,30127,30075,30081
1780643700,30081,30111.75,30062,30106.5
1780644600,30106.75,30158.25,30102.25,30127.25
1780645500,30125.75,30156.75,30124.25,30150.25
1780646400,30151.25,30163.5,30120.25,30141.5
1780647300,30142.25,30218,30127.25,30216.25
1780648200,30216.25,30222.5,30166.75,30168.5
1780649100,30168.5,30182.75,30148,30158.75
1780650000,30159.5,30259,30152.25,30219.75
1780650900,30221.75,30236.5,30176.25,30182.25
1780651800,30183,30196.25,30172.5,30181.25
1780652700,30181.75,30212.75,30181,30198.25
1780653600,30199,30210,30192.5,30207.25
1780654500,30207,30235.75,30200.75,30231.5
1780655400,30231.25,30236,30212.75,30227
1780656300,30226.5,30227,30192,30195.5
1780657200,30194.25,30197,30172,30184.25
1780658100,30183.25,30186,30135.5,30184.25
1780659000,30184,30194.25,30167.5,30177.25
1780659900,30178,30180.5,30144.75,30147.75
1780660800,30147.5,30149,30107.5,30112.75
1780661700,30111.5,30157.5,30103,30115.25
1780662600,30116,30151.75,30042.5,30121
1780663500,30122,30135.5,30053.5,30054.5
1780664400,30054.25,30071.5,30031.75,30039.5
1780665300,30038.75,30051.5,30013,30036.25
1780666200,30035.75,30100.5,29928.75,29932.75
1780667100,29931.25,29954,29771,29773.75
1780668000,29774.25,29871,29758,29871
1780668900,29869.75,29942.5,29801.5,29824.5
1780669800,29824.75,29929.25,29814.25,29843
1780670700,29842.25,29873.25,29805.25,29853
1780671600,29853.25,29870,29726.5,29727.75
1780672500,29727.75,29765.25,29695.5,29717.25
1780673400,29717.25,29739.75,29614.5,29645.5
1780674300,29645,29682.5,29628.5,29658.5
1780675200,29658.75,29660.25,29564.25,29593.75
1780676100,29593.5,29593.5,29536,29543.75
1780677000,29543.75,29549,29418,29433.5
1780677900,29433.25,29507.75,29379,29490.5
1780678800,29490.5,29493,29377,29410
1780679700,29410,29449,29361.75,29440.75
1780680600,29439.75,29505,29405.5,29418.5
1780681500,29418,29473.75,29407.5,29471
1780682400,29471.5,29477,29311,29317.25
1780683300,29318,29319.75,29221,29243.5
1780684200,29244,29256.75,29150.5,29181.25
1780685100,29181.75,29216,29096,29191.5
1780686000,29191.75,29211,29049.5,29071.25
1780686900,29070.75,29156.25,28974.25,29155
1780687800,29155,29158,29050.5,29095.75
1780688700,29095.25,29194.75,29005.5,29015.75
1780689600,29016.25,29042.25,28817.75,28832.25
1780690500,28834.5,28875.5,28800,28866.5
1780691400,28865.75,28866.25,28788.75,28818
1780692300,28818.25,28859.5,28781.25,28829.25
1780869600,28844.5,28998,28822.25,28995.25
1780870500,28993.5,29023,28954.25,28967.25
1780871400,28969.25,29017.75,28944,28974
1780872300,28972.5,29000,28872.25,28893
1780873200,28894.75,29002.75,28894.5,28994.25
1780874100,28992.5,28994.75,28938.5,28979
1780875000,28977.25,29026.5,28964.75,29024.75
1780875900,29023.5,29103.5,29013.75,29087.75
1780876800,29083.5,29148.25,29059.5,29146.5
1780877700,29146.75,29225.75,29135,29223
1780878600,29223.5,29287.5,29213.5,29253.5
1780879500,29253.5,29254,29163.5,29216.75
1780880400,29218.5,29236.75,29150.25,29151.5
1780881300,29153.5,29163,29071,29074.75
1780882200,29076.75,29168,29025.25,29158.75
1780883100,29158.25,29179.25,29118.25,29158.75
1780884000,29161.5,29181.75,29111,29152
1780884900,29151,29179,29105,29173.75
1780885800,29173.5,29229,29126.25,29229
1780886700,29228.75,29243.5,29201.25,29211.25
1780887600,29211.75,29232,29195.75,29208.25
1780888500,29207.5,29223,29176.5,29218
1780889400,29216.5,29232.25,29205.75,29212.5
1780890300,29212,29226,29200,29211.75
1780891200,29212.5,29223.25,29156.5,29176.5
1780892100,29180,29199.75,29146,29171.5
1780893000,29171.75,29178.75,29097.25,29101
1780893900,29101.25,29140.75,29088.5,29092
1780894800,29089.75,29144,29060,29063
1780895700,29065,29100.75,29060.75,29092
1780896600,29092.25,29098,28980.75,28990.5
1780897500,28989.5,29023.5,28972.75,29017.5
1780898400,29016.75,29073.25,29000,29030.75
1780899300,29028.75,29138,29011.75,29130.75
1780900200,29129.75,29151,29066.75,29097
1780901100,29097.25,29103.75,29050,29101.75
1780902000,29101,29157,29082.75,29142.75
1780902900,29143.25,29241,29115.75,29228.5
1780903800,29229,29241.5,29184.75,29225.75
1780904700,29223.5,29281,29215.25,29257
1780905600,29255.25,29256.5,29201.25,29210.75
1780906500,29212.25,29248.5,29203.75,29223.25
1780907400,29225,29267.75,29188.25,29206
1780908300,29206.5,29208,29157,29176.25
1780909200,29179,29198.5,29145,29188.5
1780910100,29187.5,29223,29182.25,29193.25
1780911000,29193.25,29254.5,29162.75,29219
1780911900,29218,29240.5,29212.25,29240.5
1780912800,29239,29241,29185.75,29221.75
1780913700,29223,29227.25,29175,29194
1780914600,29192.25,29273.5,29188.75,29246.5
1780915500,29246.25,29256,29223,29240.75
1780916400,29241.5,29365.5,29212,29361.25
1780917300,29361.25,29410,29340.25,29407.75
1780918200,29409.25,29437.75,29408.5,29410.75
1780919100,29410,29419.5,29370.25,29375
1780920000,29374.75,29416.5,29364.75,29414
1780920900,29412.75,29457.75,29402,29457.75
1780921800,29456.25,29510.5,29456,29493.5
1780922700,29494.25,29495.75,29462.25,29486
1780923600,29484.5,29581.5,29484,29574.75
1780924500,29574.75,29604.25,29523.5,29525.75
1780925400,29526,29584,29397.5,29515.5
1780926300,29516,29554,29341,29349.75
1780927200,29350.25,29471.75,29331.5,29441.5
1780928100,29441,29531,29374.75,29517.25
1780929000,29517,29603.75,29504.5,29549.75
1780929900,29549.25,29681,29549,29676.5
1780930800,29676.5,29734,29665.25,29715.25
1780931700,29716.25,29743,29623.25,29630
1780932600,29630.25,29685.25,29559,29685.25
1780933500,29685.25,29710.75,29594.25,29610
1780934400,29610.25,29651.25,29580.25,29635.25
1780935300,29636.75,29692.25,29581.5,29584.75
1780936200,29587.5,29616.75,29554,29586.5
1780937100,29586.5,29630.5,29577.25,29580.5
1780938000,29580.75,29584.25,29485.25,29531.75
1780938900,29531,29605.5,29492,29602
1780939800,29602,29624.25,29509,29512.25
1780940700,29511.75,29600,29511.25,29558.25
1780941600,29559.25,29611.75,29556,29564
1780942500,29565.5,29598.25,29558,29590.5
1780943400,29591.25,29617.75,29527.5,29530.75
1780944300,29531.5,29571,29529.5,29542
1780945200,29543,29548,29427,29429
1780946100,29428.75,29451.25,29377,29436.75
1780947000,29437,29495,29420.75,29437
1780947900,29436.5,29475,29419,29453
1780948800,29453,29470,29427,29444.5
1780949700,29445.5,29450.5,29401,29432
1780950600,29431,29437.75,29418.25,29429.25
1780951500,29429.25,29448.75,29417,29435.25
1780956000,29435,29468.75,29349,29358.25
1780956900,29360.25,29370.25,29321.25,29328.25
1780957800,29332.25,29376.75,29332.25,29370
1780958700,29369,29429,29360,29425.5
1780959600,29426.5,29463.25,29403.5,29454.5
1780960500,29455.25,29459.25,29422.25,29433
1780961400,29431,29482,29416,29444
1780962300,29444.75,29445,29385,29425
1780963200,29425.75,29441,29340,29361.25
1780964100,29362.25,29386,29329.75,29368.75
1780965000,29368,29378,29307.75,29347
1780965900,29347.25,29357.75,29303.5,29337.75
1780966800,29341.75,29385,29329,29371.25
1780967700,29372.5,29476.5,29363.75,29456.25
1780968600,29457,29521.5,29448,29502
1780969500,29501.5,29547.75,29482,29492
1780970400,29492.5,29516.25,29482.75,29498
1780971300,29498.25,29502,29460.5,29490.5
1780972200,29491.75,29512,29473.5,29508.75
1780973100,29509.75,29523.75,29489.25,29514
1780974000,29514,29542.25,29501,29534.5
1780974900,29532.75,29555,29516.5,29539
1780975800,29540,29592.5,29534.75,29584.25
1780976700,29584.5,29593,29565,29580
1780977600,29580,29612.25,29569,29602
1780978500,29602.75,29623.5,29597,29611.5
1780979400,29612,29631.25,29598.5,29617.75
1780980300,29617.5,29624.5,29600.75,29603.25
1780981200,29604.5,29626,29592.5,29607.25
1780982100,29606,29619.25,29588.75,29592.75
1780983000,29593,29647,29591.75,29628.5
1780983900,29627.5,29651.5,29618,29633.25
1780984800,29634.75,29660,29625.75,29656.75
1780985700,29655.75,29674.75,29633.5,29635.75
1780986600,29635.75,29652,29623.75,29636.5
1780987500,29637.25,29643.5,29601.5,29622.25
1780988400,29623,29689.25,29616,29647.5
1780989300,29648.5,29661.5,29601.5,29612.75
1780990200,29612.75,29626.75,29588,29625.25
1780991100,29625.75,29638.5,29583.5,29593
1780992000,29593.5,29668.5,29566,29665.75
1780992900,29665.5,29674.25,29637.5,29663.25
1780993800,29662.75,29685.5,29645,29678.75
1780994700,29677.75,29686.25,29637.25,29641.5
1780995600,29641.75,29671.75,29636,29666.75
1780996500,29668,29691.25,29660.25,29685.75
1780997400,29686.5,29687,29656.25,29679
1780998300,29678.25,29696.25,29678,29678.75
1780999200,29680.5,29697.5,29617.75,29677.5
1781000100,29677.5,29679,29651.75,29672.5
1781001000,29672,29676.5,29647.25,29657.25
1781001900,29657.5,29698.75,29652.5,29685.25
1781002800,29686,29705,29681,29698.75
1781003700,29699,29702.25,29670.75,29688.5
1781004600,29690,29727.5,29684.5,29717.75
1781005500,29717.5,29724,29679.25,29681.5
1781006400,29681,29701.25,29671,29673.5
1781007300,29673.25,29682,29652.25,29669
1781008200,29670,29730.25,29667.5,29696.25
1781009100,29695.5,29739.5,29669.75,29735.25
1781010000,29735.75,29747.25,29707.25,29713.25
1781010900,29713.75,29741,29692.25,29736.75
1781011800,29737,29769.5,29633.25,29767
1781012700,29766.5,29848.25,29663.25,29672.75
1781013600,29672.75,29712,29484.5,29491.5
1781014500,29491.75,29526.25,29365,29444
1781015400,29444,29487.5,29271.25,29286.25
1781016300,29287.25,29314.5,29083.75,29239.75
1781017200,29242,29302,29143.5,29243.5
1781018100,29243.75,29254.5,28848.5,28859.25
1781019000,28861.25,28944.25,28809.75,28902.75
1781019900,28903.75,28972,28681.5,28695.25
1781020800,28696,28787.5,28575,28621.75
1781021700,28621.75,28627.75,28404.25,28523.5
1781022600,28522.5,28572,28227.75,28375.5
1781023500,28375.25,28487.75,28279,28480
1781024400,28480.25,28674.5,28462.5,28650
1781025300,28650,28787.25,28606.25,28743.25
1781026200,28743.5,28924.5,28708,28866
1781027100,28867.25,28884.5,28714.25,28832.5
1781028000,28831.5,28887.5,28784.75,28861.5
1781028900,28860.5,28980,28823,28972.75
1781029800,28973.25,29047,28912.25,28921.75
1781030700,28922.5,29091.25,28916,29065.75
1781031600,29066,29146.5,28956,28965.25
1781032500,28965.75,28972.5,28839,28953.75
1781033400,28952.75,28988,28853.25,28922.25
1781034300,28922.75,29135.25,28850.5,29115.25
1781035200,29115.75,29196.25,29085.75,29103.25
1781036100,29104.25,29131.5,29082.25,29122.75
1781037000,29118.25,29159.75,29101.25,29145.75
1781037900,29146,29159,29120.75,29140.5
1781042400,29094.75,29098.75,29028.5,29086.75
1781043300,29088,29118,29053,29071
1781044200,29070.5,29072,28994,29023.75
1781045100,29023,29043,28982,29029
1781046000,29029.25,29102.75,29019.5,29031.25
1781046900,29028,29042.75,28997.75,29005
1781047800,29005.5,29020.75,28980.25,29015
1781048700,29018,29071.5,29010.75,29064.5
1781049600,29065.75,29169,29065.75,29120.75
1781050500,29119,29131.75,29070.5,29118
1781051400,29118.5,29123.25,28960,28999.25
1781052300,28996,29096,28991.25,29075.25
1781053200,29077.25,29109.5,29042.25,29076.25
1781054100,29078.5,29115,29049.75,29073.25
1781055000,29073.5,29098.75,29023,29026.25
1781055900,29027.5,29068.25,29011.25,29033.5
1781056800,29035,29042,28979.25,28998
1781057700,29000.25,29026.25,28974.75,29016.25
1781058600,29015.25,29034.75,28982.25,29006
1781059500,29005.75,29035.25,28960.25,28970.5
1781060400,28972.5,29029.5,28967.25,29010.75
1781061300,29013.25,29046.25,28995.5,29008.5
1781062200,29009.25,29024.5,28975,28977
1781063100,28978,29008,28973.75,28992.75
1781064000,28992.75,29001.25,28940.25,28946.5
1781064900,28944.5,28977.75,28930.75,28942
1781065800,28940.25,28940.25,28875.75,28878.25
1781066700,28877.5,28946,28867.25,28898.5
1781067600,28898.75,28951,28885.25,28907.5
1781068500,28905,28939.5,28853.75,28937.5
1781069400,28938,28945,28881.5,28918.25
1781070300,28917.25,28968,28893.25,28943.25
1781071200,28945,28998,28935.75,28977.25
1781072100,28975,29001.25,28952.25,28983.25
1781073000,28981.75,29014,28962.25,28989.5
1781073900,28985,28989.25,28959.25,28968.5
1781074800,28969,29001,28942.5,28981.25
1781075700,28980.75,28994.25,28929.25,28942.5
1781076600,28943,28984.5,28930.25,28947.25
1781077500,28946.25,28973,28926.25,28964.25
1781078400,28964.25,28965,28873.25,28876.25
1781079300,28876.25,28894.75,28842.25,28861
1781080200,28861,28888,28768.25,28776.25
1781081100,28774.5,28819.75,28742.25,28762
1781082000,28763.5,28797,28709.5,28710.75
1781082900,28709.75,28783.5,28684,28778.25
1781083800,28776.75,28830,28742,28762.75
1781084700,28763.5,28788.25,28735,28777.75
1781085600,28779.5,28786,28740,28762.75
1781086500,28763,28772.25,28699.25,28766.75
1781087400,28765.75,28827,28760.25,28823.5
1781088300,28824.5,28844,28776.5,28827.5
1781089200,28831.5,28845.25,28638,28733.5
1781090100,28736,28766,28625,28671.5
1781091000,28672,28684.75,28610,28633.75
1781091900,28632,28703,28611.5,28679.5
1781092800,28680.75,28732,28666.5,28694.75
1781093700,28692,28755,28657.75,28753.75
1781094600,28759.25,28992.25,28738.75,28918.75
1781095500,28919.5,28948,28824.5,28832
1781096400,28833.25,28889.25,28821.75,28857
1781097300,28855.5,28891.75,28838.75,28852.25
1781098200,28853,29092.75,28772.5,29079.5
1781099100,29077.5,29163.25,28984,29022
1781100000,29022,29166,28965,29091.5
1781100900,29092.5,29231,29046.25,29170.75
1781101800,29172,29250,29081.5,29082.25
1781102700,29083.75,29125,28856,28900.25
1781103600,28901.25,28985.75,28745,28748.75
1781104500,28749.75,28877.75,28663.5,28790.5
1781105400,28790.75,28875,28721,28854
1781106300,28854.75,28874.5,28627,28855.25
1781107200,28855.25,28896.5,28711.75,28728.75
1781108100,28726.75,28773,28703,28742.25
1781109000,28742.25,28851.75,28704,28752
1781109900,28752.25,28761.25,28664.75,28717.5
1781110800,28717.75,28781.5,28628.5,28648.25
1781111700,28647,28699,28628,28688.5
1781112600,28687,28693.5,28618,28622.5
1781113500,28623.25,28793.75,28616,28780
1781114400,28779.5,28832.5,28752.5,28781.5
1781115300,28781.5,28810.25,28697.75,28713
1781116200,28713.75,28717.75,28633,28661.25
1781117100,28662,28664,28574,28607.5
1781118000,28608.25,28669,28574.25,28593.5
1781118900,28594.25,28597.5,28493,28546.75
1781119800,28546.25,28664,28524.75,28621.25
1781120700,28620.25,28663.5,28523.5,28526
1781121600,28525.75,28536.75,28433,28499.5
1781122500,28498.25,28524.5,28473,28485.5
1781123400,28484.75,28499.25,28434.25,28450.75
1781124300,28451.75,28486.5,28409,28472
1781128800,28455,28470,28358,28400.75
1781129700,28400.75,28420,28380,28412
1781130600,28414.5,28469.75,28390,28431.75
1781131500,28431,28455.75,28328.25,28342.5
1781132400,28344.5,28376.75,28278.25,28290
1781133300,28288.5,28405.75,28265.75,28398.25
1781134200,28399,28446.75,28350,28425
1781135100,28423,28425.25,28352.25,28364
1781136000,28363.5,28416,28332,28391.25
1781136900,28391.5,28571.75,28391.5,28480.5
1781137800,28483.5,28517.5,28428,28443.75
1781138700,28445,28565.25,28443.25,28549.5
1781139600,28551.5,28717.25,28549.25,28713.75
1781140500,28712,28765,28688,28751.25
1781141400,28751.5,28757.25,28696.5,28705.75
1781142300,28706.75,28716,28633.5,28641.25
1781143200,28643,28696.5,28621.75,28624.25
1781144100,28624.75,28646,28550.25,28559
1781145000,28557.75,28603.25,28531.25,28572
1781145900,28573,28648,28563.25,28636.75
1781146800,28636,28677.5,28588.5,28605
1781147700,28603.5,28626.75,28581.25,28621.5
1781148600,28621.25,28688.5,28618.25,28685.25
1781149500,28688,28745.75,28671,28738.75
1781150400,28741.25,28744.5,28714.75,28723.25
1781151300,28722.75,28758,28704.75,28742
1781152200,28743.75,28803,28732,28790.5
1781153100,28793,28802,28760,28776.5
1781154000,28776.5,28782,28717.25,28728.75
1781154900,28729,28750,28713.75,28734
1781155800,28733.5,28751,28712,28743.75
1781156700,28742.5,28756,28726.5,28746.5
1781157600,28746,28762.75,28685.5,28746
1781158500,28748.5,28774,28743,28749.5
1781159400,28751,28778.25,28728,28762.75
1781160300,28763.75,28797.5,28755.25,28792
1781161200,28791.75,28819.5,28764,28789.25
1781162100,28786.5,28868.5,28781,28849.75
1781163000,28848.25,28867,28836.25,28860.75
1781163900,28860.25,28865.5,28832,28844.25
1781164800,28845,28927.25,28839.25,28916.25
1781165700,28914.75,28933.5,28888.75,28907.25
1781166600,28905.5,28936,28895.25,28912.5
1781167500,28915.75,28920,28889.25,28910.75
1781168400,28909,28922,28872.75,28883
1781169300,28881,28890.75,28859.75,28874.5
1781170200,28872.75,28894.25,28858,28883.25
1781171100,28883.25,28907.5,28876.25,28878.25
1781172000,28877.5,28917,28875.25,28896.5
1781172900,28897.75,28903.5,28873.5,28876.5
1781173800,28877.5,28914.5,28877.5,28892.25
1781174700,28891.25,28905,28875.75,28877.75
1781175600,28878,28878.75,28812.5,28840
1781176500,28840.5,28869.25,28821.25,28854.25
1781177400,28852.75,28904.75,28848.5,28886.5
1781178300,28886.5,28909.25,28880.25,28901
1781179200,28900.25,28915,28885.5,28897.25
1781180100,28899.75,28900,28716.5,28754.5
1781181000,28747,28796.5,28637.5,28753.5
1781181900,28751,28827.5,28735.5,28812.5
1781182800,28814.5,28815.5,28756.5,28776.5
1781183700,28777,28796.25,28738.75,28753
1781184600,28753.25,28786.25,28650.75,28737.75
1781185500,28739,29016.75,28706.5,28900.5
1781186400,28899.5,29049.5,28827.25,28843.5
1781187300,28841.75,28930.25,28752.5,28868.25
1781188200,28873.5,28944,28798.5,28818
1781189100,28820,28844.5,28607.5,28648.25
1781190000,28649.5,28795,28577.5,28765.25
1781190900,28766.75,28860,28749,28757.75
1781191800,28757.75,28907.25,28741,28817.25
1781192700,28816.5,28876,28775.75,28858
1781193600,28858.5,28968.25,28827.5,28951.75
1781194500,28953,28975.25,28841,28846
1781195400,28845.5,28969,28821,28886
1781196300,28886,28903,28763.25,28770
1781197200,28771.5,28809.25,28713,28743.75
1781198100,28742.75,29093.25,28678.5,29085.25
1781199000,29086.75,29302.25,29086.25,29281.5
1781199900,29281.5,29300,29117.75,29214
1781200800,29213.5,29254.5,29068.5,29182.25
1781201700,29179.5,29266.5,29150,29188.25
1781202600,29187.5,29240,29172.5,29223.5
1781203500,29224,29312.25,29217,29268.75
1781204400,29269,29374.25,29229.5,29360.5
1781205300,29360.5,29448,29346.5,29424
1781206200,29424.25,29544.25,29421.25,29498.75
1781207100,29498.75,29498.75,29404,29456.75
1781208000,29456.75,29519,29416,29513.25
1781208900,29514.25,29522,29459.25,29474.75
1781209800,29474.25,29485.5,29413.75,29415.5
1781210700,29414.25,29445.25,29408,29433.25
1781215200,29456.75,29536.5,29443,29522.5
1781216100,29524.25,29547.25,29510.25,29529
1781217000,29530.5,29557.25,29517.25,29550.25
1781217900,29550.75,29586.5,29550.75,29557.75
1781218800,29560,29566.25,29523.25,29542.25
1781219700,29543.75,29567.5,29480.25,29520
1781220600,29521.25,29567,29521.25,29563
1781221500,29564.75,29597.5,29560,29577.25
1781222400,29576.25,29603,29536,29579.5
1781223300,29578.5,29625,29540.75,29611
1781224200,29612.5,29645.5,29585.5,29591.75
1781225100,29593.25,29616.75,29563.5,29588.25
1781226000,29589,29589.5,29532,29562.5
1781226900,29564.25,29578.25,29470.5,29483.5
1781227800,29483.25,29523.75,29464.75,29492.75
1781228700,29494,29557.5,29492.5,29553
1781229600,29553,29587,29550.5,29568
1781230500,29568.75,29570,29510,29512.5
1781231400,29512.5,29550.75,29503,29544.75
1781232300,29545.5,29576,29543.75,29562.5
1781233200,29562,29562,29510,29524
1781234100,29523.25,29530.25,29488.75,29524.5
1781235000,29522,29554.25,29516.75,29530
1781235900,29528.5,29541.5,29500.25,29528.5
1781236800,29531.25,29531.25,29488,29515.5
1781237700,29518.25,29540.25,29488,29535.25
1781238600,29535,29546,29520,29538
1781239500,29538.5,29549,29530.25,29543.75
1781240400,29546.25,29554.75,29503.25,29524
1781241300,29525,29541.25,29512.5,29535
1781242200,29532.75,29532.75,29456.75,29480.5
1781243100,29481.5,29485,29375,29401
1781244000,29401.75,29474.75,29390.25,29460.5
1781244900,29460,29461.75,29416.5,29426.25
1781245800,29423.75,29424.5,29365.25,29385.25
1781246700,29384.25,29393.75,29335,29361
1781247600,29361.75,29370,29270.5,29272
1781248500,29275,29322,29260,29298.25
1781249400,29291.75,29385.75,29285.25,29379
1781250300,29379.25,29458.5,29362.75,29430.5
1781251200,29434.5,29489,29416.25,29465
1781252100,29466.5,29575,29443,29530.25
1781253000,29531.25,29536.75,29447.75,29467
1781253900,29468.25,29516.75,29447.75,29478.25
1781254800,29481.25,29548.5,29477.25,29548.5
1781255700,29547.5,29619.5,29537.25,29611.5
1781256600,29611.75,29675,29588.5,29639.75
1781257500,29640,29660.25,29610,29623.25
1781258400,29623.5,29657.5,29602.75,29623.25
1781259300,29626,29628,29517.75,29530.25
1781260200,29531,29570.5,29528.25,29561.5
1781261100,29561.5,29571.5,29531,29551
1781262000,29553,29597.75,29549,29591.25
1781262900,29589.5,29646.25,29588,29631.25
1781263800,29631.25,29645.75,29596.25,29644
1781264700,29643.25,29660,29615,29638.25
1781265600,29637,29646,29578.5,29592.25
1781266500,29590.75,29601.5,29528.25,29533
1781267400,29532,29547.25,29461.75,29474
1781268300,29475.5,29489.5,29383.25,29413.25
1781269200,29412.25,29462.25,29354,29456.75
1781270100,29455.25,29502,29428,29496
1781271000,29494.5,29501,29263.5,29279.25
1781271900,29282.75,29407.5,29230,29349.5
1781272800,29354,29598.75,29339,29544.75
1781273700,29543.75,29627.25,29487,29513.5
1781274600,29512.25,29609.25,29408.5,29411.5
1781275500,29411,29644,29352.5,29631
1781276400,29634,29703.5,29597.25,29696.25
1781277300,29696,29760,29665,29745.25
1781278200,29745.5,29749,29560,29569
1781279100,29569.75,29622.25,29410,29439.75
1781280000,29440.25,29651,29409,29597.25
1781280900,29595.25,29667.75,29548.5,29593.5
1781281800,29593.5,29641,29575,29594.5
1781282700,29595.5,29678.75,29588.25,29673
1781283600,29674,29752.25,29657,29702.75
1781284500,29703.75,29745,29689.5,29721
1781285400,29722.25,29730,29681,29699
1781286300,29700,29724,29647.75,29682.5
1781287200,29684,29708,29627.75,29649.75
1781288100,29650.5,29672.75,29608.5,29665.25
1781289000,29664,29719,29663.75,29709.75
1781289900,29710.75,29712.5,29636.25,29645
1781290800,29643,29711,29638.75,29664.25
1781291700,29665.25,29696.5,29644,29660.5
1781292600,29660,29683.75,29580.5,29637.25
1781293500,29636.25,29683,29611,29648.25
1781294400,29648.25,29720,29646,29714.25
1781295300,29716.25,29732.25,29687.25,29688
1781296200,29688.25,29704.25,29674,29680
1781297100,29679.75,29688,29666.75,29677.75
1781474400,30191,30384.75,30191,30360
1781475300,30360.25,30394,30323.75,30353.5
1781476200,30348.5,30372,30308.5,30333
1781477100,30332.75,30371.75,30325.25,30345.5
1781478000,30349.5,30370,30314.25,30318.25
1781478900,30315.25,30341.75,30282,30330.75
1781479800,30328,30359,30327.25,30339
1781480700,30335.75,30357.5,30312.5,30349.25
1781481600,30349.5,30458.5,30339.5,30448.5
1781482500,30450,30470,30427.5,30456.25
1781483400,30456.5,30459.5,30425.5,30437
1781484300,30437.75,30454,30427,30436
1781485200,30438.25,30472.5,30422,30462
1781486100,30459.5,30470,30435,30456
1781487000,30457.5,30484.25,30441.25,30481.5
1781487900,30482.25,30485,30455,30466.75
1781488800,30466.5,30490,30462.5,30484.5
1781489700,30485,30507.75,30482,30506.5
1781490600,30506.25,30511.75,30487.75,30494
1781491500,30493.5,30508.5,30492,30502
1781492400,30502,30504.5,30484.25,30503
1781493300,30504.25,30518,30501,30505.25
1781494200,30504.75,30519.5,30491.75,30496.25
1781495100,30496.75,30500.5,30480,30487
1781496000,30488,30493.5,30470,30479.5
1781496900,30482.75,30515.25,30480.75,30512.25
1781497800,30512.25,30529.25,30506,30525.25
1781498700,30524.5,30532.25,30512,30529.25
1781499600,30529,30544.75,30523.5,30541.75
1781500500,30540.75,30546.25,30527.5,30535.5
1781501400,30534.75,30540.25,30505.25,30525.25
1781502300,30526.25,30537.25,30508,30536.75
1781503200,30537,30547,30528,30535.25
1781504100,30534,30558.75,30519.5,30542.5
1781505000,30541.25,30556,30522,30551.5
1781505900,30553.5,30560,30538,30551.75
1781506800,30552.25,30565,30521.75,30532.5
1781507700,30534,30566.75,30532,30554.75
1781508600,30555,30574.25,30538.25,30556
1781509500,30555.75,30569.5,30542.25,30545.25
1781510400,30544.5,30589.25,30539.5,30581.75
1781511300,30581.5,30610,30563.5,30602.5
1781512200,30600.5,30617,30597,30611.5
1781513100,30610.25,30628.25,30584.5,30591.75
1781514000,30592.75,30604.25,30573,30578
1781514900,30576.25,30576.75,30534.25,30539.75
1781515800,30538.25,30542.5,30520.5,30522.5
1781516700,30522.75,30556.75,30509.5,30550.25
1781517600,30549.75,30564.25,30540.5,30561.75
1781518500,30561.75,30571.75,30542,30567.75
1781519400,30567.75,30568,30530,30547.5
1781520300,30547.25,30570,30547.25,30561.5
1781521200,30562.5,30600.5,30554.25,30595
1781522100,30595.5,30617,30594.75,30612.25
1781523000,30614.75,30622.75,30574,30578
1781523900,30578.25,30618,30569.75,30599.25
1781524800,30599.5,30616.75,30587.25,30599
1781525700,30596.5,30605.25,30560.5,30571
1781526600,30571.25,30583.5,30549,30558.25
1781527500,30557.5,30585.75,30538.5,30581.5
1781528400,30581.25,30602,30562.5,30602
1781529300,30601.75,30642,30593,30634.25
1781530200,30633.25,30734.5,30604.75,30704
1781531100,30704,30800,30696.5,30703.75
1781532000,30703.75,30764,30678.75,30729
1781532900,30728.75,30762.75,30671.25,30759.5
1781533800,30760,30769.5,30699,30716.25
1781534700,30716.5,30800,30707.25,30775
1781535600,30776.25,30828,30772.5,30818.5
1781536500,30819,30852.5,30801,30847.75
1781537400,30847.5,30855,30802.25,30834.5
1781538300,30835,30887,30835,30879.25
1781539200,30879.25,30903,30875,30889
1781540100,30888.5,30912.75,30868,30901
1781541000,30900.75,30915,30860.75,30880.75
1781541900,30879.5,30880,30850.5,30867.5
1781542800,30868,30886.25,30833,30855
1781543700,30854.5,30892.5,30848.5,30882.75
1781544600,30883.75,30893,30862,30874.75
1781545500,30875.25,30885.25,30853.75,30858.75
1781546400,30858.5,30871.25,30832.75,30867.5
1781547300,30868.25,30879.75,30836.75,30840
1781548200,30840.25,30885.5,30824,30880.5
1781549100,30880.75,30891,30853.75,30861.25
1781550000,30861.25,30872.5,30842,30858.5
1781550900,30858.75,30871.5,30831.25,30832.75
1781551800,30832,30865.5,30819.75,30854.75
1781552700,30855.25,30879,30815,30872.75
1781553600,30872.5,30894,30854.5,30871.25
1781554500,30870.75,30874.75,30845,30848.5
1781555400,30848.25,30859,30828,30831.75
1781556300,30832.5,30841.75,30826.25,30832
1781560800,30838,30868,30775,30797.75
1781561700,30797.75,30804.5,30755,30786
1781562600,30784.5,30795.5,30771.75,30780.5
1781563500,30781.5,30819,30775.25,30808
1781564400,30806.5,30818,30795,30804.75
1781565300,30804.75,30832,30794.75,30827.25
1781566200,30827.5,30829.75,30804,30822.5
1781567100,30822.75,30843.25,30811,30835.25
1781568000,30833.5,30846.5,30796,30835
1781568900,30834.25,30845.25,30800.5,30833.5
1781569800,30833.25,30853.5,30805.75,30809.25
1781570700,30809.5,30817.5,30767.75,30775.25
1781571600,30775.25,30797.25,30755.5,30772.75
1781572500,30771.75,30795.25,30768.5,30787.25
1781573400,30787.75,30798,30774,30788.5
1781574300,30788.25,30803.75,30768.5,30784.25
1781575200,30784.25,30800,30770,30778
1781576100,30776.75,30793,30776.75,30780.5
1781577000,30780.5,30808.75,30779,30797.75
1781577900,30798,30802.25,30773,30782.5
1781578800,30785,30798.75,30779,30783.25
1781579700,30782.25,30823.75,30781,30815
1781580600,30813.25,30860,30813.25,30846.5
1781581500,30846,30847.25,30821.5,30831.5
1781582400,30832.75,30837,30820.5,30830.5
1781583300,30830.5,30834.75,30809,30824
1781584200,30824.25,30831,30815.5,30816.5
1781585100,30816.5,30819,30794.25,30814.75
1781586000,30815.5,30844.25,30815.5,30833.25
1781586900,30832.5,30846.5,30830,30834
1781587800,30833.25,30838.5,30796,30808
1781588700,30809.75,30826,30802.25,30805.25
1781589600,30806.5,30838.75,30797.75,30826
1781590500,30826,30833,30812,30831.5
1781591400,30831.5,30837,30815,30815.75
1781592300,30815.75,30834.25,30811,30828
1781593200,30827.5,30848.5,30814.5,30822
1781594100,30821.25,30843.25,30817.25,30839.5
1781595000,30839.25,30844.5,30808.75,30809.5
1781595900,30809.75,30841.25,30808,30840.5
1781596800,30841.25,30886.5,30829,30871
1781597700,30871.5,30903,30871,30903
1781598600,30902.5,30906.25,30864.5,30887.5
1781599500,30887.25,30944.5,30871,30927.25
1781600400,30926,30931.75,30914.25,30921.25
1781601300,30920.25,30924.25,30880.75,30884.75
1781602200,30885.5,30908.75,30871,30882.25
1781603100,30882.75,30888,30863.25,30870.25
1781604000,30870,30898,30869.25,30898
1781604900,30897,30915.75,30885.5,30907.75
1781605800,30908.75,30932,30896,30922.75
1781606700,30923.5,30936.75,30913,30934.25
1781607600,30932.75,30963.5,30923.5,30958.75
1781608500,30958.5,30975.5,30936.75,30950.5
1781609400,30951,30959.25,30928.5,30956.25
1781610300,30955.5,30960.75,30939.75,30940.25
1781611200,30940,30952.75,30921.75,30922
1781612100,30923,30923,30835.5,30861.5
1781613000,30863.25,30872,30824,30831.5
1781613900,30830.75,30849.25,30815.75,30826.25
1781614800,30826,30835,30785,30820
1781615700,30821.5,30846,30808.75,30811.25
1781616600,30812.5,30860.5,30750.75,30819.25
1781617500,30817.75,30889,30800,30806.5
1781618400,30808,30858.5,30791.25,30816.5
1781619300,30816.5,30825.5,30672.5,30681.25
1781620200,30682.25,30714.75,30591,30681.75
1781621100,30681.25,30681.25,30562.5,30602.75
1781622000,30601,30665.25,30590.25,30623.5
1781622900,30622.5,30648.5,30500.5,30536.75
1781623800,30538.75,30577.75,30465.25,30474.75
1781624700,30472.75,30529.5,30407.75,30467.25
1781625600,30466.25,30566.75,30463.75,30532
1781626500,30533,30575,30512.25,30536.75
1781627400,30537,30541,30444,30500.5
1781628300,30499.75,30525,30450.5,30496.5
1781629200,30495.5,30497.5,30452,30478.5
1781630100,30478.25,30490.5,30427.5,30458.5
1781631000,30458.5,30470,30401.75,30449.25
1781631900,30447.5,30521,30432.25,30477.25
1781632800,30477.25,30496.5,30472,30474.25
1781633700,30473.5,30485.25,30445.5,30471.25
1781634600,30471.25,30477.5,30422,30463.5
1781635500,30464,30470,30424,30443
1781636400,30443.25,30480.75,30390.25,30401.5
1781637300,30401.75,30451.5,30336.75,30446
1781638200,30444.5,30462,30367,30413.75
1781639100,30412.5,30421,30302.25,30310
1781640000,30309.75,30330.5,30293.5,30308.25
1781640900,30307.75,30312,30272.25,30302
1781641800,30302,30315,30292,30312
1781642700,30311.5,30317.25,30297,30300.5
1781647200,30306.5,30375,30306.5,30363.5
1781648100,30363.75,30377,30343.75,30366.75
1781649000,30368,30381.25,30331.25,30364.25
1781649900,30364.75,30389.25,30353,30378
1781650800,30378.75,30380,30326,30350.25
1781651700,30352,30352.5,30326,30333.25
1781652600,30332.25,30360,30319.75,30331.75
1781653500,30331.75,30350.5,30307,30329
1781654400,30330.5,30382,30330.5,30357.25
1781655300,30356.25,30385.25,30356.25,30378.75
1781656200,30379.5,30402.75,30370.25,30390.75
1781657100,30391,30391,30367.25,30383.75
1781658000,30384,30410,30368.25,30401.75
1781658900,30400,30423,30388.75,30417
1781659800,30418,30440.5,30411,30423.25
1781660700,30423,30449.75,30423,30446.25
1781661600,30447.25,30456.25,30437.5,30455
1781662500,30455.5,30463,30443,30451.5
1781663400,30451.75,30453.5,30433.75,30451.5
1781664300,30452,30453.25,30432.5,30440.25
1781665200,30441,30456.75,30430.25,30431.75
1781666100,30433,30436,30416.75,30433.5
1781667000,30433.5,30465.5,30428.5,30456.25
1781667900,30455.25,30469.75,30453.25,30466.75
1781668800,30465.75,30472.5,30459.25,30464.5
1781669700,30463.75,30482,30462.75,30474.5
1781670600,30473.5,30478.5,30447,30451.75
1781671500,30452.25,30487.25,30452.25,30486.75
1781672400,30485.75,30499,30481.25,30484.5
1781673300,30484.75,30505,30480.25,30491.75
1781674200,30491,30520.5,30488,30511.75
1781675100,30510.75,30526.5,30496.25,30500.25
1781676000,30501.25,30522.75,30490.75,30511.75
1781676900,30510.75,30517.5,30489.5,30492.5
1781677800,30490.25,30535.25,30484.5,30534.25
1781678700,30533.75,30545.75,30530,30544.5
1781679600,30544.5,30579.75,30543.5,30575.5
1781680500,30575.5,30579,30538.5,30552
1781681400,30552.25,30573.25,30543.25,30560
1781682300,30560.75,30566.5,30549.25,30559.25
1781683200,30560.5,30584.5,30534.25,30539.75
1781684100,30540.25,30551,30513.75,30518.75
1781685000,30520.25,30525,30477.75,30487.25
1781685900,30485.25,30514.25,30464.5,30509.75
1781686800,30510.75,30526,30491.5,30506.5
1781687700,30505.25,30519,30492,30516
1781688600,30516,30526.5,30485.25,30498.25
1781689500,30498.25,30505.25,30448,30463
1781690400,30462.75,30464.25,30418.5,30451
1781691300,30452,30479.75,30436,30463.5
1781692200,30462,30487,30448.25,30486
1781693100,30485,30499.25,30455.5,30459.75
1781694000,30458.75,30482.75,30442.25,30478.5
1781694900,30479,30492.25,30462,30469.25
1781695800,30468.5,30471.75,30433.25,30437.5
1781696700,30437.5,30445.75,30387.75,30416
1781697600,30416.75,30464.75,30415.5,30460.25
1781698500,30459.75,30479.5,30440,30464.25
1781699400,30464,30521,30461.75,30506.5
1781700300,30506.25,30514,30482.25,30491.25
1781701200,30491.25,30493.75,30465,30481.5
1781702100,30481.5,30534.75,30480,30526.75
1781703000,30526,30527.75,30398.25,30519.75
1781703900,30520.75,30542.25,30346,30347.75
1781704800,30346,30447.75,30320,30444.25
1781705700,30444.75,30545.75,30434.75,30509.5
1781706600,30510,30516,30374,30433.5
1781707500,30432,30463.25,30284.75,30359.25
1781708400,30357.5,30419.25,30346,30410.25
1781709300,30410.25,30458.5,30392.5,30418.25
1781710200,30417,30450.25,30400.25,30414.25
1781711100,30415,30458.5,30412.5,30450
1781712000,30450,30472.25,30422,30441.25
1781712900,30441,30472,30426.75,30456.75
1781713800,30457.25,30471,30418,30429.75
1781714700,30430.25,30431.25,30396.25,30410.25
1781715600,30408.25,30410.25,30326.5,30377
1781716500,30376.25,30425.25,30352.5,30418.75
1781717400,30418.25,30419.75,30381.75,30394
1781718300,30393.75,30484.75,30384.5,30466.75
1781719200,30465.5,30471.75,30070.25,30257.75
1781720100,30255.25,30341.5,30178.75,30241.75
1781721000,30242.25,30520,30209.5,30505.5
1781721900,30505.25,30508,30220.5,30274.75
1781722800,30274.5,30370,30200.25,30352.25
1781723700,30354.5,30361.75,30101,30129
1781724600,30128,30163,29931.5,29960.25
1781725500,29963.75,30055,29923,29994.75
1781726400,29995,30089,29993,30027.75
1781727300,30027.75,30133.25,30015,30123.5
1781728200,30124,30159.5,30111,30134
1781729100,30132.75,30141.75,30110,30141.75
1781733600,30142.5,30206,30096,30189.25
1781734500,30189.5,30259,30182,30228.75
1781735400,30225.5,30248,30219.25,30229.5
1781736300,30230.75,30259,30230,30236.5
1781737200,30236.25,30267,30225,30262.5
1781738100,30262,30300,30259.5,30290.75
1781739000,30291,30304,30268.75,30275.5
1781739900,30275.25,30312.25,30269.25,30312.25
1781740800,30313.5,30424,30306.5,30417.25
1781741700,30420.5,30432.25,30356,30383.25
1781742600,30381.75,30415.75,30378,30409.25
1781743500,30409.5,30414.5,30352.75,30368.25
1781744400,30367.75,30438.25,30363.25,30430
1781745300,30429.75,30434,30395.75,30407.5
1781746200,30408.25,30425.25,30390.75,30400
1781747100,30397,30400.25,30368,30380
1781748000,30382.5,30430.75,30373.5,30417.5
1781748900,30419,30420.25,30395,30403.75
1781749800,30400.75,30410.5,30382,30405
1781750700,30407,30414,30392.5,30400.25
1781751600,30401.5,30412,30376.75,30381
1781752500,30379.75,30410.25,30378,30403.5
1781753400,30405,30419.75,30370,30379
1781754300,30378.25,30409,30378.25,30399
1781755200,30400.5,30405.5,30353.5,30357.25
1781756100,30358.5,30370.75,30321.5,30332
1781757000,30330.5,30335.25,30294.25,30296.25
1781757900,30296.75,30348,30284,30342
1781758800,30341,30362.75,30325,30340
1781759700,30339.25,30372.25,30336,30362.25
1781760600,30363.25,30378.25,30338,30354.25
1781761500,30352.25,30356.75,30336.75,30354
1781762400,30353.75,30369,30320,30343
1781763300,30344.25,30385.75,30323,30380.5
1781764200,30380.25,30381,30335,30350.5
1781765100,30350.5,30434.5,30350.25,30419.5
1781766000,30419.5,30438.5,30387.75,30394.25
1781766900,30394.75,30433,30382.5,30429.5
1781767800,30428.25,30428.5,30400.75,30424.75
1781768700,30424.25,30447.25,30408,30444.5
1781769600,30445.25,30500,30440.25,30482.5
1781770500,30482,30485.75,30418.75,30430
1781771400,30429.25,30469,30422,30451.5
1781772300,30452.25,30456,30387,30396.25
1781773200,30397.5,30433.5,30387.5,30427.75
1781774100,30429.75,30449.75,30423.25,30435.25
1781775000,30434.75,30463.75,30424.5,30459.5
1781775900,30459,30495,30459,30488.5
1781776800,30490.25,30491.5,30462.5,30483.25
1781777700,30483.25,30494.75,30469.5,30475
1781778600,30475.25,30486,30427.25,30429.75
1781779500,30429.25,30443.75,30421,30434.75
1781780400,30435.75,30457,30383.75,30407.75
1781781300,30410,30413.5,30368,30403.75
1781782200,30402,30418,30355,30392.75
1781783100,30393.25,30423.5,30385.5,30423.5
1781784000,30423.75,30440.25,30397,30432.25
1781784900,30433.5,30473.75,30420,30470.25
1781785800,30470.75,30492.5,30458,30477.5
1781786700,30476.5,30538,30474,30514.75
1781787600,30514,30523.5,30467.5,30516
1781788500,30516,30619.75,30513.25,30594.25
1781789400,30594.5,30615.5,30391,30402.5
1781790300,30403.75,30540.5,30402.25,30468.75
1781791200,30469.25,30591.5,30449.5,30523
1781792100,30522.5,30644,30500.5,30520.75
1781793000,30520.25,30610.25,30463.5,30573.25
1781793900,30573.25,30660.75,30571.25,30623.5
1781794800,30623.75,30675.75,30584.25,30628.25
1781795700,30629.25,30646.5,30566.75,30583.5
1781796600,30582.5,30616.5,30498.25,30537.25
1781797500,30537,30652,30496.25,30640.75
1781798400,30641,30675,30628.75,30652.75
1781799300,30653.5,30690.75,30630,30682.25
1781800200,30683.25,30707.75,30663.5,30691.75
1781801100,30691.75,30698.25,30650,30684.75
1781802000,30685.5,30725.25,30656.25,30712.5
1781802900,30712.25,30734.75,30692.5,30709.5
1781803800,30710,30736.75,30706,30723.75
1781804700,30724.25,30733.75,30702.25,30708.5
1781805600,30708.75,30718.75,30690.25,30698.5
1781806500,30698,30710,30680.75,30693.5
1781807400,30694.25,30694.25,30666,30676.75
1781808300,30676.5,30718.5,30672.5,30690.75
1781809200,30690.75,30702.5,30645.25,30653.5
1781810100,30652.25,30699.25,30647.75,30688
1781811000,30687.75,30749.25,30659.5,30747
1781811900,30747,30783.25,30692.75,30692.75
1781812800,30693.5,30727,30683,30714
1781813700,30715,30744.25,30705.5,30730.5
1781814600,30730,30748,30714,30719
1781815500,30719.75,30727.75,30706.5,30726.5
1781820000,30740,30770.75,30712,30727.25
1781820900,30725,30725.75,30674.75,30687
1781821800,30687.75,30687.75,30651.5,30661.75
1781822700,30661.75,30679.5,30650,30662.75
1781823600,30661.25,30689.75,30656.75,30668.75
1781824500,30667.75,30700,30667.25,30683.5
1781825400,30682.75,30698.25,30670.25,30686.25
1781826300,30685.75,30703.25,30679.25,30692.5
1781827200,30690,30694.25,30635,30644.75
1781828100,30645.5,30662.75,30628,30645.75
1781829000,30646.75,30662.25,30637,30647.25
1781829900,30645.5,30659.5,30638.5,30642.75
1781830800,30644,30664.75,30611.75,30621.5
1781831700,30621.75,30637.25,30621.75,30630.75
1781832600,30629,30629,30601.25,30610
1781833500,30610.25,30617,30592,30594.5
1781834400,30594.25,30598.5,30578,30588.25
1781835300,30587,30609.5,30575,30605.5
1781836200,30605.5,30619.5,30600.25,30617.5
1781837100,30618.5,30618.5,30585.5,30593.75
1781838000,30593,30606.5,30577,30577
1781838900,30577.75,30580.25,30535.5,30539
1781839800,30540.5,30546.75,30510.25,30528.25
1781840700,30527.5,30536.25,30505.5,30518.5
1781841600,30520.25,30526.25,30459,30511.75
1781842500,30512.5,30519.25,30485.25,30502.5
1781843400,30503.75,30504.5,30460,30478.25
1781844300,30478,30478,30405,30433.75
1781845200,30435,30452.25,30412.25,30437.75
1781846100,30438.25,30449.75,30405.25,30432.5
1781847000,30433.75,30442.5,30388,30408.25
1781847900,30408.25,30483.5,30408.25,30481
1781848800,30482.5,30519.75,30479.5,30511.25
1781849700,30512,30535.75,30495.75,30523.25
1781850600,30523.25,30532.75,30501.75,30514.25
1781851500,30514.25,30565,30505.25,30555
1781852400,30553.75,30586.5,30552.25,30585.25
1781853300,30587,30606.25,30582.25,30604.75
1781854200,30603.75,30628.25,30593,30605.5
1781855100,30606.5,30633,30594,30630
1781856000,30630,30644.75,30608,30631
1781856900,30631,30650,30625,30644.25
1781857800,30640.5,30658.5,30624,30649
1781858700,30650.5,30660,30629.25,30649.25
1781859600,30651.25,30666,30622,30624.25
1781860500,30625,30640,30610.25,30615.5
1781861400,30615.5,30645.25,30613.75,30626.75
1781862300,30627,30647,30619.75,30626
1781863200,30628.75,30633.5,30597.75,30613.75
1781864100,30613.5,30617,30568.25,30578
1781865000,30578,30578,30539,30564.5
1781865900,30564.5,30591.75,30551,30574
1781866800,30571.25,30578.5,30535.75,30560.25
1781867700,30560.25,30581.5,30551.25,30560
1781868600,30559.75,30601.75,30557.25,30593.5
1781869500,30595,30595.75,30566.5,30591.75
1781870400,30592.5,30594.5,30569.75,30572.25
1781871300,30572.75,30579.25,30561.75,30562.5
1781872200,30562.5,30564,30525.25,30558.5
1781873100,30557.75,30670,30543.75,30653
1781874000,30653.5,30664,30627.75,30642.75
1781874900,30643.5,30654.5,30626,30646.25
1781875800,30646.25,30678.25,30631.75,30650.25
1781876700,30649.5,30695.75,30642.25,30682.25
1781877600,30680.25,30684.75,30653.25,30664.5
1781878500,30663.5,30677.75,30648,30668.75
1781879400,30668.25,30679.5,30658,30676.5
1781880300,30677.25,30697.25,30674.75,30691.5
1781881200,30690,30705,30684,30694.25
1781882100,30693.5,30698,30680,30697.5
1781883000,30696.5,30700.75,30653,30659
1781883900,30658.75,30691.75,30658.5,30684
1781884800,30684.5,30685.5,30658.5,30669
1781885700,30669.25,30685.5,30666,30683.25
1781886600,30682.5,30702,30676.25,30689.25
1781887500,30689.25,30701.25,30640,30647
1782079200,30577,30616.75,30470,30503
1782080100,30504.25,30561.5,30463,30553
1782081000,30551.5,30557.75,30511.5,30551.75
1782081900,30552.75,30572,30498.75,30522.25
1782082800,30520.75,30523.25,30434.75,30454.75
1782083700,30457.75,30466,30421.25,30439.5
1782084600,30441.5,30448.5,30352,30381.75
1782085500,30380.75,30397.75,30337.5,30355.75
1782086400,30353.25,30533.5,30347.75,30498.25
1782087300,30496,30566.25,30475,30565
1782088200,30565,30580.5,30549.75,30578.25
1782089100,30577.25,30624.5,30577.25,30616.75
1782090000,30620,30648.75,30613,30629.75
1782090900,30630.5,30658.75,30621.25,30651.5
1782091800,30650,30659,30633.75,30649.5
1782092700,30649.75,30653.75,30603.5,30606.75
1782093600,30608.5,30626,30592.5,30594.5
1782094500,30594.5,30622,30588.75,30588.75
1782095400,30589,30601,30582.75,30597
1782096300,30595.75,30597.75,30577.25,30583.5
1782097200,30585.25,30587.5,30547.75,30555.75
1782098100,30557.25,30609.25,30556.25,30602.5
1782099000,30604,30616,30592.75,30600.75
1782099900,30601.75,30610.75,30545,30555.25
1782100800,30556.5,30583.25,30549,30560.5
1782101700,30560.25,30576.5,30543,30547
1782102600,30546.5,30564.75,30524,30532.25
1782103500,30533,30592.25,30529.5,30582.75
1782104400,30582.75,30663.75,30571.25,30654.25
1782105300,30654.75,30665,30642.5,30659.25
1782106200,30659,30661,30630,30638.25
1782107100,30638.75,30652.75,30629,30640.25
1782108000,30641.5,30684,30638,30681
1782108900,30682.25,30738.5,30675.75,30729.25
1782109800,30729,30735,30704.75,30724
1782110700,30724.75,30742.25,30720.5,30736.75
1782111600,30737.25,30775.75,30733.5,30763.25
1782112500,30764.5,30781.75,30759,30774.25
1782113400,30773.75,30779.5,30744.5,30749.5
1782114300,30749.25,30767,30745.25,30759
1782115200,30758,30765.5,30698,30724.75
1782116100,30725.25,30730,30687.25,30702.25
1782117000,30698.75,30739.75,30692.75,30739.75
1782117900,30738.75,30741.75,30712.5,30731.25
1782118800,30730.75,30758,30710,30743.75
1782119700,30743.25,30746,30724.25,30731.75
1782120600,30732.25,30734.5,30704,30708.25
1782121500,30710,30716.5,30699,30699
1782122400,30700.5,30766.75,30700.5,30750.5
1782123300,30750,30760.5,30735,30741
1782124200,30740.25,30741,30702.75,30717.25
1782125100,30718,30736.25,30715,30720
1782126000,30720.25,30828,30710.75,30730.5
1782126900,30730.5,30750.75,30722,30738.75
1782127800,30738,30771,30736.75,30749.75
1782128700,30749,30762,30727,30757.75
1782129600,30755.75,30787.25,30752.5,30780.5
1782130500,30781,30827.75,30771,30823.25
1782131400,30825,30844.75,30805,30806.25
1782132300,30808,30819.5,30796.25,30800.5
1782133200,30801,30869.75,30801,30858.25
1782134100,30858.5,30873.5,30815.5,30822
1782135000,30822.75,30926.75,30756.75,30790
1782135900,30789.25,30937.25,30787.75,30937
1782136800,30936.25,30968,30897.25,30909.75
1782137700,30909.75,30911.75,30744,30756.5
1782138600,30756.75,30762.25,30612.5,30626
1782139500,30626.25,30682,30545,30639
1782140400,30639.75,30680,30603,30628.5
1782141300,30629.75,30656,30583.25,30597.75
1782142200,30597.5,30673,30575.75,30648.5
1782143100,30649,30673.75,30541.25,30557.25
1782144000,30556.75,30586.5,30503,30580.5
1782144900,30579.75,30615.25,30552.25,30590
1782145800,30589.5,30590.25,30526,30544
1782146700,30544.25,30604.25,30522,30589.5
1782147600,30589.25,30602.75,30532,30568
1782148500,30567.75,30613.75,30567.25,30597.75
1782149400,30597.25,30605.5,30559,30580.5
1782150300,30580.75,30650,30573.75,30615
1782151200,30614.5,30638.25,30601,30625.75
1782152100,30625.5,30665,30615.75,30627.75
1782153000,30627.75,30647,30580.75,30582.75
1782153900,30582.75,30605.25,30550.5,30558.5
1782154800,30560.5,30596.75,30534.5,30574.25
1782155700,30573.5,30587.75,30549.75,30552.75
1782156600,30552.5,30597.75,30552.25,30564.5
1782157500,30564.75,30673.5,30561.75,30654.25
1782158400,30653.25,30677.75,30639,30652.25
1782159300,30653,30673.75,30644.25,30648.75
1782160200,30649.25,30658,30647.5,30657
1782161100,30657.25,30672.75,30648.75,30662.5
1782165600,30662.75,30701.25,30645.5,30664.5
1782166500,30664.25,30674.25,30634,30641
1782167400,30640,30644.25,30568.5,30574.75
1782168300,30573,30593.75,30566.5,30582.25
1782169200,30581.5,30588.5,30556.25,30558.75
1782170100,30559.75,30573.5,30545,30572
1782171000,30572,30576.75,30559,30573.5
1782171900,30573.5,30579,30540,30575
1782172800,30574.25,30602.25,30518,30520
1782173700,30521.75,30545,30461.25,30495.5
1782174600,30496.25,30607.25,30481.75,30604.5
1782175500,30606.5,30636,30586.25,30602
1782176400,30602.75,30616.25,30581,30584.5
1782177300,30584.25,30594,30550.25,30566.25
1782178200,30565.25,30573,30465.5,30472
1782179100,30471.25,30480.75,30406,30459.75
1782180000,30462.25,30472.75,30401,30434.75
1782180900,30434.25,30465,30430,30456.25
1782181800,30455.25,30457.25,30421.75,30434.25
1782182700,30432.5,30438.5,30389,30405.25
1782183600,30406,30412.5,30356.75,30367.25
1782184500,30366,30379.25,30350.25,30366.5
1782185400,30364.75,30365.25,30301,30331
1782186300,30329.75,30402,30313,30400
1782187200,30400.75,30417.25,30335.5,30354.75
1782188100,30353.75,30354.75,30305.25,30330
1782189000,30329.5,30330.5,30280,30295.5
1782189900,30297.75,30304.25,30231,30242.5
1782190800,30243,30268.75,30227.25,30230.5
1782191700,30230.75,30242.5,30180.75,30186.25
1782192600,30186,30189.5,30120.5,30162.5
1782193500,30162.25,30169.5,30093,30108.5
1782194400,30107.25,30133.25,30067.75,30086.5
1782195300,30087,30108.75,30003.75,30020.5
1782196200,30020.75,30054.25,29979.25,30003.5
1782197100,30004,30038.25,29950,29969.75
1782198000,29969.5,30054.25,29943.5,30046
1782198900,30047.25,30051.5,29980,30010.75
1782199800,30008.75,30009.25,29938.5,29949.75
1782200700,29951.75,29970.25,29889,29909
1782201600,29909.5,29919.25,29812.25,29852.25
1782202500,29851.75,29858,29776,29799.25
1782203400,29798.25,29878,29798.25,29853.5
1782204300,29854.5,29855,29780,29827.25
1782205200,29830,29908.5,29824,29900.75
1782206100,29900.75,29933.75,29882.5,29917.25
1782207000,29917.75,29917.75,29862.5,29863.25
1782207900,29863.75,29894.25,29857.5,29886.25
1782208800,29887.25,29916.25,29853.5,29863.5
1782209700,29863.5,29881,29815.5,29825
1782210600,29824,29826,29752,29781.25
1782211500,29781,29825,29779,29818
1782212400,29818.5,29851.75,29787.5,29848
1782213300,29848,29869,29806,29814
1782214200,29812.5,29872.75,29801.5,29867.75
1782215100,29867.75,29884,29848.25,29873.25
1782216000,29872,29900.75,29813.5,29821
1782216900,29822.5,29826.5,29744,29775.5
1782217800,29776.25,29791.75,29706.5,29740
1782218700,29740.25,29762.5,29717,29735
1782219600,29735,29745.5,29691.75,29735.5
1782220500,29735.75,29755.25,29675.75,29718.75
1782221400,29718.25,29806,29616.5,29749.25
1782222300,29758.75,29934.75,29724,29926
1782223200,29926.5,30015.5,29921,30001.5
1782224100,30001.5,30047,29940.5,29983.5
1782225000,29983.5,29998.25,29872.5,29884
1782225900,29885,29929,29812.5,29854.5
1782226800,29854.25,29886.25,29765,29792
1782227700,29792,29803.75,29710.5,29727.25
1782228600,29727.25,29788,29695.25,29734.25
1782229500,29733.5,29821.25,29719.5,29797.75
1782230400,29798,29915,29790.25,29905
1782231300,29905.25,29915.75,29833.25,29876
1782232200,29877.25,29903.75,29837.75,29900.5
1782233100,29902.5,29907.25,29831,29864
1782234000,29864,29883,29791.75,29850.75
1782234900,29851,29891.75,29821,29866.5
1782235800,29866.5,29896.5,29824.25,29829.25
1782236700,29829.25,29845,29732,29733
1782237600,29732.75,29782.5,29709.5,29746
1782238500,29744.75,29762.75,29719.5,29734.5
1782239400,29734,29742,29626.25,29629.5
1782240300,29629.5,29657.5,29577.25,29630
1782241200,29628.75,29753,29612.5,29673.25
1782242100,29673.25,29733.5,29616,29710.75
1782243000,29710.75,29745,29675.5,29696.5
1782243900,29696,29732.75,29642.75,29650.5
1782244800,29650.25,29718.25,29633.25,29708
1782245700,29707.75,29744,29698.25,29735.75
1782246600,29734.75,29748.25,29717,29730
1782247500,29729.5,29757.5,29716,29752
1782252000,29770,29802.25,29745,29781
1782252900,29782.25,29803.5,29701.25,29706
1782253800,29706.5,29729,29632.5,29642
1782254700,29640,29688.75,29638,29680
1782255600,29680,29682.25,29585.5,29651.25
1782256500,29653.25,29694.25,29650.5,29681.75
1782257400,29683,29687,29621.25,29657
1782258300,29656,29763.5,29653.75,29748.25
1782259200,29745,29850.5,29736.75,29823.75
1782260100,29822,29858.5,29807.5,29847.75
1782261000,29849.5,29891.75,29838.25,29879.25
1782261900,29877,29888.25,29815.25,29846.5
1782262800,29848.25,29852.25,29780.75,29819.5
1782263700,29817.75,29827.25,29761,29816
1782264600,29814.5,29845.25,29808,29832.25
1782265500,29832.75,29852,29805,29826.5
1782266400,29827.5,29838.5,29800.5,29819.5
1782267300,29816,29818.5,29762.25,29795.5
1782268200,29796.75,29810.5,29717.5,29722.75
1782269100,29724,29729.5,29636.75,29637.75
1782270000,29638.5,29735.5,29616.5,29726
1782270900,29726.75,29751,29673,29749.25
1782271800,29749.5,29779,29736,29743.75
1782272700,29743,29749,29710.5,29745.25
1782273600,29746.75,29750.5,29674.75,29687
1782274500,29686.5,29700,29654.75,29665.25
1782275400,29668.25,29769,29668,29753
1782276300,29754,29790,29751,29784.5
1782277200,29784.5,29833.75,29780,29814.75
1782278100,29816.5,29862.25,29806.75,29834.5
1782279000,29836,29884.25,29834.5,29845
1782279900,29845,29857.5,29813,29819
1782280800,29819.5,29853,29797.25,29842
1782281700,29841,29847,29803,29813.25
1782282600,29816.75,29866,29811.5,29834.75
1782283500,29834.25,29840.5,29817.25,29822.75
1782284400,29824.25,29840.75,29786,29813.25
1782285300,29813.25,29827.75,29790.5,29794.25
1782286200,29792.75,29821.75,29765.5,29816
1782287100,29815.5,29836,29764.5,29770
1782288000,29771.25,29860,29763,29858.25
1782288900,29857.5,29864.5,29817.5,29837.25
1782289800,29837.75,29866.25,29819.5,29836.25
1782290700,29834.75,29837.25,29803.75,29820
1782291600,29819.25,29843.75,29793.75,29836.25
1782292500,29836.5,29839.5,29794.5,29807
1782293400,29806.75,29814.5,29765.75,29765.75
1782294300,29766.5,29813,29755,29808.25
1782295200,29809.25,29810,29774,29809
1782296100,29807.5,29821.25,29794.25,29815.75
1782297000,29817.75,29851,29812,29834.25
1782297900,29833.75,29836,29789.5,29794.75
1782298800,29794.75,29825.25,29763,29765.5
1782299700,29765.25,29774.5,29734,29756.25
1782300600,29755,29829.25,29752.5,29813.25
1782301500,29815,29865,29802,29862.25
1782302400,29861,29864.5,29826,29845.25
1782303300,29846.5,29872.75,29823.25,29852.75
1782304200,29851.75,29865.75,29784.25,29793
1782305100,29792.25,29798,29752.5,29762
1782306000,29764.25,29790.75,29698.75,29703
1782306900,29705,29756.25,29692.5,29711.5
1782307800,29711.25,29841.5,29603,29663.75
1782308700,29662.5,29790,29562.25,29684.25
1782309600,29686.75,29725.5,29625.75,29665.25
1782310500,29664.5,29731.75,29525,29706.75
1782311400,29705.25,29794,29703.5,29787.5
1782312300,29786.25,29893.25,29780,29891
1782313200,29891.25,29907.5,29748.5,29783
1782314100,29781.5,29821,29704,29801
1782315000,29800.75,29829.25,29712.75,29744
1782315900,29744,29810,29700,29756
1782316800,29757.25,29806.25,29728.75,29773.25
1782317700,29773.75,29801,29741,29752.75
1782318600,29753,29754,29610.5,29640
1782319500,29640.25,29672.5,29596.25,29606.5
1782320400,29606.5,29661.5,29538.5,29547.5
1782321300,29548,29571.75,29403,29411
1782322200,29411.5,29465,29364.75,29410.25
1782323100,29411,29464,29374,29387.25
1782324000,29389.25,29463.25,29376.5,29440.75
1782324900,29442.5,29563.5,29440.75,29539.75
1782325800,29540,29556,29423.75,29449
1782326700,29447.5,29448,29325,29345.25
1782327600,29346,29414.25,29264.75,29312
1782328500,29311.5,29396,29284.25,29384.75
1782329400,29384,29446.75,29357.5,29388
1782330300,29387.5,29529,29373.25,29514
1782331200,29514.25,29889.75,29486.75,29883.75
1782332100,29884,30030,29856.25,30010.5
1782333000,30009,30102,29966,30094.75
1782333900,30094.5,30157.75,30080,30095.25
1782338400,30089.75,30168.5,30062.25,30073.5
1782339300,30074,30089.75,30052.25,30059.25
1782340200,30059.25,30080.25,30053.25,30072.5
1782341100,30073.5,30076,30046.25,30049.5
1782342000,30050.25,30082.5,30047.25,30060.5
1782342900,30061,30096.5,30056.25,30077.5
1782343800,30078.25,30122.5,30075,30115
1782344700,30113.75,30135.25,30085,30096.75
1782345600,30097,30102.5,30046,30091
1782346500,30093,30098.75,30026.5,30036.5
1782347400,30035,30040.75,29943,29963.25
1782348300,29963.5,29991.75,29936,29965
1782349200,29967.5,29996.25,29950.25,29969.5
1782350100,29971,29991,29951.25,29965
1782351000,29966.75,30028.25,29960.75,29995.5
1782351900,29995.5,30031,29987.5,29998.75
1782352800,29997.5,30020.5,29941,29944.25
1782353700,29946,29994.75,29924.5,29986.25
1782354600,29983,29996.75,29967,29975
1782355500,29973.75,30003,29966,29998
1782356400,29999.25,30022.75,29992.75,30008
1782357300,30007.5,30038.75,29981.75,30025.5
1782358200,30024.25,30045.25,29998.75,30010.75
1782359100,30012.25,30043.5,30003.5,30032.75
1782360000,30034.75,30045,30028,30029.25
1782360900,30030.75,30044.25,30012.75,30017.75
1782361800,30020.5,30039,29998.5,30038.5
1782362700,30039.5,30064.75,30033,30041
1782363600,30040.25,30074.75,30040,30068.5
1782364500,30070.25,30097.5,30062,30094
1782365400,30093,30121.25,30089,30106.25
1782366300,30105.5,30107,30083.25,30089.25
1782367200,30091,30120.5,30077.5,30112.5
1782368100,30112,30131.75,30107.5,30110.5
1782369000,30110.5,30120.25,30098,30104.5
1782369900,30104.25,30119.5,30100.5,30105.25
1782370800,30106.5,30138.5,30105.75,30126.5
1782371700,30126.25,30186.5,30126.25,30171.5
1782372600,30170.75,30182,30149.25,30176
1782373500,30176.75,30181.75,30154,30181.75
1782374400,30182,30219,30165,30182.25
1782375300,30183.75,30185.5,30158,30172
1782376200,30171.25,30183.75,30154,30154.5
1782377100,30154,30156.5,30111,30119.5
1782378000,30121,30151,30114,30137.75
1782378900,30137.5,30150.75,30118.25,30137.25
1782379800,30137.25,30156.75,30132.25,30150.5
1782380700,30148,30158,30129,30131
1782381600,30131.75,30162.5,30125.75,30159.25
1782382500,30160.75,30169.5,30143,30164.25
1782383400,30164.75,30185,30147.5,30153
1782384300,30153,30176,30140,30160.5
1782385200,30160.25,30193,30151.25,30153
1782386100,30152,30158.5,30108.25,30117.75
1782387000,30118.75,30138.5,30099,30130.5
1782387900,30132,30155,30114,30131.25
1782388800,30130.25,30182,30121,30141.5
1782389700,30141.75,30153,30117,30131
1782390600,30130.75,30263.75,30126,30192.75
1782391500,30193.75,30227.25,30187.75,30201.25
1782392400,30202.75,30214.75,30143.5,30163.5
1782393300,30165,30179.25,30130,30151
1782394200,30153.25,30193,29747,29768.25
1782395100,29768.25,29817,29295.75,29316
1782396000,29316.75,29690,29306.5,29548.25
1782396900,29547.25,29685.5,29477.25,29586.25
1782397800,29586,29716.25,29564.25,29603.75
1782398700,29604,29776.75,29562,29633.25
1782399600,29633.25,29746.25,29509.75,29534.25
1782400500,29534,29666.75,29462.5,29612.75
1782401400,29614.5,29702,29605.5,29695.75
1782402300,29695.5,29761.5,29652,29659.75
1782403200,29661.75,29844.25,29643.75,29825.5
1782404100,29826.5,29872,29732,29763
1782405000,29765,29768.5,29638,29651
1782405900,29650,29715.75,29586.5,29682
1782406800,29681.5,29778.75,29671.75,29748.5
1782407700,29747.75,29811,29674,29764.5
1782408600,29764.75,29798.25,29720,29735.25
1782409500,29735.5,29804,29681.25,29794.5
1782410400,29793.75,29818,29678.75,29773
1782411300,29772.5,29891.25,29747.5,29877.25
1782412200,29877.25,29878,29739.25,29789
1782413100,29789.25,29812,29703.25,29773.5
1782414000,29773.75,29777.5,29661,29672.25
1782414900,29670.25,29699.25,29626,29682.75
1782415800,29682.75,29688.75,29620.5,29673
1782416700,29672.75,29751.5,29616.25,29749.5
1782417600,29748.75,29922.5,29747.75,29806.75
1782418500,29806.5,29868.25,29804,29818.5
1782419400,29820.5,29823.5,29770,29777.75
1782420300,29778.75,29780.5,29750.25,29759.25
1782424800,29742,29761.25,29624.5,29646
1782425700,29646,29684.5,29614,29616
1782426600,29617.75,29667.75,29605.5,29662
1782427500,29661.75,29688,29640.75,29678.25
1782428400,29678.75,29744.75,29668,29742
1782429300,29743,29892.75,29733.5,29868.75
1782430200,29868.5,29878.5,29763,29763.5
1782431100,29763.5,29763.5,29666.25,29707
1782432000,29704.25,29772.75,29683,29751.25
1782432900,29752.25,29767,29650.25,29709.75
1782433800,29707.75,29714.75,29644.25,29667.75
1782434700,29669,29694.75,29615.75,29636
1782435600,29638,29676.75,29565.75,29637.5
1782436500,29637,29674,29603.75,29612.25
1782437400,29614.75,29620.75,29505.25,29509
1782438300,29507,29537.5,29461.75,29494.25
1782439200,29494,29506,29443,29452.25
1782440100,29453.75,29466.75,29393.75,29417
1782441000,29417,29432,29330,29346
1782441900,29347,29349,29230,29265.25
1782442800,29267.25,29270,29215.25,29252.75
1782443700,29252,29268,29228.75,29249.75
1782444600,29247.5,29255.5,29160.5,29254.25
1782445500,29255.5,29370,29239.75,29365.75
1782446400,29366.75,29378,29326.25,29357.25
1782447300,29357.5,29386.75,29277.5,29322
1782448200,29322.5,29346.5,29278,29304
1782449100,29304.75,29304.75,29252.25,29270
1782450000,29270.75,29352.25,29255.5,29349.5
1782450900,29349.25,29381.5,29314.75,29367.75
1782451800,29370.25,29410,29312.25,29315.25
1782452700,29317.5,29365,29300,29325.25
1782453600,29326.5,29342,29289,29323.5
1782454500,29326,29399,29322.5,29394.5
1782455400,29395.5,29458.25,29380,29455.25
1782456300,29454,29535.25,29447.25,29503.75
1782457200,29502.25,29517.5,29435,29486.5
1782458100,29484.75,29539.25,29478,29535.5
1782459000,29538.5,29562.75,29506,29507
1782459900,29508,29544,29495.25,29527.75
1782460800,29528.25,29557.75,29457.25,29467
1782461700,29469.25,29514,29456.75,29504.5
1782462600,29504.5,29504.5,29444.25,29448
1782463500,29445.75,29449.25,29364,29399.5
1782464400,29400.75,29408.75,29364,29400.25
1782465300,29397.5,29412.5,29344,29378.75
1782466200,29379.25,29443.5,29355.75,29421.75
1782467100,29422,29444.25,29365.5,29370.75
1782468000,29372.5,29397.25,29317.75,29387.25
1782468900,29386.5,29400.25,29344.5,29374
1782469800,29372.25,29387,29340.25,29352.25
1782470700,29354.25,29374.75,29342.5,29361.5
1782471600,29363.25,29425.5,29351.75,29402.25
1782472500,29402.25,29402.25,29357,29370.5
1782473400,29370.5,29398.25,29360,29363
1782474300,29363.5,29379.5,29304.75,29351
1782475200,29350,29437.75,29336.25,29420.5
1782476100,29420.5,29450,29373.25,29396.75
1782477000,29392,29406.5,29320,29322.75
1782477900,29324.25,29347.25,29298.25,29315.25
1782478800,29317.25,29322,29249,29279
1782479700,29278.25,29367.25,29211.25,29360.75
1782480600,29362.5,29371.75,29181.5,29342.25
1782481500,29343.5,29464.5,29235.5,29440.5
1782482400,29444,29604.5,29414,29589.5
1782483300,29588.25,29665.25,29520.5,29592
1782484200,29593.5,29618.25,29455.5,29493.5
1782485100,29493.75,29580,29466,29501.75
1782486000,29505.25,29553.25,29438,29444.5
1782486900,29446.5,29594.25,29408.75,29592.5
1782487800,29591.75,29716,29567,29697.5
1782488700,29696.75,29705.25,29531,29621.25
1782489600,29620.75,29626.5,29518.75,29555.25
1782490500,29555,29584.5,29493.75,29557.25
1782491400,29559.25,29642.75,29559,29598.75
1782492300,29599.25,29645.5,29585.75,29612.25
1782493200,29612,29700,29595,29651.75
1782494100,29652,29655.5,29575.25,29635.25
1782495000,29634.5,29676.5,29558.25,29597.75
1782495900,29596.75,29612.5,29535.75,29544
1782496800,29545.25,29582,29524.75,29538.75
1782497700,29539,29550.75,29456.5,29461.5
1782498600,29462.75,29512.25,29454,29474.5
1782499500,29475.5,29475.5,29388.75,29415.5
1782500400,29417,29505,29395.25,29502
1782501300,29501.5,29503.75,29420,29452.25
1782502200,29451.25,29544,29429.25,29537.75
1782503100,29538.5,29569.5,29283.75,29316
1782504000,29318,29410,29266.25,29350.75
1782504900,29352.5,29383.75,29339.75,29341.25
1782505800,29341.25,29348.25,29256.75,29271.25
1782506700,29271.25,29307.25,29255,29283
1782684000,29282.5,29552.75,29280.25,29545
1782684900,29546,29592.25,29498,29561
1782685800,29560.75,29598.75,29560.75,29584.75
1782686700,29584.5,29595,29556,29560.5
1782687600,29558.25,29656.75,29548.75,29641
1782688500,29639,29667.75,29626,29649.5
1782689400,29650.75,29681.5,29650.5,29668.5
1782690300,29667.75,29683.25,29612.5,29617
1782691200,29621,29622,29494.5,29514.75
1782692100,29514,29530.25,29375.75,29379
1782693000,29380,29461.25,29363.25,29456.75
1782693900,29455.75,29505.25,29378,29494
1782694800,29494,29522.25,29452,29500.5
1782695700,29499.75,29506.5,29434.5,29440.25
1782696600,29441.75,29558.25,29420.25,29545.5
1782697500,29546.25,29554.25,29509,29516.25
1782698400,29518.5,29525.75,29393.75,29398
1782699300,29397.75,29532,29389,29525
1782700200,29524.5,29538.5,29503,29532
1782701100,29534.75,29544.25,29512.5,29523.25
1782702000,29525.75,29579,29525.75,29544.75
1782702900,29543.75,29567.75,29536,29555.25
1782703800,29556.5,29568.25,29482.25,29500.5
1782704700,29496,29605.75,29492,29593
1782705600,29592,29593.25,29553.5,29562
1782706500,29560.25,29575.75,29523.75,29539.5
1782707400,29541.75,29553.75,29505,29521.25
1782708300,29524,29555,29505,29518
1782709200,29520,29538.25,29491.5,29537.75
1782710100,29535.5,29557.5,29509.25,29533
1782711000,29534.5,29629.75,29525.5,29621.25
1782711900,29620.25,29672.25,29602.25,29670.75
1782712800,29670.25,29676.75,29590,29613.25
1782713700,29614.75,29661.25,29614.75,29647.75
1782714600,29651,29684.75,29646.75,29666.75
1782715500,29666,29670.25,29616.5,29631.5
1782716400,29631.5,29633.75,29575.75,29616
1782717300,29617.5,29655.75,29615.75,29643.75
1782718200,29644.5,29679,29627,29666.5
1782719100,29665.25,29698.5,29654.75,29664.25
1782720000,29663.5,29714.25,29657,29686.25
1782720900,29685.5,29732.75,29678.25,29694.75
1782721800,29694.25,29720.75,29676,29685.75
1782722700,29685,29706.75,29652.75,29660.25
1782723600,29658.75,29671.75,29640.5,29658
1782724500,29654.5,29688.25,29646.75,29677.75
1782725400,29680,29686.5,29645,29657.75
1782726300,29657.5,29673.25,29620,29664
1782727200,29666.25,29722.5,29666.25,29688
1782728100,29686,29717.5,29668.75,29717.5
1782729000,29716.75,29744,29707.25,29728
1782729900,29726.25,29746,29699.5,29740.5
1782730800,29742.25,29758,29708.5,29711.75
1782731700,29712.25,29720.5,29683.5,29710.25
1782732600,29709.75,29759.75,29697,29708.75
1782733500,29709,29730,29698.5,29705.5
1782734400,29705.25,29733.75,29691.75,29728.25
1782735300,29727.25,29739.25,29707.5,29716.75
1782736200,29717.5,29730.75,29650.25,29674.5
1782737100,29675,29705.5,29664,29705
1782738000,29705.75,29733.25,29699.5,29727.25
1782738900,29726.75,29733,29628,29643.25
1782739800,29643,29795,29557,29786.75
1782740700,29786,29840,29578,29617.75
1782741600,29618.75,29631.5,29328,29329.75
1782742500,29329.25,29551,29273.75,29546
1782743400,29544.25,29652.5,29525.75,29580.25
1782744300,29578,29716.5,29497.25,29713.75
1782745200,29714.25,29735,29663.75,29724.5
1782746100,29725.5,29775.25,29659.25,29771
1782747000,29770,29823,29734.75,29819.5
1782747900,29818.75,29847.25,29778,29838.75
1782748800,29839.75,29879.25,29834.25,29848.5
1782749700,29849.25,29907.5,29848,29871.25
1782750600,29871,29910.5,29843.25,29906.5
1782751500,29906.5,29932.5,29892.75,29915.5
1782752400,29916,30001,29915.75,29988
1782753300,29988.75,30014.5,29950,30011
1782754200,30012.25,30038.25,29987,30005.25
1782755100,30005.25,30029.75,29989.75,30003.5
1782756000,30004,30024.25,29993,30021
1782756900,30020.5,30024.75,29986.5,29992.25
1782757800,29992.25,30057,29988.75,30053.75
1782758700,30054.25,30069.5,30025.75,30032.25
1782759600,30032.75,30045,29997,30013.75
1782760500,30013.5,30058.5,30006.25,30025
1782761400,30025.5,30047.25,30004.25,30020.75
1782762300,30020,30069,29973.75,30046.25
1782763200,30046.75,30051.75,29995.5,30025.75
1782764100,30025.5,30037,30016,30020.5
1782765000,30021,30021.5,29995.25,30004
1782765900,30005,30014.5,29991.25,29995
1782770400,30007.25,30033.25,29970.25,30012.5
1782771300,30012.5,30035.5,30003.5,30010.75
1782772200,30012,30029.25,29991.5,30021
1782773100,30022.75,30024.25,30003,30012.25
1782774000,30011.25,30045.75,30006,30030
1782774900,30031,30043,30023.75,30035.75
1782775800,30035,30054,30026,30044
1782776700,30044.25,30050.5,30018,30041
1782777600,30040,30085,30010.5,30066.5
1782778500,30065,30086,29986.5,29997.75
1782779400,29997.25,30003.5,29936.25,29942.25
1782780300,29942.25,30015.5,29934.75,30009.5
1782781200,30010.75,30020,29951,29968
1782782100,29968,30064.75,29960,30064.25
1782783000,30066.25,30079.25,30014,30048.75
1782783900,30048.75,30056.5,30015,30053.25
1782784800,30054.5,30056.75,30000.5,30006.25
1782785700,30008.25,30040.25,29977.5,30029.5
1782786600,30028.25,30052,30016.75,30022.25
1782787500,30023.25,30042.75,30016.75,30020.25
1782788400,30021.5,30045.25,30011,30032.5
1782789300,30033.25,30065.5,30033.25,30062
1782790200,30062,30129.5,30057,30117.25
1782791100,30116,30130.75,30091,30095
1782792000,30095.5,30150.75,30094.75,30138.25
1782792900,30139.25,30170,30131.25,30169.25
1782793800,30169.25,30202.75,30162.5,30201.5
1782794700,30200.5,30209.5,30183.75,30186.5
1782795600,30187.75,30217,30182.5,30194
1782796500,30191.5,30195.5,30155,30160.75
1782797400,30163,30164.5,30117,30145.75
1782798300,30146.75,30170.25,30142.5,30167
1782799200,30167.75,30173.25,30146.25,30151.25
1782800100,30152.5,30154,30118.25,30144.5
1782801000,30142.75,30148.5,30098,30106.75
1782801900,30104.25,30134,30102.5,30132.5
1782802800,30133.25,30151.25,30106.5,30112
1782803700,30113.25,30134.75,30110,30117
1782804600,30117.5,30131,30103,30106.25
1782805500,30106.25,30106.75,30069.25,30081.25
1782806400,30081,30127.75,30067,30089
1782807300,30089.5,30127.25,30069.25,30125.75
1782808200,30124,30135,30018.75,30046.5
1782809100,30047.75,30073.75,30022.25,30069.25
1782810000,30071.25,30083.25,30059,30075.25
1782810900,30074.5,30088,30059.25,30059.25
1782811800,30060,30079.25,30034.5,30072
1782812700,30071,30093.75,30071,30082.5
1782813600,30083,30103,30068.25,30101.75
1782814500,30101,30118.25,30099.5,30116.25
1782815400,30115.25,30117,30086.5,30101.25
1782816300,30102.75,30151.5,30091,30139.75
1782817200,30141.25,30170,30129,30164.5
1782818100,30164.5,30168.5,30114.25,30134.25
1782819000,30134.75,30155.5,30120.25,30149.25
1782819900,30149,30175.5,30136,30137
1782820800,30139,30142.75,30083.75,30090
1782821700,30090.5,30096,30036.75,30039.5
1782822600,30037.5,30059.5,30004.75,30048.5
1782823500,30047.25,30054.25,30008.25,30013.5
1782824400,30014.25,30045.75,30006,30029.5
1782825300,30029.75,30052.25,29997,30047
1782826200,30047.5,30264,30033,30215.75
1782827100,30212.75,30366.75,30190.75,30366.75
1782828000,30366.75,30393.75,30274.5,30354.5
1782828900,30352.75,30424.5,30332.75,30410.25
1782829800,30410.75,30442.5,30369.5,30411.75
1782830700,30412.75,30412.75,30282.25,30305.25
1782831600,30305.25,30410,30299.75,30401.5
1782832500,30400.5,30416,30369,30410.75
1782833400,30410.25,30433.5,30393.75,30415.5
1782834300,30415.75,30482,30415,30459.75
1782835200,30460.5,30496,30452.5,30487.75
1782836100,30487.75,30509,30482.25,30494.25
1782837000,30495,30514,30477.5,30511.75
1782837900,30511.75,30546.5,30509.5,30528
1782838800,30528.25,30562.75,30525.75,30535
1782839700,30536.25,30554.25,30524.75,30530
1782840600,30530.75,30545.25,30515.75,30543.25
1782841500,30543,30545.75,30515.75,30524.5
1782842400,30524.75,30540.25,30498.75,30525.5
1782843300,30525.25,30549,30519,30533.75
1782844200,30533.5,30557.75,30523,30554
1782845100,30554,30575.25,30542.5,30554.5
1782846000,30554,30593,30552,30591.5
1782846900,30591,30599.75,30567.75,30575.5
1782847800,30575.25,30583.5,30548.75,30577.25
1782848700,30577.5,30594,30510,30513.5
1782849600,30513.75,30543,30503.75,30505.75
1782850500,30505.5,30513.25,30494,30504.25
1782851400,30504,30510.5,30491.75,30496
1782852300,30495.75,30503,30484.75,30500.75
1782856800,30505.75,30528.5,30492.25,30516.25
1782857700,30515,30536,30514.5,30532.75
1782858600,30531.25,30531.5,30506.5,30517
1782859500,30515.25,30516.25,30497.5,30510
1782860400,30511.5,30540.25,30509.75,30522.5
1782861300,30523.5,30540,30517.5,30526
1782862200,30525.25,30543.5,30522,30528.5
1782863100,30529.5,30543.25,30516.25,30534
1782864000,30535.25,30553.75,30514.75,30528.25
1782864900,30531,30540.75,30507,30536.5
1782865800,30536.75,30549.25,30527.5,30538
1782866700,30539.75,30547,30523.75,30524
1782867600,30523.75,30530.25,30471.75,30497.25
1782868500,30500,30506.75,30466.75,30486
1782869400,30486.5,30504,30468,30474.75
1782870300,30474.75,30483,30450.5,30453.5
1782871200,30453.5,30456.25,30386.5,30392.5
1782872100,30391.25,30423,30367.75,30421
1782873000,30421.25,30446,30408.25,30440
1782873900,30440.75,30442.5,30424.75,30438.5
1782874800,30438.5,30465,30432.75,30462.25
1782875700,30461.75,30466,30429.5,30437.25
1782876600,30439.5,30468,30431.75,30448.75
1782877500,30450.25,30477.75,30449.75,30467
1782878400,30467.25,30467.5,30433.25,30437
1782879300,30436.5,30456,30429,30451
1782880200,30452.25,30460.75,30432.75,30451.25
1782881100,30454.25,30474.5,30441.5,30443.5
1782882000,30445.75,30463,30435.5,30446.5
1782882900,30444.25,30450.75,30429.25,30436.75
1782883800,30436,30452.25,30422.25,30436.5
1782884700,30435.5,30445.25,30424,30429.5
1782885600,30430,30444,30405,30408.25
1782886500,30408,30416.5,30364.5,30395
1782887400,30396,30410,30383.5,30407.25
1782888300,30407.25,30419.75,30381,30391.5
1782889200,30391.75,30394.75,30328,30334.25
1782890100,30334,30358.5,30299,30350
1782891000,30350,30369.25,30345,30356
1782891900,30357.25,30383.75,30348,30374
1782892800,30374.75,30376.75,30333.75,30358.5
1782893700,30357,30367.25,30321.75,30331
1782894600,30330.25,30366.25,30317.5,30359
1782895500,30358,30378,30345.5,30377
1782896400,30376.25,30377.75,30338.75,30349.5
1782897300,30349.25,30363.75,30344,30354.5
1782898200,30354.5,30365,30347.5,30359
1782899100,30359.25,30386.25,30359,30385
1782900000,30384.75,30389.75,30351.75,30361.25
1782900900,30363.5,30397.5,30360,30395
1782901800,30394.5,30401,30364.25,30387.25
1782902700,30386.75,30414.5,30384,30407.75
1782903600,30406.75,30435.25,30406.75,30413
1782904500,30414.25,30419.75,30396.25,30398.75
1782905400,30399,30402,30373.75,30396.75
1782906300,30395.75,30396.75,30355,30362.75
1782907200,30363,30373.75,30332.5,30358.25
1782908100,30359.75,30387.75,30359.75,30369.5
1782909000,30368.5,30395,30243.75,30271.5
1782909900,30271.5,30287.25,30233.25,30268.75
1782910800,30267.75,30307,30240,30254.25
1782911700,30254.5,30314.5,30213,30235.5
1782912600,30235.75,30260,30087.75,30141.25
1782913500,30141.75,30285,30111.75,30283.75
1782914400,30280,30327.25,30244.25,30287.5
1782915300,30287,30314.75,30250.75,30284.75
1782916200,30284.5,30289.25,30202,30202
1782917100,30201.75,30242.25,30137.25,30192.25
1782918000,30193,30271,30186,30261.75
1782918900,30262.25,30346,30262.25,30343.25
1782919800,30342.5,30356.5,30278.25,30291.25
1782920700,30291.5,30296.5,30228,30254.75
1782921600,30255,30278.25,30223.25,30242.25
1782922500,30241.25,30284.25,30217.25,30245.75
1782923400,30245.75,30263,30201.75,30223.75
1782924300,30223.25,30241.5,30172.75,30190.25
1782925200,30190,30217.5,30152.25,30198
1782926100,30197.5,30240.5,30188.25,30210
1782927000,30209.25,30223.5,30184.5,30188.25
1782927900,30189.25,30207.5,30157.5,30163.75
1782928800,30164.25,30190,30153.5,30155.5
1782929700,30155,30182.25,30137.75,30159.5
1782930600,30158.75,30174.75,30132.5,30145.25
1782931500,30145.25,30145.5,30099,30132.75
1782932400,30132.75,30217,30127.25,30186.75
1782933300,30187.25,30210.75,30168,30190
1782934200,30190,30231.5,30134.25,30143.25
1782935100,30143.5,30161.75,30054,30080.75
1782936000,30080.75,30086.25,30008.5,30060.75
1782936900,30060.25,30065.25,30026.25,30052.5
1782937800,30052.5,30057.75,30020.5,30051.75
1782938700,30052.75,30075,30041.5,30064.25
1782943200,30089.75,30109.75,30052.25,30052.25
1782944100,30054.5,30102.5,30051.5,30094.75
1782945000,30095,30113,30091.75,30102.75
1782945900,30104.75,30118,30081.25,30107.25
1782946800,30108.25,30111,30060.75,30063.5
1782947700,30063,30069,30054,30067.25
1782948600,30068.75,30075.25,30041.5,30071.75
1782949500,30073.75,30073.75,30010.25,30042.75
1782950400,30046,30046,29952.5,29998.75
1782951300,30002,30068,29975.75,30062.5
1782952200,30063.25,30080.75,30011,30013
1782953100,30012.25,30117.25,30006.5,30110.25
1782954000,30110.5,30191,30098,30186.75
1782954900,30186.5,30205.25,30166.25,30194.25
1782955800,30195.25,30229,30189.25,30215
1782956700,30214,30226.75,30197,30203.75
1782957600,30203.75,30230.25,30190,30228.5
1782958500,30230,30239.5,30185.5,30191
1782959400,30193.25,30218,30180.75,30208.25
1782960300,30209.25,30230,30191.25,30207.5
1782961200,30208.25,30212.75,30158.25,30178
1782962100,30177.75,30185,30134.5,30151
1782963000,30151.25,30197,30145,30158
1782963900,30157.75,30185,30138.25,30172
1782964800,30173.5,30188.25,30127.25,30127.5
1782965700,30127.5,30141.75,30102.75,30135.5
1782966600,30134.5,30135.75,30064.25,30068.75
1782967500,30066,30122.25,30050,30111.25
1782968400,30114,30154.25,30094.25,30145.5
1782969300,30145.5,30159.75,30112.75,30115.5
1782970200,30115.75,30116.75,30047,30053.5
1782971100,30053.75,30073,30037.25,30051
1782972000,30052,30066,29954.5,29954.5
1782972900,29954,29995,29947,29952.75
1782973800,29953.75,30007.5,29953.75,29971.75
1782974700,29975,29978,29895,29919.75
1782975600,29921.25,29937.5,29832.25,29833
1782976500,29836.75,29872.75,29826.25,29863.75
1782977400,29866,29943.5,29858.75,29939.5
1782978300,29939.75,29944.5,29884.5,29891.25
1782979200,29893.5,29927,29827.25,29841
1782980100,29844.25,29941.75,29839.25,29926.25
1782981000,29924.5,30014.5,29916.25,29980.75
1782981900,29982,30038.25,29970.25,30033
1782982800,30032.75,30033.5,29961,29984
1782983700,29984.5,29987.25,29943.5,29983.25
1782984600,29982.5,30015,29978,29998.75
1782985500,29998.25,29998.25,29952,29957.75
1782986400,29959.5,29959.75,29920,29934.5
1782987300,29932,29961.25,29924.25,29948
1782988200,29948,30005.5,29948,29978.5
1782989100,29979.25,30008.5,29972,30005.75
1782990000,30005.25,30021.5,29967.5,30007
1782990900,30005.75,30014,29967,30005.75
1782991800,30006,30064.75,29990.75,30057.5
1782992700,30058,30079,30034,30034.25
1782993600,30035.25,30140.75,30022.25,30131.25
1782994500,30131.75,30190.25,30127.25,30182.75
1782995400,30183,30320,30175,30241.5
1782996300,30242.5,30265.25,30155,30182.75
1782997200,30185,30215,30118,30142
1782998100,30141.5,30184,30073.5,30076.25
1782999000,30076.25,30188.75,30007.75,30124.25
1782999900,30127,30263,30102,30257.75
1783000800,30258,30293.5,30131.5,30215.5
1783001700,30216.25,30226.5,29910.75,29935
1783002600,29935,30006.25,29777,29809.5
1783003500,29810,29868.25,29730.75,29840.25
1783004400,29840.25,29852,29629,29716.5
1783005300,29718.75,29748.25,29610.75,29672.5
1783006200,29671,29817.25,29667.75,29711.75
1783007100,29710,29747.75,29636.25,29676
1783008000,29676.75,29688.25,29585,29646.75
1783008900,29649.25,29653.25,29548,29558.75
1783009800,29559,29563.25,29453.25,29539
1783010700,29537,29542.5,29434,29462.25
1783011600,29461,29482.5,29387.5,29454
1783012500,29453.75,29482.75,29421.75,29447.5
1783013400,29447.75,29473.25,29355.75,29404.75
1783014300,29405.5,29408.5,29328.5,29338.5
1783015200,29339.5,29503.25,29330.5,29459.25
1783016100,29460.75,29489.25,29409.75,29488
1783017000,29487.75,29525,29464.25,29481
1783017900,29480.75,29528,29439.25,29489
1783018800,29488.75,29503.25,29381.5,29413
1783019700,29412.5,29445,29349.5,29421.75
1783020600,29422.5,29475.5,29412,29454.25
1783021500,29454.5,29588,29432,29538.25
1783022400,29538,29553,29514,29545.5
1783023300,29546.25,29561.75,29533,29548
1783024200,29549.5,29564.75,29537.75,29541.75
1783025100,29542.25,29558.75,29536.25,29551.75
1783029600,29566,29591.5,29559.25,29580.25
1783030500,29581,29598,29576.75,29578.5
1783031400,29578.25,29621.5,29568,29620.5
1783032300,29620.5,29622.25,29609.5,29618.75
1783033200,29615.75,29617.25,29553.75,29558.5
1783034100,29560.5,29608,29552,29602
1783035000,29600,29618.75,29571.25,29571.25
1783035900,29573,29610.5,29565.5,29600.5
1783036800,29598.75,29638.75,29541,29617
1783037700,29615,29621.25,29558,29561.5
1783038600,29561.25,29601.5,29534,29554.5
1783039500,29552.75,29572.25,29522,29536.5
1783040400,29539.5,29697.5,29535.25,29673
1783041300,29673.5,29680.5,29646.5,29655
1783042200,29655,29683.25,29643.25,29675
1783043100,29675.75,29699.5,29659.75,29682.5
1783044000,29684.75,29716.5,29680.5,29695
1783044900,29695.5,29732,29693.5,29729.75
1783045800,29728,29732,29706.25,29723.75
1783046700,29725.5,29755.75,29724.75,29750.75
1783047600,29749.75,29755.25,29730.75,29746.25
1783048500,29746.75,29761.75,29742,29761
1783049400,29760.75,29775.25,29720,29723
1783050300,29722.5,29769.75,29717.75,29767.5
1783051200,29769.25,29786.75,29764,29785.5
1783052100,29785.75,29803.25,29782.5,29802
1783053000,29804,29814.25,29786.75,29806.25
1783053900,29807,29820,29791.5,29802.25
1783054800,29803.75,29834.25,29789.25,29822.25
1783055700,29823,29826.5,29794.5,29809.75
1783056600,29808.75,29841.5,29804.75,29819.75
1783057500,29820.75,29828.25,29807.5,29825.25
1783058400,29826.25,29888,29821,29872
1783059300,29871,29878,29843.25,29868.5
1783060200,29867.75,29873.75,29851.25,29856.25
1783061100,29855.5,29859.25,29833.5,29840.75
1783062000,29842,29854.25,29825.75,29836.75
1783062900,29835.75,29867.5,29834.25,29860
1783063800,29860.25,29869,29836.75,29837.5
1783064700,29837.75,29858.75,29835.5,29846
1783065600,29845.25,29861,29832.75,29840.75
1783066500,29838.5,29854.25,29836.5,29846
1783067400,29844,29873.25,29834.25,29870
1783068300,29870.5,29870.5,29831.25,29848.5
1783069200,29848.75,29878,29827.75,29877.25
1783070100,29878,29893,29866.5,29887.25
1783071000,29887.25,29900.25,29870,29895.75
1783071900,29895.75,29899,29867.75,29870.5
1783072800,29869.75,29883.25,29856,29879
1783073700,29879.25,29880.5,29864.5,29876.5
1783074600,29878.75,29892.5,29865,29892.5
1783075500,29893.25,29894.5,29879,29879.5
1783076400,29880.75,29890.75,29868,29886
1783077300,29888,29889.5,29866.75,29873.25
1783078200,29873.5,29890,29870,29875.5
1783079100,29874.75,29908,29874.75,29903.25
1783080000,29902.75,29924.25,29881,29887.25
1783080900,29885,29896,29875.5,29885.5
1783081800,29885.25,29894.5,29877.75,29884.25
1783082700,29885,29904.5,29884.5,29903
1783083600,29902.5,29918.5,29886.75,29889.25
1783084500,29890.25,29924.25,29888.5,29920
1783085400,29921,29955.25,29903.5,29929
1783086300,29930.5,29944,29913.75,29940
1783087200,29940,29946.25,29898.5,29901
1783088100,29901.25,29924.25,29888.5,29907.5
1783089000,29907.75,29928,29899.5,29905.25
1783089900,29905.5,29929,29900.25,29918.5
1783090800,29919,29922.5,29902,29911.25
1783091700,29911,29925,29897.75,29899.25
1783092600,29900,29904.75,29884.5,29895
1783093500,29895.75,29913,29892,29906
1783094400,29907.25,29907.75,29894.5,29894.5
1783095300,29896.25,29915.5,29895.25,29900.5
1783096200,29901.5,29925,29890.75,29922
1783097100,29921.5,29923.5,29896.75,29901.75
1783288800,29930.25,29979.5,29860.75,29901.5
1783289700,29899.5,29948.75,29890,29936
1783290600,29936.75,29973.25,29934,29971
1783291500,29969.75,29979,29941.5,29946
1783292400,29946.5,30008.25,29926.5,29990.25
1783293300,29988,30003.75,29975.75,29985.25
1783294200,29983.5,30011.25,29970.75,29976
1783295100,29974.5,30005.75,29963.75,29983.75
1783296000,29987.75,29988.75,29900,29982.75
1783296900,29982.5,30004.75,29879.75,29882.75
1783297800,29882.25,29944.5,29845,29933.75
1783298700,29937.5,29969.75,29914.5,29928.25
1783299600,29926.5,29932,29867.25,29880
1783300500,29879.75,29893.5,29773.75,29814.25
1783301400,29813.25,29855.25,29807,29817.25
1783302300,29816.25,29816.25,29750,29792.75
1783303200,29793.25,29818.75,29754.5,29759.5
1783304100,29761.25,29791.75,29735,29736.25
1783305000,29737,29747.5,29693.5,29699.25
1783305900,29700.5,29732,29683,29725.25
1783306800,29726.5,29785.5,29716.75,29771
1783307700,29772,29790.5,29748,29788
1783308600,29789.5,29806.5,29738,29740.5
1783309500,29740.25,29748.5,29693.25,29730.25
1783310400,29730.25,29778,29703,29774.75
1783311300,29771.5,29801,29769,29794.75
1783312200,29795.5,29836,29788.5,29828.5
1783313100,29826.75,29840.5,29813,29828.25
1783314000,29829.5,29830.5,29792.75,29807.25
1783314900,29809.25,29818.5,29767.75,29769.5
1783315800,29770,29799,29752.5,29788.25
1783316700,29789.5,29801.5,29766.25,29790.5
1783317600,29791.5,29807.5,29754.75,29759.75
1783318500,29760.75,29797,29755.25,29790.5
1783319400,29789,29858.25,29784.5,29854.5
1783320300,29855,29855.5,29832.5,29847.25
1783321200,29846.25,29862.75,29829.75,29848
1783322100,29850.5,29863.75,29817.75,29820.25
1783323000,29822,29876.25,29816.25,29872.75
1783323900,29870.5,29875.25,29851.25,29852.5
1783324800,29852.75,29884,29803.5,29821.75
1783325700,29824.25,29833.25,29780,29833.25
1783326600,29831,29853,29807.75,29843.25
1783327500,29845.75,29870.75,29838.5,29867
1783328400,29869.75,29875,29844,29853.75
1783329300,29853.75,29869.75,29850,29863.5
1783330200,29864.75,29867,29839,29849.75
1783331100,29849.75,29888.5,29827.5,29877
1783332000,29878,29891.5,29852.25,29878.5
1783332900,29878.5,29884.75,29860.75,29864.75
1783333800,29864,29885,29854.25,29857
1783334700,29856,29884.5,29847.25,29884.5
1783335600,29884.25,29896,29841.75,29857.75
1783336500,29858.25,29891.75,29854.75,29880.75
1783337400,29879.5,29897.5,29871,29882.75
1783338300,29883.25,29915,29876.25,29877.75
1783339200,29879,29936,29865.5,29931.5
1783340100,29932.25,29936,29876.25,29893.25
1783341000,29893.5,29924.5,29886.75,29900.5
1783341900,29900.5,29935,29898.75,29934
1783342800,29934.75,29938,29855.25,29858
1783343700,29859.25,29865,29820.25,29834.75
1783344600,29835.75,29939.25,29776.25,29921.5
1783345500,29917,30009,29896,29932.5
1783346400,29935.5,30027.75,29903.25,30021.75
1783347300,30021.75,30042.5,29986.75,30012.75
1783348200,30013.25,30057.25,29988,30037.75
1783349100,30037.5,30067.5,29986.75,30025.25
1783350000,30025.75,30044,29959,29984
1783350900,29984,30062.75,29941.25,30061.25
1783351800,30061,30079,30031.5,30070
1783352700,30070.25,30083.75,30049.25,30074.25
1783353600,30074,30094,30053.5,30070.5
1783354500,30071.25,30078.25,30024.75,30032.25
1783355400,30033.75,30044.25,30002.75,30016.5
1783356300,30017.25,30038.5,29981,29990
1783357200,29989,30036.75,29975.25,30019
1783358100,30019.25,30032,29948,29954.75
1783359000,29955.5,29960.5,29882.25,29904.75
1783359900,29904.5,29936,29882.75,29896.75
1783360800,29896.25,29967.5,29895.5,29949.25
1783361700,29950,30000,29950,29971.75
1783362600,29971.75,29984.25,29948.5,29978
1783363500,29978,30004,29973.75,29990
1783364400,29990.75,30025,29980.75,30011.25
1783365300,30011.5,30052,30004.5,30035.5
1783366200,30035.75,30038,29996.25,30024
1783367100,30023.75,30036.25,29931.5,29951.75
1783368000,29951.25,29972.75,29933,29964
1783368900,29963.25,29970,29950.5,29959.5
1783369800,29960,29965.5,29952.5,29955.75
1783370700,29955.25,29959.25,29931.25,29947.75
1783375200,29960,29970,29940.25,29964.25
1783376100,29966.5,29973.75,29950.75,29951.75
1783377000,29951.25,29970,29942.75,29950
1783377900,29949.75,29950.25,29889,29894.75
1783378800,29893.5,29928.75,29891.75,29907
1783379700,29906,29906.5,29872.75,29897.5
1783380600,29897.25,29906,29864.75,29874.75
1783381500,29874.75,29875.5,29839.25,29852.25
1783382400,29851,29881,29825.75,29826.5
1783383300,29829,29914.25,29816.25,29878.75
1783384200,29879.5,29886.75,29808.25,29831.75
1783385100,29831.25,29856.75,29808.25,29816.75
1783386000,29819.75,29835.75,29800,29802.5
1783386900,29805.75,29814.25,29726.5,29740
1783387800,29739.25,29789.75,29716.5,29788.5
1783388700,29789.25,29822,29768.5,29773
1783389600,29774.25,29816.5,29767.25,29806.5
1783390500,29806.25,29819.25,29769.75,29772.75
1783391400,29771.5,29780.25,29738.75,29779.5
1783392300,29780,29780,29744.25,29748
1783393200,29748,29784.75,29741.5,29758
1783394100,29757.5,29761,29680,29684.25
1783395000,29685.25,29709,29662,29664.75
1783395900,29663.75,29675.5,29628.25,29668.25
1783396800,29670,29680,29638,29638.5
1783397700,29639,29646.25,29616,29639
1783398600,29640,29656.75,29621.5,29633.75
1783399500,29633.75,29639.5,29607.5,29625.5
1783400400,29626.25,29627,29585.25,29587.5
1783401300,29585.5,29607.5,29558.5,29590
1783402200,29591.75,29665,29591.75,29660.75
1783403100,29659.5,29704.5,29646,29689.75
1783404000,29688.75,29701.25,29631.25,29641.5
1783404900,29643,29674,29641.5,29663
1783405800,29662,29684,29647,29684
1783406700,29683.5,29693.25,29663.25,29688.75
1783407600,29689,29724,29667.75,29718
1783408500,29717.5,29744,29711.75,29717
1783409400,29715.5,29723,29693,29693.25
1783410300,29693.25,29700,29644,29645.5
1783411200,29646.75,29695.75,29641.25,29687.75
1783412100,29687.75,29709.25,29682,29691.75
1783413000,29692.25,29705,29671.75,29682.5
1783413900,29683,29696.25,29658.5,29660.25
1783414800,29660.75,29690.5,29642.5,29687
1783415700,29688.25,29693.5,29655.25,29655.5
1783416600,29658.25,29660.75,29628.25,29650
1783417500,29649.75,29665.5,29622.5,29662.25
1783418400,29663.25,29689.5,29639.5,29647.75
1783419300,29649,29689.25,29646.5,29673.5
1783420200,29673.25,29673.5,29643.75,29647
1783421100,29648.25,29659.25,29625.25,29659.25
1783422000,29660.5,29661.75,29602.5,29614.25
1783422900,29613,29651.25,29612,29632
1783423800,29632.5,29632.5,29591.25,29623
1783424700,29621.25,29645.75,29601,29642.5
1783425600,29640.75,29716,29639.25,29704
1783426500,29702.75,29705.75,29658.5,29688
1783427400,29686.5,29708,29664,29686.5
1783428300,29685.25,29687.5,29622,29642.25
1783429200,29642.25,29655.75,29610.5,29641.5
1783430100,29641.25,29652.75,29580,29592.25
1783431000,29593,29685.75,29491.25,29595
1783431900,29594,29596.75,29420.25,29469
1783432800,29468.75,29505.75,29332,29343
1783433700,29342,29378.25,29259.75,29303.25
1783434600,29303.5,29327.75,29210,29239.5
1783435500,29239,29325.75,29232.5,29302.5
1783436400,29302.25,29358,29271.25,29318.25
1783437300,29317,29322.5,29271.75,29314
1783438200,29315,29330,29248.25,29329
1783439100,29329.25,29389.25,29325.25,29386.75
1783440000,29388,29473.75,29377,29466.25
1783440900,29467.25,29548,29450.5,29532
1783441800,29532.25,29558.25,29486.25,29527.75
1783442700,29527.25,29557.75,29502.5,29540
1783443600,29539.5,29580.75,29530,29534.5
1783444500,29533.25,29573.5,29510,29533.75
1783445400,29533.5,29570,29532.5,29561.75
1783446300,29561.25,29568,29528.25,29567.25
1783447200,29567.5,29574.25,29531.25,29547.25
1783448100,29547.5,29561,29509.75,29517
1783449000,29517.5,29531.5,29452.75,29472.75
1783449900,29472.25,29485,29385.25,29391
1783450800,29390.25,29410,29318.5,29333.75
1783451700,29333.75,29335.75,29271,29321.25
1783452600,29320.75,29371.75,29303.75,29310
1783453500,29309.75,29400,29306.5,29395
1783454400,29395.5,29437.25,29387.75,29417.25
1783455300,29417.75,29423.75,29393.25,29415.75
1783456200,29416,29424.75,29413.75,29416.25
1783457100,29416,29423.25,29412.5,29419.5
1783461600,29373.75,29375.75,29319.5,29374.25
1783462500,29376.25,29388,29364.5,29372.75
1783463400,29374,29400,29363.75,29383.25
1783464300,29384.25,29395,29371.75,29382.75
1783465200,29382.5,29395,29356,29376
1783466100,29376.75,29406,29373.75,29396.25
1783467000,29396.25,29407,29339,29343.75
1783467900,29345.5,29359.75,29292.5,29300.5
1783468800,29300,29426.5,29266,29414.5
1783469700,29417.75,29477.5,29391.25,29454.5
1783470600,29452.75,29515.75,29407.25,29515.25
1783471500,29517,29547,29512,29543.5
1783472400,29543.75,29558.75,29495,29550
1783473300,29554.75,29554.75,29481.5,29485.25
1783474200,29489,29495.25,29427,29457.75
1783475100,29459.75,29485.25,29427.5,29438
1783476000,29437.75,29443.25,29388,29397.5
1783476900,29397.25,29458.75,29391.5,29421.5
1783477800,29422.25,29456.75,29399.75,29456.25
1783478700,29457,29475,29445.25,29461.25
1783479600,29461.5,29496,29461.25,29487.5
1783480500,29488.5,29519.75,29475.5,29517.5
1783481400,29517.25,29532.25,29481.25,29487.5
1783482300,29487.5,29493.25,29465,29467
1783483200,29470,29473.5,29433.25,29442.75
1783484100,29443.75,29464,29428,29442.5
1783485000,29442.75,29446,29391.25,29413.75
1783485900,29408,29422.5,29376.75,29415
1783486800,29417,29447.25,29399.25,29407.5
1783487700,29409,29432,29378.75,29384.5
1783488600,29384,29385.75,29345.75,29353
1783489500,29351.75,29363,29311.75,29347.5
1783490400,29346.75,29363.5,29329.5,29345
1783491300,29343.25,29358.75,29320.25,29324.75
1783492200,29320.25,29332.75,29285,29289.75
1783493100,29288.25,29352.5,29282.25,29329.25
1783494000,29328.25,29335.25,29281.75,29302.5
1783494900,29303,29355,29281,29353
1783495800,29351,29409.5,29346.25,29394.75
1783496700,29395,29404.25,29369,29381
1783497600,29383,29413,29341.25,29411.25
1783498500,29409.25,29414.75,29063.5,29079.75
1783499400,29080,29103.5,28957.25,29019.5
1783500300,29021.75,29099,29002,29009.5
1783501200,29010.75,29034,28912.75,28914.75
1783502100,28914.75,28971.25,28909.75,28961.25
1783503000,28959.25,29011,28954.5,28987.25
1783503900,28988.25,29004.5,28947.25,28957.75
1783504800,28960.75,28986.5,28922.75,28958.25
1783505700,28958.75,29021.75,28948,29020.25
1783506600,29018,29055,28996,29049.5
1783507500,29047.5,29063,29010.5,29018.75
1783508400,29020.75,29028.5,28977,29003
1783509300,29003.25,29012.75,28975.5,28987.25
1783510200,28984.75,29124.75,28973,29085.25
1783511100,29084.25,29114.75,29053,29089.25
1783512000,29088,29184.25,29054.25,29149.5
1783512900,29150.75,29180,29124.75,29177.25
1783513800,29176.75,29192.25,29145.75,29184.25
1783514700,29183.5,29239.5,29151.75,29155
1783515600,29154.75,29221.75,29148,29212.5
1783516500,29212,29230,29154,29202.25
1783517400,29202.75,29385,29201,29347.75
1783518300,29349.5,29399,29287.75,29367.5
1783519200,29366.25,29389.25,29245.75,29271.25
1783520100,29271.75,29373,29235.25,29292.5
1783521000,29292.75,29335.25,29209.25,29252.5
1783521900,29252.25,29297.5,29151,29212
1783522800,29212.25,29224.25,29131,29136.75
1783523700,29138.25,29161.75,29034.5,29057.75
1783524600,29058,29153,29034,29114
1783525500,29113.75,29131,29051.25,29096.25
1783526400,29097.25,29222.25,29092.75,29214.5
1783527300,29216,29303.25,29194.5,29277
1783528200,29275.5,29350,29245.5,29331
1783529100,29331.5,29377,29309.75,29373.25
1783530000,29372.25,29389.75,29335.5,29336.25
1783530900,29336.75,29445.25,29334.75,29440.25
1783531800,29441.5,29457.75,29382.5,29388.5
1783532700,29387.75,29390,29324.25,29352.5
1783533600,29352.25,29429.25,29330,29406
1783534500,29407.25,29418,29369,29372.75
1783535400,29371.75,29417.75,29347.5,29400.75
1783536300,29401.25,29424.25,29380.25,29405.75
1783537200,29405.75,29437.25,29375.75,29395.75
1783538100,29396.25,29438.75,29380,29425.25
1783539000,29425,29433.25,29388.5,29418.25
1783539900,29417,29500,29381,29457.5
1783540800,29457,29468.5,29403.75,29424
1783541700,29424.75,29425,29386.5,29394.25
1783542600,29394.75,29398.25,29353.25,29386.25
1783543500,29385.25,29407.25,29374,29391.25
1783548000,29412,29446,29402.75,29434.75
1783548900,29432.5,29449.25,29404.25,29424.25
1783549800,29424.5,29439.5,29407.5,29409
1783550700,29409.25,29428.75,29405.5,29425.5
1783551600,29424,29457.5,29422.25,29444.75
1783552500,29444.25,29444.25,29395,29424.75
1783553400,29421,29487,29400.75,29479.75
1783554300,29479.5,29503.25,29468.25,29491.25
1783555200,29491,29564.5,29491,29562.75
1783556100,29562.5,29567.75,29518.25,29561.75
1783557000,29563.25,29583,29512.5,29519.5
1783557900,29515.75,29562.75,29486.25,29503.5
1783558800,29504.5,29538.25,29462.75,29513.25
1783559700,29514.5,29555.25,29500.5,29529
1783560600,29531.75,29541.25,29506.75,29531
1783561500,29531.5,29537.5,29444.5,29449
1783562400,29450.5,29529.5,29426,29527.5
1783563300,29525.75,29579,29517.25,29533.75
1783564200,29534,29544.25,29460,29462.5
1783565100,29462.25,29467.75,29419,29429.5
1783566000,29430.75,29449.75,29405,29423.25
1783566900,29424,29481.5,29396.5,29480
1783567800,29480.75,29514.5,29474.25,29512.25
1783568700,29510.25,29518,29497,29506.75
1783569600,29507.5,29518,29495,29500.5
1783570500,29499.75,29518.5,29462.5,29474.5
1783571400,29475,29539,29475,29536.25
1783572300,29536.25,29558.5,29521.5,29554
1783573200,29554.75,29597,29508.75,29566.75
1783574100,29567.5,29577.75,29512.5,29515
1783575000,29513.75,29539.5,29474.75,29536.5
1783575900,29537.25,29610,29532.5,29607.75
1783576800,29606.5,29616.5,29572.25,29606.25
1783577700,29603.5,29644.25,29602.5,29628.5
1783578600,29628.5,29637,29597.75,29628.5
1783579500,29627,29632.25,29601.5,29612
1783580400,29613.25,29655.75,29603.75,29654.5
1783581300,29655.75,29667.75,29639.75,29651.75
1783582200,29653.25,29683.25,29640.5,29681.5
1783583100,29682.5,29706.75,29671.25,29686.25
1783584000,29684.75,29734.25,29664,29705.5
1783584900,29705.75,29735.75,29694,29699.25
1783585800,29697,29705.25,29660,29677.5
1783586700,29676.75,29681.5,29643,29661.25
1783587600,29663.5,29669,29629,29639.5
1783588500,29641.25,29663.25,29633.5,29650
1783589400,29647.75,29661,29613.75,29621.25
1783590300,29622,29649,29618.25,29644
1783591200,29645.5,29656.5,29633.25,29647.75
1783592100,29650,29669,29632.25,29650.5
1783593000,29649.5,29660.75,29629,29640.25
1783593900,29641.25,29645,29564.5,29600.25
1783594800,29601.75,29626,29579,29610.5
1783595700,29611.25,29643.75,29593.75,29641
1783596600,29641,29690,29626.75,29683.25
1783597500,29684.75,29721.75,29674.25,29696
1783598400,29696.75,29732.75,29681,29715.75
1783599300,29716.25,29755,29704.25,29749.25
1783600200,29748,29786.5,29740,29748.5
1783601100,29748.25,29748.5,29715.25,29736
1783602000,29735.25,29759.5,29725.25,29757.25
1783602900,29757.25,29758.75,29726.75,29745.25
1783603800,29746.75,29871.25,29672,29858.5
1783604700,29859.25,29931.25,29808.5,29909.5
1783605600,29910,29922.75,29785.25,29802.75
1783606500,29803.5,29803.5,29614.5,29763.75
1783607400,29763.25,29799,29694.25,29758.5
1783608300,29760,29821.25,29723.5,29787.75
1783609200,29788.25,29864.25,29779.5,29854.75
1783610100,29853.5,29886.25,29830,29873.5
1783611000,29874.25,29899.75,29856.25,29882
1783611900,29883,29905.25,29878.5,29886.25
1783612800,29886.5,29924.25,29886.5,29900.25
1783613700,29900.25,29917,29880.75,29890.75
1783614600,29890.5,29916.5,29864,29909
1783615500,29908.5,29913.25,29885.25,29897.25
1783616400,29897,29969.5,29893.5,29954.25
1783617300,29954.25,29991,29954,29988
1783618200,29988.75,29993.5,29962,29974.5
1783619100,29974.75,29992.25,29950.75,29973.75
1783620000,29974.75,29985,29960.75,29975.5
1783620900,29976.5,29981,29942,29956.75
1783621800,29957.25,29968.25,29939.5,29958.25
1783622700,29957.25,29965,29929.5,29939.25
1783623600,29939.75,29941.5,29905.25,29916
1783624500,29916.5,29958.25,29902.75,29932.25
1783625400,29932,29945.5,29909,29943.25
1783626300,29943.5,29954.75,29896.75,29948.75
1783627200,29948.75,29973.75,29942.75,29966.5
1783628100,29967,29970.25,29937,29940
1783629000,29939.5,29949.25,29932,29934.75
1783629900,29935,29939.5,29926.25,29931.25
1783634400,29937.75,29961,29923.5,29936.75
1783635300,29938,29945.25,29904,29907.75
1783636200,29908.75,29922.5,29905.5,29920.25
1783637100,29921.75,29927.5,29913.25,29922
1783638000,29921.5,29942,29907,29939.75
1783638900,29937.75,29964.25,29929.5,29956
1783639800,29958.75,29959,29938.5,29942
1783640700,29941,29958,29926,29932.5
1783641600,29933.25,29952,29858,29894
1783642500,29895.25,29903.5,29820.75,29837
1783643400,29838,29845,29804.25,29828
1783644300,29827.5,29870,29808,29866.5
1783645200,29866.5,29870.75,29817.5,29845.5
1783646100,29843.5,29877.25,29836.75,29866.25
1783647000,29867.25,29902.5,29854.75,29885.25
1783647900,29885.75,29922.75,29881.5,29891.5
1783648800,29895,29901.25,29865.25,29880.75
1783649700,29881.25,29884.75,29854.25,29882.5
1783650600,29883.25,29916.25,29874,29908.25
1783651500,29908.5,29952.5,29902,29952
1783652400,29952,29963.5,29940.25,29947.25
1783653300,29947.5,29950.5,29922,29923.5
1783654200,29925.25,29932.75,29917,29925
1783655100,29922.75,29933.75,29912.5,29932.25
1783656000,29933,29948.75,29923,29947.75
1783656900,29946,29947.5,29917.25,29927.5
1783657800,29928,29929.25,29906.25,29915.25
1783658700,29915.5,29917.5,29875.25,29881.75
1783659600,29883.75,29886.5,29865.75,29882.5
1783660500,29883.25,29897,29870.25,29876.5
1783661400,29877.25,29881.25,29852,29875
1783662300,29875.75,29875.75,29840,29845.5
1783663200,29847.25,29856.75,29820,29826.25
1783664100,29824.75,29830.75,29775.25,29789.5
1783665000,29788.75,29831.25,29785.5,29814.75
1783665900,29814,29832.5,29809.5,29819.5
1783666800,29819.25,29827.75,29796,29813.25
1783667700,29813,29825.25,29790.5,29816
1783668600,29816,29819,29793.75,29796.75
1783669500,29796.5,29799,29761.75,29774
1783670400,29773.75,29799.5,29743.75,29796.75
1783671300,29797,29803.75,29755.5,29768.75
1783672200,29768.25,29785.25,29754,29785.25
1783673100,29785.25,29799,29772,29773.25
1783674000,29776.75,29800.75,29717.25,29795.5
1783674900,29797,29817.5,29796.75,29813.5
1783675800,29810,29827.75,29806,29815.5
1783676700,29818,29827.25,29800.75,29814.75
1783677600,29820.75,29841.75,29818,29833
1783678500,29834,29839.75,29805.5,29839.5
1783679400,29838,29862,29838,29862
1783680300,29861.5,29862.25,29834.75,29850.75
1783681200,29850,29878,29849,29874.5
1783682100,29875.25,29887.75,29850.5,29851.75
1783683000,29851.5,29852,29811.5,29836.25
1783683900,29837.25,29843,29806.75,29816
1783684800,29816.75,29878.75,29771.25,29845.75
1783685700,29843.75,29856.5,29825,29851.75
1783686600,29852,29860.75,29819.5,29824.5
1783687500,29825.75,29841.5,29800,29800
1783688400,29800.5,29826.5,29790.5,29811.25
1783689300,29811.5,29851,29801.5,29835
1783690200,29834.75,29936.75,29798,29856
1783691100,29855.5,29968.5,29852.75,29923
1783692000,29922.75,29966,29906.5,29940.25
1783692900,29940.5,29951.5,29844.75,29907
1783693800,29907.5,29957.25,29675,29891.25
1783694700,29890.75,29913,29808.75,29818.25
1783695600,29818.5,29884.5,29780,29874
1783696500,29874,29987.5,29872.75,29979
1783697400,29980,29991.5,29834,29873.75
1783698300,29875.25,29948.5,29847.75,29944.25
1783699200,29944.25,29990,29943.75,29981.25
1783700100,29981.5,30029,29981.5,30013.5
1783701000,30013.25,30034,30004,30016.5
1783701900,30015.75,30043.25,30012,30026.75
1783702800,30026.5,30033.5,29996.5,30016
1783703700,30015.25,30051.5,30008.5,30049.75
1783704600,30049.75,30071,30038,30064.75
1783705500,30065,30072.25,30031.25,30038
1783706400,30039,30071,30034.25,30049.75
1783707300,30049.25,30065.5,30021.5,30046
1783708200,30045.25,30057.75,30031.25,30039.5
1783709100,30039,30047.5,30028.25,30038.25
1783710000,30038.5,30077.75,30033,30059
1783710900,30058.5,30059.75,30036.5,30046
1783711800,30046.25,30068,30044.75,30053.25
1783712700,30053.25,30066.5,30024.75,30037.5
1783713600,30037.75,30062,30031.75,30048.5
1783714500,30047.75,30059.5,30046.25,30055.5
1783715400,30054.5,30061.5,30051.5,30058.5
1783716300,30058.25,30073.75,30056.5,30068.5
1783893600,29952,29979.5,29855,29864.25
1783894500,29866.25,29897.5,29862.25,29887.25
1783895400,29887.25,29904.25,29871.75,29893.5
1783896300,29894,29915,29871.75,29910.25
1783897200,29909.75,29910.5,29880.5,29891.25
1783898100,29890.25,29894.25,29869.5,29890.25
1783899000,29888.25,29898.25,29875.5,29888.75
1783899900,29889.25,29895.5,29845,29893.25
1783900800,29892,30041,29871.5,30019
1783901700,30018,30032.25,29958,29967.25
1783902600,29968,29971.75,29850,29881.75
1783903500,29883.75,29905.25,29807.5,29832.5
1783904400,29836.75,29851.25,29788.75,29812.25
1783905300,29812.75,29849,29789,29809
1783906200,29808.75,29843.25,29789.5,29812
1783907100,29812.25,29812.75,29737.25,29761.25
1783908000,29762.75,29772,29727,29752.75
1783908900,29753,29808.75,29745,29797.25
1783909800,29798.5,29800,29746.5,29766
1783910700,29766.25,29773.75,29714.5,29717
1783911600,29717.5,29721.25,29684.75,29694
1783912500,29694,29717.75,29682,29710
1783913400,29709,29727.25,29683.75,29697.25
1783914300,29697.25,29725.25,29683,29688
1783915200,29689.75,29690,29650,29666.75
1783916100,29666.5,29677.75,29638.75,29651.5
1783917000,29651.5,29655.75,29622.75,29626.5
1783917900,29624,29637,29612.75,29627
1783918800,29627.75,29693.75,29606.5,29688.5
1783919700,29684,29686.25,29577,29584
1783920600,29585,29670.75,29542.75,29637
1783921500,29637.5,29666.75,29614.75,29649
1783922400,29650.5,29666,29585.5,29593
1783923300,29592,29635.25,29588.75,29630
1783924200,29630.25,29650.5,29598.5,29643.75
1783925100,29641.75,29652,29611.25,29632.5
1783926000,29631.5,29675.5,29607,29670.75
1783926900,29671.5,29690.25,29642.25,29674.5
1783927800,29670.75,29671.25,29636,29660.5
1783928700,29660.75,29663,29636.75,29652.75
1783929600,29654.25,29707,29647.5,29703.75
1783930500,29705,29741.5,29704.25,29725.75
1783931400,29728,29735,29700,29726.5
1783932300,29727.25,29754,29721.75,29747.5
1783933200,29747.5,29751.25,29718,29732.75
1783934100,29733.75,29766.25,29729.75,29763.25
1783935000,29763,29776.5,29754.5,29773.75
1783935900,29773.25,29773.75,29752,29770.75
1783936800,29772,29778,29739,29747
1783937700,29747,29765.5,29738.75,29741.25
1783938600,29741,29757.25,29736.5,29739.25
1783939500,29738.5,29764,29735.75,29756.75
1783940400,29755.75,29799.75,29751.25,29768.25
1783941300,29767.75,29782.75,29741.5,29774.75
1783942200,29773,29793.5,29765,29768
1783943100,29767.75,29768,29728.75,29741
1783944000,29742,29757.25,29693.75,29728.75
1783944900,29730,29735.75,29682.75,29684
1783945800,29684.5,29694.5,29655.5,29689.5
1783946700,29688.75,29725,29687.25,29719
1783947600,29719.25,29748,29711,29719.25
1783948500,29718.5,29721.25,29683.25,29710.75
1783949400,29710,29737.25,29552.25,29596
1783950300,29596.25,29640,29518,29630
1783951200,29631,29662.5,29560.75,29650.75
1783952100,29651.75,29703,29488.5,29701.5
1783953000,29701.25,29724,29624.25,29637.75
1783953900,29638.25,29720.75,29603.5,29717.75
1783954800,29718,29752.5,29671,29682.25
1783955700,29681.75,29729.5,29662,29707.25
1783956600,29709,29724.5,29648.25,29654.25
1783957500,29654,29656.5,29596.75,29612.25
1783958400,29611.25,29638.5,29584.25,29613.5
1783959300,29613.25,29616,29535,29558
1783960200,29557.75,29557.75,29460.75,29537.25
1783961100,29537,29556.25,29463.75,29525.75
1783962000,29526.5,29580.75,29516.5,29541
1783962900,29541.5,29551.5,29498.25,29518.25
1783963800,29518.75,29533.25,29485.25,29513.25
1783964700,29512.75,29526.25,29468,29479.5
1783965600,29480,29539.5,29476,29515.25
1783966500,29515.25,29521.75,29467.5,29474
1783967400,29475,29517.25,29454.5,29500.75
1783968300,29501.75,29521.5,29483.5,29493.5
1783969200,29493.5,29525.75,29451,29464
1783970100,29463.75,29468.5,29402.5,29418.5
1783971000,29419.75,29455.75,29393.25,29451
1783971900,29450.75,29504.25,29434.25,29467
1783972800,29466.75,29474,29436.25,29454.5
1783973700,29454.5,29454.75,29386.5,29437.75
1783974600,29437,29440,29424.5,29435.25
1783975500,29434.25,29444.25,29420,29428.75
1783980000,29446,29479.5,29437.75,29452.25
1783980900,29452,29467.75,29432,29434.25
1783981800,29433.25,29443.75,29426.25,29441
1783982700,29442.25,29458.75,29393.75,29399.5
1783983600,29399.5,29405,29366.75,29381
1783984500,29382,29399.25,29361.75,29366.75
1783985400,29368,29379.5,29329,29333.75
1783986300,29332.5,29423.75,29327.25,29420.75
1783987200,29422.5,29468.75,29325.75,29463.25
1783988100,29465.5,29475.75,29369,29420.75
1783989000,29420.25,29488,29399.5,29417.75
1783989900,29418,29535,29412.5,29521
1783990800,29521,29541.25,29480,29492.25
1783991700,29489.5,29528.5,29481,29504.75
1783992600,29507,29516.5,29441,29472.75
1783993500,29475.5,29504.75,29437,29445
1783994400,29447.25,29489,29424,29424
1783995300,29425,29435.25,29373,29401
1783996200,29403.25,29456,29365.25,29444.5
1783997100,29445.5,29453.25,29384,29389
1783998000,29390.75,29391.5,29328.5,29335
1783998900,29334,29377.75,29303.5,29376.75
1783999800,29376.5,29405,29334.25,29359.25
1784000700,29358.5,29428,29353.25,29423
1784001600,29425.25,29445,29371.25,29391
1784002500,29391,29452.75,29381,29450
1784003400,29450.5,29488,29442.5,29474.25
1784004300,29473.75,29516.5,29472.5,29508.5
1784005200,29509.75,29548.5,29490,29545.5
1784006100,29546.25,29610,29534.75,29604.5
1784007000,29605,29631.25,29577.75,29594
1784007900,29596.5,29606,29582.75,29593
1784008800,29592,29634.75,29586.25,29629.75
1784009700,29629,29649.75,29595,29606.25
1784010600,29606.25,29634.25,29593,29598
1784011500,29596,29598,29562.75,29564.25
1784012400,29564,29602.25,29545.5,29600.5
1784013300,29599.25,29621.25,29576.75,29604.5
1784014200,29606,29608.25,29567.25,29572.25
1784015100,29576,29609.75,29557.25,29574.5
1784016000,29575,29602,29547.75,29580.5
1784016900,29582,29632,29582,29618.25
1784017800,29617.75,29636.25,29606.5,29613.5
1784018700,29613.25,29613.25,29570.75,29573
1784019600,29573,29626.5,29557.75,29624.5
1784020500,29623.5,29629.5,29572.25,29574.75
1784021400,29573.5,29609.75,29573.25,29599.5
1784022300,29598.5,29623.75,29596.75,29602.25
1784023200,29603.25,29620.25,29594.75,29605
1784024100,29607.25,29608.5,29585.5,29598.75
1784025000,29595.75,29633,29578.75,29607.25
1784025900,29603.25,29620.5,29589.25,29607.25
1784026800,29606.75,29621.25,29555,29608
1784027700,29607.25,29670.5,29605.5,29640.5
1784028600,29640.75,29668.25,29613.75,29620.5
1784029500,29619,29658.5,29617.75,29632
1784030400,29635,29637.75,29570,29590.25
1784031300,29591.75,29694,29577.5,29694
1784032200,29694,29921.75,29677,29821.5
1784033100,29822.75,29838.75,29754,29772.5
1784034000,29773.75,29809,29764.5,29782.25
1784034900,29782.75,29832,29742.5,29811.75
1784035800,29811,29815.75,29685,29754.25
1784036700,29752.75,29808.5,29714,29781.25
1784037600,29780.25,29804.75,29637,29665.25
1784038500,29662.75,29733,29567.5,29684.5
1784039400,29683.75,29839.75,29658.25,29729
1784040300,29727.25,29784.5,29659.5,29772.5
1784041200,29773.5,29865.5,29753.75,29848.75
1784042100,29847.5,29889,29825.25,29884.5
1784043000,29885,29895.75,29799,29835.75
1784043900,29834,29852,29760,29785.5
1784044800,29786,29791.25,29711,29738
1784045700,29739.75,29784,29704.5,29779.25
1784046600,29778.5,29824.25,29750.25,29809.5
1784047500,29809.75,29830,29783.5,29826.75
1784048400,29826.75,29851,29814.5,29822.5
1784049300,29822.25,29867,29807,29850
1784050200,29849.5,29861.5,29818.75,29846
1784051100,29846,29865.5,29829,29863.25
1784052000,29863,29871.75,29842.5,29869.25
1784052900,29868.75,29878.25,29847.5,29853.75
1784053800,29854,29869.5,29810.5,29824.75
1784054700,29825.75,29843.5,29813,29824
1784055600,29824.5,29832.5,29780,29816
1784056500,29816,29837.75,29796.5,29796.75
1784057400,29797.25,29817.25,29771,29811.5
1784058300,29811.25,29836,29779,29786
1784059200,29785.75,29810,29772.5,29788.25
1784060100,29787.5,29792.25,29767.75,29775
1784061000,29774.5,29799.25,29772.75,29796
1784061900,29796.25,29801.5,29785.75,29793.5
1784066400,29805,29806.25,29745.5,29753
1784067300,29755.75,29797.25,29752,29786.25
1784068200,29788.5,29796,29774.75,29779.75
1784069100,29779.75,29783.25,29764.25,29773.25
1784070000,29772.75,29799.75,29758,29794.75
1784070900,29793.75,29873,29785,29866.75
1784071800,29866.25,29881.5,29847.5,29849.25
1784072700,29848.5,29900,29844.5,29889.25
1784073600,29889,29902.75,29837.5,29893
1784074500,29888.75,29938,29882,29918
1784075400,29920.25,29928.5,29841,29858.25
1784076300,29858.25,29929.5,29849,29918
1784077200,29920,29927,29860,29886.25
1784078100,29885,29942.75,29885,29922.75
1784079000,29924.25,29944,29891.5,29892.75
1784079900,29894.25,29959.25,29891.75,29957.25
1784080800,29958.75,29981,29949.25,29963.5
1784081700,29966.5,29981.75,29958.5,29966.75
1784082600,29970,29985.75,29966.5,29983
1784083500,29984,29987.25,29959,29960.75
1784084400,29961,29967.75,29947.25,29960
1784085300,29959.5,29985,29955,29978.5
1784086200,29979,30002,29977.25,29987.25
1784087100,29987.75,30019.25,29986,30012.5
1784088000,30012.75,30016.5,29995.75,30000.25
1784088900,30000.25,30013,29989.25,29990.25
1784089800,29990.75,30011.5,29983.25,30005
1784090700,30006,30025,30003.75,30021.75
1784091600,30022.5,30058.25,29992.5,29999.25
1784092500,30000,30025,29976.75,29981.75
1784093400,29980.75,30009.5,29967.75,29992.25
1784094300,29990.5,30032,29984.25,30032
1784095200,30031.75,30050,30027.75,30042.5
1784096100,30040.5,30045.25,30023,30039.25
1784097000,30041.75,30045.25,30009.75,30018.75
1784097900,30018.5,30038,30012.25,30030
1784098800,30030.5,30062.5,30007.5,30036.25
1784099700,30035.75,30035.75,29928,29969
1784100600,29968,29989.75,29945.25,29979
1784101500,29979,30005.25,29971,29996.25
1784102400,29997.25,29998.75,29909,29918.25
1784103300,29918.25,29924.75,29872,29913.25
1784104200,29912.75,29926.25,29897.75,29925.5
1784105100,29925,29943.5,29911.75,29936.5
1784106000,29937.75,29958,29937.75,29954
1784106900,29953.25,29963.5,29943.25,29950.25
1784107800,29947.75,29959.75,29928.25,29951
1784108700,29952,29952,29914.25,29924.75
1784109600,29926,29944,29916.25,29942.25
1784110500,29942.25,29947.25,29886,29896
1784111400,29897.75,29921.25,29890,29901.75
1784112300,29902,29934.25,29899.75,29927.25
1784113200,29926,29953,29919.5,29925
1784114100,29925.25,29942.5,29915.25,29921.5
1784115000,29922.75,29942,29911.5,29928.25
1784115900,29928,29928,29904.5,29912.5
1784116800,29914.5,29919.5,29873.75,29881
1784117700,29882.25,29892.75,29856.25,29875.5
1784118600,29875.25,29973.75,29856.5,29951.5
1784119500,29952,29995.25,29941.75,29980
1784120400,29980,29999.75,29939.25,29946.5
1784121300,29948,29966.75,29936.25,29955.25
1784122200,29955.5,29977.5,29831,29833.25
1784123100,29834.25,29847.25,29754.5,29823.5
1784124000,29822.75,29892.5,29806,29806.5
1784124900,29806.75,29830.75,29639.25,29724
1784125800,29723.75,29736.75,29536.75,29600.5
1784126700,29600.5,29644,29562.5,29630.75
1784127600,29632,29661.75,29579.5,29592.25
1784128500,29591,29642,29526.5,29641
1784129400,29640.75,29656.25,29586.25,29615.75
1784130300,29616.5,29618,29560,29582
1784131200,29580.25,29599.5,29471.25,29476.25
1784132100,29475.5,29496.75,29431.25,29462
1784133000,29462,29483.25,29397,29445
1784133900,29445.75,29540.25,29433.75,29512.75
1784134800,29512.75,29561.75,29504.75,29532.25
1784135700,29531.25,29608.25,29526.75,29604
1784136600,29604.75,29637.5,29604.5,29634
1784137500,29633.25,29705.75,29625.25,29686.5
1784138400,29686.75,29730,29681.75,29716.25
1784139300,29716.25,29742.75,29684.75,29724.5
1784140200,29724.5,29735,29658,29662.75
1784141100,29662.25,29665.75,29595,29613.25
1784142000,29613,29668.75,29604.75,29643
1784142900,29644,29649,29589,29643.25
1784143800,29643.25,29695.5,29608.5,29683.75
1784144700,29684.25,29707,29648.5,29701
1784145600,29701.25,29737,29664,29702
1784146500,29702.5,29720.5,29696,29718.75
1784147400,29718.5,29719.25,29700,29716.25
1784148300,29716.5,29720.5,29705.75,29707.5
1784152800,29709,29749,29700,29727.25
1784153700,29727.25,29730,29709.75,29716.25
1784154600,29716.5,29724,29684.25,29685
1784155500,29684.25,29722.25,29677,29716.25
1784156400,29716,29736.25,29710.75,29720
1784157300,29719.25,29725,29695.5,29718.5
1784158200,29717.25,29734,29700.25,29722
1784159100,29720.5,29727.25,29682,29690
1784160000,29690,29758,29682.25,29755.25
1784160900,29753,29763.25,29662.5,29669.5
1784161800,29670,29695.75,29626.75,29626.75
1784162700,29626,29679.25,29622.25,29651.25
1784163600,29653.75,29668,29615.5,29626
1784164500,29625.5,29629,29601.5,29605.25
1784165400,29604.5,29646,29593.5,29615.25
1784166300,29614,29685.75,29612.5,29651
1784167200,29651.25,29652.75,29620,29640
1784168100,29640.25,29706,29634,29696.75
1784169000,29695.5,29707,29670,29680
1784169900,29680,29736,29676.5,29727
1784170800,29728,29751.75,29721.25,29748.75
1784171700,29749.25,29751.75,29710.5,29716.5
1784172600,29716.75,29747,29713.5,29719.5
1784173500,29720.75,29743.5,29701.75,29743
1784174400,29744.25,29756,29722.25,29754.5
1784175300,29754.5,29756.25,29710,29716
1784176200,29715,29721.25,29691.25,29706.5
1784177100,29703.25,29717,29699.25,29708
1784178000,29709,29748,29697,29748
1784178900,29747.75,29775.5,29739.25,29765.75
1784179800,29765.75,29797,29666.5,29702.5
1784180700,29704.5,29711,29678.5,29686.5
1784181600,29687.75,29739.25,29646.5,29731.75
1784182500,29729.25,29749.75,29684,29686
1784183400,29682,29697.25,29641.25,29673.5
1784184300,29672.25,29694,29657,29683.75
1784185200,29684.75,29686.5,29620.75,29621.5
1784186100,29622.25,29649.5,29611.75,29622.5
1784187000,29623.5,29629.25,29568.5,29570
1784187900,29571.25,29583.75,29548.5,29562.25
1784188800,29563.5,29572.75,29488,29490.5
1784189700,29493.75,29561.75,29478.75,29538.5
1784190600,29539.5,29576.75,29528.25,29551
1784191500,29550.5,29595.5,29550.5,29591.5
1784192400,29593.25,29635,29592,29625.25
1784193300,29626.25,29645.25,29611,29613.25
1784194200,29614.75,29631,29583.75,29585.25
1784195100,29584.25,29585.75,29528,29531.25
1784196000,29530.25,29561.25,29514.5,29550.75
1784196900,29550.75,29550.75,29512.25,29537.5
1784197800,29537.25,29555.75,29507.75,29521.25
1784198700,29521.25,29537.75,29502.5,29531
1784199600,29528.75,29532,29459.75,29488
1784200500,29488.25,29502,29446.25,29472
1784201400,29472.75,29472.75,29428,29439.5
1784202300,29438.75,29456,29361,29446.75
1784203200,29445.75,29457.25,29392.75,29423.5
1784204100,29422.25,29440.25,29378,29408
1784205000,29407.75,29427.75,29365.5,29375
1784205900,29374.75,29415,29363.5,29392.25
1784206800,29393.25,29457.25,29387.75,29452
1784207700,29451.5,29488.5,29441.75,29465.75
1784208600,29466,29532,29308.5,29317.75
1784209500,29316.5,29363.75,29255.5,29347.5
1784210400,29346.5,29495.75,29315.25,29468.5
1784211300,29467.5,29501,29397.75,29482.5
1784212200,29483.25,29513.5,29426.5,29464.5
1784213100,29464.5,29479,29362,29433.75
1784214000,29435.5,29458.75,29336,29358.5
1784214900,29359,29451.5,29336.75,29406.75
1784215800,29406.5,29468,29370,29397.75
1784216700,29397.5,29435,29354.5,29392.5
1784217600,29392.5,29395.25,29289.25,29293.25
1784218500,29293.5,29315,29260.75,29299.25
1784219400,29300.5,29339.5,29286,29292.75
1784220300,29294.75,29352.5,29270.75,29338.25
1784221200,29339,29342,29284.5,29288
1784222100,29288.5,29343,29275,29333
1784223000,29334,29345,29230,29243.75
1784223900,29244.25,29269,29219,29244.5
1784224800,29244.25,29279.5,29223.5,29233
1784225700,29232.75,29304,29217.25,29269.75
1784226600,29269,29269.25,29198.5,29237.75
1784227500,29237.5,29253.25,29200.25,29210.5
1784228400,29210,29242,29176,29183.75
1784229300,29183.25,29186.25,29119,29148.5
1784230200,29147.5,29170.25,29117.25,29121.5
1784231100,29121.25,29238.25,29078.5,29217
1784232000,29216.75,29231.25,29166,29167.75
1784232900,29167.5,29200,29162.75,29181
1784233800,29180.25,29189.75,29164,29174.5
1784234700,29172.75,29183.25,29167.5,29179
1784239200,29191,29220,29166.25,29186.5
1784240100,29186.75,29188.25,29136.5,29139.75
1784241000,29139,29159.25,29130.75,29149.5
1784241900,29149.5,29151.25,29115.25,29136.5
1784242800,29134.75,29144.75,29106.25,29130.75
1784243700,29133,29134.25,29075.75,29093
1784244600,29092.5,29129.75,29060,29109.25
1784245500,29110.25,29118,29082.75,29096.5
1784246400,29095.5,29124.25,29031.5,29043.5
1784247300,29041.25,29076,29011,29018.5
1784248200,29017.75,29030.5,28993.5,29024.75
1784249100,29024.5,29082,29017.75,29057
1784250000,29059.75,29105.5,29024.25,29029.25
1784250900,29031.75,29046,29010.5,29039.5
1784251800,29040.75,29044,28964.5,28975
1784252700,28972.25,28990.75,28945.75,28972
1784253600,28970.75,28985.75,28950,28956.75
1784254500,28957.5,28961.25,28917.25,28928.75
1784255400,28927.25,28940.75,28903.25,28932.5
1784256300,28934,28940,28902.25,28925
1784257200,28926.25,28960.75,28915,28953.75
1784258100,28954.25,29026,28954.25,29015.25
1784259000,29013.5,29016.75,28943.5,28954.5
1784259900,28957,28960,28910,28911
1784260800,28911,28912.75,28840,28850
1784261700,28851.25,28859.5,28803,28809.5
1784262600,28808,28826,28774.5,28809.5
1784263500,28809.5,28841.25,28804.75,28804.75
1784264400,28806,28820.25,28787.75,28804.75
1784265300,28803.5,28823,28783.5,28791
1784266200,28792.5,28811.75,28725,28759.75
1784267100,28758.5,28774,28733.25,28756.25
1784268000,28755,28774,28722.5,28756.75
1784268900,28757.5,28824.5,28745.5,28815.25
1784269800,28814.25,28825,28762,28776.5
1784270700,28774.25,28774.5,28730.5,28743
1784271600,28744.25,28767.5,28720.5,28751.5
1784272500,28752.25,28765.75,28713.5,28748
1784273400,28750,28759.5,28702.5,28715.75
1784274300,28715.25,28722.25,28682.5,28688
1784275200,28687.5,28735,28667.5,28678
1784276100,28677.75,28678.5,28577.25,28609.75
1784277000,28609.5,28617.75,28550,28585.75
1784277900,28584.25,28662,28581.25,28630
1784278800,28628.75,28675.5,28618.75,28673.5
1784279700,28671.5,28690.5,28630,28690
1784280600,28691,28716,28661.75,28686
1784281500,28685,28728,28683.75,28711.5
1784282400,28711.75,28772.25,28691.5,28766.25
1784283300,28767,28787.25,28722,28773.5
1784284200,28772.25,28825.5,28763,28801.25
1784285100,28799.25,28815,28777,28785
1784286000,28786.75,28808.25,28750,28757.25
1784286900,28759.25,28775,28728.25,28763.25
1784287800,28764,28765,28713.5,28729.75
1784288700,28727.5,28764.25,28718,28741.5
1784289600,28740,28744.75,28675,28683.75
1784290500,28683.25,28696.75,28662,28674.75
1784291400,28674.25,28683.75,28650.75,28674.5
1784292300,28675.25,28690.75,28645.5,28664.5
1784293200,28664.75,28665.75,28619.75,28621.5
1784294100,28621,28648.25,28581,28606
1784295000,28607.75,28686,28408.25,28420
1784295900,28419.5,28681.75,28412,28676
1784296800,28676,28862.25,28665.25,28803.5
1784297700,28804,28887.5,28779.75,28832
1784298600,28832,28896,28760.25,28825.5
1784299500,28824.5,28857.75,28721,28727
1784300400,28727,28755.75,28676.75,28706.5
1784301300,28707.25,28760,28672.25,28753.5
1784302200,28753.25,28843.5,28718,28799
1784303100,28797,28948.5,28781.5,28933.5
1784304000,28934,28955.75,28846,28939
1784304900,28939.75,28956,28858,28913.5
1784305800,28914.25,28972.25,28885.75,28971
1784306700,28971,29028,28960.5,28974.25
1784307600,28974.75,29050.25,28966.25,28995.75
1784308500,28995.5,29042.75,28979.25,29035.5
1784309400,29035.75,29042.25,28943,28950.25
1784310300,28949.75,28969.75,28883.75,28895.75
1784311200,28896.25,28937,28856.25,28862.25
1784312100,28863.25,28870.75,28822.5,28851.75
1784313000,28852,28891.75,28797,28808.75
1784313900,28808.25,28886,28797,28861.25
1784314800,28861,28869.25,28757.75,28760
1784315700,28759.25,28807,28718.5,28795.5
1784316600,28795.75,28846.5,28753.75,28795.5
1784317500,28795.5,28853.5,28756,28764.25
1784318400,28764.5,28768,28712.5,28738.5
1784319300,28738.75,28754.5,28733.5,28749.75
1784320200,28749.5,28768.75,28749.25,28767.25
1784321100,28767.5,28779.75,28754.5,28768.25
1784498400,28747.75,28813.25,28709.75,28715.75
1784499300,28715.25,28818.75,28714.25,28766.5
1784500200,28763.75,28851,28757.75,28838.25
1784501100,28839,28848.25,28810,28814.5
1784502000,28818,28836.25,28785,28812.5
1784502900,28814,28824.75,28781,28805.25
1784503800,28805.5,28868.5,28793.75,28864.5
1784504700,28866.75,28880.25,28815,28868.25
1784505600,28870,28956.5,28806,28940.25
1784506500,28940.25,28963.5,28926.5,28935
1784507400,28935.75,28938.25,28873,28886.25
1784508300,28888,28900.25,28850,28859.25
1784509200,28861.75,28917.5,28846.5,28853
1784510100,28853,28885,28811.5,28815.5
1784511000,28815,28834.75,28776.5,28796.5
1784511900,28796.25,28819.5,28762.75,28795.75
1784512800,28798.5,28889,28795.75,28838.25
1784513700,28839.5,28846.5,28793,28811.25
1784514600,28811,28917.75,28809.5,28899.25
1784515500,28901.25,28948,28883.75,28886
1784516400,28888,28913,28856,28884.75
1784517300,28883.75,28913.75,28863,28876.5
1784518200,28876.5,28903.25,28851,28898.5
1784519100,28900,28937.75,28881,28897.25
1784520000,28900,28918.75,28863,28867.25
1784520900,28867.25,28902.75,28844.5,28900.5
1784521800,28900.25,28940.25,28888.25,28933.5
1784522700,28934.75,28942,28892.75,28897.75
1784523600,28898,28901.75,28812.75,28862.25
1784524500,28862.5,28862.5,28826.25,28832.75
1784525400,28831.25,28839,28809,28813
1784526300,28813.25,28832.25,28789,28807.25
1784527200,28808,28823.75,28781.75,28785.5
1784528100,28783.5,28815.25,28768.75,28785
1784529000,28786.5,28813.5,28766,28804.25
1784529900,28802.5,28811.5,28778.5,28803.5
1784530800,28805.75,28833.75,28804.5,28819.25
1784531700,28820.75,28885.75,28797.75,28880.25
1784532600,28880,28926,28878.25,28905.5
1784533500,28905.5,28923,28879,28911
1784534400,28908.25,28934.25,28889.5,28926.75
1784535300,28928.25,28939.75,28895.5,28902.5
1784536200,28902.25,28907.25,28860,28863.25
1784537100,28864.75,28890,28860.75,28882
1784538000,28879.25,28888.5,28854,28878
1784538900,28878,28915.75,28878,28904.75
1784539800,28904.25,28941.5,28898,28940.75
1784540700,28941,28998.25,28940,28952.5
1784541600,28952.75,28957.5,28926.5,28933.25
1784542500,28932.75,28962.25,28920.5,28956.75
1784543400,28955,28976,28947.25,28967.25
1784544300,28967.5,28980,28961.5,28969
1784545200,28970.75,29026.5,28963.75,29012.5
1784546100,29012.25,29018,28987.75,28998.75
1784547000,28997.75,29109.5,28995.5,29087.25
1784547900,29088.75,29096.75,29048.25,29072.5
1784548800,29072.5,29075.5,28981.75,29004.75
1784549700,29003,29036.75,28991.5,29034.75
1784550600,29036,29046,29001,29005.5
1784551500,29005.25,29044,29004,29025
1784552400,29025,29058.25,29016.75,29024
1784553300,29025,29060,29021.25,29045
1784554200,29045,29181.75,29025.75,29178.25
1784555100,29177.75,29192.5,28979.75,28994.75
1784556000,28996,29049,28938,28973.5
1784556900,28971.75,29032.75,28908,29030.75
1784557800,29030.75,29053.75,28952.75,28964.5
1784558700,28965.5,29004.25,28874,28891.5
1784559600,28891.75,28989.5,28873.25,28945
1784560500,28946,29024.5,28928.75,29015.5
1784561400,29015.75,29034.75,28986.25,29027.5
1784562300,29028.5,29066.75,28974,29050.75
1784563200,29050.75,29119,29028.75,29107
1784564100,29107,29112.75,29069.75,29084.5
1784565000,29085,29101.25,28962,29004.25
1784565900,29005,29051.75,28956,28983.75
1784566800,28983,28999.75,28922,28926.5
1784567700,28926.25,28975.75,28910.25,28957.25
1784568600,28958.25,28973.25,28900.75,28910
1784569500,28910.75,28982.75,28908.75,28956.5
1784570400,28957,29002,28956.5,28992.5
1784571300,28993,29009.75,28932,28949
1784572200,28949,28949,28858.75,28859.25
1784573100,28860.5,28901.25,28855.75,28870
1784574000,28871,28896,28807.75,28807.75
1784574900,28808.5,28869,28796.5,28855.5
1784575800,28855.75,28894.25,28834.25,28866.5
1784576700,28866.5,28880,28767.75,28785.25
1784577600,28785,28831.5,28767,28773
1784578500,28772.75,28774.75,28750.5,28759.25
1784579400,28759,28780.75,28757.75,28771.25
1784580300,28771.75,28785.75,28767.75,28777
1784584800,28778.25,28803.5,28705,28720.25
1784585700,28720,28732,28710,28719.75
1784586600,28721.5,28734.25,28701,28720.75
1784587500,28725,28734.25,28705.75,28717.75
1784588400,28717.75,28778.5,28711.25,28768.25
1784589300,28769,28822,28765.5,28819
1784590200,28818.75,28824.5,28805.75,28811.75
1784591100,28810.5,28832.5,28757.75,28779.25
1784592000,28777.5,28777.75,28707.25,28736
1784592900,28740,28834.5,28709,28816.5
1784593800,28818.25,28880,28813.75,28866.25
1784594700,28866.75,28897,28853.5,28856.25
1784595600,28859.75,28910.75,28837.5,28903.25
1784596500,28904.5,28912.5,28872.75,28891
1784597400,28891.75,28920.5,28866.5,28873.25
1784598300,28875.5,28911.75,28870,28885.25
1784599200,28885.25,28937.75,28877.75,28885.5
1784600100,28885.25,28920.25,28859,28894.5
1784601000,28894.5,28955.25,28894.25,28949
1784601900,28948.75,28956.75,28928.25,28955
1784602800,28954,28981.75,28951.25,28976
1784603700,28973.75,28997.5,28971,28996.25
1784604600,28996.25,29049.25,28992,29034.5
1784605500,29034,29078,29033.75,29072.5
1784606400,29073,29089.5,29057.75,29066.5
1784607300,29066.5,29077.25,29055.75,29064
1784608200,29065.25,29076.75,29056.25,29064.25
1784609100,29061.5,29076.75,29048,29054
1784610000,29055.75,29061,29033.75,29036
1784610900,29035.75,29071.25,29016.5,29066.75
1784611800,29066,29093.5,29039.75,29086.5
1784612700,29086.25,29105,29071.5,29098.25
1784613600,29096.25,29143.5,29096.25,29132.5
1784614500,29133,29141.5,29109,29112.25
1784615400,29113.25,29155,29113.25,29153
1784616300,29153.5,29155.5,29130.25,29146.5
1784617200,29147.75,29162,29118,29131.5
1784618100,29130.75,29130.75,29092.5,29103
1784619000,29102,29127,29088,29112
1784619900,29112.75,29120.75,29091,29117.25
1784620800,29118,29154,29104,29151.5
1784621700,29151,29168,29140.25,29168
1784622600,29167.5,29176.75,29156,29167.5
1784623500,29166.75,29175,29149.75,29167
1784624400,29168,29181,29162.5,29172
1784625300,29172.25,29195.25,29163.5,29166.75
1784626200,29165.5,29179.25,29151.25,29164.75
1784627100,29164.5,29185.5,29153.5,29155
1784628000,29155.25,29198.5,29154.75,29172.75
1784628900,29171.25,29187.25,29164.75,29173.25
1784629800,29174.25,29207,29164,29173
1784630700,29172,29186.25,29155.5,29166.25
1784631600,29167.75,29184,29133.25,29158
1784632500,29158.25,29158.5,29119.5,29129.75
1784633400,29129,29173.25,29126,29166
1784634300,29167.5,29182,29145.25,29154.25
1784635200,29153.5,29195.25,29146,29179
1784636100,29178.75,29179.25,29133.25,29134.25
1784637000,29133,29143,29111.5,29135
1784637900,29135.25,29186.75,29134.5,29171.5
1784638800,29173.5,29183,29156.25,29162.25
1784639700,29163,29225,29155.75,29221.5
1784640600,29222.5,29246.25,29129.5,29144.5
1784641500,29144.5,29178,29092.5,29152.75
1784642400,29153.5,29188.5,29064.25,29131.5
1784643300,29129.5,29218.25,29067,29207.25
1784644200,29207.25,29236,29162,29224.5
1784645100,29224.75,29256.5,29209.75,29237.5
1784646000,29237.25,29297.5,29181,29291.75
1784646900,29292,29320,29271.75,29307.5
1784647800,29307,29308.5,29257,29261.5
1784648700,29260.5,29301.25,29256.25,29259.25
1784649600,29259.25,29324.75,29254.25,29301.75
1784650500,29302,29337.75,29301.25,29312.5
1784651400,29313,29336,29302,29318.75
1784652300,29318.5,29352.5,29311.25,29331.75
1784653200,29331.5,29355.5,29330.75,29334.75
1784654100,29335,29345.75,29323,29333
1784655000,29333.25,29351.5,29327.25,29341.5
1784655900,29341.75,29364.75,29332.25,29341.25
1784656800,29341.5,29361.75,29337.5,29337.75
1784657700,29338,29344.75,29318.5,29325
1784658600,29325.25,29349,29310.5,29347.25
1784659500,29347.75,29355.75,29316.75,29328.5
1784660400,29328.25,29335.5,29304.25,29309.25
1784661300,29308.5,29320.5,29290.75,29293.75
1784662200,29293.25,29340.5,29290.75,29337.75
1784663100,29337.75,29352,29300.25,29310.75
1784664000,29312,29316.75,29285.25,29306.5
1784664900,29306,29306,29283.75,29292.5
1784665800,29292.5,29304.25,29290,29292.5
1784666700,29293.25,29294.5,29279,29289.75
1784671200,29310.75,29310.75,29280.5,29296.5
1784672100,29297,29302.25,29265,29271
1784673000,29270,29284,29257.25,29270.25
1784673900,29269.25,29276,29253,29273.75
1784674800,29273.5,29289.25,29261,29281.75
1784675700,29283,29304.75,29272,29297.25
1784676600,29296.25,29304.5,29270.25,29281.5
1784677500,29279.5,29303,29268,29298.5
1784678400,29298.5,29337,29286,29327.75
1784679300,29329.5,29330.5,29290.25,29299
1784680200,29300.25,29305.5,29272.5,29285.5
1784681100,29282.75,29293,29258.25,29288
1784682000,29289.75,29293.75,29234.5,29257
1784682900,29259,29272,29239.5,29246
1784683800,29243,29260.75,29232,29255.25
1784684700,29253,29307,29251.25,29277.25
1784685600,29277.25,29284,29238.25,29260.75
1784686500,29260,29284.5,29250.5,29276
1784687400,29275.5,29277.25,29243,29253.75
1784688300,29252.25,29263.75,29228,29238.25
1784689200,29239.25,29245,29210,29214.25
1784690100,29213.25,29262,29212,29262
1784691000,29260.25,29267.25,29217,29222.5
1784691900,29224.25,29241.5,29190.25,29200
1784692800,29199,29225,29187.75,29213.25
1784693700,29216,29238.5,29216,29234
1784694600,29231.75,29232.5,29208.75,29217.5
1784695500,29216.75,29222.75,29193.75,29221.5
1784696400,29222.25,29225.25,29179.5,29186.5
1784697300,29187.75,29196.25,29166,29166
1784698200,29165.5,29183.75,29145.5,29146
1784699100,29148,29177.75,29140.25,29172.75
1784700000,29171.25,29173,29126,29133.25
1784700900,29131.75,29131.75,29060,29079.5
1784701800,29077.75,29115.5,29068,29102.75
1784702700,29101.75,29103,29062.25,29092.75
1784703600,29091.75,29102.25,29051,29097
1784704500,29098,29124.5,29084.25,29119.25
1784705400,29117.5,29123.75,29025.75,29065
1784706300,29064.25,29077,29040,29056
1784707200,29059.75,29107,29038.75,29067
1784708100,29066,29105,29061.5,29100.25
1784709000,29101.25,29115.5,29079,29086.75
1784709900,29086.75,29117.75,29086,29110
1784710800,29110.25,29150,29106.25,29132
1784711700,29132.25,29146.75,29123.5,29126.25
1784712600,29125,29126.5,29096,29116.25
1784713500,29115,29128.5,29089.25,29127
1784714400,29128.25,29159.75,29119.25,29121
1784715300,29120,29168.5,29113,29161.25
1784716200,29162.25,29169.75,29134.75,29136.25
1784717100,29133.75,29173,29133,29153
1784718000,29154,29164.75,29122.5,29124.25
1784718900,29123,29135.75,29099.25,29101.75
1784719800,29102,29114.5,29017.5,29041.75
1784720700,29041.75,29079,29035.75,29054
1784721600,29056.5,29071,29026,29045.25
1784722500,29045.25,29048.25,28995,29027
1784723400,29028,29068.75,29028,29056.5
1784724300,29056,29056.5,28952,29017.25
1784725200,29017.5,29063.5,29017.5,29056.75
1784726100,29057,29099,29054.25,29089.75
1784727000,29090.5,29186,29090,29178.75
1784727900,29178.5,29277.25,29153,29276.75
1784728800,29277,29283.75,29216.75,29236.25
1784729700,29236.5,29273.75,29196,29220
1784730600,29219.25,29260.25,29172.75,29185.25
1784731500,29186.25,29245,29173.5,29241
1784732400,29241.25,29314,29240.25,29306.5
1784733300,29306.5,29342.25,29291.75,29324.5
1784734200,29324.25,29335.5,29274.25,29289
1784735100,29289,29332.75,29289,29329.5
1784736000,29330.25,29333.75,29312.75,29328.5
1784736900,29328.25,29335,29300.25,29311
1784737800,29311,29328.25,29283.75,29290.5
1784738700,29290.75,29321.75,29276.75,29310.5
1784739600,29310.5,29331.25,29303,29309.75
1784740500,29310.25,29319.25,29295,29306
1784741400,29304,29320,29280.75,29293.75
1784742300,29294.75,29298.25,29234.25,29244.25
1784743200,29244,29271.25,29223.75,29224.5
1784744100,29224.5,29255.75,29222.25,29239
1784745000,29239,29240,29207.75,29228.5
1784745900,29228.5,29259,29224.25,29245.25
1784746800,29245.75,29258,29215.5,29225
1784747700,29224.75,29260,29217.25,29253
1784748600,29253.5,29254.25,29192.5,29212.25
1784749500,29212.5,29246,29158.25,29160.5
1784750400,29161,29251,29119,29249
1784751300,29249,29260,29203.25,29217.5
1784752200,29216.25,29225.75,29182.5,29185
1784753100,29183.5,29212.5,29165,29165
1784757600,29100,29142.5,29060.5,29085.5
1784758500,29086,29107,29070,29080.5
1784759400,29081.25,29091.25,29041,29046.25
1784760300,29047.25,29086.5,29039.25,29072.75
1784761200,29073.5,29081.25,29021.75,29064.5
1784762100,29062.25,29066.75,29035.5,29058.75
1784763000,29059,29098.25,29058.75,29097.75
1784763900,29095.75,29145.5,29089.75,29142.25
1784764800,29143.75,29173,29132.5,29166.75
1784765700,29166.5,29255.5,29157.25,29226.5
1784766600,29226.75,29249.5,29218.25,29234
1784767500,29233.75,29282.5,29228.75,29255
1784768400,29256.25,29272,29236,29267.75
1784769300,29270,29273.5,29232.5,29240.25
1784770200,29242,29260.5,29181,29182
1784771100,29183,29218,29175.5,29176
1784772000,29176,29201,29147.75,29148.5
1784772900,29148,29155.5,29092,29105
1784773800,29104.5,29126.75,29057,29069.5
1784774700,29069.5,29096.75,29063,29089
1784775600,29093.5,29096.75,29029.5,29053.5
1784776500,29054.25,29084.25,29039,29084.25
1784777400,29083.25,29116.5,29072.25,29116.25
1784778300,29116,29128,29102.75,29111.75
1784779200,29112,29136.75,29068.5,29136.75
1784780100,29135.25,29163,29111.75,29151.5
1784781000,29153.5,29165.25,29137.75,29141.5
1784781900,29141.25,29158.25,29112.5,29125.25
1784782800,29126,29129,29100,29118.75
1784783700,29116.5,29170.75,29098.5,29170.75
1784784600,29170.25,29183.25,29137.5,29148.75
1784785500,29148.75,29148.75,29079.25,29088
1784786400,29088,29116.5,29077.25,29097.5
1784787300,29099.75,29112.25,29079.25,29108.75
1784788200,29108,29114,29081.5,29081.75
1784789100,29082.75,29119.25,29074,29084
1784790000,29083.75,29086.75,28954,28996.25
1784790900,28996.75,29038.75,28993.5,29015.5
1784791800,29015.75,29019.75,28937.5,28940.5
1784792700,28940,28989.25,28922.25,28987.5
1784793600,28988.75,29042,28958.25,29034.75
1784794500,29035.5,29061.25,29017,29051
1784795400,29049.25,29061.5,29030.75,29037.75
1784796300,29036.5,29111,29033.75,29103
1784797200,29103.5,29137.75,29079.75,29082.25
1784798100,29080.75,29103,29078,29091
1784799000,29092,29092,29067.25,29074.25
1784799900,29076.75,29087.25,29045,29055.25
1784800800,29054.25,29067,29038,29043
1784801700,29042.25,29063.5,29036,29053
1784802600,29051.75,29122.25,29045.25,29101.25
1784803500,29100.5,29108,29094,29103
1784804400,29103,29106.5,29033.75,29058.75
1784805300,29056,29072.5,28992.5,28993.75
1784806200,28994.75,29002.25,28913,28925.25
1784807100,28927,28985,28913.5,28965
1784808000,28964,28967.75,28914.75,28916.75
1784808900,28915.25,28938.5,28854.5,28864.5
1784809800,28864.5,28875,28768,28789.25
1784810700,28790,28806.5,28754.75,28787.5
1784811600,28786.5,28804.5,28715.75,28727
1784812500,28726.5,28731.5,28697,28719.25
1784813400,28718.25,28883,28657,28857
1784814300,28855.25,28868,28696,28707.75
1784815200,28709.25,28801.25,28678.25,28704.75
1784816100,28704.75,28780.25,28686.5,28731.5
1784817000,28731,28773.25,28625.5,28645
1784817900,28644.5,28670.5,28577.25,28596.75
1784818800,28597.25,28604.5,28483,28494.25
1784819700,28494,28569,28447.75,28467.25
1784820600,28467.75,28551,28432.5,28494.5
1784821500,28493.5,28590,28478.25,28588.5
1784822400,28588.5,28644.25,28573.25,28629.75
1784823300,28630,28715,28609.5,28707.25
1784824200,28707.5,28738.25,28682.25,28687.75
1784825100,28687.5,28687.5,28609.5,28640.75
1784826000,28641.25,28663.25,28588,28642.5
1784826900,28642,28676.75,28614.75,28652.5
1784827800,28653,28657,28570.5,28594.5
1784828700,28594.25,28629.25,28565.5,28568
1784829600,28568.25,28582.25,28542.5,28560
1784830500,28560.25,28584.25,28545.25,28575
1784831400,28574.75,28603.5,28545,28550.5
1784832300,28549.75,28578.5,28525.25,28550
1784833200,28550,28566.75,28501,28505.75
1784834100,28506.5,28595.25,28504.5,28583
1784835000,28583.5,28595.5,28501.5,28502.25
1784835900,28502,28633.5,28486.25,28615
1784836800,28615.25,28747.5,28610.5,28726.75
1784837700,28727.5,28777.25,28718.5,28769.5
1784838600,28768.5,28782,28728,28736
1784839500,28735.5,28747,28725.25,28739.25
1784844000,28700.25,28709.25,28632,28642
1784844900,28641.25,28676.75,28624,28662.25
1784845800,28662.5,28692.25,28662.5,28684.75
1784846700,28683.75,28732.75,28683,28731.25
1784847600,28729.5,28736,28687.5,28696.75
1784848500,28698,28708.5,28689,28698.5
1784849400,28698,28700.75,28661.25,28687
1784850300,28687.25,28708.25,28658.25,28679
1784851200,28680.25,28724,28619,28643.25
1784852100,28643.75,28684.25,28615.75,28643
1784853000,28646,28677.5,28618,28655.75
1784853900,28656.75,28680,28627,28672
1784854800,28672.25,28701.5,28656.5,28661.25
1784855700,28662.5,28693,28641.25,28656.25
1784856600,28655.5,28685.5,28646.25,28664
1784857500,28663,28673.25,28607,28614.25
1784858400,28612.75,28632,28593.75,28616.75
1784859300,28617.5,28625,28587,28594.75
1784860200,28595.25,28598.25,28547.75,28548
1784861100,28548,28552.5,28515,28519.25
1784862000,28520,28546.5,28517.75,28539.5
1784862900,28539.5,28560.75,28521.25,28545.5
1784863800,28544.25,28555.75,28499.75,28505
1784864700,28503.5,28520,28481,28485
1784865600,28486.5,28515.75,28465.5,28485
1784866500,28485.25,28556.75,28483,28551.75
1784867400,28550.5,28558,28512.25,28529.25
1784868300,28528.75,28571.5,28520,28565.25
1784869200,28564.5,28600.25,28548.25,28593.25
1784870100,28590.75,28602,28569.5,28582.25
1784871000,28583,28595,28566.5,28590.25
1784871900,28589.75,28607,28544,28545
1784872800,28546.75,28550,28503,28508.75
1784873700,28512,28576.25,28507.75,28534.5
1784874600,28536.5,28561.5,28505,28507
1784875500,28507.75,28548,28481,28543.75
1784876400,28544,28637.75,28539.25,28636.5
1784877300,28637,28663,28623.5,28654
1784878200,28653.75,28658,28609,28626.25
1784879100,28625.5,28633,28611.25,28614.25
1784880000,28615.75,28619,28556.5,28573.5
1784880900,28573.5,28622.25,28571.25,28621.75
1784881800,28621.75,28649.5,28614.75,28631
1784882700,28630,28635,28609,28622
1784883600,28623.5,28681.25,28612,28643.25
1784884500,28642,28677,28632,28672.75
1784885400,28674.75,28702,28663.25,28695.25
1784886300,28695.5,28704.25,28680.25,28700.5
1784887200,28700.25,28706.25,28658.5,28664
1784888100,28663.5,28679.25,28654.25,28667.5
1784889000,28668.25,28686.5,28637.75,28646.5
1784889900,28646.5,28657.25,28633.25,28640.5
1784890800,28640,28666.75,28632,28656
1784891700,28656.75,28663.75,28637,28644.25
1784892600,28641,28649,28616.25,28616.25
1784893500,28618.5,28700,28601.5,28680.5
1784894400,28678.5,28695.5,28624.25,28690
1784895300,28689.25,28698.5,28650,28686.5
1784896200,28686,28689,28624.25,28629.75
1784897100,28628.75,28635.75,28587.25,28592
1784898000,28591.25,28602.5,28571.75,28591.75
1784898900,28590.75,28616,28538,28540.25
1784899800,28540,28622,28458.25,28485
1784900700,28483.25,28511.75,28313.5,28322.25
1784901600,28323,28451.25,28304.25,28420.75
1784902500,28421,28432.25,28299,28391
1784903400,28391.75,28396,28262.75,28287.25
1784904300,28287,28461.5,28254.5,28449.25
1784905200,28449,28510,28355,28493.25
1784906100,28494.25,28557.25,28453.5,28499.75
1784907000,28500.75,28577.5,28484.5,28506
1784907900,28507,28583.75,28491.75,28576
1784908800,28576.75,28630.75,28549.5,28574.25
1784909700,28574.5,28594,28552.5,28565.75
1784910600,28566,28569,28495,28499.75
1784911500,28499.25,28511,28460.25,28495.75
1784912400,28494.75,28502.5,28427,28459.25
1784913300,28458,28521.75,28441,28514.5
1784914200,28515.25,28544,28463,28464.75
1784915100,28464.75,28501.75,28452,28466
1784916000,28467,28486,28420.25,28428.25
1784916900,28428.25,28431,28333,28336.25
1784917800,28337.75,28346.75,28259,28276.5
1784918700,28275.25,28328.5,28269.75,28302.5
1784919600,28301.75,28328.5,28219.75,28221.75
1784920500,28220.75,28266.5,28212.5,28253.5
1784921400,28253,28304.75,28238.75,28274
1784922300,28274.25,28295,28224.5,28283.25
1784923200,28283.5,28303.25,28259.25,28291.25
1784924100,28292.25,28329.5,28292.25,28305
1784925000,28303.5,28307.25,28283.75,28305.5
1784925900,28305.75,28313.5,28289.25,28306.5
1785103200,28500,28682.25,28500,28614
1785104100,28614.5,28647,28594.5,28623.25
1785105000,28623.5,28641.5,28618.75,28626
1785105900,28625.25,28636.25,28604,28609.5
1785106800,28612.25,28638.75,28597.75,28630.75
1785107700,28631.5,28637,28610.25,28616.75
1785108600,28617,28669.75,28610.5,28653.75
1785109500,28654.75,28731,28638,28727.5
1785110400,28728.25,28733.75,28615,28663.5
1785111300,28661.75,28662.5,28581.75,28619.25
1785112200,28618.25,28656,28597.25,28598.25
1785113100,28600,28655.25,28595.25,28598.25
1785114000,28599.75,28634.5,28565.75,28572.75
1785114900,28572.25,28582,28525,28538
1785115800,28542.75,28621.25,28536,28590.25
1785116700,28589.5,28614,28571.75,28614
1785117600,28614.75,28627.75,28587,28608.5
1785118500,28606.75,28652.75,28605.5,28638.5
1785119400,28639,28657.25,28606.25,28648.25
1785120300,28650.25,28658.5,28611.5,28615.5
1785121200,28615.5,28646,28606,28644.25
1785122100,28644,28650.75,28618.25,28619.25
1785123000,28620.5,28637,28599.75,28619.75
1785123900,28619,28627,28592.75,28614
1785124800,28614,28626.5,28597.75,28621
1785125700,28621.25,28647,28606.75,28620.75
1785126600,28620.75,28653.75,28609.25,28648.75
1785127500,28648.75,28663,28637.75,28644
1785128400,28646.25,28674.75,28638,28671.5
1785129300,28669,28684,28665.25,28679.75
1785130200,28680,28703.75,28673.75,28686.5
1785131100,28685.75,28704.25,28681.25,28694.5
1785132000,28694.5,28728.5,28693.75,28717.25
1785132900,28716.75,28723,28693.75,28697.75
1785133800,28697.25,28715.5,28694,28696
1785134700,28697.25,28702.75,28680,28695
1785135600,28692.75,28729,28689,28727.5
1785136500,28728.25,28732,28702.5,28705.25
1785137400,28703.25,28704,28672,28695.5
1785138300,28695.5,28701.75,28661.25,28661.75
1785139200,28661,28701.25,28658.5,28693.25
1785140100,28692,28724.25,28677,28719
1785141000,28720.75,28744,28703.25,28733.75
1785141900,28736.5,28749.5,28724.5,28736
1785142800,28737,28738.75,28719.75,28725.5
1785143700,28725.25,28738.75,28723.25,28726.25
1785144600,28727,28748.25,28718.25,28746.75
1785145500,28746,28763.25,28742.5,28744.75
1785146400,28744,28753.5,28726.25,28737.75
1785147300,28738.75,28748,28730.25,28738
1785148200,28740,28750.5,28733.75,28748
1785149100,28746,28758,28739.75,28740.75
1785150000,28742,28743.5,28708.25,28712.5
1785150900,28711.5,28720,28648.5,28652.75
1785151800,28653.25,28685,28645.5,28667.75
1785152700,28667.25,28677,28659.25,28673
1785153600,28673.25,28697.75,28633.25,28635
1785154500,28637,28653.25,28629.25,28650.75
1785155400,28650.5,28671,28631.75,28669
1785156300,28669.25,28692.5,28666.25,28690.25
1785157200,28692,28700,28647.75,28662.25
1785158100,28662.75,28676,28588,28590.5
1785159000,28590.5,28615.75,28428,28455
1785159900,28455,28504,28341.25,28347.75
1785160800,28347.75,28372.75,28230.75,28252
1785161700,28253.25,28299,28075.25,28086.25
1785162600,28086.5,28105.25,27939,27959
1785163500,27958.5,28180.25,27957.25,28169.25
1785164400,28171,28198.5,28121.75,28124.75
1785165300,28125.25,28151.5,28046,28072.25
1785166200,28074.25,28085.75,27980.25,28039.75
1785167100,28039,28074,27995.25,28062.5
1785168000,28062.75,28154.25,28057.75,28078.75
1785168900,28078.75,28204.5,28043.5,28153.75
1785169800,28154.25,28196.75,28112.5,28132.75
1785170700,28134.25,28156,28027.75,28048.5
1785171600,28047,28056.25,27993.75,28033.75
1785172500,28034,28043.25,27986,27998.75
1785173400,27998.5,28065,27997.5,28036.25
1785174300,28036,28106.25,28013.75,28104.75
1785175200,28104.75,28121.25,28085.5,28100.5
1785176100,28100.5,28105.25,28049.75,28082
1785177000,28082.25,28088.25,28019.25,28083.5
1785177900,28083.25,28191,28069.5,28188.25
1785178800,28188.75,28232.25,28165.25,28201.25
1785179700,28200.75,28247.5,28195.5,28243
1785180600,28243.75,28255.75,28172.5,28175.75
1785181500,28176,28205,28155.25,28192.25
1785182400,28192.5,28219.5,28169.25,28190.75
1785183300,28190.5,28194.5,28174.25,28194.5
1785184200,28194.5,28230,28186.75,28207.5
1785185100,28208.25,28212,28186.75,28210
1785189600,28210.5,28228,28156,28158.5
1785190500,28159,28167.75,28125.5,28129.5
1785191400,28128.25,28156.5,28124.5,28133.5
1785192300,28134.75,28149,28123.5,28132.5
1785193200,28131.75,28151.75,28105.25,28129
1785194100,28129.25,28163.25,28118,28162.25
1785195000,28160.75,28161.5,28130,28132
1785195900,28134.5,28179.25,28121.25,28163.5
1785196800,28164.75,28195,28094.75,28111
1785197700,28111,28132,28068.25,28104.5
1785198600,28103.75,28139.75,28059.75,28121
1785199500,28118.75,28119.5,28052.75,28072
1785200400,28072,28078,27969,27992.75
1785201300,27993.25,28078.25,27986,28062.25
1785202200,28059.75,28097,28046.75,28080.75
1785203100,28078.75,28094.75,28008.75,28022
1785204000,28021.75,28024.25,27984.25,27996.25
1785204900,27992.75,28030.25,27972.25,27987.75
1785205800,27987,27989.5,27951.5,27972
1785206700,27972.5,28006.75,27955,27993
1785207600,27993,27998,27932.5,27968.75
1785208500,27967.5,28047.25,27964,27987.5
1785209400,27984.5,28063.25,27951.5,28056.75
1785210300,28057.25,28070.5,28026.5,28049.25
1785211200,28049,28049.25,27978,27986.75
1785212100,27986,28017,27970,27972.75
1785213000,27972.75,27984,27960,27974.25
1785213900,27974.25,28003,27951,27954.75
1785214800,27957,27983,27942.75,27948
1785215700,27947.5,27955.75,27914,27919.5
1785216600,27921,27923.5,27876,27897.25
1785217500,27896.5,27924,27870.75,27880
1785218400,27882.25,27902.25,27839.5,27844.25
1785219300,27847.25,27907,27845.5,27902.5
1785220200,27902.75,27936,27892,27919.25
1785221100,27917,27958.25,27902.5,27947.25
1785222000,27945.5,27980.75,27934,27972.25
1785222900,27973,27989,27939,27943.25
1785223800,27944,27962.5,27927,27939.75
1785224700,27939,27954.75,27908,27933.5
1785225600,27934.25,27947.75,27880,27888.75
1785226500,27890.75,28007.25,27884.75,27999.5
1785227400,28003,28046.5,27975,28037
1785228300,28037.5,28052,27986.75,27994.25
1785229200,27992.25,28015.25,27982.5,27988.75
1785230100,27990.25,28016.5,27985.25,28012
1785231000,28009.75,28010.25,27967.25,27972.5
1785231900,27973.75,27981.25,27941.5,27956
1785232800,27956,27966,27947.5,27952
1785233700,27951.5,27969.5,27933.5,27967.25
1785234600,27968.5,27980.5,27904.25,27933
1785235500,27932,27951.5,27926.5,27942.75
1785236400,27945.75,27952.25,27864.75,27869.5
1785237300,27869.25,27958,27869.25,27883
1785238200,27882,27929.25,27848.25,27863.75
1785239100,27862.5,27975,27859.75,27963.75
1785240000,27962.5,28001.75,27949.25,27963
1785240900,27967,28018.5,27949.5,28010
1785241800,28010.75,28027.75,27956.25,28009.5
1785242700,28010.5,28032.75,27977.5,27993.25
1785243600,27993.75,28027.75,27974,28001.25
1785244500,28003,28028.5,27938,27949
1785245400,27950,27992,27728.5,27749.75
1785246300,27749.25,27799,27641.75,27665.25
1785247200,27665.5,27793.5,27608.75,27630.25
1785248100,27631.75,27717.5,27603.5,27706.5
1785249000,27706.5,27793,27669,27772.25
1785249900,27770.75,27890,27745.5,27801.75
1785250800,27803,27882,27768,27854.25
1785251700,27853.75,28010,27836.5,27965
1785252600,27965.75,28036,27948.75,28031.5
1785253500,28032,28062.5,28010.5,28048
1785254400,28047.75,28068.75,27996.75,28007.5
1785255300,28007.75,28045.25,27984.75,27995.25
1785256200,27995.5,28043.75,27953.5,28032.75
1785257100,28032,28080,27993,28057.5
1785258000,28057.5,28066.5,27969,27988
1785258900,27988,28045.75,27973.5,27996.5
1785259800,27996,28043.5,27949,27954.5
1785260700,27954.25,27987,27925,27972.5
1785261600,27974,27999.5,27915,27917
1785262500,27917.25,27947.75,27912.5,27925.25
1785263400,27926.75,27963.75,27920.5,27937.75
1785264300,27937.5,27979.5,27929,27972.75
1785265200,27972.25,28021.75,27972,27987.25
1785266100,27986.5,28021.25,27965.25,28017.75
1785267000,28018,28023.75,27941.5,27954.25
1785267900,27954.25,27988.25,27911,27918.5
1785268800,27919.5,27967.75,27884.25,27918.5
1785269700,27920.5,27991.25,27910.75,27977.75
1785270600,27977,27983.25,27937.5,27947.75
1785271500,27947.75,27962.75,27935.75,27960.5
1785276000,27962,28013.25,27955.75,27972
1785276900,27973,27979,27906.5,27939.25
1785277800,27939,27943.25,27855.25,27861
1785278700,27863.25,27863.5,27756.25,27756.75
1785279600,27758.25,27857.75,27728.5,27842.75
1785280500,27842.5,27890.5,27809.25,27889.25
1785281400,27888.5,28025,27884.5,28014
1785282300,28012.25,28104.5,27989.75,28102.5
1785283200,28102.75,28178.25,28077.25,28141.25
1785284100,28139.75,28161.5,28052,28073.75
1785285000,28075,28080,28018,28068.75
1785285900,28068,28085,28000.25,28013.25
1785286800,28011.75,28041.25,27911.5,27922
1785287700,27920.25,28007,27896.25,27971.75
1785288600,27972,27982.25,27878,27880
1785289500,27879.5,27892,27784,27785.25
1785290400,27785,27868,27770.25,27845.25
1785291300,27842.75,27896.5,27796,27896.5
1785292200,27894.5,27912.75,27858.25,27887.75
1785293100,27887.75,27891,27823,27839.5
1785294000,27839,27882.5,27788,27828.5
1785294900,27831,27839.75,27775.5,27777.75
1785295800,27776.75,27792.5,27742.25,27772.75
1785296700,27773.5,27786,27702,27716
1785297600,27719,27723.25,27676.75,27691.5
1785298500,27691.5,27715.75,27648,27684.75
1785299400,27682.25,27720,27648.75,27649.75
1785300300,27651.25,27759,27640,27756
1785301200,27758.75,27834.75,27735.75,27832.5
1785302100,27833.75,27834.25,27773.25,27815.25
1785303000,27815.25,27852.75,27787,27826.75
1785303900,27828,27841.75,27790,27794
1785304800,27794,27797.25,27736.25,27764.5
1785305700,27766.5,27811.25,27755.25,27811
1785306600,27811.5,27913.5,27811.5,27910.25
1785307500,27907.5,27942.25,27895,27928.75
1785308400,27928.75,27945.5,27895.75,27923
1785309300,27923,27953,27905.75,27946.25
1785310200,27945.75,27962.75,27920.25,27920.25
1785311100,27922,27923.25,27891.25,27906
1785312000,27906.25,27924.75,27857.5,27861
1785312900,27860,27885,27820,27841.5
1785313800,27842,27930.5,27830.75,27923.25
1785314700,27924.5,27939.25,27896,27904
1785315600,27904.5,27978.5,27901,27978
1785316500,27977.25,27986,27951.5,27977.5
1785317400,27976.5,28012.5,27957.75,27999.75
1785318300,28002.25,28060,27999,28019.75
1785319200,28018.25,28046,28003.75,28010.25
1785320100,28010.75,28024.5,27986.25,28017.25
1785321000,28017.5,28023,27953.25,27968.25
1785321900,27968,27970.25,27931.5,27948
1785322800,27950.25,28003.75,27934.5,27992.25
1785323700,27991.25,28023.75,27983.25,28000.75
1785324600,27999.25,28008,27959.5,27965.75
1785325500,27965.25,28004.25,27956.75,28002.75
1785326400,28002,28007.75,27933.75,27940
1785327300,27940,27947.5,27852.75,27867.25
1785328200,27867,27918.5,27844.25,27911.75
1785329100,27912,27933.25,27903.5,27907.75
1785330000,27909,27917,27869.5,27872.75
1785330900,27872,27942.5,27856,27914
1785331800,27914.5,27996,27836.5,27916.5
1785332700,27916.25,27948,27667.75,27733.75
1785333600,27735.25,27826.5,27635.75,27648
1785334500,27648.75,27695.75,27538.75,27573.25
1785335400,27571,27652.25,27510,27537.75
1785336300,27537,27615.75,27518.25,27600
1785337200,27600.5,27657.5,27565.75,27577.75
1785338100,27577.5,27625,27547,27555.75
1785339000,27556.25,27596.75,27518,27535.25
1785339900,27533.75,27566.5,27464.5,27517
1785340800,27518.25,27542,27419.5,27419.75
1785341700,27420.25,27556.5,27409.25,27551
1785342600,27551.25,27586,27485.25,27504
1785343500,27502.5,27603.5,27489.5,27603.25
1785344400,27603.75,27737.25,27595.25,27736.5
1785345300,27736.5,27750,27650.75,27650.75
1785346200,27650.75,27695,27629.5,27681
1785347100,27681.25,27727.75,27656,27721.75
1785348000,27723,27888.5,27714.75,27798.5
1785348900,27800,27843.5,27727.5,27776.5
1785349800,27777,27987.5,27709,27975.5
1785350700,27974.5,28096.75,27961.25,28056.75
1785351600,28057.5,28099.5,27839.5,27905
1785352500,27905,27938,27640.75,27712.25
1785353400,27711.25,27744,27458.75,27473.5
1785354300,27473.25,27512.25,27317.5,27335
1785355200,27338,27364,27201.5,27300.5
1785356100,27300,27338.75,27209.5,27242.25
1785357000,27244,27331.25,27207,27312
1785357900,27312.25,27322.25,27256.5,27259.25
1785362400,27202,27489.5,27202,27434.75
1785363300,27437.25,27484,27395.5,27435
1785364200,27435.75,27465.5,27412,27459.75
1785365100,27460,27479.5,27418.75,27451.5
1785366000,27449.5,27524.25,27446.25,27476.5
1785366900,27482.25,27541,27469.25,27532.75
1785367800,27534.25,27559.25,27500,27523.75
1785368700,27520,27555.5,27495.25,27520.75
1785369600,27521.75,27608,27472.25,27578.75
1785370500,27579,27602.75,27550.5,27593.5
1785371400,27594.75,27611,27489.75,27505.75
1785372300,27506,27548.75,27490.25,27547.25
1785373200,27547.25,27664.25,27535.25,27570.75
1785374100,27569.5,27648,27565,27637.75
1785375000,27637.75,27694.5,27635.25,27678
1785375900,27677.5,27696.75,27648.25,27653
1785376800,27652,27687.5,27629.25,27636
1785377700,27636,27653.25,27603.25,27610.5
1785378600,27613.25,27613.25,27559.5,27610
1785379500,27610.75,27631,27539,27541.75
1785380400,27542,27576.25,27485,27497
1785381300,27498.75,27523.25,27471.25,27515.5
1785382200,27516.5,27556.75,27480.25,27532.5
1785383100,27529.5,27563.5,27517.75,27533.5
1785384000,27532.5,27544.25,27481.75,27485.25
1785384900,27485,27541.75,27459.5,27535
1785385800,27534,27543.75,27461.75,27471
1785386700,27469.25,27512,27434.75,27447.75
1785387600,27446.25,27457.25,27421,27456.5
1785388500,27458.25,27499.5,27453.25,27478.25
1785389400,27476.5,27526.5,27465,27521
1785390300,27521.75,27546.25,27463.5,27487.75
1785391200,27487,27507,27457,27468.5
1785392100,27467.75,27498,27447.5,27479.5
1785393000,27481.5,27484.5,27434.75,27436.75
1785393900,27435.25,27463,27415,27434.25
1785394800,27433.75,27521.75,27416.25,27475.75
1785395700,27478.75,27482.25,27392.75,27408
1785396600,27413,27447.5,27351.25,27434
1785397500,27431.5,27441.75,27389.5,27395.25
1785398400,27394.5,27456,27337.5,27437.75
1785399300,27437.75,27522.5,27425.75,27506.5
1785400200,27510.5,27527.25,27489,27493.75
1785401100,27493.25,27508.75,27460.5,27485.25
1785402000,27486,27555,27469.75,27534.5
1785402900,27536.75,27574.75,27525.25,27554.5
1785403800,27553.5,27586,27538.25,27543.5
1785404700,27544.25,27555.75,27508,27514.75
1785405600,27515.5,27564.5,27488.25,27541.5
1785406500,27543.25,27627.25,27541.25,27617.75
1785407400,27616.5,27648,27606.5,27631
1785408300,27631,27647.75,27611,27618.5
1785409200,27619,27686.5,27613,27665.75
1785410100,27666,27730,27661.5,27715
1785411000,27715.5,27727.25,27673,27699.75
1785411900,27700.75,27745.25,27700.5,27725
1785412800,27723.5,27765.5,27695.75,27763
1785413700,27763.75,27766.25,27714,27740.25
1785414600,27740.25,27808.75,27715.25,27777
1785415500,27777,27821.75,27763,27805.5
1785416400,27807,27876.25,27793,27840
1785417300,27839.75,27883.25,27831.25,27876.25
1785418200,27877.25,27996.5,27813.25,27976.25
1785419100,27976.75,28162.25,27973.25,28151.75
1785420000,28150.5,28183.75,28066.75,28107.5
1785420900,28107.25,28240,28080.25,28226
1785421800,28226.5,28246.5,28160.25,28175.5
1785422700,28175.5,28196,28022.5,28070.75
1785423600,28071.5,28137.75,28012.75,28023.75
1785424500,28024.5,28099.5,27996.25,28010.5
1785425400,28010.5,28108.5,28001,28089.5
1785426300,28090,28133.75,28049.25,28079.5
1785427200,28078.75,28190,28059,28186
1785428100,28185.25,28192.75,28140.5,28143.75
1785429000,28143.5,28150.5,28054.5,28068.75
1785429900,28068.25,28136.5,28066.25,28126.75
1785430800,28127,28183.75,28126,28159.25
1785431700,28158.25,28207.75,28156.25,28169
1785432600,28169.5,28197.75,28139.5,28188.25
1785433500,28188.5,28208.5,28165.5,28177.5
1785434400,28177.5,28205,28167,28200.5
1785435300,28200.5,28203.75,28162.25,28183
1785436200,28183,28199,28148.5,28167.5
1785437100,28167,28189.5,28154.75,28180.75
1785438000,28181,28296.5,28179.75,28274.75
1785438900,28274.25,28297.75,28242,28244.5
1785439800,28243.75,28257.25,28219.75,28232.25
1785440700,28232.75,28262.5,28202.5,28229
1785441600,28228.75,28367,28205.5,28324.75
1785442500,28324.25,28372.25,28322.75,28366.25
1785443400,28366.5,28414.5,28311,28361.25
1785444300,28360,28363,28322.5,28333.5
1785448800,28317,28413.75,28300,28384.75
1785449700,28382.5,28407,28350.5,28354
1785450600,28352,28406,28331,28403
1785451500,28402.75,28409.75,28390,28395
1785452400,28394.25,28426.5,28377,28384.75
1785453300,28386,28392.5,28364,28378
1785454200,28378.25,28416.5,28362.25,28406.75
1785455100,28406.75,28445,28391.5,28422.75
1785456000,28424,28476.5,28397.25,28466.75
1785456900,28467,28488,28447.25,28483.25
1785457800,28481,28509.75,28480.5,28497.25
1785458700,28500,28524.5,28468.75,28521.75
1785459600,28523,28569.5,28522.75,28561.25
1785460500,28560,28572,28543.75,28551
1785461400,28549,28558.25,28489,28497
1785462300,28496.5,28500,28455.5,28478
1785463200,28478,28499.5,28433.25,28438
1785464100,28438.25,28438.75,28401,28423.5
1785465000,28422.5,28432,28389.5,28421.25
1785465900,28421,28438,28397.75,28431.25
1785466800,28431.5,28436,28398,28418.25
1785467700,28417.75,28476.5,28417,28462.75
1785468600,28464.5,28478.25,28452.25,28463.75
1785469500,28461.25,28470.5,28428.25,28459.5
1785470400,28458.25,28468,28423,28463.5
1785471300,28463.5,28512,28451.5,28511.25
1785472200,28512,28552.5,28507.75,28551.5
1785473100,28551.25,28557,28534.5,28549
1785474000,28548.75,28570,28538.5,28557.75
1785474900,28558.5,28581,28552.5,28573
1785475800,28573.5,28585.75,28541,28552.75
1785476700,28551.75,28590.75,28548.75,28585
1785477600,28585.5,28611.75,28577,28606.75
1785478500,28605.75,28611,28580.75,28590.25
1785479400,28589.5,28593,28457.5,28484
1785480300,28484.75,28509.75,28450,28488.25
1785481200,28484.25,28543.25,28455,28535.75
1785482100,28535,28574.5,28507,28546
1785483000,28547.25,28574,28534.5,28566.5
1785483900,28566.25,28584.25,28542.5,28575
1785484800,28572.75,28590.75,28524.75,28576.75
1785485700,28576.75,28610,28564.25,28600
1785486600,28595.25,28611,28561.5,28567.25
1785487500,28568.75,28607.25,28564.25,28602.75
1785488400,28603.25,28640.75,28598.25,28629.25
1785489300,28627.5,28631.25,28584.75,28589.25
1785490200,28588.75,28591.5,28530,28552.5
1785491100,28552.25,28569.75,28528.5,28533
1785492000,28531.75,28564.75,28519.5,28555.75
1785492900,28555,28579.25,28546.5,28572
1785493800,28572.25,28583,28561.75,28578.25
1785494700,28579.25,28591.25,28552,28565.5
1785495600,28563.25,28626,28563,28594.75
1785496500,28596.25,28599.5,28548.5,28553.25
1785497400,28555.75,28560.75,28523,28538.25
1785498300,28540,28560.75,28532,28553.5
1785499200,28554.75,28555.25,28477,28481
1785500100,28480.25,28506,28448,28496.5
1785501000,28496.75,28502.75,28432.25,28453
1785501900,28452.75,28490.5,28437.75,28468.25
1785502800,28468.5,28531,28457.75,28530
1785503700,28529.25,28584,28529,28576
1785504600,28576.75,28725.75,28415.75,28419
1785505500,28420,28472.75,28295.5,28360.5
1785506400,28356.75,28393,28100.5,28137.5
1785507300,28137,28258.75,28079.75,28249.75
1785508200,28249.5,28296,28211.75,28268.75
1785509100,28268.25,28345.5,28237,28307.5
1785510000,28308.75,28342.25,28214.75,28269.25
1785510900,28270.5,28339.25,28122.25,28151.25
1785511800,28152,28261,28115.5,28215
1785512700,28215.25,28295,28164,28274
1785513600,28274,28308.5,28243.75,28300.5
1785514500,28301.5,28364.25,28256,28363.75
1785515400,28363.75,28388.75,28313.75,28321.5
1785516300,28321.5,28390,28308.5,28366.75
1785517200,28367.25,28411.25,28360,28402
1785518100,28403,28477.5,28396,28461.5
1785519000,28462.5,28503,28443.25,28457.5
1785519900,28456.25,28475.75,28415.75,28429
1785520800,28429,28459.75,28395.25,28403.75
1785521700,28402.75,28446,28398.5,28422
1785522600,28422,28448,28415.5,28432.5
1785523500,28432.5,28462,28416.5,28433.75
1785524400,28433.5,28458.75,28405.5,28433
1785525300,28433.5,28498,28426.25,28475.25
1785526200,28474.5,28483.5,28434.5,28476.75
1785527100,28477,28524,28380,28402.75
1785528000,28402.5,28434.25,28340.5,28393.75
1785528900,28394,28395.25,28362.25,28372.5
1785529800,28369.75,28395.5,28356,28382
1785530700,28381,28386.25,28258.25,28287
1785708000,28565,28641.25,28549.25,28623
1785708900,28624,28632.5,28582,28613.5
1785709800,28615.25,28623.75,28594.25,28600.25
1785710700,28599.5,28605,28560.25,28570.25
1785711600,28568.75,28591,28545,28556.75
1785712500,28556.25,28596,28553,28585.25
1785713400,28585.5,28610,28574.5,28606
1785714300,28603.5,28637.5,28571.25,28614
1785715200,28611,28615.25,28554.5,28610.5
1785716100,28610.75,28630.5,28537.5,28556.75
1785717000,28554.25,28611,28542.5,28583.75
1785717900,28582.25,28626,28572.5,28622
1785718800,28622.25,28635,28584.75,28592
1785719700,28590.75,28614.75,28564.25,28609
1785720600,28607.5,28630,28578,28630
1785721500,28630,28650,28618.5,28644
1785722400,28644.75,28668.75,28631,28662.75
1785723300,28661.5,28681.5,28634.5,28640.25
1785724200,28640.5,28669.75,28633.75,28644.5
1785725100,28646.5,28666.5,28639.25,28660.5
1785726000,28662.5,28675.75,28657.5,28664
1785726900,28665,28676.5,28641.25,28645.75
1785727800,28647,28674,28640,28671.75
1785728700,28672.75,28698.25,28665.25,28670
1785729600,28669,28672,28652.5,28661.75
1785730500,28662.75,28688.5,28662.75,28683.25
1785731400,28682.75,28686,28666.5,28674.25
1785732300,28673.75,28688.25,28648.5,28651
1785733200,28650.75,28666.25,28634,28638.5
1785734100,28638.75,28648.75,28622.5,28638.25
1785735000,28636.75,28649.75,28628.25,28634.5
1785735900,28634.5,28645.25,28617,28641.25
1785736800,28642,28661,28631.5,28642.25
1785737700,28641,28652,28618.5,28625.75
1785738600,28627,28645,28609,28609
1785739500,28609.75,28618.75,28575.75,28593.25
1785740400,28594.25,28634.5,28563.75,28617.5
1785741300,28618.75,28631,28569.25,28604
1785742200,28604.5,28615.5,28560.25,28564.25
1785743100,28563,28589.5,28558.5,28588.25
1785744000,28588,28591,28518.5,28561.25
1785744900,28560,28564.25,28473.25,28488
1785745800,28487.25,28555,28471.75,28537.25
1785746700,28536.25,28595,28527,28594
1785747600,28594.75,28601,28543,28558.75
1785748500,28559,28582.25,28547.25,28556.75
1785749400,28556.75,28576.5,28543.5,28545.75
1785750300,28546.25,28563.25,28521,28559
1785751200,28559.25,28565.25,28526,28527.25
1785752100,28525.5,28540,28488.5,28508
1785753000,28508,28531.5,28490,28527.75
1785753900,28526.75,28546.5,28514.25,28541
1785754800,28541.25,28547,28465.25,28487.25
1785755700,28487.5,28513,28468.75,28468.75
1785756600,28468.75,28512.5,28450.5,28474.5
1785757500,28475.25,28477,28403.5,28420.25
1785758400,28420.25,28435.75,28383.5,28434.75
1785759300,28435.5,28461.75,28421.75,28449
1785760200,28450,28487.75,28437.75,28487.25
1785761100,28487.5,28491.5,28442,28459.25
1785762000,28459.25,28477.5,28440,28460
1785762900,28460.25,28494.25,28396.5,28417.75
1785763800,28419,28540,28313.5,28494
1785764700,28495,28628,28443.25,28626.25
1785765600,28623.75,28626.5,28529.5,28572.25
1785766500,28571.25,28684,28558.75,28678.5
1785767400,28677.5,28735,28661.5,28708
1785768300,28708,28803.75,28699.75,28801.75
1785769200,28801,28802.25,28747.5,28758.25
1785770100,28757,28798.75,28722,28734.25
1785771000,28734.25,28788.5,28731.75,28782.5
1785771900,28781.75,28814.5,28775,28792.5
1785772800,28792.5,28821.25,28790,28815.5
1785773700,28814.25,28847.25,28812.5,28837
1785774600,28837,28844.75,28811.75,28833.75
1785775500,28834.25,28843.75,28819,28822.5
1785776400,28822.75,28863.75,28813,28857.5
1785777300,28857.75,28890.5,28855.75,28885.75
1785778200,28885.5,28894,28874.5,28885.5
1785779100,28885.75,28921.75,28884.75,28917.5
1785780000,28917.5,28964.25,28917.5,28940
1785780900,28940.5,28958.75,28890.25,28892
1785781800,28892,28914.25,28882.75,28913
1785782700,28913.25,28926,28892.25,28907
1785783600,28907.5,28943.75,28895,28900
1785784500,28899.5,28926.5,28898.5,28912.75
1785785400,28912.75,28926,28899.5,28914.75
1785786300,28915.25,28935.5,28865.25,28901.25
1785787200,28901.5,28917.25,28878.25,28911
1785788100,28910.75,28945,28910.5,28913.75
1785789000,28913.25,28931.75,28909.75,28929.5
1785789900,28929.75,28931.5,28914.5,28929.25
1785794400,28930,28950.75,28919,28927.75
1785795300,28927.75,28948.5,28927.75,28944
1785796200,28941.5,28962.25,28932.25,28957.75
1785797100,28956.5,28956.75,28941.25,28945.75
1785798000,28944,28947.75,28930.25,28938.5
1785798900,28938.25,28958.75,28938.25,28948.75
1785799800,28947.75,28959.75,28934,28941.75
1785800700,28941.75,28972.25,28939.5,28971
1785801600,28971.25,28976.25,28927.25,28930.75
1785802500,28932.25,28932.75,28900.5,28905.75
1785803400,28905.5,28907.75,28864.25,28891.25
1785804300,28892.25,28908.25,28868,28876.75
1785805200,28876,28877.25,28831.75,28858.5
1785806100,28859.75,28902.5,28851.5,28901.5
1785807000,28901,28943.5,28899.25,28942.75
1785807900,28943,29048,28941.75,29041.25
1785808800,29041.75,29044.75,28967.5,28971
1785809700,28970,28978,28942.5,28949.5
1785810600,28948.5,28994.5,28948.5,28985.75
1785811500,28985.75,28992,28960,28972.75
1785812400,28972.5,28992,28932.75,28941.25
1785813300,28942.75,28986,28931.75,28976.75
1785814200,28977.25,29004.5,28958.25,28968.75
1785815100,28967,29005.5,28957.75,28995.5
1785816000,28995.5,29006.25,28968.5,28974.5
1785816900,28977.25,29015.25,28976.25,29007.5
1785817800,29009.25,29014.5,28995.75,28999.5
1785818700,28997.5,29023.25,28994.75,29015.5
1785819600,29016.25,29022.25,28978.25,28987.75
1785820500,28987.75,29032.25,28983,29026.5
1785821400,29025.25,29074.75,29025,29058.5
1785822300,29056.25,29074.25,29042.5,29072.25
1785823200,29073.5,29092.5,29067.25,29089
1785824100,29089,29098.75,29076.5,29081.5
1785825000,29081.25,29090,29042.5,29054.75
1785825900,29055,29074,29051.75,29073.75
1785826800,29072,29100.25,29036.5,29069
1785827700,29069.75,29109,29062.25,29099
1785828600,29099.75,29119.25,29074.25,29081.5
1785829500,29080.25,29109.75,29065.25,29071.25
1785830400,29072,29124,29068,29108
1785831300,29106,29131.5,29096.75,29112
1785832200,29111.5,29111.5,29060,29069.5
1785833100,29067.5,29077.5,29039,29068.75
1785834000,29069,29069,29011.75,29032.75
1785834900,29033,29045.25,29007.5,29044
1785835800,29046,29080.75,29042,29076.75
1785836700,29076.75,29089.25,29057.5,29077.75
1785837600,29078.5,29111.75,29067.25,29106.75
1785838500,29106.5,29115.25,29085.75,29096.75
1785839400,29096.25,29130.75,29074,29120.75
1785840300,29120.25,29145,29103.25,29115.5
1785841200,29116.75,29149.75,29114.25,29144.5
1785842100,29144.5,29171.5,29139.5,29170.5
1785843000,29170.75,29212.5,29150.25,29204.75
1785843900,29203,29245.75,29189.75,29237.5
1785844800,29238,29238,29202.5,29206.25
1785845700,29205.5,29234.25,29204,29221.5
1785846600,29223,29225.75,29199,29219.5
1785847500,29219,29221.5,29188,29202.75
1785848400,29203.25,29235.25,29191.25,29231
1785849300,29232,29282.25,29218.5,29233.75
1785850200,29234.75,29452.75,29208.25,29411.5
1785851100,29410.75,29503.75,29409.75,29466
1785852000,29465.25,29544.25,29432,29541
1785852900,29540.25,29568.5,29484,29559
1785853800,29558.5,29572.75,29517.25,29557
1785854700,29557,29561.5,29523.5,29549.75
1785855600,29549.75,29624.75,29544,29618.75
1785856500,29619,29663.5,29613.25,29639.5
1785857400,29639,29682.5,29622,29677
1785858300,29677.75,29696.75,29667.5,29671
1785859200,29671,29700,29661.25,29674.5
1785860100,29674.5,29719.75,29673.75,29706.5
1785861000,29706.5,29731.75,29695,29726.25
1785861900,29726.75,29744.5,29726.25,29742.75
1785862800,29742.75,29799.75,29739.25,29797.25
1785863700,29797,29825.75,29780.5,29819
1785864600,29819.25,29865.5,29803.5,29865.25
1785865500,29865.75,29898.75,29833.5,29834.75
1785866400,29835.25,29860.25,29808,29859
1785867300,29859.5,29884.25,29855,29879.75
1785868200,29880,29893,29839.75,29854.5
1785869100,29855,29895.5,29855,29881.5
1785870000,29881.75,29939.25,29878.25,29926.5
1785870900,29926.25,29945.25,29888.75,29900.5
1785871800,29901,29951,29889,29949.75
1785872700,29949.5,29956.5,29847.5,29877.75
1785873600,29877,29949.75,29851.5,29915.75
1785874500,29913.75,29913.75,29761.25,29791.75
1785875400,29790.5,29817.25,29764.5,29797.5
1785876300,29797,29826,29786,29818.25
1785880800,29777.25,29838.5,29776.5,29834.75
1785881700,29834.75,29844.25,29810.25,29833
1785882600,29835,29841.75,29794.75,29799.5
1785883500,29800.75,29828,29792.25,29827.5
1785884400,29825.75,29846.75,29809.75,29838.5
1785885300,29838.75,29845.5,29817.75,29825
1785886200,29824,29844.25,29802,29843
1785887100,29843.25,29857.25,29826,29834.75
1785888000,29835.5,29865,29818.75,29858.5
1785888900,29858,29864.5,29833.5,29863
1785889800,29862.75,29877,29835.5,29838.75
1785890700,29838,29862.5,29810,29848.75
1785891600,29849.25,29861.5,29817,29840
1785892500,29840.75,29842.75,29797,29817.75
1785893400,29819,29844.75,29813,29834
1785894300,29834.5,29887.5,29833.75,29869
1785895200,29870,29889.25,29864,29871
1785896100,29871.75,29876.25,29850.25,29853
1785897000,29854.5,29863,29842.25,29858.75
1785897900,29857.75,29875,29855.25,29860.75
1785898800,29859,29890,29855.75,29884.25
1785899700,29883.5,29892,29863.25,29863.25
1785900600,29864.75,29892,29858.25,29885.5
1785901500,29886.5,29893.75,29867.5,29888.5
1785902400,29889,29898.25,29882.25,29884.25
1785903300,29883.5,29883.75,29859.75,29871.25
1785904200,29872,29909.25,29869.25,29905.75
1785905100,29904.5,29917,29883.5,29902.75
1785906000,29902.5,29939.75,29895,29937.25
1785906900,29937.5,29949,29934,29937
1785907800,29936.75,29944.5,29919.75,29941.5
1785908700,29942,29985.25,29940.75,29980.5
1785909600,29980,29990,29961,29981
1785910500,29980.25,29982.75,29925.5,29929.25
1785911400,29929.5,29965,29925.75,29938.25
1785912300,29941,29970.75,29936.75,29969.75
1785913200,29969,29987,29936.25,29950.75
1785914100,29950.25,29953.25,29900.25,29907.5
1785915000,29908.25,29919.5,29885.25,29886.25
1785915900,29887.75,29913.5,29885,29903.25
1785916800,29905,29926,29853.75,29863.75
1785917700,29865,29873.75,29819.5,29833.75
1785918600,29836.5,29844.25,29798.5,29811.75
1785919500,29812.25,29843,29797.75,29836.5
1785920400,29837.75,29853.75,29822,29833.75
1785921300,29833.5,29864.25,29814.25,29861.25
1785922200,29862.25,29888.75,29860,29883.25
1785923100,29883,29893.5,29853.25,29857.5
1785924000,29857.25,29871.75,29833.75,29840.5
1785924900,29839.5,29866,29836.25,29858.75
1785925800,29857.5,29871.25,29850,29857.25
1785926700,29857.75,29871,29834.5,29862.25
1785927600,29865.5,29921,29865.5,29904.5
1785928500,29904.5,29923,29897.5,29900.5
1785929400,29900.5,29931.25,29890.5,29916
1785930300,29914.5,29943.5,29903.5,29919.5
1785931200,29919.5,29925.75,29891.25,29920
1785932100,29920,29939.75,29897.5,29935.25
1785933000,29935.5,29950,29892.75,29941
1785933900,29941.5,29946.5,29908.25,29915
1785934800,29917.25,29949.5,29916.75,29929.5
1785935700,29928.75,29978.5,29894.75,29975.25
1785936600,29975,30059,29910.25,30052
1785937500,30053.5,30074,29967.75,30048.75
1785938400,30048.5,30048.5,29918.5,29998.5
1785939300,29997.5,30026,29901.25,29915
1785940200,29915,29918.75,29824.75,29862.25
1785941100,29862.25,29905.5,29788,29848.25
1785942000,29849,29890.75,29826,29839.5
1785942900,29839,29849.5,29763.5,29809.5
1785943800,29808.5,29860.75,29805.5,29819.25
1785944700,29820,29820.75,29713.25,29738.25
1785945600,29738.25,29766,29702,29731.25
1785946500,29730.75,29835.25,29720,29829.25
1785947400,29829.75,29839.75,29770,29788.5
1785948300,29789.25,29826.25,29778.5,29808.25
1785949200,29809.75,29819.75,29744.25,29767.25
1785950100,29766.75,29782,29740.5,29754.5
1785951000,29754.25,29779.25,29738.75,29757.5
1785951900,29756.5,29774.75,29734.25,29757
1785952800,29756.75,29788.5,29752.25,29762.5
1785953700,29763,29781.75,29755.25,29776
1785954600,29776.25,29776.5,29727.25,29741.75
1785955500,29742,29765,29722.75,29725.75
1785956400,29726.75,29778.25,29718.5,29774.25
1785957300,29774.25,29779.25,29753.75,29756.5
1785958200,29757,29763.25,29706,29711
1785959100,29711.5,29735,29592.75,29606.75
1785960000,29607,29618.25,29530.75,29604.75
1785960900,29605.5,29618,29561.75,29569.75
1785961800,29571.25,29603,29566.25,29598.5
1785962700,29598,29607.75,29576,29600.25
1785967200,29569.5,29596.5,29563.5,29573.5
1785968100,29573,29638,29571.75,29627.75
1785969000,29628,29670.5,29623.5,29654.75
1785969900,29655,29679.5,29615.75,29623.25
1785970800,29622.75,29636,29612.25,29631
1785971700,29631,29649.5,29618.5,29629.25
1785972600,29629.25,29636.75,29575.25,29589.5
1785973500,29586,29589,29566,29583.5
1785974400,29584.25,29601.75,29546.75,29581
1785975300,29580.5,29608,29553,29560.5
1785976200,29561.5,29588,29547.75,29560.5
1785977100,29560.25,29579.25,29535.25,29537.5
1785978000,29539.25,29540.75,29501.25,29521.5
1785978900,29523.25,29523.25,29454.25,29473.25
1785979800,29472.75,29508.75,29469.5,29475
1785980700,29475.5,29519,29473.25,29498
1785981600,29497.75,29557.25,29490.75,29541.75
1785982500,29543,29578.75,29537.25,29548.75
1785983400,29546.5,29618.5,29529.25,29617.25
1785984300,29616.25,29621,29585.75,29593
1785985200,29593.75,29608.5,29574.5,29579.25
1785986100,29579,29585.75,29535,29543
1785987000,29543.5,29563.25,29525,29552.75
1785987900,29553,29583.75,29541.25,29580.75
1785988800,29582.25,29584.25,29535.5,29560.25
1785989700,29556.75,29599.75,29556.5,29585
1785990600,29585.75,29600,29541.75,29555
1785991500,29555.25,29575.5,29545,29574.75
1785992400,29575.25,29596.25,29558,29580.5
1785993300,29582.5,29593.75,29565.5,29580
1785994200,29579.75,29583,29550,29581.75
1785995100,29583.25,29583.75,29544.25,29580.75
1785996000,29580,29581.75,29499,29506.75
1785996900,29505.75,29548.75,29485,29547.25
1785997800,29546.5,29548.75,29495.75,29504.5
1785998700,29505.5,29527.75,29486.25,29523
1785999600,29520.25,29563,29506.75,29552
1786000500,29551,29562.5,29523.5,29536.5
1786001400,29536.5,29541,29501.25,29517.75
1786002300,29516.75,29538.25,29500.75,29507.25
1786003200,29507.25,29525.75,29443.75,29460
1786004100,29460.75,29511.5,29447.75,29508.25
1786005000,29509.5,29532.5,29500.5,29502.75
1786005900,29504.75,29524.5,29490.25,29517.25
1786006800,29517.25,29517.25,29437.5,29447.75
1786007700,29448.25,29493.75,29446.5,29482.5
1786008600,29482,29498.75,29475.75,29489.25
1786009500,29489.75,29531,29489.5,29526.75
1786010400,29526.75,29533.75,29496.25,29503.25
1786011300,29503.25,29525.75,29494.25,29517
1786012200,29517.5,29519.5,29473.5,29480.25
1786013100,29479.75,29492.75,29468,29484.5
1786014000,29484.5,29488.5,29364.75,29417.25
1786014900,29419.75,29474.75,29417.25,29469.25
1786015800,29469.5,29516.5,29469.25,29495.5
1786016700,29494.25,29512,29438,29467.25
1786017600,29466,29476.5,29406.25,29411.25
1786018500,29413.5,29450.75,29387.5,29432.5
1786019400,29430,29463.5,29413.75,29432.25
1786020300,29432,29439.5,29389.5,29399.5
1786021200,29400.25,29404.5,29350.25,29351.5
1786022100,29351,29367,29326.25,29334.5
1786023000,29335,29474.25,29241.25,29458.75
1786023900,29458,29551,29447.5,29528.25
1786024800,29528.75,29619,29488,29608.5
1786025700,29608.75,29667,29564.75,29587
1786026600,29589,29650.75,29545.25,29583.5
1786027500,29582.5,29659.25,29533.75,29656.75
1786028400,29656.5,29686.25,29598.75,29646.5
1786029300,29646.25,29663.25,29564.25,29608.5
1786030200,29608.25,29628,29533,29534
1786031100,29535,29624.5,29506,29516.25
1786032000,29515.75,29542.75,29478.25,29488.25
1786032900,29488.5,29504.5,29448.5,29471.5
1786033800,29472.25,29527.25,29462.25,29478.25
1786034700,29478.5,29558.5,29468.5,29556.5
1786035600,29557.25,29574.25,29518,29523.75
1786036500,29524,29551.5,29512.25,29527.75
1786037400,29526.75,29543,29493.75,29510
1786038300,29510.25,29533.5,29494.25,29529
1786039200,29529,29546.75,29507.25,29542.75
1786040100,29542.75,29575.5,29498.5,29556.5
1786041000,29556.5,29561,29500.5,29520
1786041900,29521.25,29537,29506,29515.5
1786042800,29515.75,29570.25,29510.25,29536.25
1786043700,29535.5,29551.25,29496.5,29509
1786044600,29508,29545.5,29489.25,29504
1786045500,29504,29536.25,29475,29496.75
1786046400,29496.75,29552,29496,29537
1786047300,29536.75,29548.75,29482.75,29492.5
1786048200,29492.5,29504.75,29480.25,29494
1786049100,29494.75,29506.25,29489,29504.25
1786053600,29514.25,29579,29494.5,29573.25
1786054500,29571.75,29581.75,29543.25,29550
1786055400,29549,29562,29529.25,29553.75
1786056300,29554.25,29568.25,29547.25,29566
1786057200,29564.75,29572.25,29554.25,29558
1786058100,29559.25,29597,29559.25,29573
1786059000,29572.5,29589.25,29563.25,29583
1786059900,29583,29603.5,29575,29593.25
1786060800,29595.25,29618.75,29562,29575.5
1786061700,29575.25,29575.25,29497.25,29513.5
1786062600,29513,29575,29500.75,29539.75
1786063500,29541.75,29573,29503.75,29561.25
1786064400,29561.75,29582,29515,29524
1786065300,29526,29536,29482.5,29531.25
1786066200,29529.5,29581.25,29493.75,29521.75
1786067100,29522,29540,29502.25,29526.25
1786068000,29527,29548,29489.5,29530.75
1786068900,29530,29542,29514.5,29525.5
1786069800,29526.5,29527.25,29475.5,29500.25
1786070700,29498.75,29535.5,29494,29527
1786071600,29526,29548,29526,29529.5
1786072500,29531.5,29535,29491.25,29505
1786073400,29503,29522.25,29496.25,29505.25
1786074300,29507,29512.75,29485.25,29488.5
1786075200,29488.75,29500.75,29475,29479
1786076100,29478.5,29516.75,29453.5,29508.25
1786077000,29508.25,29526,29492,29495.5
1786077900,29494.5,29513.5,29489.25,29511.5
1786078800,29510.75,29556.75,29507.5,29539.5
1786079700,29539.5,29554.75,29538,29549.25
1786080600,29547.75,29550,29519.75,29534
1786081500,29534,29538.75,29522.75,29523.5
1786082400,29523.5,29564.5,29520,29559.75
1786083300,29557.5,29583.5,29543.25,29580.5
1786084200,29580.25,29583.5,29539,29546.5
1786085100,29544.25,29555,29537.75,29553
1786086000,29552,29591.75,29533,29591.5
1786086900,29591.5,29592.5,29574,29587.75
1786087800,29588.75,29591,29570.25,29583
1786088700,29582.5,29589.25,29561.25,29583.75
1786089600,29584.25,29626.5,29584,29624
1786090500,29625,29629.75,29599.25,29623.75
1786091400,29623.5,29647.25,29609.25,29625.75
1786092300,29625.75,29637.75,29615,29632.5
1786093200,29633.5,29649,29625.25,29641.75
1786094100,29642,29649,29624.75,29634.5
1786095000,29634.5,29647,29621.25,29629
1786095900,29629.5,29636,29616,29616.5
1786096800,29618.25,29628,29609.25,29609.75
1786097700,29609.25,29621.5,29591.25,29621.25
1786098600,29621.5,29625.25,29609.25,29623.5
1786099500,29621.25,29624,29602.25,29607.25
1786100400,29606.5,29648.25,29606.25,29637
1786101300,29637.25,29666.25,29636.75,29654
1786102200,29652.25,29673.25,29647.25,29666
1786103100,29664.5,29666.25,29604.25,29614
1786104000,29614.5,29675.75,29604.75,29658.5
1786104900,29658.75,29686,29618.5,29683.5
1786105800,29676.25,29814,29643.75,29801.75
1786106700,29801.5,29867.75,29801.5,29843.25
1786107600,29843.75,29850.5,29734.25,29741
1786108500,29741.25,29745.25,29685,29714.75
1786109400,29714,29813.25,29681,29788.5
1786110300,29786.75,29820,29643.75,29677.25
1786111200,29679.5,29713.25,29564.5,29585
1786112100,29585,29779.5,29568.5,29761.25
1786113000,29761,29775,29660,29676
1786113900,29676.75,29734,29667.75,29721
1786114800,29720.25,29782.5,29709,29759.75
1786115700,29760.25,29828.75,29746.5,29826.75
1786116600,29826,29855.25,29794.25,29811.75
1786117500,29812,29843.25,29796.5,29814
1786118400,29814.75,29830,29795,29800.75
1786119300,29800.5,29819,29688.75,29714
1786120200,29714,29761.25,29668.75,29754.25
1786121100,29754.5,29780.75,29738.75,29739.5
1786122000,29739.75,29768,29726.75,29736
1786122900,29735.25,29764.5,29726.25,29747.5
1786123800,29747.5,29764.25,29727,29745.25
1786124700,29746,29759.25,29735.5,29743.25
1786125600,29743.5,29754.75,29712.5,29721.5
1786126500,29722,29734.25,29702.75,29705.75
1786127400,29705.5,29724.25,29678.75,29681.25
1786128300,29681.5,29729,29676.5,29725
1786129200,29725.25,29810.75,29723,29800
1786130100,29800.25,29823,29791.75,29811
1786131000,29811.25,29812,29772.25,29779.25
1786131900,29778.75,29860.25,29778,29833.25
1786132800,29834,29850.75,29805.25,29820.25
1786133700,29820.5,29829,29803.75,29805
1786134600,29805.5,29823.75,29802.5,29814.25
1786135500,29814.25,29845,29813,29839.5
1786312800,29851.25,29896.75,29820,29826.25
1786313700,29828.5,29854.5,29805.25,29838
1786314600,29838.5,29853.5,29814.5,29837.5
1786315500,29837.5,29851,29831.5,29844.25
1786316400,29845.25,29877,29833.5,29862.75
1786317300,29860.5,29882.25,29856.25,29864.25
1786318200,29865.25,29865.75,29834.75,29862.25
1786319100,29862,29872,29828.25,29829.5
1786320000,29830.25,29906.5,29796.25,29893
1786320900,29891.5,29899.5,29840,29845.75
1786321800,29847,29865.25,29799.75,29804.5
1786322700,29806.25,29830.5,29788.5,29802
1786323600,29803.25,29855,29791,29853
1786324500,29851.75,29882.5,29845.75,29865.25
1786325400,29864,29881.5,29840.75,29875.5
1786326300,29876.5,29895,29871.75,29885
1786327200,29886,29892.25,29869.25,29871.25
1786328100,29873.25,29874.5,29852.75,29870
1786329000,29870,29890.75,29848.25,29890.25
1786329900,29889,29899.5,29880.25,29880.25
1786330800,29881.25,29892,29869.25,29876.25
1786331700,29876,29891.25,29871.25,29882.5
1786332600,29880,29898,29872.75,29896.5
1786333500,29896.5,29899,29871.25,29878
1786334400,29878.25,29897.75,29873,29895.5
1786335300,29894.25,29904,29891,29899.25
1786336200,29898.25,29899.75,29863,29887.25
1786337100,29887.25,29902.25,29873.75,29882.75
1786338000,29882.25,29918.25,29881,29916.25
1786338900,29916.75,29924.5,29909,29910.75
1786339800,29912,29919,29903.5,29905.5
1786340700,29905.25,29930.5,29899.5,29930.5
1786341600,29930,29962,29927.5,29956.25
1786342500,29956,29962.75,29907.5,29914.25
1786343400,29914.25,29925.25,29907,29917.25
1786344300,29917.5,29923.5,29906,29908.5
1786345200,29909.25,29923,29886.25,29914
1786346100,29914,29952.5,29911.25,29952.25
1786347000,29950.75,29970,29948,29965.5
1786347900,29965.75,29984,29935.75,29951.5
1786348800,29952.5,29981,29947,29963
1786349700,29961.75,29973,29939.5,29953.5
1786350600,29952,29972,29944,29955.5
1786351500,29954.75,29975,29949,29971.5
1786352400,29971.5,29983.75,29966,29976
1786353300,29974.75,29981.75,29963.5,29967.75
1786354200,29968.5,29972,29936.5,29945
1786355100,29943.75,29952,29936,29938.75
1786356000,29939.25,29959,29916,29917.75
1786356900,29917.75,29952.25,29916.5,29946.75
1786357800,29943.5,29945.5,29910,29919.5
1786358700,29918.75,29938.25,29909.25,29912.25
1786359600,29912.75,29926,29851.5,29876.5
1786360500,29877.25,29913,29864.25,29909
1786361400,29909.25,29919.75,29872,29874.75
1786362300,29874.25,29884.25,29846,29871
1786363200,29870.25,29883.75,29843.75,29845
1786364100,29845.75,29846.5,29810.25,29821
1786365000,29823.25,29827.5,29782.25,29804
1786365900,29803.75,29810,29771.75,29777
1786366800,29778.5,29816,29772.25,29805
1786367700,29804.5,29823.75,29789.5,29805.5
1786368600,29805.5,29841.75,29718.75,29776
1786369500,29775.75,29832.75,29754.5,29806.75
1786370400,29807,29892,29788.25,29881.5
1786371300,29882,29900,29814.75,29857.75
1786372200,29858.25,29892.25,29846.75,29866.75
1786373100,29866.5,29886,29777.75,29779.75
1786374000,29780,29822.5,29766,29793.25
1786374900,29793.25,29817.25,29753.5,29777.75
1786375800,29777,29809,29740.75,29808.25
1786376700,29808.25,29854.5,29786.25,29844
1786377600,29844.5,29858.75,29811.75,29822
1786378500,29822,29843.5,29804.75,29809.75
1786379400,29809.5,29817,29729.5,29742.25
1786380300,29742.75,29781,29733,29780
1786381200,29780.25,29809,29760.75,29800.75
1786382100,29800.75,29811.25,29776.25,29787.5
1786383000,29786.75,29796.5,29756,29759.5
1786383900,29760,29765.25,29744.25,29759.75
1786384800,29759,29772.75,29748.5,29751.25
1786385700,29751.75,29756.5,29742.5,29747.75
1786386600,29747.5,29773.5,29741.5,29771.75
1786387500,29772,29784.5,29759.75,29782
1786388400,29782.75,29795,29775.5,29789.5
1786389300,29789.75,29796,29779.75,29781.75
1786390200,29782.25,29793,29770.25,29776.25
1786391100,29776,29784.25,29722.5,29744
1786392000,29744.25,29754.75,29740,29745
1786392900,29745,29754.5,29737,29751.75
1786393800,29751.75,29760,29743.25,29757.5
1786394700,29758,29770,29755.75,29764.25
1786399200,29764.5,29788.5,29752,29761.5
1786400100,29761.75,29762.75,29733,29746.25
1786401000,29746,29746.25,29722.25,29725.25
1786401900,29724.5,29736.75,29724.5,29732.5
1786402800,29732.5,29735.5,29720.75,29731.25
1786403700,29731.5,29732,29701.25,29708.5
1786404600,29708.5,29715.5,29702.5,29714.25
1786405500,29713.75,29726.75,29677.5,29704.5
1786406400,29703.75,29753.5,29666,29748.75
1786407300,29746.75,29765,29725,29762.75
1786408200,29764,29784,29756,29778.25
1786409100,29779.25,29793.75,29777,29785
1786410000,29784.75,29826,29764.5,29826
1786410900,29825.25,29839.5,29808.75,29821.75
1786411800,29819.25,29827.5,29810,29822.5
1786412700,29820.75,29842.5,29817,29818.25
1786413600,29818,29830.5,29812,29819.5
1786414500,29821.25,29827.25,29813,29825
1786415400,29824,29839,29824,29838.75
1786416300,29839.5,29844.5,29815,29818.25
1786417200,29817.75,29832.75,29815,29821.5
1786418100,29822.5,29847.5,29817.5,29840.75
1786419000,29842.25,29843,29826,29831.75
1786419900,29833.5,29842.75,29828.25,29832
1786420800,29832.5,29851.25,29832.5,29847.75
1786421700,29848.5,29854.5,29838.25,29852.75
1786422600,29852.5,29861.75,29835.5,29838.25
1786423500,29839.25,29846,29834.5,29838.75
1786424400,29838.75,29854.25,29830.25,29852
1786425300,29852.25,29853.5,29813.25,29813.75
1786426200,29813.25,29829.5,29798.25,29815.5
1786427100,29814.5,29817,29786.75,29793.25
1786428000,29792.5,29827.75,29787.25,29819.5
1786428900,29820,29822,29766.25,29771.25
1786429800,29770.5,29789.25,29732.5,29782
1786430700,29785.25,29786.75,29738.5,29754.25
1786431600,29755.75,29769.75,29733.25,29759.75
1786432500,29758.25,29765,29728,29743.25
1786433400,29744.25,29780.25,29743.25,29769
1786434300,29767.5,29779.5,29756,29774.75
1786435200,29776,29804.25,29730.5,29731.25
1786436100,29730.75,29747.25,29718,29733
1786437000,29733.5,29754.75,29717.75,29753.75
1786437900,29752.5,29763.5,29741.75,29749.5
1786438800,29748,29756.25,29718.75,29733
1786439700,29732.25,29765.75,29731.25,29759
1786440600,29759.25,29784,29754.5,29767.5
1786441500,29768.25,29781.5,29764.25,29768.75
1786442400,29770.25,29773,29754.75,29756.25
1786443300,29756.25,29832.75,29750.25,29821.25
1786444200,29821.75,29823.75,29801.75,29815
1786445100,29814.25,29827.5,29812.25,29818
1786446000,29818.75,29886.75,29818.25,29872
1786446900,29871,29873,29828.5,29834.25
1786447800,29833.75,29837,29811,29824.5
1786448700,29825.25,29835.25,29812.75,29832
1786449600,29832.75,29864.25,29819.5,29862.25
1786450500,29861.25,29871.5,29821.5,29828.5
1786451400,29829.75,29857.25,29819,29846
1786452300,29847,29854,29827,29833.75
1786453200,29832.5,29851.25,29820.25,29827.5
1786454100,29827.75,29845.75,29813,29839
1786455000,29839.25,29842.5,29679,29723.25
1786455900,29723.75,29735,29631.75,29732.75
1786456800,29732.5,29792.5,29718.25,29763
1786457700,29762,29791.75,29737.5,29777.25
1786458600,29777.75,29785.25,29728.25,29742.75
1786459500,29741.75,29804.75,29740.5,29777
1786460400,29776.5,29792.25,29703.25,29712.25
1786461300,29711,29735.25,29697.5,29702.25
1786462200,29703,29719.5,29663.75,29693
1786463100,29693.25,29693.75,29658.75,29663.25
1786464000,29663.75,29681.75,29647.75,29652.5
1786464900,29652.75,29669.75,29622,29645.75
1786465800,29645.75,29666.75,29630.75,29637
1786466700,29637,29643,29614.75,29626
1786467600,29626.75,29634.75,29577,29578.25
1786468500,29578.25,29618,29573,29606
1786469400,29606.5,29638,29598.75,29634.25
1786470300,29634.5,29640.75,29622.25,29628.75
1786471200,29629.25,29635.75,29602,29607.75
1786472100,29608,29614,29533.5,29544.25
1786473000,29545,29576.75,29540,29548.75
1786473900,29548.75,29599.5,29548.25,29582.75
1786474800,29582.25,29614.5,29571.5,29607.75
1786475700,29608,29627,29602,29624
1786476600,29624.5,29660.25,29620,29639.75
1786477500,29640,29650,29607,29636
1786478400,29635.75,29651.75,29614.75,29640.25
1786479300,29640.5,29676.5,29639,29674.75
1786480200,29674.5,29676,29664.5,29670
1786481100,29670.75,29671.25,29643.5,29646.75
1786485600,29657.75,29661,29626.75,29658.25
1786486500,29658.75,29662,29650.5,29655
1786487400,29653.25,29666,29637,29639.25
1786488300,29639.75,29653.75,29634,29650.25
1786489200,29649.5,29654.25,29639.5,29641.75
1786490100,29641.5,29654.25,29640.75,29652.5
1786491000,29652.75,29653.25,29635.75,29640.75
1786491900,29640.75,29663,29634.25,29662.25
1786492800,29661.75,29669.75,29624.5,29650.5
1786493700,29649.25,29676,29638.5,29665.5
1786494600,29666,29680,29652,29662
1786495500,29662,29672,29655.5,29665.75
1786496400,29662.75,29681,29660,29674.75
1786497300,29675,29675.75,29639.5,29661.75
1786498200,29660,29678,29646.75,29678
1786499100,29678.25,29683.5,29646.75,29658.25
1786500000,29659,29670.75,29650,29658
1786500900,29658.5,29678,29654.25,29678
1786501800,29677.25,29694.5,29675.25,29688.25
1786502700,29688,29703,29688,29702.5
1786503600,29702.75,29710,29695.25,29705.25
1786504500,29705.25,29708.75,29695.25,29702.5
1786505400,29701.75,29704.75,29688.75,29691.25
1786506300,29692.75,29701.25,29684.5,29694
1786507200,29694.75,29702,29690,29697.5
1786508100,29697,29703,29691.5,29698.25
1786509000,29697,29699.75,29683.5,29696.5
1786509900,29696.5,29715.5,29692.25,29713
1786510800,29714,29714.5,29685,29685
1786511700,29684.25,29690,29668.25,29688
1786512600,29688.75,29708.5,29687.25,29699.75
1786513500,29699.75,29718,29697,29715.5
1786514400,29715,29724.25,29707.25,29713.75
1786515300,29713.75,29721.25,29698.25,29711.75
1786516200,29709.5,29730.25,29706,29718
1786517100,29719,29737.25,29718.25,29736.75
1786518000,29737.25,29753.75,29735.5,29741.25
1786518900,29741.5,29748.75,29727.5,29739.25
1786519800,29738,29744,29729.75,29742.75
1786520700,29741.25,29751.5,29730.5,29751.5
1786521600,29752.25,29781.25,29748.25,29771
1786522500,29772,29792.25,29764.25,29786
1786523400,29785.75,29787.25,29762.75,29773.25
1786524300,29773,29799.5,29771.75,29793.75
1786525200,29794.5,29812,29793.5,29808.25
1786526100,29808,29848.25,29803.75,29824
1786527000,29823.5,29838.75,29822.5,29829.75
1786527900,29830,29834.5,29802.75,29815.25
1786528800,29815.5,29842.75,29814.75,29839
1786529700,29839.5,29845.25,29833.75,29839.5
1786530600,29839.75,29844.25,29832.25,29841.5
1786531500,29840.75,29841.5,29785,29814.5
1786532400,29816,29838,29814,29823.5
1786533300,29821.25,29821.75,29805.5,29810.25
1786534200,29810,29831.75,29806,29825.5
1786535100,29825.75,29846.5,29819.5,29845.5
1786536000,29846,29858.25,29829.25,29830
1786536900,29830.5,29932.25,29820.75,29905.5
1786537800,29905.25,29960,29750.25,29917.25
1786538700,29918.25,29922.5,29899.75,29919.25
1786539600,29920,29941.5,29916,29939
1786540500,29939.75,29992.75,29935.75,29991.25
1786541400,29991.75,30001.75,29853.25,29899.5
1786542300,29899.5,29970.75,29860.75,29907.25
1786543200,29907,29936,29847.75,29892.5
1786544100,29893.25,29945.75,29864,29916.25
1786545000,29916,29929,29828.25,29925
1786545900,29924.75,29931.5,29848.5,29868
1786546800,29868,29892,29839,29879.75
1786547700,29879.75,29887,29843.5,29874.5
1786548600,29874.25,29879,29818.5,29828.25
1786549500,29829,29854,29819,29831.75
1786550400,29832.75,29877.75,29829,29873.25
1786551300,29873.5,29887.75,29857.5,29873.5
1786552200,29874,29894.75,29851,29885
1786553100,29885.5,29918,29879,29905.5
1786554000,29906.25,29924.5,29898,29911.25
1786554900,29911.5,29920,29889.25,29909.25
1786555800,29910,29922.25,29901.25,29915
1786556700,29915.75,29924,29901.5,29910.25
1786557600,29910,29918.5,29890.25,29907.25
1786558500,29907,29913.75,29890.5,29894
1786559400,29893.75,29932,29893.75,29919.5
1786560300,29919.5,29923.25,29885,29889.75
1786561200,29890.25,29905,29879,29884.25
1786562100,29884,29898.5,29856,29868.25
1786563000,29867,29868,29831.75,29849.25
1786563900,29849.25,29870,29825.75,29853
1786564800,29852.75,29906,29831.5,29846.75
1786565700,29846.5,29851.25,29814.75,29820
1786566600,29820,29823.25,29809.5,29820.25
1786567500,29821.25,29823,29804.5,29805.75
1786572000,29825,29831.75,29800.25,29804.75
1786572900,29805,29809.75,29784,29794
1786573800,29792.25,29795.5,29780.5,29793
1786574700,29792.25,29803.5,29788.5,29797.75
1786575600,29797.25,29812,29797,29808.75
1786576500,29808.5,29812.5,29802,29807.25
1786577400,29805.25,29815,29793.5,29810.25
1786578300,29811.75,29812.25,29792,29804.5
1786579200,29805.25,29863.5,29796.75,29847.75
1786580100,29848.25,29866.75,29838,29840.25
1786581000,29839.75,29853.75,29828.5,29840.75
1786581900,29840.5,29850,29829,29845.5
1786582800,29846,29853,29821.5,29829.25
1786583700,29831.5,29838.5,29808.25,29818.25
1786584600,29816.75,29844,29814.5,29837.75
1786585500,29836.75,29866,29828,29857.25
1786586400,29858,29871.25,29853.75,29862.25
1786587300,29861.75,29869.5,29856.75,29863
1786588200,29861.75,29877.75,29833.5,29873.75
1786589100,29873.75,29874.5,29866,29868.5
1786590000,29868.5,29875.75,29865.5,29874.5
1786590900,29873.75,29879.5,29871.25,29874
1786591800,29876.25,29880,29867.25,29876
1786592700,29876,29880,29874,29878.5
1786593600,29878.25,29891.75,29869.25,29869.25
1786594500,29869.25,29884.5,29853.75,29877
1786595400,29876.5,29896,29876.5,29879
1786596300,29878.75,29895,29873.5,29879.25
1786597200,29878.5,29916.5,29874,29915
1786598100,29915,29922.75,29907.75,29920.5
1786599000,29921.5,29924,29897,29902.75
1786599900,29901.75,29908.5,29882,29884.5
1786600800,29884.5,29897,29869.25,29892.75
1786601700,29894,29905.5,29885,29898
1786602600,29896.75,29905.25,29859.75,29862.25
1786603500,29862,29890.25,29858.25,29888.5
1786604400,29888,29893.25,29845,29854
1786605300,29853.75,29872.75,29848,29872.5
1786606200,29869.75,29882.25,29861.25,29880.5
1786607100,29880.5,29881.5,29859.25,29860
1786608000,29859.75,29872.5,29829,29838.5
1786608900,29838.25,29865,29827,29858.75
1786609800,29859.5,29866,29845.5,29862.5
1786610700,29861.75,29875.75,29854.25,29860.75
1786611600,29861.5,29868.75,29833,29833
1786612500,29832.25,29848.75,29821,29838.75
1786613400,29837.5,29861.25,29836.5,29860.75
1786614300,29860.5,29879.25,29857.5,29876.5
1786615200,29876.25,29878.25,29863.25,29874.25
1786616100,29875.5,29884.5,29864.5,29873
1786617000,29874,29880.75,29868.5,29877.75
1786617900,29877.75,29886.5,29875,29881.25
1786618800,29881.5,29892.25,29870.75,29871.75
1786619700,29872.25,29875.5,29855.5,29863
1786620600,29860.25,29888.75,29857.5,29887.75
1786621500,29888.25,29895,29867.5,29869
1786622400,29869.5,29872,29832.75,29842.25
1786623300,29840.25,29860,29812.25,29844.5
1786624200,29849.75,29890.5,29820,29846.75
1786625100,29845.75,29881.25,29841,29880.75
1786626000,29880.75,29921,29878.75,29908.25
1786626900,29908.5,29920,29900.25,29911
1786627800,29910.25,30053.5,29863.5,30012.25
1786628700,30013.5,30182.25,30005.25,30176
1786629600,30175.75,30214.75,30155.75,30204.75
1786630500,30206.25,30239.5,30185.25,30234.25
1786631400,30233.25,30267.5,30227.5,30236.5
1786632300,30236,30241.5,30198.25,30199.5
1786633200,30199.25,30231.5,30193.75,30217.5
1786634100,30217.5,30238.75,30179.5,30188.25
1786635000,30188.75,30198.5,30128.25,30156.75
1786635900,30156,30156,30104,30115.5
1786636800,30117.25,30172.5,30114.25,30140.75
1786637700,30140.75,30189,30133.75,30186.5
1786638600,30186.75,30200,30168,30183
1786639500,30183.25,30203.25,30176.5,30193.75
1786640400,30193.75,30232.75,30193.25,30226.25
1786641300,30226.25,30250,30224.75,30237.5
1786642200,30237.75,30244.75,30214.25,30214.5
1786643100,30214.5,30228,30203.75,30204.5
1786644000,30205,30215.5,30189.5,30201.5
1786644900,30201.5,30207.75,30181,30192
1786645800,30192,30237.25,30191.5,30229
1786646700,30228.5,30246,30228.25,30244.25
1786647600,30244.25,30272.75,30232,30238.75
1786648500,30238.25,30246,30215.25,30223.25
1786649400,30222.75,30227.75,30202.75,30204.5
1786650300,30204.5,30207,30173,30194.75
1786651200,30194.5,30220,30144.5,30208
1786652100,30208.25,30214.25,30192.5,30197.75
1786653000,30198.25,30213.25,30195.5,30209.5
1786653900,30209.25,30219.75,30208.75,30214.25
1786658400,30210.75,30216.75,30186,30197.25
1786659300,30196.25,30205.5,30190,30197
1786660200,30198.5,30210.25,30198.25,30206.75
1786661100,30206.25,30207.75,30200,30203.25
1786662000,30204,30224.75,30199,30224.75
1786662900,30225,30226,30192.25,30199.5
1786663800,30198.5,30203.5,30193.5,30196.25
1786664700,30196.75,30204,30189.5,30203.25
1786665600,30203.75,30232,30195.75,30201
1786666500,30201.25,30204,30176.75,30185.5
1786667400,30184.5,30191.75,30174.5,30178.5
1786668300,30180,30186.75,30166.25,30170
1786669200,30169.25,30169.75,30124.25,30129
1786670100,30128.75,30155.5,30124.5,30152.5
1786671000,30153.25,30163,30140.25,30160
1786671900,30160.5,30168,30149.25,30151.5
1786672800,30151.5,30171.75,30149.75,30166.5
1786673700,30167,30170.25,30155.75,30167.25
1786674600,30168,30181.5,30167.25,30173.5
1786675500,30174.5,30178.5,30150,30154.75
1786676400,30153.75,30165,30150,30162.75
1786677300,30162.75,30180,30161.5,30180
1786678200,30180.75,30182.5,30155.25,30157.75
1786679100,30157.5,30163,30152.25,30152.25
1786680000,30152.25,30161.5,30144.75,30156.75
1786680900,30155,30165,30150.5,30157.5
1786681800,30158.75,30163.75,30137.5,30154.75
1786682700,30154,30154.25,30145.25,30147
1786683600,30148.25,30152.5,30127.75,30143
1786684500,30144,30152,30138.25,30150.5
1786685400,30149.25,30167,30140.75,30166.5
1786686300,30167,30182,30164.5,30174
1786687200,30174.75,30177.75,30149.5,30152.5
1786688100,30153,30164,30147.5,30163.25
1786689000,30162.25,30165.5,30149.5,30159.75
1786689900,30160.25,30178,30160,30172.5
1786690800,30173.5,30194.25,30171.5,30175.25
1786691700,30175.5,30181.25,30172.25,30177
1786692600,30177.75,30203.75,30173,30202.75
1786693500,30202.75,30202.75,30190.75,30194.75
1786694400,30194.5,30235.75,30187.75,30213.25
1786695300,30215,30231.5,30206,30225.5
1786696200,30224.5,30240.25,30222,30227.75
1786697100,30228.25,30240,30220.5,30220.75
1786698000,30220,30222.25,30210.25,30218.5
1786698900,30218.5,30232,30214.75,30226.75
1786699800,30225.5,30226.25,30207,30209.75
1786700700,30210.5,30236,30207.25,30235
1786701600,30234.25,30249.75,30233.5,30241.5
1786702500,30239.75,30240.75,30223,30228.75
1786703400,30230,30237.75,30223.5,30237
1786704300,30236.25,30252.5,30232.75,30252
1786705200,30251.75,30262,30247,30253.75
1786706100,30254,30254.75,30242,30247.25
1786707000,30247,30258.5,30237.25,30251.5
1786707900,30252,30268,30250,30263.75
1786708800,30265.25,30280.25,30208.5,30237.5
1786709700,30237,30256.25,30226.5,30251.5
1786710600,30252.75,30279.75,30247,30266
1786711500,30265.75,30279.75,30254,30268.25
1786712400,30268.5,30283,30252.5,30253
1786713300,30253.25,30261.5,30236.25,30241.5
1786714200,30241.75,30269.5,30169.75,30261
1786715100,30260.75,30280.5,30208.75,30228.25
1786716000,30226,30272.25,30204.75,30221.25
1786716900,30221.75,30228.5,30134.25,30160.25
1786717800,30159.75,30176.5,30129,30155.5
1786718700,30155.5,30166,30123,30123
1786719600,30124,30143,30088,30090.5
1786720500,30090.75,30110.75,30033.5,30073.25
1786721400,30072.5,30075,30029.5,30049
1786722300,30049.25,30072.75,30028.5,30065.75
1786723200,30066.5,30084.25,30050.5,30080.25
1786724100,30080.25,30107.75,30075.5,30101
1786725000,30100.5,30102,30064.5,30067.25
1786725900,30067,30076.75,30052.75,30059
1786726800,30059.25,30079.75,30053,30069.25
1786727700,30069.25,30076.5,30046.5,30059.25
1786728600,30059.5,30072.25,30050.25,30058
1786729500,30058.25,30084.5,30049.75,30081.5
1786730400,30081.25,30091.25,30073.5,30078.75
1786731300,30078.75,30092.5,30064.75,30068
1786732200,30067.5,30090.25,30062.5,30087.25
1786733100,30087,30104,30078,30088.5
1786734000,30088.5,30094.5,30077,30083
1786734900,30083.25,30104,30076,30096.75
1786735800,30096.25,30115.25,30091.25,30108.5
1786736700,30108.5,30148,30101.5,30144.5
1786737600,30144.25,30153.25,30131,30132.75
1786738500,30133.25,30135.5,30127.25,30131
1786739400,30131,30145.75,30128.25,30142
1786740300,30142.25,30154.75,30138,30154
1786917600,30170,30202.5,30163.75,30196.5
1786918500,30197.75,30200.75,30190.5,30192.75
1786919400,30193,30196.5,30188.5,30192.25
1786920300,30192.75,30211.75,30187.25,30205
1786921200,30205.25,30207.25,30195.25,30197
1786922100,30197.25,30204.25,30191.5,30197
1786923000,30197.75,30206.25,30192.75,30206.25
1786923900,30204.75,30228,30204.5,30214.25
1786924800,30215,30227.25,30209,30219.5
1786925700,30218.5,30218.75,30189,30195.5
1786926600,30195.5,30198.25,30185.5,30188.75
1786927500,30189.25,30202,30185.5,30201.75
1786928400,30201,30233.25,30199.75,30214.25
1786929300,30214.5,30239,30203.75,30229.75
1786930200,30230.25,30232.5,30191,30199
1786931100,30198.5,30203.25,30187,30192
1786932000,30192,30200.5,30185.25,30200.25
1786932900,30200.75,30222.25,30197.75,30217.25
1786933800,30216.75,30225,30211.75,30222.25
1786934700,30220.5,30231.25,30220,30222.25
1786935600,30223,30235,30220.75,30226
1786936500,30227.5,30235.5,30226.75,30234.25
1786937400,30234.75,30247.25,30226,30241.5
1786938300,30241.25,30246.5,30238.75,30246.5
1786939200,30246.75,30255,30243.5,30251.25
1786940100,30250.5,30252.25,30240.5,30241
1786941000,30241,30244.75,30233.25,30243.5
1786941900,30244,30248.5,30233,30234.75
1786942800,30234.5,30247,30234.5,30241.25
1786943700,30243,30246.75,30230.5,30243.75
1786944600,30244.5,30263,30237.25,30263
1786945500,30263,30274,30261.25,30272
1786946400,30273.25,30295,30266.75,30287.5
1786947300,30287.75,30299,30272,30296.75
1786948200,30297.25,30327,30294,30314.5
1786949100,30315,30326,30311,30324.5
1786950000,30324.75,30331.5,30273.25,30275
1786950900,30276,30280.5,30261,30279.75
1786951800,30279.75,30324.25,30276.75,30318.25
1786952700,30317.75,30322.5,30306.75,30313
1786953600,30312,30328,30297,30307.25
1786954500,30307.25,30319.5,30303,30315.25
1786955400,30314,30319,30287.5,30288.25
1786956300,30288.25,30305.25,30283.75,30298.25
1786957200,30298.25,30301.5,30288,30297
1786958100,30297.25,30297.25,30267.75,30274.5
1786959000,30274.25,30283.25,30267.75,30282.75
1786959900,30281.75,30291.5,30276.25,30282
1786960800,30282,30296.5,30276,30295.5
1786961700,30294.5,30343,30279,30338
1786962600,30334.25,30338.5,30292.75,30310.5
1786963500,30310.25,30316.5,30305,30315
1786964400,30313.75,30325,30296.25,30300.25
1786965300,30300.25,30306.75,30286.75,30299.5
1786966200,30300.25,30306,30292.5,30304.5
1786967100,30304.25,30310,30286,30286.75
1786968000,30286.75,30288.75,30246.75,30278.25
1786968900,30278.5,30281,30220.75,30236
1786969800,30238.25,30250.5,30182.75,30189.5
1786970700,30189.25,30213,30180,30202.5
1786971600,30202.5,30225.75,30199.25,30218.5
1786972500,30219.5,30238,30205.25,30218.75
1786973400,30219.25,30266,30165.5,30196.5
1786974300,30196.5,30254.25,30174.25,30235
1786975200,30234.75,30243.25,30161,30224.25
1786976100,30224.75,30226,30155.25,30197.75
1786977000,30198,30217.25,30186,30204.25
1786977900,30205,30246,30199.25,30244
1786978800,30244,30287.5,30233.25,30257.75
1786979700,30258,30278,30255,30269
1786980600,30269.75,30273.5,30207.75,30227.5
1786981500,30227,30249.75,30214,30239.5
1786982400,30239.75,30243.25,30200,30204
1786983300,30204,30218,30196.5,30207.25
1786984200,30207.5,30212.75,30182,30183.5
1786985100,30183.5,30192.75,30175.25,30183.5
1786986000,30183.5,30187.25,30128.25,30129.5
1786986900,30128.5,30143.75,30092.5,30096.75
1786987800,30097,30128,30086.5,30123
1786988700,30123,30127.25,30097,30102.25
1786989600,30102,30114,30079.25,30100.25
1786990500,30100.25,30113.75,30089.5,30103
1786991400,30103.75,30120,30092.5,30117.25
1786992300,30117.75,30136.5,30115.5,30122.25
1786993200,30122.5,30124.75,30083.25,30084.75
1786994100,30084.75,30114,30082.25,30093.5
1786995000,30093.75,30111.75,30088.75,30102.25
1786995900,30102.75,30123,30066.5,30091.5
1786996800,30091,30098,30070.25,30078.25
1786997700,30078.25,30082.25,30068.5,30078.5
1786998600,30077.75,30080,30059,30064.75
1786999500,30063.75,30079.75,30054.5,30078.25
1787004000,30077,30091.75,30070.25,30073.5
1787004900,30073,30084.75,30062.25,30076
1787005800,30075,30076.75,30067,30070.75
1787006700,30071.75,30083.5,30070.75,30079.75
1787007600,30079.25,30087.25,30070,30081.25
1787008500,30082,30088.75,30071.75,30084
1787009400,30083,30103,30082.75,30096.75
1787010300,30095.75,30100.75,30080.5,30094.5
1787011200,30094.25,30104,30083.75,30100
1787012100,30101,30114.75,30091.5,30100
1787013000,30101,30113.25,30097.75,30112
1787013900,30112,30121.25,30095,30098
1787014800,30099.25,30110,30090,30109.25
1787015700,30109.5,30109.75,30075,30087.5
1787016600,30086.25,30090.5,30037,30049.75
1787017500,30049,30055.5,29968.25,30011.5
1787018400,30013,30022,29963,29966.25
1787019300,29965.25,29971,29923.25,29931
1787020200,29932.5,29959.75,29906.75,29909.5
1787021100,29909.75,29920.75,29880.25,29908.25
1787022000,29909,29915.5,29888.75,29895
1787022900,29894.5,29897.25,29859.25,29879.25
1787023800,29879,29897.5,29853,29895.5
1787024700,29893.75,29909.75,29881.25,29893.75
1787025600,29892,29898.5,29870.25,29897.75
1787026500,29898.25,29920.25,29879.25,29911
1787027400,29912.25,29921,29891,29900.5
1787028300,29899,29927.25,29895.75,29918
1787029200,29917.75,29918.5,29876,29879.25
1787030100,29878.75,29888,29873.25,29876
1787031000,29876.5,29877,29862.25,29866
1787031900,29865.25,29880.75,29835.25,29842
1787032800,29841.5,29846.5,29786,29836.25
1787033700,29835,29866.5,29820.5,29860
1787034600,29859.5,29876.5,29852.75,29865.5
1787035500,29866.25,29896,29862.75,29893
1787036400,29892,29896.5,29861.25,29863
1787037300,29862.75,29871.75,29845.5,29847.25
1787038200,29848,29854.75,29822,29825.25
1787039100,29825.25,29841,29808,29810.75
1787040000,29811,29814.25,29736.5,29766.75
1787040900,29767.75,29786.25,29735.75,29759.75
1787041800,29759.5,29792.25,29748.25,29780.5
1787042700,29782,29782.5,29742.5,29765.5
1787043600,29765,29778,29743.75,29764.5
1787044500,29764.25,29770.75,29723.5,29735
1787045400,29736.5,29742,29698.25,29712.75
1787046300,29711.75,29737,29687.25,29733
1787047200,29732.25,29743.75,29715.75,29722
1787048100,29722.25,29742.25,29703.75,29727.5
1787049000,29726.75,29746,29720.5,29728.5
1787049900,29727.75,29752.75,29721,29739
1787050800,29739,29772.75,29730.25,29768
1787051700,29767.25,29773.75,29753.25,29756.75
1787052600,29758,29760.5,29727,29756.25
1787053500,29756,29775.75,29745.5,29747.25
1787054400,29748.5,29786,29726.25,29733.5
1787055300,29734,29760,29711.5,29714.5
1787056200,29714.25,29723,29685.25,29688.75
1787057100,29688.25,29721.25,29680.5,29713
1787058000,29713,29726.5,29691,29696.25
1787058900,29695.75,29708.5,29678,29690.75
1787059800,29690.25,29769.75,29631.25,29687.5
1787060700,29687.25,29700.5,29604.75,29646.25
1787061600,29647.5,29705.75,29568.5,29587.25
1787062500,29587,29684.75,29578,29669.25
1787063400,29668.75,29691.25,29612.5,29614
1787064300,29614,29625,29536.25,29547.75
1787065200,29547.5,29571,29514,29546.25
1787066100,29546.75,29600,29532,29591.25
1787067000,29591,29610,29566.5,29598
1787067900,29598.75,29641,29598.25,29636.75
1787068800,29637,29663.25,29625,29646
1787069700,29647,29657.25,29609.5,29609.75
1787070600,29609.75,29650,29603.25,29629.5
1787071500,29629.75,29670.75,29618.5,29649.75
1787072400,29649.75,29660.75,29618.5,29635.25
1787073300,29635.5,29635.75,29593,29616
1787074200,29615.25,29622,29591.5,29603.5
1787075100,29604,29615,29565,29565.75
1787076000,29566,29579,29547.25,29575.25
1787076900,29574.75,29615,29571.25,29603.25
1787077800,29603.5,29614,29584.25,29586
1787078700,29586.5,29597.75,29565.25,29571.25
1787079600,29571,29586,29564.5,29572.25
1787080500,29572.25,29606.75,29564.75,29600
1787081400,29600,29606,29582.75,29600.25
1787082300,29600.25,29610,29559.25,29585.75
1787083200,29585.5,29596.75,29566,29573.25
1787084100,29573.5,29583,29561.5,29578.25
1787085000,29578.5,29586,29574.5,29577.25
1787085900,29577.25,29578.5,29550.25,29559.5
1787090400,29566.5,29582.5,29549,29574.75
1787091300,29574.75,29593.5,29544.75,29546.75
1787092200,29547.5,29552.75,29521,29531.75
1787093100,29532.5,29536.75,29516.75,29519.5
1787094000,29520,29547.75,29514.25,29533.25
1787094900,29532.5,29567.25,29521,29546
1787095800,29545.75,29549.75,29523,29536.75
1787096700,29534,29552.75,29524.5,29528.5
1787097600,29527.5,29529.25,29442,29460.25
1787098500,29461,29530.75,29450,29530.75
1787099400,29530.75,29575.75,29529.75,29569.5
1787100300,29569.25,29586,29533.75,29539.25
1787101200,29538.25,29598.25,29530.25,29586.5
1787102100,29586,29609.5,29568.5,29602
1787103000,29600.75,29604.5,29563.25,29577.75
1787103900,29575,29584.25,29563,29577.75
1787104800,29579,29583.25,29526.25,29533.25
1787105700,29533,29563.25,29521,29542
1787106600,29541.75,29545,29514,29523
1787107500,29523.25,29544,29518.25,29532
1787108400,29532,29555,29520.75,29532.25
1787109300,29532,29551.5,29519.75,29535.25
1787110200,29533.5,29567,29528.5,29531.75
1787111100,29530,29546,29516.25,29526
1787112000,29525.25,29527.25,29505,29516.25
1787112900,29516.25,29543.5,29507.5,29533.75
1787113800,29533.75,29540.5,29498,29498.75
1787114700,29499.75,29507.25,29463.75,29506
1787115600,29506.75,29535,29482.75,29487.5
1787116500,29489,29510,29466.25,29509.25
1787117400,29507.5,29512.25,29459,29472.75
1787118300,29471.5,29477,29446,29457.5
1787119200,29456.5,29466,29430.5,29436
1787120100,29435.5,29504.75,29435,29482
1787121000,29481.5,29494.5,29460,29490.25
1787121900,29491.75,29561.5,29491.25,29559.75
1787122800,29558.75,29563.5,29520.25,29559
1787123700,29559,29578.25,29533.5,29578.25
1787124600,29578.5,29589.25,29547.25,29571
1787125500,29571.5,29606.5,29569.5,29601.25
1787126400,29600.25,29640.75,29593,29624.75
1787127300,29625,29639,29607.5,29622.5
1787128200,29620.5,29632,29600.25,29626.25
1787129100,29626.5,29633.25,29607,29609.5
1787130000,29606.25,29630,29592.75,29593.5
1787130900,29594.5,29598.25,29566.25,29571
1787131800,29571,29587,29549.5,29552
1787132700,29552,29563,29536.5,29553.75
1787133600,29553.25,29557.75,29510.75,29540.75
1787134500,29539.5,29541.25,29512.25,29536
1787135400,29535.25,29557.75,29528.5,29555
1787136300,29555.25,29558.75,29517.75,29521
1787137200,29522.5,29578,29509.5,29545.75
1787138100,29549,29560.25,29531.25,29538.5
1787139000,29536.25,29540.25,29508,29515
1787139900,29513.75,29537.5,29506.75,29536
1787140800,29535,29558.5,29511.5,29553
1787141700,29553,29583,29549.75,29573.25
1787142600,29574,29685,29549.25,29683.25
1787143500,29683.5,29757.25,29683.5,29742.75
1787144400,29743,29743,29679.75,29723.75
1787145300,29723.25,29748.25,29695.75,29696
1787146200,29696,29742.75,29560.5,29609.75
1787147100,29609.25,29635.5,29406.5,29496.5
1787148000,29496.25,29514.25,29377.25,29382.5
1787148900,29382.25,29485,29375.75,29482.5
1787149800,29482.5,29575,29468.25,29564
1787150700,29564.5,29624.5,29527,29623.25
1787151600,29623,29629.75,29581,29617.25
1787152500,29616.25,29631.25,29588,29613.5
1787153400,29613.25,29616.5,29550.25,29596.75
1787154300,29596.25,29616.25,29569.75,29606.25
1787155200,29607.25,29653.75,29587.5,29637
1787156100,29637.25,29667.25,29602.25,29609
1787157000,29609,29621.5,29594,29610.25
1787157900,29610.25,29611.25,29553,29559.5
1787158800,29560,29573.25,29539.5,29548
1787159700,29547.75,29556.5,29510.5,29539.5
1787160600,29540,29544.25,29513.75,29537
1787161500,29536.25,29561,29534.25,29544.25
1787162400,29544,29592.5,29498.5,29520
1787163300,29519.75,29540.5,29492,29538.75
1787164200,29538.5,29578.75,29536.25,29560
1787165100,29560.5,29561.25,29527.5,29535
1787166000,29535.25,29559.5,29529.5,29547.25
1787166900,29547.5,29579.75,29543.75,29555.75
1787167800,29556.75,29590,29527.25,29530.75
1787168700,29530.5,29532.75,29485.25,29522
1787169600,29521.25,29542.75,29517.75,29518.25
1787170500,29518.75,29529,29514.25,29525.25
1787171400,29524.75,29532,29520,29529.25
1787172300,29529,29562.5,29527.25,29561
1787176800,29561.5,29639,29556.5,29627.25
1787177700,29627.25,29632.25,29606.5,29621.5
1787178600,29622,29638,29613,29630
1787179500,29631.25,29654.25,29628.5,29649.5
1787180400,29650.75,29689.75,29632.75,29651.75
1787181300,29651,29660,29641.75,29651.25
1787182200,29652,29666.75,29644.25,29659.75
1787183100,29658.75,29662.25,29626,29628.5
1787184000,29629,29631.75,29581.5,29629.5
1787184900,29630,29665.5,29625,29630.5
1787185800,29630.75,29666,29617,29654.25
1787186700,29655,29675.75,29642.25,29669.75
1787187600,29670.5,29684.25,29640.5,29644.25
1787188500,29645.25,29667,29624.75,29634.5
1787189400,29633.75,29671.5,29623.75,29668.75
1787190300,29668.75,29674.75,29630,29642.25
1787191200,29641.75,29683.25,29640,29669.25
1787192100,29668.25,29670,29612.75,29633.25
1787193000,29631.25,29662.25,29610,29646.25
1787193900,29645.5,29648,29611.25,29630.25
1787194800,29632,29655.75,29606,29623
1787195700,29624.25,29657.25,29621.25,29626
1787196600,29625,29628.75,29593.5,29618.75
1787197500,29618.75,29631.25,29609.25,29620.25
1787198400,29617.75,29656,29610,29655.25
1787199300,29655.25,29656,29636,29639.25
1787200200,29640.25,29640.25,29608.5,29628.5
1787201100,29627.75,29642,29612.25,29615
1787202000,29617,29623.75,29587.75,29597
1787202900,29597.75,29641,29594.5,29616
1787203800,29617.25,29634.25,29604.75,29615.5
1787204700,29613.75,29618,29599.75,29605.5
1787205600,29607,29666.25,29602.25,29660
1787206500,29659.25,29661.75,29639,29654.5
1787207400,29653.5,29677.25,29647,29671.25
1787208300,29673,29686.5,29666.25,29672.5
1787209200,29672.75,29672.75,29632.5,29637.25
1787210100,29638,29648,29604.75,29615.75
1787211000,29615.5,29635,29595,29606.25
1787211900,29606.25,29637,29592.75,29594.5
1787212800,29595.75,29605.5,29520,29537.25
1787213700,29538,29548.5,29496,29501.25
1787214600,29502,29529.5,29464,29500.5
1787215500,29499,29504.75,29452.75,29475.75
1787216400,29477.25,29543.75,29468,29518.75
1787217300,29523,29542.25,29512.5,29530.75
1787218200,29527,29536.5,29507.5,29536
1787219100,29535.25,29546.75,29512.75,29528.25
1787220000,29527.25,29564,29511.75,29556.5
1787220900,29557.5,29559.25,29526.5,29537.75
1787221800,29535.75,29547.75,29516.25,29524.25
1787222700,29526,29567,29525.25,29566
1787223600,29566,29582.25,29464,29487
1787224500,29488.5,29498.25,29422,29425
1787225400,29424.5,29453.5,29418,29423.75
1787226300,29423.25,29425,29348.75,29362
1787227200,29361.25,29375,29262.5,29272
1787228100,29272.25,29306.5,29264,29276.5
1787229000,29278,29292.5,29240,29290.25
1787229900,29289.25,29351,29283.75,29346
1787230800,29346.75,29373.25,29332.75,29338
1787231700,29338.25,29369,29324,29350.75
1787232600,29351,29470.25,29338.75,29442.5
1787233500,29443,29460,29308.75,29354
1787234400,29354,29409,29316.5,29368
1787235300,29369,29414,29305,29349.75
1787236200,29350.75,29430,29329,29421.75
1787237100,29421.5,29433.5,29349,29392.75
1787238000,29392.5,29457.5,29324.5,29365.25
1787238900,29364.5,29369.5,29301,29345
1787239800,29344,29350.5,29276.5,29278.5
1787240700,29278.75,29332.75,29269.25,29329.75
1787241600,29329.75,29346,29302.75,29307.25
1787242500,29307,29356.5,29305,29340.75
1787243400,29340.25,29378,29310,29377.25
1787244300,29377,29389,29356.25,29380
1787245200,29380,29382,29334.75,29337
1787246100,29337,29338.5,29292.5,29294.5
1787247000,29294.25,29304.25,29282.75,29289.75
1787247900,29290,29325.75,29287.25,29292.75
1787248800,29292.5,29293,29215,29230.5
1787249700,29230.25,29248.25,29202.75,29232.75
1787250600,29233,29237.5,29212,29234
1787251500,29234.5,29259,29227,29243.75
1787252400,29243.75,29293.5,29242.25,29281
1787253300,29280.5,29307.5,29267.75,29304.5
1787254200,29304.25,29335.25,29290.25,29310.75
1787255100,29310.75,29331.25,29286.5,29306.5
1787256000,29306.5,29320.5,29277,29281.25
1787256900,29281.5,29293.5,29262.5,29288.25
1787257800,29287.75,29311.5,29285.25,29302.25
1787258700,29302,29319.5,29296.25,29317.25
1787263200,29327,29345.75,29274.25,29278.25
1787264100,29277.5,29291.25,29277,29285.75
1787265000,29286.5,29309,29281.75,29300.75
1787265900,29300.75,29325.5,29296,29323
1787266800,29321.5,29324.25,29313.25,29318.75
1787267700,29318.75,29328.5,29312.5,29315.5
1787268600,29316.5,29323.75,29295.5,29316.5
1787269500,29317,29318,29286.75,29293
1787270400,29292.5,29365.5,29289.75,29360.75
1787271300,29360.5,29360.5,29315,29325.5
1787272200,29326.75,29357.25,29311.75,29354.5
1787273100,29353,29362,29319.5,29320.5
1787274000,29320.5,29335.25,29291.75,29331.25
1787274900,29330,29357,29313.25,29341.5
1787275800,29340.5,29357,29320.25,29350.5
1787276700,29350.25,29372.5,29333.5,29354.25
1787277600,29353.75,29375.75,29343.25,29373.5
1787278500,29372.75,29395,29366.75,29390
1787279400,29390,29396.25,29376,29380.5
1787280300,29380.25,29399.25,29377,29384
1787281200,29384,29388.25,29355,29356.5
1787282100,29356,29371.25,29349,29363
1787283000,29364.75,29376.75,29354.25,29357.25
1787283900,29356,29364,29342.75,29352.25
1787284800,29353.75,29370,29349,29367.75
1787285700,29366.5,29371.75,29330.5,29330.5
1787286600,29330,29338.75,29321.25,29334.75
1787287500,29334.5,29364.5,29333.25,29356.25
1787288400,29358.25,29371,29352,29367
1787289300,29366.25,29380.75,29351.5,29353.25
1787290200,29352.25,29377.5,29348.25,29360.75
1787291100,29360.5,29367.25,29340.25,29366.25
1787292000,29365.5,29375.75,29354.5,29374
1787292900,29374.25,29381,29366.75,29376.25
1787293800,29375.5,29401.5,29368.5,29372.75
1787294700,29372.75,29391.5,29365.5,29386.5
1787295600,29386,29429,29380.5,29429
1787296500,29427.25,29458.75,29414.25,29427.5
1787297400,29426,29453.5,29420.5,29424
1787298300,29424.25,29446.75,29422.5,29446
1787299200,29447.25,29464.25,29407.75,29417.5
1787300100,29419.25,29424.5,29390.5,29421.5
1787301000,29421.25,29456.75,29418,29454.75
1787301900,29455,29467.5,29447.25,29453
1787302800,29454,29455,29411.5,29438
1787303700,29438.5,29444.75,29430,29435.5
1787304600,29435.5,29482.75,29429.75,29474.75
1787305500,29474.75,29495,29464.5,29485
1787306400,29485.75,29518.5,29476.5,29485
1787307300,29485.5,29491,29470.25,29490
1787308200,29489.5,29495,29473,29477
1787309100,29478.5,29488.75,29471.25,29479.5
1787310000,29480,29486,29452.75,29467.75
1787310900,29468.25,29525,29466.5,29519.25
1787311800,29518.5,29539,29500,29530.75
1787312700,29530.75,29531,29498.5,29500
1787313600,29499.5,29503.75,29479.75,29487.25
1787314500,29487.5,29516.75,29477.75,29516.25
1787315400,29515.5,29529.75,29508.25,29528.25
1787316300,29529,29539,29503.5,29511.5
1787317200,29511.75,29516,29467,29469
1787318100,29469.5,29485.25,29418,29469.25
1787319000,29469,29476,29312.25,29322.5
1787319900,29320.25,29359.25,29255.75,29303.5
1787320800,29303.25,29335.5,29246.25,29253
1787321700,29253.5,29311.75,29220,29278.75
1787322600,29280.25,29310,29258,29296.5
1787323500,29296.25,29333.75,29288.5,29331.75
1787324400,29332,29368.75,29326.75,29353
1787325300,29352.5,29371.25,29331.5,29368.25
1787326200,29367.75,29471.75,29364,29451.5
1787327100,29452.25,29488.75,29425.5,29443
1787328000,29443.5,29447.25,29390,29394.5
1787328900,29393.75,29452.75,29388.75,29409.5
1787329800,29410,29425.5,29393.5,29417.5
1787330700,29417,29417.5,29380.75,29412.25
1787331600,29412,29424,29398.75,29408
1787332500,29408,29410.25,29376.25,29395.25
1787333400,29396,29404.75,29382.75,29404.75
1787334300,29404.75,29410.5,29381.5,29383.75
1787335200,29383.25,29405.25,29372.25,29374.75
1787336100,29374.25,29392,29362.75,29363
1787337000,29363,29372.25,29353.75,29366.5
1787337900,29366.5,29403.5,29363.5,29400.25
1787338800,29400,29415,29384.25,29388.5
1787339700,29388.25,29404.5,29380.25,29394.5
1787340600,29393.5,29412.5,29393.5,29410.75
1787341500,29410.75,29432.25,29375.25,29395.75
1787342400,29396.25,29398,29370.25,29381.75
1787343300,29382,29388.5,29367.75,29370
1787344200,29370.5,29388,29370,29385.25
1787345100,29384.75,29385,29372,29374
1787522400,29392.25,29409.75,29300.25,29331.75
1787523300,29330.25,29343,29313,29338.75
1787524200,29337.75,29384.75,29335,29382.25
1787525100,29381.25,29400,29380.75,29390.5
1787526000,29390.5,29394,29384,29387
1787526900,29387.25,29429.5,29386.5,29429
1787527800,29427,29448,29418,29420
1787528700,29419.75,29480.5,29419.5,29467.75
1787529600,29466.5,29472.5,29423.5,29437.25
1787530500,29435.75,29437.75,29335,29356.5
1787531400,29357.25,29377.5,29337.25,29354.75
1787532300,29355.5,29428.25,29351.5,29427.25
1787533200,29425.75,29443.5,29393.25,29435
1787534100,29436.25,29449,29407.75,29410.25
1787535000,29409.5,29410.75,29383.5,29394.25
1787535900,29392,29404.75,29321,29323.25
1787536800,29321.5,29357.5,29301.25,29353.25
1787537700,29353.25,29373.25,29347.5,29363
1787538600,29363,29373.25,29356.25,29370.25
1787539500,29370.5,29377.25,29341.75,29370.5
1787540400,29371.25,29372.5,29303.25,29304.5
1787541300,29304,29314,29289.75,29295.5
1787542200,29295,29305,29281.75,29284.5
1787543100,29284,29305,29261.25,29272.25
1787544000,29272.25,29299,29268.25,29299
1787544900,29299,29300.75,29271.25,29292
1787545800,29292.25,29299.5,29276.5,29299.25
1787546700,29299.25,29304,29263,29265.75
1787547600,29265.5,29297.25,29261.25,29293.5
1787548500,29293.25,29293.25,29247,29250
1787549400,29248,29266.5,29207.5,29238.75
1787550300,29238,29246,29188,29200.75
1787551200,29200.25,29219.25,29142.5,29152.5
1787552100,29152.5,29179,29120.5,29166.5
1787553000,29164.75,29180.5,29144,29149.5
1787553900,29151,29177.25,29142,29164.5
1787554800,29164.5,29205,29146.5,29200.25
1787555700,29200.5,29208.75,29178.5,29183.5
1787556600,29182.25,29212.5,29161.25,29162.75
1787557500,29163.25,29175.25,29130.75,29143.75
1787558400,29146.25,29209,29116.75,29184.5
1787559300,29183.5,29210.5,29171.75,29191.75
1787560200,29191.5,29225.75,29179.75,29224.5
1787561100,29224.25,29240,29213.5,29215
1787562000,29215.75,29247.75,29201,29234
1787562900,29233,29235.5,29208.25,29210.5
1787563800,29209.5,29242.25,29209,29236.5
1787564700,29236,29249.75,29227,29231.5
1787565600,29231.75,29247,29214.75,29214.75
1787566500,29216,29236,29204.25,29209.25
1787567400,29208.5,29240,29197.25,29210
1787568300,29208.25,29210,29179.5,29184.75
1787569200,29185.25,29192.5,29145.75,29167.75
1787570100,29167.75,29203,29164.5,29183
1787571000,29183.5,29283,29183,29260
1787571900,29260.25,29260.5,29231,29245.5
1787572800,29245.5,29245.75,29207.5,29211.5
1787573700,29212.25,29231.25,29203.5,29230
1787574600,29229.5,29240.75,29171.5,29203.5
1787575500,29206,29232.75,29199.75,29206
1787576400,29205.75,29220.25,29196.75,29208.25
1787577300,29208.75,29236.75,29195.75,29235
1787578200,29235.5,29243,28975.5,28978.75
1787579100,28978.5,29038,28946.75,29021.75
1787580000,29022.25,29036.75,28953.5,28993.25
1787580900,28993,29033.25,28967.5,29012.25
1787581800,29011.75,29110.75,29001.5,29085.5
1787582700,29086,29110.25,29077.5,29082.75
1787583600,29083.25,29096.75,29042.25,29048.5
1787584500,29049.25,29137,29038.75,29121.25
1787585400,29122,29182,29111.5,29175.75
1787586300,29176.25,29205.5,29150,29168.75
1787587200,29169,29189.25,29156.75,29180.75
1787588100,29181,29224.75,29178.75,29203.75
1787589000,29204.25,29212.25,29174,29185.25
1787589900,29185,29192.75,29170.5,29171
1787590800,29171.25,29210.5,29154.75,29194.25
1787591700,29194,29195.25,29132,29140
1787592600,29139.5,29142.5,29118.75,29119.25
1787593500,29119,29143,29116.5,29123
1787594400,29123.75,29188.75,29123,29187
1787595300,29187.25,29224,29172.75,29218.25
1787596200,29218,29233.25,29180.25,29190
1787597100,29190.25,29193.5,29153,29154
1787598000,29153.75,29162.25,29143,29155.25
1787598900,29154.75,29167,29142.75,29158.75
1787599800,29158,29173,29125.25,29131
1787600700,29131,29142,29095.5,29099.25
1787601600,29099,29124.75,29097.25,29109.25
1787602500,29109.5,29113,29080.75,29084
1787603400,29083.75,29101.75,29083.5,29100.25
1787604300,29100.5,29136.5,29089.25,29131.25
1787608800,29140.5,29152.75,29120,29123.75
1787609700,29124.5,29130,29120,29126.75
1787610600,29123.75,29130,29113.5,29117.75
1787611500,29119,29121.5,29111.5,29121
1787612400,29121,29125.5,29116.5,29124
1787613300,29124.75,29128.25,29105.75,29106.75
1787614200,29107.25,29116,29072,29084.25
1787615100,29086.25,29100,29081.5,29096.25
1787616000,29095.75,29102.25,29038.25,29042
1787616900,29041.5,29084.25,29017,29079.5
1787617800,29079.25,29131.25,29070.75,29124.5
1787618700,29123.75,29146,29106,29126.5
1787619600,29128,29143.25,29114,29130
1787620500,29129.5,29136.75,29095.5,29115
1787621400,29114.25,29155.5,29108.5,29134
1787622300,29135.5,29152.25,29125.5,29128.25
1787623200,29127,29145.5,29104,29117
1787624100,29117,29149,29104,29146
1787625000,29145.25,29168.25,29134.25,29138.75
1787625900,29137,29138,29093.5,29101.75
1787626800,29102.5,29166.5,29100.25,29151.25
1787627700,29151.5,29176.25,29151,29175
1787628600,29174.5,29190,29163.5,29167.75
1787629500,29168.25,29168.25,29151.75,29164.75
1787630400,29164.75,29199,29159.25,29196.25
1787631300,29196.75,29207.25,29188,29201
1787632200,29201.75,29217.25,29190.75,29211.5
1787633100,29211.25,29216.5,29185,29198.75
1787634000,29200.25,29225,29190,29204.75
1787634900,29206,29227,29206,29220.25
1787635800,29219.25,29234.75,29201.25,29204.25
1787636700,29204.25,29241,29201,29232
1787637600,29231.75,29263.5,29230,29248
1787638500,29248.25,29288.5,29242.5,29266.25
1787639400,29265.25,29267.5,29243.5,29263.25
1787640300,29262.75,29263.25,29236.25,29263.25
1787641200,29263.5,29290.75,29250,29252.75
1787642100,29252.75,29263.5,29226.5,29248.25
1787643000,29246.25,29261.5,29232,29255.75
1787643900,29258,29259,29226.25,29231.75
1787644800,29233.5,29254.75,29212.25,29216.75
1787645700,29218.5,29326,29218.5,29276.5
1787646600,29278.25,29298.25,29257,29282
1787647500,29282.25,29306.25,29282,29301.75
1787648400,29302,29337,29286,29323
1787649300,29324.25,29334.75,29305.75,29318
1787650200,29317,29374,29315,29361.25
1787651100,29360.5,29425.75,29356,29392.5
1787652000,29389.25,29410.25,29370,29389.75
1787652900,29391.25,29392.75,29367.25,29370
1787653800,29370.75,29379.75,29346.5,29347.5
1787654700,29347,29369.5,29346.25,29358.5
1787655600,29358,29362.25,29304,29340.25
1787656500,29340.25,29355,29320,29340.5
1787657400,29340.75,29362.25,29339.5,29358.25
1787658300,29357.25,29390.5,29355.25,29373
1787659200,29372.75,29382.75,29355.25,29380.75
1787660100,29380.5,29409.5,29363.75,29374.25
1787661000,29373.25,29373.25,29312.5,29328
1787661900,29328,29347,29320,29334
1787662800,29334,29344.75,29311.5,29329.25
1787663700,29327.25,29342,29294.5,29296.25
1787664600,29297,29376.25,29279.25,29349.75
1787665500,29348.75,29414.75,29289.25,29312.75
1787666400,29313.25,29315,29239.75,29246
1787667300,29245,29269.5,29209.25,29215.25
1787668200,29214.75,29268.75,29138,29219.25
1787669100,29218.25,29260.25,29206,29232.5
1787670000,29233,29235.75,29197,29223
1787670900,29223.75,29282,29219,29276.75
1787671800,29277.25,29309.75,29255.25,29267.25
1787672700,29266.75,29274.25,29222.75,29262
1787673600,29263.25,29289.5,29260.75,29277.75
1787674500,29278,29298.5,29274.5,29293.75
1787675400,29294.75,29299.75,29259,29265.25
1787676300,29265.75,29283.25,29252.75,29274.75
1787677200,29275.5,29279,29224,29243
1787678100,29242.5,29258.5,29214.5,29224.5
1787679000,29224.75,29234.5,29216,29222.25
1787679900,29222.5,29232.25,29216.75,29227.25
1787680800,29226.75,29227.5,29202,29206
1787681700,29205.75,29227.5,29202.5,29219.75
1787682600,29219.75,29259.25,29219,29257.75
1787683500,29257.75,29275,29253,29255.5
1787684400,29256,29266.5,29230.25,29234.75
1787685300,29234.25,29238.75,29212.75,29226
1787686200,29225.75,29257.75,29211.5,29239
1787687100,29238.25,29289.5,29229.5,29270.25
1787688000,29270.5,29294.75,29262,29288.75
1787688900,29288.5,29313.5,29283.25,29302.5
1787689800,29302,29308.75,29281.5,29282.25
1787690700,29282.25,29287.75,29268.75,29287.5
1787695200,29288,29309.75,29286.5,29293.25
1787696100,29293.5,29294.25,29280,29291.25
1787697000,29291.5,29293,29280.75,29288.25
1787697900,29287.25,29288,29280.75,29284.5
1787698800,29284.25,29288.5,29273.75,29275.75
1787699700,29276.25,29278.75,29245.25,29246
1787700600,29246,29248.5,29228,29234.75
1787701500,29233,29235,29207,29211.5
1787702400,29210.25,29227.75,29185,29208.5
1787703300,29209.5,29238.5,29165.25,29184.25
1787704200,29183.75,29188,29138,29151.25
1787705100,29150.75,29160,29110.5,29112.25
1787706000,29113,29147,29106.75,29123.75
1787706900,29123.5,29134,29099,29109.75
1787707800,29110.5,29129,29096,29116.25
1787708700,29117.5,29135,29104.75,29133.5
1787709600,29133.5,29144.5,29119.25,29143.25
1787710500,29143,29174.75,29140.5,29172.25
1787711400,29172.75,29217.75,29171,29217
1787712300,29217.25,29229.75,29211.25,29220.25
1787713200,29221.5,29235.75,29212,29231.5
1787714100,29231,29232,29213.25,29214.75
1787715000,29215.5,29244,29205,29237
1787715900,29237.5,29275.25,29235.75,29264.25
1787716800,29265.25,29279.75,29260,29273
1787717700,29273.25,29283.25,29262,29272.25
1787718600,29272,29275.25,29247.75,29250.75
1787719500,29251,29251.75,29217.25,29226.75
1787720400,29227.75,29259.75,29226.5,29239.25
1787721300,29238.5,29248.75,29229,29245
1787722200,29246,29262.75,29241.25,29248.25
1787723100,29247.25,29247.75,29226,29243
1787724000,29242.25,29248.75,29212,29217
1787724900,29215,29226.5,29203.5,29218.75
1787725800,29218.25,29256.75,29209.75,29255.25
1787726700,29255.75,29277.25,29232.25,29252.75
1787727600,29252.25,29257.75,29201.25,29236.75
1787728500,29237,29244.5,29192.25,29199
1787729400,29201.25,29211,29185.75,29199.25
1787730300,29199.5,29219.25,29187.25,29212.25
1787731200,29213,29245.25,29198.25,29205.75
1787732100,29205.5,29235.5,29185,29235.5
1787733000,29234.75,29251,29211.75,29242.5
1787733900,29241,29241.25,29209.75,29228
1787734800,29227.75,29234.75,29213.5,29218.75
1787735700,29218.25,29221.5,29191.25,29198
1787736600,29200,29219.25,29198.5,29214.75
1787737500,29214,29236.5,29213.75,29234.5
1787738400,29234.25,29235,29196,29198
1787739300,29197.25,29217,29196.25,29200.75
1787740200,29200,29242.25,29188.75,29228.5
1787741100,29228.5,29240.25,29224,29237.5
1787742000,29237.5,29264.5,29235,29254
1787742900,29253,29278.75,29234.75,29253
1787743800,29252.25,29261.75,29193,29209.5
1787744700,29210.25,29227.5,29186,29219.5
1787745600,29220.75,29223.5,29200,29215.75
1787746500,29215.5,29259.5,29190,29257.25
1787747400,29256.75,29263.25,29149.75,29164.75
1787748300,29165,29181.5,29133.25,29152
1787749200,29151.75,29173,29133.5,29171.75
1787750100,29172.25,29175,29153.5,29173.75
1787751000,29174.5,29313.25,29174.25,29291
1787751900,29290.75,29332.75,29252.5,29331.25
1787752800,29331.5,29332.5,29235.5,29246
1787753700,29246.25,29262.75,29156.75,29178.25
1787754600,29178.25,29238.5,29176,29221
1787755500,29221.5,29268,29206.25,29252.25
1787756400,29251.75,29283,29246,29257.5
1787757300,29257.25,29267,29222.5,29256.5
1787758200,29256.75,29289.75,29220.75,29283
1787759100,29282.25,29291.5,29215.5,29217.75
1787760000,29217.75,29224.25,29189,29200
1787760900,29201.25,29215.75,29192.5,29207
1787761800,29207.25,29220,29170,29174.5
1787762700,29174.75,29224.75,29171.75,29216.75
1787763600,29216,29242.25,29210.5,29238
1787764500,29238.25,29270.75,29238,29267.25
1787765400,29268,29291.75,29262.75,29281.5
1787766300,29281.5,29293.75,29267.5,29284.25
1787767200,29284.5,29296,29266,29270
1787768100,29270.75,29292.25,29264.75,29280
1787769000,29279.75,29303.5,29275.75,29295
1787769900,29295,29329.75,29294.75,29321.75
1787770800,29321.25,29368.25,29317.75,29340.5
1787771700,29340.5,29357.25,29332.25,29338
1787772600,29338,29345.5,29307.5,29309.25
1787773500,29309.5,29341.5,29280.25,29296.75
1787774400,29297.75,29375,29283.25,29362.25
1787775300,29360.75,29383.75,29291,29342.25
1787776200,29342,29356,29317,29340
1787777100,29339,29437.75,29336.75,29432.5
1787781600,29499.5,29582.25,29499.25,29566
1787782500,29565.5,29602,29554.25,29583.75
1787783400,29583.5,29618,29581,29617.25
1787784300,29615.75,29628.5,29599.25,29606.5
1787785200,29605,29615.5,29591,29592.25
1787786100,29593.25,29612.5,29585,29602.5
1787787000,29602.75,29611.75,29594.5,29606.5
1787787900,29606.25,29653,29605,29646.5
1787788800,29648.25,29654.75,29578,29590
1787789700,29590,29590.5,29558,29581
1787790600,29580.5,29581.25,29476.25,29478
1787791500,29478,29479.5,29438.25,29445.75
1787792400,29443.75,29490,29432.5,29452.75
1787793300,29452,29509.25,29447.75,29503.25
1787794200,29503,29535,29491.75,29492.75
1787795100,29493.75,29554.25,29493.75,29529.75
1787796000,29531.75,29544.25,29516.75,29539.75
1787796900,29540.75,29543.25,29525.75,29539
1787797800,29538.75,29555,29530.5,29541.25
1787798700,29541.75,29560.5,29536.75,29548.75
1787799600,29550.5,29563,29530,29540.25
1787800500,29541,29575.75,29540.75,29564.25
1787801400,29566,29572.25,29541.75,29541.75
1787802300,29543.5,29552.5,29526.5,29538.75
1787803200,29538,29547.25,29528.25,29534
1787804100,29534.75,29551.75,29528.5,29528.5
1787805000,29528.5,29530.25,29498.25,29504.25
1787805900,29503.5,29520.75,29493,29497.25
1787806800,29501.5,29504.25,29472.75,29484.5
1787807700,29482.25,29482.25,29448,29468
1787808600,29466.25,29472.75,29438.5,29442.5
1787809500,29441.5,29465,29428.5,29438.75
1787810400,29437.5,29437.5,29401.75,29432.5
1787811300,29433,29451,29432,29450.75
1787812200,29451.5,29490.5,29449,29489.25
1787813100,29489,29500,29478,29499.5
1787814000,29498.75,29538.5,29477.25,29536
1787814900,29537,29548.75,29524,29548.25
1787815800,29547.75,29549.75,29499,29504
1787816700,29504.75,29548.25,29500.75,29539.5
1787817600,29538.75,29624,29537,29622
1787818500,29622.5,29659.75,29596.75,29656.5
1787819400,29656.75,29658,29610.25,29629.5
1787820300,29632.5,29662,29622,29623.75
1787821200,29624.75,29634.25,29581.25,29584
1787822100,29584.25,29615,29568,29598
1787823000,29597.75,29625.5,29596.75,29615
1787823900,29614.5,29634.5,29599.5,29602
1787824800,29602.25,29606.25,29582.25,29598.75
1787825700,29598.75,29603.75,29577,29579.75
1787826600,29580.75,29602.75,29570,29600
1787827500,29599.75,29602.25,29568.25,29597.5
1787828400,29599,29630,29577,29616.25
1787829300,29616.25,29621.25,29569.5,29569.5
1787830200,29570.25,29588,29546.25,29565.5
1787831100,29563.5,29563.5,29514.75,29558.5
1787832000,29557.75,29589,29551,29584
1787832900,29584.25,29590.5,29565.75,29579.25
1787833800,29579,29581.25,29534.5,29537.5
1787834700,29536.25,29541,29515.5,29522.5
1787835600,29522,29561.75,29518.5,29555.75
1787836500,29554.5,29570.25,29523.25,29524.5
1787837400,29524.25,29588.75,29443,29575
1787838300,29576,29605,29423.75,29483
1787839200,29484,29588.5,29478.5,29559
1787840100,29558,29623.5,29558,29606.75
1787841000,29606.5,29610.25,29538,29557.25
1787841900,29556.5,29605.25,29532,29601.5
1787842800,29601.75,29628,29588.25,29625.5
1787843700,29625.75,29635,29573,29578.5
1787844600,29578.25,29597.25,29528.5,29534.5
1787845500,29534.75,29610,29511.5,29598
1787846400,29597.25,29623.75,29581.75,29590.5
1787847300,29589.75,29608,29570,29603
1787848200,29603.5,29651,29599,29645.75
1787849100,29645.75,29659.5,29637,29651.75
1787850000,29652,29676,29648,29669.75
1787850900,29670.5,29678.5,29638,29641.5
1787851800,29641.25,29658.5,29627,29628.75
1787852700,29628.5,29632.25,29607,29611.5
1787853600,29612,29622,29561.75,29577
1787854500,29576.5,29589.75,29526.5,29538.25
1787855400,29538.25,29581.25,29537,29572.5
1787856300,29572.5,29582.25,29544.75,29571.25
1787857200,29571.5,29606.75,29567,29592.5
1787858100,29592.75,29613,29592.75,29602.25
1787859000,29602.75,29633.5,29595,29633.25
1787859900,29632.75,29704.5,29629,29691.75
1787860800,29691.75,29708,29647.25,29648
1787861700,29648.25,29656.5,29634.25,29638.5
1787862600,29639.25,29644.75,29634.75,29639.75
1787863500,29640.25,29642,29620.5,29635.25
1787868000,29635.5,29644.75,29600,29620.5
1787868900,29622.25,29639.5,29619.75,29637.25
1787869800,29637,29640.75,29630,29635.5
1787870700,29635.25,29639.5,29630.75,29634.75
1787871600,29633.5,29637.5,29605,29616.5
1787872500,29616,29617.25,29604,29608.25
1787873400,29610,29612.75,29602.5,29604.5
1787874300,29604.5,29605.25,29592,29600.75
1787875200,29601.75,29656,29594.25,29653
1787876100,29652.75,29655.75,29625.5,29653
1787877000,29651.25,29658,29633.5,29654.5
1787877900,29653.25,29667.25,29642,29645
1787878800,29645.75,29670.25,29642.75,29661
1787879700,29661,29672.75,29643.5,29648.75
1787880600,29648.5,29672.25,29641.75,29654.75
1787881500,29654.5,29679.75,29644,29677.75
1787882400,29678.75,29699.5,29678.75,29692.75
1787883300,29694.75,29703,29686.25,29692.75
1787884200,29691,29691,29644.75,29647.25
1787885100,29647,29670.25,29645,29663.75
1787886000,29664.75,29702,29660.5,29694.5
1787886900,29693.75,29707,29689.5,29700.25
1787887800,29700.5,29704.25,29648.75,29651.75
1787888700,29651.5,29676.5,29640.25,29668.25
1787889600,29668,29670.5,29643.75,29661.5
1787890500,29660.75,29669.75,29657,29659.5
1787891400,29658.5,29660.75,29639,29644.25
1787892300,29643.5,29650,29636.25,29641.75
1787893200,29642,29643.75,29620.75,29623.75
1787894100,29624.75,29628.25,29611.5,29622.75
1787895000,29623,29624.5,29603.5,29613.75
1787895900,29612.5,29613,29597.25,29598.25
1787896800,29599,29618.5,29594.5,29603.25
1787897700,29602.25,29623.75,29594.5,29596
1787898600,29597.5,29623,29596,29620.75
1787899500,29619.5,29645.25,29616,29645.25
1787900400,29645.25,29653.5,29605,29612.5
1787901300,29612,29624,29599.75,29613.75
1787902200,29613.5,29620.25,29593,29597.5
1787903100,29597,29625.75,29595,29607
1787904000,29607,29620.5,29578.25,29584.75
1787904900,29586,29605.5,29581.75,29598.25
1787905800,29598.5,29633.5,29596.25,29623.5
1787906700,29623.5,29624.25,29603,29619.75
1787907600,29619,29620,29603.5,29606
1787908500,29605.75,29620.5,29595.75,29615.75
1787909400,29615.5,29618.5,29602.25,29607.5
1787910300,29605,29620.25,29599,29605.5
1787911200,29606,29610,29593.25,29603.75
1787912100,29604,29617.25,29597.5,29611.5
1787913000,29611.25,29623,29600,29602.5
1787913900,29601.5,29625,29598,29622
1787914800,29622.25,29634.75,29598.25,29614.5
1787915700,29614.5,29636.5,29614,29633.5
1787916600,29635,29640,29607,29610.25
1787917500,29609.5,29615,29597.5,29603.5
1787918400,29601.5,29632.5,29597.5,29630.25
1787919300,29631,29663,29627.75,29661.5
1787920200,29661.25,29661.75,29615,29658.25
1787921100,29658.25,29665,29649.25,29659
1787922000,29659,29681.75,29650.25,29661
1787922900,29661,29662.75,29622,29628
1787923800,29628.5,29701.75,29562.75,29687.75
1787924700,29687.25,29703.25,29625,29629
1787925600,29632,29706,29505,29534.75
1787926500,29536.25,29675.75,29532.25,29653.5
1787927400,29653.5,29744,29632,29734.25
1787928300,29734.75,29799,29725.25,29796.5
1787929200,29796.5,29811.5,29735.25,29748.75
1787930100,29748.75,29791.25,29738,29782.75
1787931000,29783.25,29785.5,29663,29671
1787931900,29671,29682.75,29544.25,29552.5
1787932800,29553,29593,29509.75,29558.5
1787933700,29558.25,29570.75,29464.5,29489
1787934600,29488.5,29529.25,29475,29483.75
1787935500,29483.5,29549,29483,29501.25
1787936400,29502,29503,29436.25,29484.25
1787937300,29483.5,29495.25,29452.25,29470
1787938200,29470,29504.5,29461.25,29484
1787939100,29482.75,29529.25,29475.75,29514.75
1787940000,29515.75,29521.5,29488.25,29489.25
1787940900,29489.25,29505,29471.25,29483.75
1787941800,29483.25,29507,29476,29491.25
1787942700,29491,29493.5,29441,29455.5
1787943600,29456,29492.25,29443.5,29479.5
1787944500,29479,29502,29464.5,29498.25
1787945400,29498.5,29513.75,29482.25,29503
1787946300,29502.25,29521.5,29473.5,29496.5
1787947200,29496.5,29507.75,29478.25,29487.5
1787948100,29488.5,29493.25,29485.25,29492
1787949000,29492,29508,29485,29507.25
1787949900,29507.5,29519.25,29506.75,29509.5
1788127200,29540,29546.25,29446.75,29471
1788128100,29471.25,29495,29467.25,29473
1788129000,29474.75,29476.5,29428,29436.75
1788129900,29436,29453.5,29435,29442.5
1788130800,29442.5,29449.25,29405.75,29409.75
1788131700,29410,29416,29369,29371.75
1788132600,29372,29375.5,29321.25,29355.5
1788133500,29354,29354,29289,29289.75
1788134400,29291,29346.75,29273.5,29339.75
1788135300,29341,29378.25,29334.5,29372
1788136200,29370.25,29398.5,29366.75,29388.75
1788137100,29390.25,29393,29350.5,29357
1788138000,29358.25,29358.25,29292.5,29324.75
1788138900,29324.25,29340.25,29304,29331.75
1788139800,29330.25,29338,29306.5,29313.5
1788140700,29313.25,29331.5,29302.25,29327
1788141600,29325.75,29362.75,29308.5,29355.75
1788142500,29357,29357,29304.5,29331.5
1788143400,29327,29335.25,29287,29296.5
1788144300,29297.5,29346.5,29287.75,29344.25
1788145200,29346,29367.25,29336.75,29355.5
1788146100,29355.5,29358,29343,29344
1788147000,29345.75,29351,29337.75,29345
1788147900,29346,29353.5,29338.75,29352.25
1788148800,29352.5,29354.75,29341.5,29354.75
1788149700,29353.25,29357,29342.75,29347.25
1788150600,29348,29384.75,29333.75,29383
1788151500,29380.75,29423.75,29365.5,29414.75
1788152400,29415,29445,29407.75,29443.75
1788153300,29442.75,29477.25,29442.25,29470
1788154200,29470,29474.25,29426.25,29442
1788155100,29442.25,29462.5,29432,29462.25
1788156000,29462,29503.5,29448.75,29500.5
1788156900,29501.25,29518.5,29501.25,29512.5
1788157800,29512.5,29518.75,29495.75,29508
1788158700,29507.5,29528.5,29503.5,29517.75
1788159600,29516.25,29521,29500.75,29513.75
1788160500,29513.25,29521.25,29500,29509.75
1788161400,29508.25,29522.75,29501,29506
1788162300,29505.5,29510.75,29493.5,29508.25
1788163200,29508.5,29535,29485,29505
1788164100,29504.75,29511,29485.5,29500.75
1788165000,29500.25,29502.25,29475,29484.5
1788165900,29484.75,29498.5,29480.25,29485
1788166800,29485.25,29500.75,29470.75,29492.5
1788167700,29492.25,29509.25,29490,29491.25
1788168600,29491.75,29492.5,29467,29468
1788169500,29468,29469.25,29445.5,29450.5
1788170400,29451.5,29460,29440.5,29458
1788171300,29457.25,29467.75,29445.75,29461
1788172200,29460.75,29461,29450,29455.25
1788173100,29454,29471.5,29450,29458.75
1788174000,29458.25,29463.5,29436.75,29439.5
1788174900,29439.25,29471,29435.5,29465
1788175800,29465.5,29466.75,29432.75,29433.5
1788176700,29434,29440,29425.25,29429.75
1788177600,29429.75,29470,29398.5,29449.75
1788178500,29449.75,29486,29397,29415.75
1788179400,29415.75,29442.25,29389.75,29399.25
1788180300,29398.5,29407.5,29380,29389
1788181200,29389.5,29411.25,29377.5,29408.5
1788182100,29409.5,29445.25,29408.25,29438.5
1788183000,29437.75,29516.75,29390.25,29407.75
1788183900,29408,29479,29387.75,29438.75
1788184800,29439.25,29447.75,29371,29394.5
1788185700,29393.25,29431.5,29355,29376.25
1788186600,29374.25,29434.75,29364.5,29425.25
1788187500,29425.25,29444.25,29384.25,29416
1788188400,29415.25,29442.5,29395.5,29417.25
1788189300,29416.75,29445.75,29396.5,29421
1788190200,29420.5,29424.75,29383,29408.5
1788191100,29408.25,29432.75,29384.5,29388.75
1788192000,29389.25,29412.75,29362.5,29407.25
1788192900,29407.75,29426.5,29381.5,29425
1788193800,29425,29430.75,29394.25,29413.5
1788194700,29413.25,29443.25,29409.5,29440.5
1788195600,29440,29441,29415.25,29423.5
1788196500,29423.75,29434,29393.25,29396.75
1788197400,29396.75,29439.75,29388,29439.5
1788198300,29439.75,29457.5,29430.75,29442
1788199200,29442,29458.75,29422.25,29446.75
1788200100,29446.75,29464.25,29437.25,29438.25
1788201000,29438,29443.25,29382.5,29399
1788201900,29399.75,29420.25,29390.5,29403.75
1788202800,29404.5,29429.75,29403.5,29425.5
1788203700,29425.5,29453.5,29417.25,29448.25
1788204600,29447.75,29483.25,29430.5,29477
1788205500,29476.75,29538.25,29458.5,29506.5
1788206400,29506.25,29527.5,29503.75,29511.5
1788207300,29511.5,29516.75,29507,29513.75
1788208200,29513,29520.5,29510,29516.75
1788209100,29516.75,29521.25,29507,29521
1788213600,29518.25,29522.5,29501.25,29507.75
1788214500,29507,29508.5,29498.5,29501.75
1788215400,29502.5,29508.25,29501.75,29505
1788216300,29505,29506.75,29491,29493.5
1788217200,29493.25,29505,29490,29496
1788218100,29495.75,29499.5,29486,29497
1788219000,29495.5,29515,29493.5,29510.25
1788219900,29509.75,29519.5,29496.5,29501.25
1788220800,29503.25,29521.75,29480.5,29489.25
1788221700,29489,29518.75,29478.25,29501
1788222600,29501,29520.5,29484.25,29501.75
1788223500,29503.5,29508.5,29491.75,29506
1788224400,29506,29514.25,29491.5,29512.25
1788225300,29512,29516.25,29477,29484
1788226200,29483,29515.5,29475,29508.25
1788227100,29508.75,29511,29490.5,29499.75
1788228000,29498,29502.75,29475,29481
1788228900,29480.5,29486.5,29452.75,29459.75
1788229800,29460,29472.5,29434.75,29439
1788230700,29438.75,29493.25,29436.25,29492
1788231600,29491.5,29493.75,29467.5,29471.5
1788232500,29471.5,29476.5,29459.25,29464.25
1788233400,29465.5,29483.25,29461.25,29477.75
1788234300,29477,29488.5,29474.75,29485.75
1788235200,29487.25,29497.25,29481,29489
1788236100,29488.25,29501.5,29485.5,29492.75
1788237000,29493.75,29503,29470.25,29471.25
1788237900,29471.25,29494,29466,29473.75
1788238800,29473.25,29475.75,29460,29464.25
1788239700,29464.5,29487.75,29447.25,29486
1788240600,29485,29535.75,29482.25,29534
1788241500,29534.25,29571.25,29521.75,29561.5
1788242400,29561.75,29568,29531,29545.25
1788243300,29544.5,29547,29514.75,29517.5
1788244200,29516.5,29545,29513.75,29539.25
1788245100,29539.75,29540.25,29514.5,29515.75
1788246000,29515.5,29555.5,29512.25,29553.5
1788246900,29554.25,29556.75,29528.25,29545
1788247800,29546.75,29547,29462,29464
1788248700,29463,29478.75,29430,29436.25
1788249600,29436.25,29449,29327,29348.75
1788250500,29351,29358.5,29279,29285.5
1788251400,29286,29312,29246.75,29257.5
1788252300,29257,29279.75,29231,29235.25
1788253200,29235.75,29243.25,29201.75,29207.75
1788254100,29206.75,29218,29185.5,29197
1788255000,29199,29216.75,29184.25,29213.25
1788255900,29212.25,29228,29211.5,29212.5
1788256800,29212.5,29227.25,29201.25,29221.5
1788257700,29222,29248.75,29211.75,29237.5
1788258600,29237.75,29257.75,29227,29227.5
1788259500,29227.25,29243,29197.25,29210
1788260400,29209.25,29213.25,29178,29200.75
1788261300,29200.5,29216.75,29196.25,29208.75
1788262200,29207.75,29238,29205.75,29226.25
1788263100,29228.25,29228.5,29167.75,29172.5
1788264000,29171.5,29179.5,29153.75,29165.5
1788264900,29164.75,29173,29137.5,29170.5
1788265800,29169.75,29170.5,29123.25,29129.5
1788266700,29129.5,29153,29122.25,29125.75
1788267600,29125.75,29126.25,29087,29093
1788268500,29093,29122.75,29084.25,29112
1788269400,29111.75,29140.5,29040.25,29083.75
1788270300,29084,29158,29074.75,29105
1788271200,29106,29161.75,29085.25,29133.25
1788272100,29133.5,29179.5,29132,29165.25
1788273000,29165.25,29235,29162.25,29234
1788273900,29234,29268,29207,29228
1788274800,29228.5,29241.5,29180.25,29183.75
1788275700,29183,29233.25,29178.25,29232.5
1788276600,29232.25,29291.25,29224.25,29287.75
1788277500,29287.25,29317.75,29286,29296.25
1788278400,29295.5,29300.75,29232,29232.25
1788279300,29232.75,29236.25,29162.75,29176.75
1788280200,29177,29184.5,29131.25,29138
1788281100,29137.75,29197.25,29133,29191.75
1788282000,29191.25,29191.75,29138.75,29156.25
1788282900,29156.25,29163.75,29100.5,29141.75
1788283800,29143,29161.75,29137.75,29151.5
1788284700,29151.5,29153.25,29117.75,29140.75
1788285600,29139.75,29151.5,29101.25,29102.25
1788286500,29102.5,29118.5,29085.25,29094.25
1788287400,29094.5,29097.25,29014.25,29014.5
1788288300,29015,29081.25,29002,29076
1788289200,29075.5,29121.5,29070.5,29119.75
1788290100,29119.25,29129.25,29103.75,29127.25
1788291000,29126.75,29128.25,29093,29117.75
1788291900,29118,29141,29086,29126.75
1788292800,29126.75,29158,29113.5,29135
1788293700,29135,29159,29134.25,29136.75
1788294600,29136,29155.25,29130.25,29147.25
1788295500,29146,29147.5,29130.75,29139
1788300000,29136.5,29149,29107.75,29110
1788300900,29110.5,29126,29102.25,29113.75
1788301800,29114.75,29121,29111,29117.25
1788302700,29116.75,29139,29114.25,29132
1788303600,29129.75,29135.5,29128.5,29129
1788304500,29129.25,29139,29119,29136.5
1788305400,29137.5,29144.75,29133,29140.25
1788306300,29141.75,29148.25,29131.25,29134.5
1788307200,29135.75,29144.75,29106,29130.75
1788308100,29128,29170,29123.25,29126
1788309000,29127.75,29148.75,29114.5,29140.25
1788309900,29139,29145,29102,29104
1788310800,29103.25,29127.25,29086.75,29097.75
1788311700,29097.75,29129.5,29094.75,29115
1788312600,29115.75,29122.75,29070.5,29074.75
1788313500,29074.25,29078.5,29047.75,29075.5
1788314400,29075.5,29077,29044.5,29065
1788315300,29066.5,29100,29066.5,29085.5
1788316200,29084.5,29084.75,29061.75,29082.75
1788317100,29083.25,29092.25,29074.5,29084.25
1788318000,29086.5,29089.5,29058.75,29083.25
1788318900,29083,29084,29068,29069
1788319800,29070.25,29073,29053.75,29056
1788320700,29057.75,29065,29046,29047.25
1788321600,29047.75,29055,29035.5,29047.25
1788322500,29045.75,29062.75,29044.25,29051
1788323400,29051.25,29062.5,29047.75,29054
1788324300,29054.75,29065,29051,29058.25
1788325200,29059,29071.75,29037.5,29066.25
1788326100,29067.25,29092,29063.75,29091.25
1788327000,29092,29104.25,29070.5,29099.25
1788327900,29099.75,29101.5,29062.5,29073
1788328800,29072.25,29080.5,29040.25,29049.25
1788329700,29050,29055,29020.5,29023.5
1788330600,29023,29098.25,29016.5,29073.75
1788331500,29073.5,29080,29051,29077.25
1788332400,29077,29120.75,29065.5,29103.25
1788333300,29103.5,29117,29075.75,29094.5
1788334200,29094.25,29101,29064.75,29070.75
1788335100,29070.75,29078.25,29050,29061.75
1788336000,29062.25,29097.25,29052.5,29073.75
1788336900,29073.75,29088,29039.75,29053.5
1788337800,29052.75,29068.75,29031.5,29035.75
1788338700,29036.5,29037.25,28954.5,28977.75
1788339600,28977.25,29027.5,28969,28969.25
1788340500,28971.25,28995,28955,28978.25
1788341400,28978.25,28981.5,28940.5,28948.75
1788342300,28948.75,28974.5,28947.5,28973.25
1788343200,28972.75,28979.5,28947.25,28978
1788344100,28978,28996,28971.5,28985.75
1788345000,28985.5,28989.25,28961,28966.5
1788345900,28966,28988.75,28958,28988
1788346800,28987.75,29021.75,28927.25,29016.5
1788347700,29014.25,29035.75,28992.5,29023
1788348600,29025.25,29059.5,29019,29029.75
1788349500,29029.75,29084.5,29022.5,29084.5
1788350400,29083.75,29124,29074.5,29121.5
1788351300,29121.5,29149.5,29094.75,29108
1788352200,29107,29110.25,29067.25,29069.75
1788353100,29069,29071.25,29032.75,29040
1788354000,29040.25,29070.5,29037.75,29067.5
1788354900,29068.5,29115.25,29064.25,29098.5
1788355800,29098.75,29119,29036.5,29091
1788356700,29090.25,29112.5,29017.25,29062.25
1788357600,29061.75,29128.25,29032.25,29127.25
1788358500,29127.75,29193,29119.25,29187.25
1788359400,29187,29213,29168.5,29201.5
1788360300,29201.75,29202.5,29111.25,29120.25
1788361200,29119.5,29168.5,29106.25,29158.25
1788362100,29158,29208.5,29151.75,29205.25
1788363000,29205,29208.5,29171.5,29182.25
1788363900,29182.25,29190.75,29136,29185.25
1788364800,29184.5,29198.5,29173.5,29186.75
1788365700,29186.5,29186.75,29142.25,29151.75
1788366600,29151.5,29175.25,29138.25,29139
1788367500,29138.5,29168.25,29137,29155
1788368400,29154.75,29182.5,29127,29145.25
1788369300,29145,29154.5,29125.25,29150.75
1788370200,29150.5,29158.75,29127.5,29158.75
1788371100,29159,29173.75,29142.5,29158.75
1788372000,29159.5,29166,29135.75,29147
1788372900,29146.75,29199.75,29143.25,29159.25
1788373800,29159.25,29175,29131.5,29136.75
1788374700,29136,29154.25,29130.25,29145.5
1788375600,29145.75,29172,29139,29165.5
1788376500,29166.25,29170.75,29150,29167.25
1788377400,29167,29177.5,29155.25,29175
1788378300,29175.25,29197.25,29170.5,29190.5
1788379200,29190.25,29212,29187.5,29194.25
1788380100,29192,29193.75,29139.75,29156.25
1788381000,29156,29163.25,29147.5,29148
1788381900,29147.75,29164,29139.25,29141
1788386400,29177,29188.75,29148,29185.75
1788387300,29184.75,29208.75,29178,29196
1788388200,29196,29203,29192,29196
1788389100,29195.25,29195.5,29178.25,29180.5
1788390000,29180.75,29188.75,29170.75,29171.75
1788390900,29172.75,29180,29167.5,29179
1788391800,29180,29188.25,29175,29188.25
1788392700,29188,29213,29187.5,29201.25
1788393600,29200.75,29201.75,29165.75,29169.25
1788394500,29166.75,29168.25,29141,29156.25
1788395400,29155.75,29162,29146,29156.5
1788396300,29155.75,29161.75,29146.75,29151
1788397200,29150.75,29186.75,29147.75,29183.25
1788398100,29182.5,29200.75,29156.5,29174.75
1788399000,29176.75,29199.25,29167.75,29169
1788399900,29169,29175.75,29136.25,29137.5
1788400800,29136.75,29188,29132.75,29182.5
1788401700,29182.75,29195,29173,29188.5
1788402600,29186.5,29199,29168.75,29173
1788403500,29173.25,29188.5,29167.5,29180.75
1788404400,29182.25,29204.5,29179.5,29203.25
1788405300,29204.25,29234,29202.25,29219.75
1788406200,29220.75,29233.75,29217.75,29227.5
1788407100,29227,29243,29220.25,29236.5
1788408000,29236.5,29255,29228.75,29247
1788408900,29247,29249.25,29227.25,29227.75
1788409800,29227.75,29236.25,29214.75,29219.25
1788410700,29218.75,29229,29204.5,29207.5
1788411600,29207.25,29208.5,29140.75,29149
1788412500,29147.75,29148.5,29075,29104
1788413400,29102.75,29152,29098.25,29143
1788414300,29143,29188.75,29127.5,29188.75
1788415200,29188.5,29203.25,29162.75,29170
1788416100,29169,29180.25,29161,29177.25
1788417000,29177,29187.5,29164,29181.5
1788417900,29182,29182.75,29159.5,29174.25
1788418800,29173.25,29233,29160,29205.5
1788419700,29204.75,29211.5,29178.5,29203.25
1788420600,29202.5,29245.5,29192,29241.25
1788421500,29240.75,29240.75,29182.75,29220.25
1788422400,29220.25,29292.75,29213.25,29247.25
1788423300,29247,29264,29232.75,29256
1788424200,29257.25,29257.25,29226.75,29228.25
1788425100,29229.5,29235,29215,29216.25
1788426000,29218.5,29225.75,29211,29223.5
1788426900,29223.5,29224,29187.75,29187.75
1788427800,29187.25,29198,29169.25,29176.75
1788428700,29176.25,29176.25,29126.5,29137.75
1788429600,29138,29158.5,29120.25,29124.75
1788430500,29125.5,29134.25,29119.25,29127.5
1788431400,29127,29140,29105.5,29128.25
1788432300,29128,29129.75,29108,29128
1788433200,29129,29170.75,29106.25,29164.5
1788434100,29164,29186.75,29156.5,29166.75
1788435000,29167,29173.5,29111.25,29142.5
1788435900,29142.25,29144.5,29101,29105.5
1788436800,29105.5,29147.25,29104,29125
1788437700,29125.5,29151,29105.75,29145.75
1788438600,29144.75,29244,29144,29189.75
1788439500,29189,29258.75,29185,29244.5
1788440400,29243.75,29246,29194.25,29239.25
1788441300,29239.5,29253.75,29200.5,29249
1788442200,29249.5,29359.5,29199.5,29345
1788443100,29344.25,29375.5,29296.75,29333
1788444000,29331.75,29333.25,29241.75,29300.75
1788444900,29301,29364.5,29295.75,29343
1788445800,29343,29360.5,29273.25,29283
1788446700,29283,29368,29246.5,29363.5
1788447600,29363.25,29466.25,29362.25,29465
1788448500,29464.75,29539.5,29453.75,29536.5
1788449400,29536,29542.5,29503.5,29506.5
1788450300,29506.75,29539.25,29504,29538
1788451200,29538.75,29539.75,29503,29519
1788452100,29519.5,29529.5,29489.25,29497
1788453000,29497,29534.5,29483,29528
1788453900,29528,29544,29516.5,29528
1788454800,29528.25,29534,29486.75,29490.5
1788455700,29491.25,29508,29476,29502.5
1788456600,29502.75,29532,29502.25,29528.5
1788457500,29529,29552.5,29521.75,29543.75
1788458400,29543.5,29579.5,29543,29573.5
1788459300,29573.75,29584.25,29564.75,29570.5
1788460200,29571,29580,29559.5,29560.5
1788461100,29560.75,29581,29559.5,29568.25
1788462000,29568.25,29570.5,29532.75,29538.25
1788462900,29538.25,29543.5,29526,29533.25
1788463800,29533.25,29540,29521.75,29524
1788464700,29524.25,29536.25,29509.25,29530.75
1788465600,29531,29536.25,29507,29521.25
1788466500,29521.5,29522,29505,29510.25
1788467400,29510.25,29516.75,29508,29510.75
1788468300,29511.25,29512.75,29499.25,29502.25
1788472800,29505,29509,29482,29485.25
1788473700,29485.5,29496,29484.75,29490
1788474600,29491,29498.5,29490,29494.25
1788475500,29495.75,29512.75,29493.5,29508.75
1788476400,29508.25,29511.5,29500.5,29503.25
1788477300,29503,29509.5,29498.25,29507.25
1788478200,29507,29511,29501.25,29505
1788479100,29506.5,29516.75,29502.25,29504
1788480000,29503.75,29520.5,29495,29509.75
1788480900,29510.25,29529,29505,29527.5
1788481800,29527.75,29533.5,29519.25,29532.5
1788482700,29532.5,29542.25,29530,29530.75
1788483600,29530,29532.75,29517.75,29522.75
1788484500,29523,29542.75,29516.25,29540.75
1788485400,29539.5,29547.75,29534.5,29545
1788486300,29545.25,29548.75,29523.25,29548
1788487200,29547.75,29553.25,29537.25,29550.25
1788488100,29549,29556.25,29547,29555
1788489000,29555.75,29566.5,29544,29546.5
1788489900,29546.5,29568,29545.25,29564.5
1788490800,29563.25,29566.5,29557.25,29560.5
1788491700,29560.25,29578.25,29559.75,29569
1788492600,29569.5,29578.75,29566.75,29568.5
1788493500,29567.5,29573.25,29563.75,29570.5
1788494400,29570.75,29577.75,29556.5,29575.5
1788495300,29576,29595,29567.5,29593
1788496200,29592.25,29601.25,29585,29588
1788497100,29588.5,29599.75,29583.25,29598.25
1788498000,29597.5,29623.5,29593.75,29621.5
1788498900,29621,29643,29620.25,29622.75
1788499800,29622,29625.25,29605.5,29608.5
1788500700,29609.25,29622,29591.5,29620.75
1788501600,29620.25,29643.75,29617,29642.25
1788502500,29641.75,29642.25,29622.5,29631.25
1788503400,29631.5,29633,29595.75,29604
1788504300,29603.5,29604,29574,29576.75
1788505200,29577.75,29623.75,29575.25,29620
1788506100,29619.5,29637.25,29607.25,29636.25
1788507000,29635.75,29653,29628,29646.75
1788507900,29646.5,29658.25,29641.25,29652.25
1788508800,29653.75,29669.25,29635.5,29650.25
1788509700,29650.75,29672,29645,29668.5
1788510600,29670,29673,29643.75,29658.5
1788511500,29658.25,29664.75,29647,29658.5
1788512400,29657.5,29658.25,29625.25,29628.5
1788513300,29629.75,29642.5,29616.5,29624.5
1788514200,29625.75,29647,29618.5,29643
1788515100,29644.5,29661.75,29643.5,29657.25
1788516000,29656.75,29668.75,29653.25,29661.5
1788516900,29660.75,29686,29658.5,29678.5
1788517800,29676.5,29683.75,29668.5,29679.5
1788518700,29680,29704.5,29675.75,29680
1788519600,29681.5,29686,29650.75,29660
1788520500,29660.5,29676.75,29655.5,29662.5
1788521400,29663.75,29676.25,29661,29671.25
1788522300,29671,29690,29666.5,29683.25
1788523200,29682,29686.25,29627,29643.25
1788524100,29642.25,29694,29631.75,29675.75
1788525000,29674.25,29693.75,29531.25,29557.75
1788525900,29557.25,29557.75,29502,29546.5
1788526800,29547,29556.75,29523,29548.25
1788527700,29548.25,29591,29546.75,29589
1788528600,29588.25,29647,29554.5,29616.5
1788529500,29616.25,29691.75,29577.5,29691
1788530400,29690.5,29691,29594,29648
1788531300,29648.5,29649.75,29564.75,29595.5
1788532200,29596.25,29598.25,29531,29533.5
1788533100,29533.25,29544.25,29498.75,29521
1788534000,29520,29541.25,29497.25,29540.5
1788534900,29540.75,29543,29484.25,29506.75
1788535800,29506.75,29524.5,29478,29520.5
1788536700,29520,29522.25,29487,29515
1788537600,29514.75,29554.25,29505,29547.75
1788538500,29548,29565.25,29536,29554
1788539400,29554.5,29574,29548.75,29568
1788540300,29568.25,29595.75,29565,29576
1788541200,29576.25,29580.5,29531.75,29535.25
1788542100,29534.75,29543.5,29504.25,29508
1788543000,29508,29508.5,29474.75,29478.25
1788543900,29479,29498.25,29468,29491.75
1788544800,29491.5,29497.75,29471.25,29489
1788545700,29488.25,29514.5,29484.5,29511
1788546600,29511,29524.5,29504,29520.75
1788547500,29521.25,29542.5,29520,29538.75
1788548400,29538.75,29544,29506.75,29511.25
1788549300,29511,29531.25,29510.5,29526.5
1788550200,29526.5,29547.5,29519.25,29541
1788551100,29540.75,29586.5,29540,29568.75
1788552000,29568.25,29569,29529.5,29541.25
1788552900,29541.25,29543.25,29529.75,29531.5
1788553800,29531.75,29532,29514.5,29530.75
1788554700,29530.5,29532.5,29519.5,29523
1788732000,29535.25,29595.25,29534.75,29579.5
1788732900,29578,29584.25,29574.5,29579.75
1788733800,29578.75,29584.75,29577.25,29580.5
1788734700,29580,29583.5,29576.75,29576.75
1788735600,29576.5,29579.75,29562.5,29564.75
1788736500,29564.25,29578,29542.75,29544
1788737400,29543,29580.25,29541,29574
1788738300,29575.25,29582.75,29547,29557.5
1788739200,29557.5,29583,29545,29571.5
1788740100,29570,29578.5,29556.25,29563.5
1788741000,29564.25,29572.5,29545.25,29564
1788741900,29564,29574,29536,29537.25
1788742800,29538.5,29571.75,29530.5,29556
1788743700,29553.5,29580,29544.5,29579
1788744600,29578.75,29595.75,29568.75,29584
1788745500,29584.75,29594.75,29577.5,29593.5
1788746400,29595,29596,29576.5,29585.25
1788747300,29585.75,29591.5,29571.75,29588.25
1788748200,29586.75,29621.75,29586.75,29606.5
1788749100,29607.5,29608.25,29575.25,29583.25
1788750000,29583.5,29584.75,29572,29581.25
1788750900,29581.25,29604.5,29577.25,29601
1788751800,29600.25,29622.75,29590.25,29591
1788752700,29591,29602.75,29584.25,29586
1788753600,29587,29596.75,29575.75,29590.5
1788754500,29591.5,29592.25,29574.25,29584
1788755400,29585,29587.75,29569.75,29578.75
1788756300,29579.75,29600.25,29578,29597.25
1788757200,29597.75,29602.5,29579,29585
1788758100,29585,29615.25,29578,29611.75
1788759000,29611.75,29637.25,29608.75,29636.75
1788759900,29636.75,29639,29606,29610.5
1788760800,29610.75,29643,29609,29642.5
1788761700,29641.75,29655,29632.5,29651.75
1788762600,29653,29682.25,29648.5,29664
1788763500,29664.5,29665.75,29645.75,29663.5
1788764400,29663.75,29683.5,29656.5,29666.25
1788765300,29667,29668.5,29636.75,29637.25
1788766200,29639,29649.25,29617.25,29626.75
1788767100,29626.75,29661,29622,29657.75
1788768000,29658,29664.5,29638,29646.25
1788768900,29646.5,29662,29644,29654.75
1788769800,29655.75,29663.5,29643,29644.5
1788770700,29645.25,29654.25,29636,29644.5
1788771600,29644.75,29655.25,29636.75,29638.25
1788772500,29638.25,29639.25,29614.25,29617
1788773400,29617,29625.25,29601.25,29619.75
1788774300,29619.25,29622.5,29603,29607.25
1788775200,29608,29618.5,29604.75,29617
1788776100,29616.25,29621.75,29611,29613.25
1788777000,29613.5,29618,29603.5,29611
1788777900,29610.5,29612,29569.25,29575.75
1788778800,29574.5,29579.5,29547.75,29569.25
1788779700,29570.5,29570.5,29535,29545.75
1788780600,29546.25,29566.75,29541,29556.5
1788781500,29556.5,29562.75,29543.75,29545
1788782400,29545.25,29567.25,29540.25,29541.75
1788783300,29541.75,29551.75,29535.5,29550
1788784200,29548.5,29565,29547.5,29560.5
1788785100,29560,29589.75,29559.5,29588.5
1788786000,29588.75,29614,29576.5,29611.5
1788786900,29611.5,29624.75,29596.5,29614.75
1788787800,29614.75,29645.25,29604,29619.5
1788788700,29620,29631.5,29613.25,29618.5
1788789600,29618.5,29635,29603.75,29610
1788790500,29610,29615.25,29601.25,29611
1788791400,29612,29632.75,29600,29629.75
1788792300,29629.25,29629.25,29589.25,29592.25
1788793200,29591.75,29609.75,29583.25,29587.75
1788794100,29587.75,29591.75,29563.5,29577.5
1788795000,29578.25,29594.75,29575.75,29585.5
1788795900,29584.75,29592.25,29577.25,29592.25
1788796800,29593,29605.5,29589.75,29605
1788797700,29606,29611,29590.25,29595.25
1788798600,29595.25,29612.25,29592,29608.5
1788799500,29607.25,29613.5,29594.5,29603.5
1788818400,29611.5,29622,29571.25,29582.25
1788819300,29583,29587.75,29555,29557.75
1788820200,29556.5,29561.75,29540,29556.75
1788821100,29557,29562,29544.5,29558.5
1788822000,29556.5,29558,29541.25,29546.75
1788822900,29546.75,29550.5,29525,29542.25
1788823800,29541,29589.5,29533.5,29586.25
1788824700,29586.5,29599,29577,29584.5
1788825600,29583.5,29605.75,29575,29592.5
1788826500,29592.5,29629.5,29577.75,29627.5
1788827400,29628.25,29640.5,29621.25,29632
1788828300,29632.75,29642,29630.75,29631.5
1788829200,29632.75,29661.75,29611.75,29658.25
1788830100,29658.5,29662,29645.75,29651.75
1788831000,29652.75,29688.5,29645.25,29675.75
1788831900,29675.25,29709.5,29671.5,29706
1788832800,29706.25,29715.5,29689,29707.75
1788833700,29707,29722.75,29701.5,29713.5
1788834600,29714.5,29714.75,29686.25,29687
1788835500,29686.5,29697.25,29660.25,29660.5
1788836400,29661.5,29694.25,29660.75,29690
1788837300,29689,29734.75,29687.75,29733
1788838200,29732.5,29740,29722,29731
1788839100,29730.5,29747,29726.5,29743.75
1788840000,29742.75,29749.75,29730.5,29740.25
1788840900,29739.75,29752,29734,29745.5
1788841800,29746.25,29764,29728.25,29758.75
1788842700,29758.25,29764.75,29731,29737.25
1788843600,29738.5,29739.75,29680,29683.5
1788844500,29685.5,29733.25,29675,29678.75
1788845400,29679.5,29685.25,29631.75,29636.75
1788846300,29636.5,29647.5,29610,29612.25
1788847200,29612.25,29622.25,29581.75,29591
1788848100,29588.75,29591.75,29545.5,29576.25
1788849000,29576.25,29613.5,29558.25,29608
1788849900,29608.75,29620.25,29580.5,29600.25
1788850800,29601,29638.75,29586.5,29609.5
1788851700,29609.5,29628.75,29595.5,29623.75
1788852600,29622.75,29624.5,29550,29562.5
1788853500,29564.5,29566.75,29529.75,29535.5
1788854400,29534.5,29541.25,29477.75,29512.5
1788855300,29512.75,29530.25,29496,29499.75
1788856200,29499.5,29525.75,29490.5,29502
1788857100,29502.25,29533,29489.5,29507
1788858000,29507,29546.25,29484.5,29545.75
1788858900,29544,29549.25,29528.75,29547.75
1788859800,29549.25,29587,29542.75,29568
1788860700,29568,29600.5,29566.75,29599.75
1788861600,29600,29600,29572.75,29584.5
1788862500,29584.25,29649,29583.25,29607.75
1788863400,29607.75,29608.25,29581.75,29592.75
1788864300,29591.25,29592.5,29546.5,29568
1788865200,29568.5,29583.75,29533.5,29547
1788866100,29546.75,29576.5,29545,29562.25
1788867000,29563,29575.5,29546,29547
1788867900,29547,29601.75,29538.5,29601
1788868800,29601,29601,29551.25,29555
1788869700,29555.75,29595.5,29548,29595.5
1788870600,29595.25,29627,29591,29615
1788871500,29615,29654.75,29604.25,29654
1788872400,29653.75,29660,29634.5,29658.5
1788873300,29659,29668.25,29635.75,29644.75
1788874200,29645,29686.5,29467,29474
1788875100,29474.25,29538.5,29455.25,29502.75
1788876000,29503.25,29512.5,29424.75,29462.5
1788876900,29462.25,29524.75,29458.5,29516.75
1788877800,29516,29538,29490,29530
1788878700,29530.75,29563.5,29511.75,29563
1788879600,29563,29610,29545.5,29602.75
1788880500,29603,29639.5,29581,29609
1788881400,29609.25,29645.25,29595.5,29641.5
1788882300,29641.5,29644,29599,29604.25
1788883200,29604.25,29622,29577.5,29589.5
1788884100,29588.75,29604.5,29562.5,29567.75
1788885000,29568.5,29584.5,29561.75,29575.5
1788885900,29575,29609.25,29549.5,29573.5
1788886800,29572.75,29641.5,29572,29628.75
1788887700,29628,29633.5,29606.25,29615.75
1788888600,29616.5,29632.5,29598,29599.5
1788889500,29600,29613.25,29588.75,29590
1788890400,29590.5,29613.5,29587,29605.25
1788891300,29605,29615.5,29588.5,29597
1788892200,29597.25,29604.5,29578,29602.75
1788893100,29603.25,29611,29519.75,29576.25
1788894000,29576.25,29586.25,29560.25,29574.75
1788894900,29575,29579.25,29544.75,29564
1788895800,29564.5,29566.25,29543.5,29549
1788896700,29549,29552.75,29496,29543.5
1788897600,29543,29550.75,29506,29524.25
1788898500,29524.25,29528.25,29506.5,29507.75
1788899400,29507.5,29524.75,29503.5,29521.25
1788900300,29522,29527.25,29518.5,29525.75
1788904800,29526.5,29539.25,29503,29521.75
1788905700,29521.75,29529,29508,29521.5
1788906600,29522.25,29530,29516,29527.5
1788907500,29527.5,29547,29526.75,29544.75
1788908400,29544.5,29546.5,29529.5,29531.5
1788909300,29531.25,29531.25,29513,29516.75
1788910200,29515.75,29519.25,29501.5,29506.25
1788911100,29507,29512,29489.75,29498.5
1788912000,29500.75,29561.75,29499.5,29539
1788912900,29539.75,29539.75,29516,29525.25
1788913800,29523.75,29540,29509,29537.75
1788914700,29538.25,29564,29532.25,29559.75
1788915600,29559.75,29581,29555.75,29574.5
1788916500,29575.25,29599.5,29569.5,29590
1788917400,29589.75,29607.5,29577.5,29593.25
1788918300,29593.25,29608.5,29581.5,29593.25
1788919200,29593.5,29612.5,29589,29594.25
1788920100,29594.5,29604.25,29583.25,29601
1788921000,29601.5,29624.75,29596.75,29620.75
1788921900,29620.25,29625.5,29606.25,29611
1788922800,29611.5,29613.75,29583.75,29591
1788923700,29590.5,29603.5,29589,29596.5
1788924600,29597.75,29604.25,29587,29591
1788925500,29589.25,29591.5,29560.5,29562
1788926400,29562.75,29586.5,29549,29557
1788927300,29556.5,29593,29553.5,29581.25
1788928200,29580.25,29607,29573,29603.75
1788929100,29604.25,29620.25,29600,29614
1788930000,29614.5,29616.25,29597,29605.5
1788930900,29604.75,29604.75,29565.75,29580.25
1788931800,29580.75,29592,29562,29576.5
1788932700,29578.75,29621.5,29573.75,29621.25
1788933600,29621.75,29632.25,29604.25,29629.25
1788934500,29629.25,29633.75,29586.5,29593.75
1788935400,29592.75,29614,29588,29611.75
1788936300,29612.25,29612.5,29578,29579.5
1788937200,29581.5,29611.5,29561.25,29572.25
1788938100,29572.25,29613,29558,29612.25
1788939000,29611.75,29614,29590,29594.25
1788939900,29596.25,29597,29565.25,29588
1788940800,29589.5,29609,29576,29582.25
1788941700,29583,29594.25,29566.75,29587.75
1788942600,29585.75,29592.75,29540.25,29541.75
1788943500,29543,29571.75,29538.75,29564.75
1788944400,29565,29575,29532.5,29550.5
1788945300,29550.5,29557,29514.5,29528.5
1788946200,29528.5,29539.25,29471.25,29479
1788947100,29479,29485.5,29388.75,29400.5
1788948000,29401,29424.75,29371.75,29395.75
1788948900,29395,29432.25,29381.75,29419
1788949800,29417.75,29432,29396.25,29397.5
1788950700,29397.5,29405,29368.25,29391.5
1788951600,29392,29430.25,29378,29407.25
1788952500,29409.5,29430.5,29377.75,29418.5
1788953400,29418,29419.25,29376.5,29377.5
1788954300,29378.5,29452,29376.75,29396.75
1788955200,29397,29400.5,29334.75,29337
1788956100,29337.25,29366.5,29333,29351.75
1788957000,29351.75,29384.25,29343.5,29381.75
1788957900,29381.25,29404,29381.25,29390.5
1788958800,29390.75,29408.5,29382.5,29403.75
1788959700,29403,29458.5,29398.75,29455
1788960600,29455.25,29503.75,29418.25,29478.75
1788961500,29479,29567.25,29456.5,29558.5
1788962400,29558.25,29593.75,29531.25,29562.25
1788963300,29561.25,29561.75,29459.5,29535.5
1788964200,29535,29543.5,29494.25,29537.5
1788965100,29537.25,29541.75,29500,29528.25
1788966000,29528.75,29562.25,29386.25,29399
1788966900,29398.5,29454.5,29358,29390.5
1788967800,29390.25,29482.5,29388,29438
1788968700,29438.75,29467,29424.25,29448
1788969600,29448.25,29462,29410.75,29414.75
1788970500,29414.25,29416.75,29386.75,29399.5
1788971400,29399.75,29455.5,29397.75,29455
1788972300,29454.75,29478,29441,29458
1788973200,29457.5,29482.5,29446,29476.25
1788974100,29476.5,29483.75,29449.5,29450.25
1788975000,29450.75,29462,29428.25,29455.25
1788975900,29455.75,29483.5,29455.75,29468.75
1788976800,29468.25,29471.75,29441.25,29442.25
1788977700,29441.25,29462.25,29436.75,29453.5
1788978600,29453.5,29469.5,29445.75,29466.75
1788979500,29466.25,29474,29446.25,29447.5
1788980400,29448,29455.25,29430.5,29449
1788981300,29449.5,29471.25,29449.5,29451.5
1788982200,29452.25,29457.5,29436.75,29447
1788983100,29447.25,29458.5,29423.25,29454.5
1788984000,29455,29459.25,29428.75,29451.25
1788984900,29451.5,29454.75,29448.25,29450
1788985800,29449.75,29459,29447.25,29454.5
1788986700,29455,29460,29449,29460
1788991200,29458.5,29472.75,29425.5,29428.75
1788992100,29428.75,29434,29423.75,29429
1788993000,29429.5,29437.5,29428.75,29433.75
1788993900,29434,29438,29425.75,29431.5
1788994800,29430.5,29432.75,29419.25,29422
1788995700,29421.25,29435,29416.25,29427.5
1788996600,29428.75,29431.5,29425,29429.75
1788997500,29432,29470.75,29428.25,29463.5
1788998400,29464.5,29480.25,29440.75,29449.5
1788999300,29449.75,29477.75,29448.5,29473.75
1789000200,29474,29475.75,29441.75,29456.5
1789001100,29456.25,29456.25,29408,29412
1789002000,29413.5,29426.25,29389,29399.75
1789002900,29400.25,29415.25,29372.5,29375.75
1789003800,29374.25,29404.25,29364,29400.5
1789004700,29399.75,29417.25,29385,29410.5
1789005600,29411,29412,29376.25,29395.5
1789006500,29395.5,29396.25,29373,29378.5
1789007400,29379,29422.25,29376,29414.75
1789008300,29413.75,29423.25,29406.25,29418.25
1789009200,29418.75,29437,29416.75,29420.5
1789010100,29420.5,29428.75,29388.25,29405.25
1789011000,29404.75,29416,29392.25,29413
1789011900,29415,29431,29411.75,29427.75
1789012800,29428,29436.25,29422.5,29428
1789013700,29428.25,29437.5,29423.5,29434.5
1789014600,29433.75,29447.25,29431,29434.75
1789015500,29434.25,29462.5,29432.5,29458.75
1789016400,29459.5,29469.75,29448.5,29461.75
1789017300,29460.5,29493.5,29454.75,29490.25
1789018200,29491,29498.5,29481,29487.5
1789019100,29487.5,29508.25,29465,29484.75
1789020000,29484,29492.5,29453.25,29455.5
1789020900,29455.75,29473,29435.25,29472
1789021800,29473.5,29488.75,29468.5,29479
1789022700,29479.75,29491.25,29466.75,29476.25
1789023600,29476.75,29478.25,29450.75,29470
1789024500,29471,29473,29433,29435.25
1789025400,29434.75,29445.5,29417.25,29444.75
1789026300,29443.75,29455.5,29436.5,29445
1789027200,29443.75,29460.25,29431,29432.25
1789028100,29433.5,29453.25,29424.5,29449.5
1789029000,29449,29457,29413,29416.75
1789029900,29417.75,29428,29405.25,29414
1789030800,29412.5,29431,29406.75,29415.5
1789031700,29416.75,29419.75,29392.5,29397
1789032600,29395.5,29396,29359.25,29391.75
1789033500,29390.75,29420,29390.75,29406.5
1789034400,29405.75,29418,29388.75,29396.5
1789035300,29394.5,29409.75,29385.25,29391
1789036200,29391,29404.5,29363.5,29392.25
1789037100,29392,29423.75,29363.75,29376
1789038000,29375,29376,29326.75,29343.25
1789038900,29343.25,29349.25,29331.5,29336
1789039800,29337.5,29364,29335.75,29345.75
1789040700,29345.5,29352.5,29262.75,29264.5
1789041600,29264.25,29278.25,29232.75,29258.25
1789042500,29260,29262.75,29211,29237.5
1789043400,29229,29251.75,29082,29102.5
1789044300,29103.75,29106,29043.25,29056.5
1789045200,29058,29098.25,29054.75,29068.75
1789046100,29069,29090.25,29043.75,29089
1789047000,29089.5,29200,29057.5,29138
1789047900,29138.25,29203.25,29088.5,29099.75
1789048800,29099.5,29178.75,29097.25,29139.75
1789049700,29139.5,29263,29111,29205.75
1789050600,29206.25,29275,29204.75,29237.25
1789051500,29236,29264.75,29210,29263.25
1789052400,29263.25,29265,29214,29243.75
1789053300,29243.25,29256,29197.5,29236
1789054200,29236.75,29272.75,29217.25,29251.5
1789055100,29251.25,29256.75,29186,29205
1789056000,29205,29231.5,29165.75,29181.25
1789056900,29180.5,29202,29161.75,29177
1789057800,29176.75,29215.75,29133.75,29208
1789058700,29208.25,29242.75,29204.5,29232.5
1789059600,29232.75,29267.5,29212.75,29225.5
1789060500,29225.75,29233,29199.5,29209.25
1789061400,29209,29214.75,29175.5,29202.5
1789062300,29202.5,29205.25,29183.25,29186
1789063200,29186.25,29199.75,29148.25,29159.75
1789064100,29159.75,29180.25,29148.75,29158.5
1789065000,29157.75,29176.25,29146.25,29173.5
1789065900,29173,29199,29151,29174.25
1789066800,29174.25,29176,29141,29156.5
1789067700,29157.25,29164.5,29136,29160
1789068600,29158.75,29169.25,29144.25,29158
1789069500,29158,29168.5,29123.25,29138
1789070400,29138.25,29156.75,29123,29153.25
1789071300,29153.75,29156,29142.25,29144.5
1789072200,29145.5,29153,29144.25,29151.5
1789073100,29152,29154.5,29128,29143.25
1789077600,29141,29156.75,29134.5,29143.25
1789078500,29144.5,29157.5,29117.25,29118
1789079400,29117.25,29122.75,29104.25,29105.5
1789080300,29105.75,29116.25,29098.75,29107.5
1789081200,29106.25,29115,29100,29109.5
1789082100,29110.25,29111.5,29096.75,29102.75
1789083000,29103,29111.5,29097.75,29106.75
1789083900,29105.75,29107,29062.5,29064.75
1789084800,29065,29127.75,29063.25,29108.5
1789085700,29109.75,29144.75,29095,29138.5
1789086600,29138.25,29166.25,29118,29123.75
1789087500,29124.5,29163.5,29123.5,29161
1789088400,29159.75,29171.5,29146.5,29148.25
1789089300,29149.5,29150,29124.75,29125.5
1789090200,29126.5,29138.25,29109,29118.5
1789091100,29119.75,29130,29103.5,29128.75
1789092000,29129.5,29138.5,29120.75,29131.75
1789092900,29131.25,29132,29098.5,29107.25
1789093800,29107.25,29109.25,29082.25,29086.5
1789094700,29086.25,29111.5,29083.25,29093.25
1789095600,29092,29096.75,29061.75,29076
1789096500,29076.75,29084,29062.75,29071.25
1789097400,29071.5,29089.5,29048.5,29085.5
1789098300,29086.5,29088.25,29050.75,29059.5
1789099200,29058.75,29094.75,29040.5,29093.25
1789100100,29093.75,29126.5,29075.75,29123.75
1789101000,29124.25,29140.25,29116.75,29137
1789101900,29137.75,29151.5,29120.75,29125
1789102800,29124.5,29161.25,29119.5,29158.25
1789103700,29159,29165,29130,29134
1789104600,29134,29195.25,29133.75,29191
1789105500,29191,29242.75,29176.5,29233.25
1789106400,29233,29248.5,29216,29244.25
1789107300,29245,29252,29222.25,29224.5
1789108200,29225.25,29239,29215.5,29228.5
1789109100,29228.5,29261.5,29228.5,29255
1789110000,29254.25,29268.75,29249.25,29257
1789110900,29258.75,29264,29235.75,29235.75
1789111800,29235.75,29247.5,29229,29235.25
1789112700,29235.25,29245.75,29225,29242.5
1789113600,29242.5,29272,29224.5,29244.75
1789114500,29245,29318,29239.25,29269.75
1789115400,29271,29313.75,29270.75,29289.75
1789116300,29291.5,29326,29287,29322.75
1789117200,29324.25,29334,29292.5,29294.25
1789118100,29293,29315.25,29289.5,29304
1789119000,29304.75,29315.5,29301.75,29308
1789119900,29307.75,29326.5,29303.75,29319
1789120800,29319.25,29339.75,29285.25,29326.25
1789121700,29326.5,29329.75,29307.75,29314.25
1789122600,29314.25,29328.75,29309.5,29315.75
1789123500,29316,29318.25,29305.5,29309.25
1789124400,29310.5,29315,29289.5,29293.5
1789125300,29294.25,29324.75,29290.25,29312.75
1789126200,29313,29332.25,29296.75,29330.25
1789127100,29330.25,29337.5,29319.5,29323.25
1789128000,29324.25,29336.75,29304,29323.75
1789128900,29324.25,29399,29318.5,29389.75
1789129800,29385,29399.5,29204,29356.5
1789130700,29357.25,29475.75,29343,29469.5
1789131600,29468.75,29500.25,29434.75,29443.5
1789132500,29442.75,29452.25,29414.75,29418
1789133400,29417.5,29440,29347.25,29433.75
1789134300,29434,29480.75,29379.25,29472.75
1789135200,29473,29473.25,29365,29397.75
1789136100,29397,29467.5,29373.25,29451
1789137000,29451.25,29455.25,29353.25,29372
1789137900,29372.75,29401,29334,29369.75
1789138800,29370.75,29432.5,29361,29393.5
1789139700,29393.75,29493.25,29393.75,29485
1789140600,29485.25,29499.75,29462.75,29478
1789141500,29478.25,29478.75,29441.25,29450
1789142400,29450.25,29485.25,29445,29448
1789143300,29447.75,29452.25,29397.75,29402.75
1789144200,29402,29441.5,29392,29432
1789145100,29431.25,29437.75,29413.25,29436.75
1789146000,29437,29464.75,29435.75,29437.5
1789146900,29438.25,29479,29438,29463.5
1789147800,29463.25,29478,29457.5,29462.25
1789148700,29462.5,29468.5,29447.75,29452.5
1789149600,29452.25,29460.5,29437.5,29441
1789150500,29441.5,29446.75,29417,29441.5
1789151400,29442,29459,29432,29437.75
1789152300,29438,29444.75,29425.75,29429.5
1789153200,29429.5,29433.25,29405.25,29416
1789154100,29415,29427.5,29411.5,29415
1789155000,29414.25,29427,29411.5,29424
1789155900,29423.75,29428.5,29378.75,29386.75
1789156800,29386.25,29393,29376.25,29381.25
1789157700,29381.5,29387.25,29376.5,29384.5
1789158600,29384.75,29396.5,29384.25,29389.25
1789159500,29389.25,29397.5,29383.25,29391.75
1789336800,28997.75,29111,28981,29025.5
1789337700,29023.5,29086,29013,29083.75
1789338600,29081,29104,29073,29075.5
1789339500,29075.75,29086.25,29065.5,29068.5
1789340400,29069,29076,29055.5,29063
1789341300,29062.75,29099.5,29060.75,29096.75
1789342200,29096,29101.5,29031,29038.75
1789343100,29038.5,29038.5,29010,29017.5
1789344000,29016.25,29075.25,29016.25,29056.25
1789344900,29056.75,29064.5,29005,29015
1789345800,29013.5,29037,29008.75,29036.25
1789346700,29036.5,29046.5,29013.75,29014.5
1789347600,29015,29038.75,29000.25,29012
1789348500,29011,29021,28999.25,29017.75
1789349400,29018,29037.75,29003.25,29025.75
1789350300,29027,29074.75,29027,29068.25
1789351200,29068,29080.75,29054,29071.5
1789352100,29070.75,29075,29059.5,29066
1789353000,29062.75,29074.5,29040.75,29050
1789353900,29047.25,29070,29047,29053.5
1789354800,29052.75,29059.25,29028,29031
1789355700,29029.75,29038,29008.25,29026.5
1789356600,29026.5,29027,29010,29015.5
1789357500,29016,29025.5,29009.75,29016.5
1789358400,29016.75,29036.25,29010,29011.5
1789359300,29010.75,29022.75,29002.25,29018
1789360200,29018,29023.75,29001.5,29008.5
1789361100,29009.75,29033.75,29009.75,29015
1789362000,29015,29025,29008.5,29016.5
1789362900,29018.25,29019.5,29000,29010.5
1789363800,29011.5,29019.5,28986.5,28996.5
1789364700,28997.75,29016,28989,29013.25
1789365600,29014.5,29037.5,29009,29028.75
1789366500,29027.5,29035,29013.5,29032
1789367400,29031,29033.75,28997.75,29009.25
1789368300,29011.5,29017,28973.5,28976.5
1789369200,28977.5,28982.5,28937.5,28974
1789370100,28973.75,28991.5,28948.5,28951
1789371000,28950,28959.5,28925,28930.75
1789371900,28929.75,28940.5,28905,28917.25
1789372800,28920,28949,28906.25,28933.25
1789373700,28934.75,28934.75,28874.75,28876.5
1789374600,28874.75,28916.5,28872.5,28895.5
1789375500,28895.25,28902.75,28850,28877.25
1789376400,28877.5,28891.5,28836,28847.5
1789377300,28848.25,28860.5,28816.25,28852
1789378200,28851.5,28870,28844,28849.75
1789379100,28850,28862.75,28839,28855.75
1789380000,28856,28883,28855,28875
1789380900,28874.75,28910,28861.5,28907.75
1789381800,28908.5,28940.5,28902.5,28934
1789382700,28934,28941,28916.75,28926
1789383600,28926.75,28947.75,28913.5,28937.25
1789384500,28936.25,28977.5,28935.75,28972
1789385400,28972.75,28972.75,28931,28948
1789386300,28948.75,28960.75,28921,28928.75
1789387200,28928.5,28928.5,28891.25,28912
1789388100,28911.75,28945.5,28906.75,28918
1789389000,28917.75,28931,28845,28900.75
1789389900,28900.25,28905,28857.25,28879.25
1789390800,28880,28881.25,28829,28876.5
1789391700,28878,28924.25,28877.5,28905.25
1789392600,28906.5,28953.5,28878.75,28951.5
1789393500,28952,29045.75,28951,29003.25
1789394400,29003.5,29089,29001,29073.25
1789395300,29073.75,29081,28976,29007
1789396200,29006.25,29020.25,28955.75,28991.5
1789397100,28991.25,29020.5,28970,29012
1789398000,29011.25,29080.5,28986.25,29023.25
1789398900,29022.25,29090,29018,29078
1789399800,29077,29208.5,29072,29200.75
1789400700,29201,29202.5,29163.75,29175
1789401600,29173.5,29179,29134.25,29161.5
1789402500,29162.5,29229.75,29162.5,29192.5
1789403400,29193,29220.25,29184,29220.25
1789404300,29219.25,29277.25,29205.25,29259.25
1789405200,29259,29275.5,29239.5,29254.5
1789406100,29255.25,29279,29233,29279
1789407000,29279,29285,29267.75,29280
1789407900,29279.5,29303,29279.5,29280.75
1789408800,29281.75,29301.25,29267.25,29282.75
1789409700,29283,29290,29255.5,29262
1789410600,29261.5,29282.25,29257.75,29270.25
1789411500,29270.5,29274.25,29253.25,29258
1789412400,29257.5,29259.25,29227.25,29233.5
1789413300,29233,29233.25,29217,29224.25
1789414200,29224.25,29230.75,29210.5,29215.75
1789415100,29216,29231.5,29147,29151.25
1789416000,29151.75,29167.25,29150.25,29163
1789416900,29163.5,29183.25,29149,29180
1789417800,29180.25,29186,29174.25,29182.75
1789418700,29182,29199.75,29181.25,29193.75
1789423200,29488.5,29490.25,29457.5,29462.25
1789424100,29463.5,29467.75,29449.25,29457
1789425000,29457.75,29465,29454.5,29455.75
1789425900,29456.75,29474.25,29456,29458.5
1789426800,29459.5,29467.25,29449.75,29461.25
1789427700,29462.25,29463.25,29450.5,29455.75
1789428600,29454.75,29463.25,29453,29458.5
1789429500,29458.5,29461.25,29442.75,29457.25
1789430400,29457.25,29470,29426.75,29457.75
1789431300,29457,29466.25,29433.75,29455.25
1789432200,29453.5,29490.75,29452.75,29485.75
1789433100,29484.75,29489.5,29463,29467.75
1789434000,29467.5,29492.75,29459.5,29487.5
1789434900,29487.5,29495.25,29470.5,29474.5
1789435800,29473.75,29477.5,29428,29438.5
1789436700,29439.75,29470,29430.25,29463.5
1789437600,29463.75,29475.25,29453.75,29460.75
1789438500,29461.5,29468.25,29452,29463.25
1789439400,29464,29469.75,29452,29461.25
1789440300,29459,29468.75,29455,29460.5
1789441200,29460,29467.75,29444.5,29451.25
1789442100,29450.75,29454.75,29440.25,29447.5
1789443000,29444,29452,29440.5,29449
1789443900,29449.5,29454.75,29415,29416.25
1789444800,29415.5,29433,29409,29414.5
1789445700,29415.25,29418,29376.75,29385.5
1789446600,29386.5,29393.5,29363.5,29387.5
1789447500,29387.5,29398.75,29352,29353.25
1789448400,29352.25,29362.75,29318,29325
1789449300,29325.75,29344.25,29308.5,29340.75
1789450200,29340,29379,29329.25,29376.25
1789451100,29377,29404.5,29369.25,29379.25
1789452000,29378.25,29395.25,29366.75,29386.5
1789452900,29384.25,29395.25,29370.5,29372.25
1789453800,29372,29373.75,29345.5,29348.25
1789454700,29346.75,29361,29339,29352.25
1789455600,29354.5,29376,29323.25,29327.5
1789456500,29325.75,29382.5,29325.75,29354.5
1789457400,29354.5,29364.25,29312.25,29316.25
1789458300,29316.25,29339,29298.75,29316
1789459200,29317.75,29317.75,29231,29276.5
1789460100,29277.5,29310,29275.5,29290.5
1789461000,29289.25,29295,29269.5,29271.75
1789461900,29271,29286.75,29264.25,29271.5
1789462800,29272.25,29285,29250,29260.25
1789463700,29260.5,29274.75,29236.5,29269
1789464600,29270.5,29300,29258.5,29295.75
1789465500,29295.5,29346.25,29295.5,29339
1789466400,29340.5,29366.75,29331,29348.5
1789467300,29347.5,29362.5,29334.5,29361.75
1789468200,29362,29375.75,29354.5,29367.75
1789469100,29367,29396,29361.5,29393.5
1789470000,29393.25,29425,29392,29415.75
1789470900,29416.25,29427.25,29400.5,29405.25
1789471800,29405.25,29413,29388.75,29406
1789472700,29406.25,29422.25,29402.5,29416.5
1789473600,29416.25,29439.75,29404.5,29434.5
1789474500,29434.25,29441,29398,29423
1789475400,29421,29432.5,29401.5,29420.75
1789476300,29419.75,29484.5,29416,29435.75
1789477200,29433.75,29447,29424.75,29429.75
1789478100,29429,29439.25,29409.5,29421
1789479000,29420.75,29441.25,29372.5,29435.75
1789479900,29435.75,29453.5,29406.25,29429.25
1789480800,29429.5,29432,29338.75,29342.75
1789481700,29342.75,29365,29302,29326.25
1789482600,29326.75,29334.25,29273.25,29287.5
1789483500,29287.75,29302,29215.75,29239.75
1789484400,29240,29290.25,29239.25,29273
1789485300,29273,29297.25,29266.5,29291.75
1789486200,29291.75,29297.25,29260.5,29287.5
1789487100,29288,29311.5,29262,29277.75
1789488000,29277.75,29289.75,29241.5,29244.5
1789488900,29243.75,29301.75,29240,29285
1789489800,29284.5,29294,29266.75,29277.5
1789490700,29277,29302.5,29265.25,29279.5
1789491600,29280.25,29284,29244.25,29253.75
1789492500,29253.75,29266.75,29241.25,29253.75
1789493400,29254,29268.25,29242,29255.25
1789494300,29255.25,29271.5,29245.75,29263.75
1789495200,29263.5,29287.75,29255,29280.25
1789496100,29280.75,29283,29262.5,29281
1789497000,29280.75,29280.75,29247,29250.75
1789497900,29251.5,29254,29229.75,29252.5
1789498800,29252.75,29258.75,29238.75,29241
1789499700,29241,29244,29231.5,29238.25
1789500600,29238.75,29241.25,29214,29227
1789501500,29227,29254.25,29207.5,29252.5
1789502400,29252,29291,29250.25,29287
1789503300,29286.75,29287.5,29269,29270.5
1789504200,29270.5,29283,29267.25,29278.75
1789505100,29278.75,29287,29276.75,29277
1789509600,29263.75,29278.5,29251.25,29261.5
1789510500,29261.25,29275,29260,29269.25
1789511400,29268.25,29286.25,29266.75,29282.75
1789512300,29282.25,29289.25,29280,29282.5
1789513200,29282,29284.5,29276,29278.75
1789514100,29278,29279.5,29265.75,29267
1789515000,29267.25,29286.75,29263.25,29282.25
1789515900,29283,29287.75,29274,29278.5
1789516800,29277.5,29286,29257.75,29278.25
1789517700,29279,29283.5,29267,29274.5
1789518600,29275.5,29285.25,29264.75,29272.25
1789519500,29272.5,29285.25,29267.5,29272.5
1789520400,29272.25,29283.5,29240.5,29282.5
1789521300,29283,29288.75,29269.75,29277
1789522200,29276.75,29278.75,29244.75,29256.5
1789523100,29256.5,29267,29226,29230
1789524000,29228.75,29260.5,29228,29233
1789524900,29234.5,29278.5,29233.75,29274.5
1789525800,29274.75,29284,29254.75,29260.5
1789526700,29261,29283.5,29259.5,29282.75
1789527600,29282.75,29321.25,29280.75,29320
1789528500,29320.25,29358.5,29317.5,29320.5
1789529400,29320,29324.5,29299.75,29321.75
1789530300,29321.75,29338.75,29321.75,29329.75
1789531200,29331,29342.25,29328.5,29332
1789532100,29331.75,29340.5,29319,29323.25
1789533000,29321.25,29322.75,29298.75,29304.25
1789533900,29305.25,29320,29303.5,29303.75
1789534800,29303.25,29317,29285.5,29312.25
1789535700,29312.75,29325.75,29309.25,29322.5
1789536600,29321,29345.75,29314.75,29343.25
1789537500,29343.5,29348.25,29320.5,29334.25
1789538400,29334,29372.5,29328.75,29360.75
1789539300,29360,29365.25,29328.75,29341.25
1789540200,29341.5,29349,29330.75,29344.5
1789541100,29344.5,29369,29332.75,29365.75
1789542000,29365.5,29395.5,29359,29384.75
1789542900,29384.5,29392.25,29367.25,29386.75
1789543800,29386.75,29398,29366.75,29370.25
1789544700,29371.75,29376.75,29359.5,29369.25
1789545600,29369,29376.5,29327.5,29346.25
1789546500,29345.25,29374.5,29331.25,29348.25
1789547400,29347.75,29365,29326,29347.5
1789548300,29347.75,29375,29340.75,29372.5
1789549200,29372.5,29382.5,29355.5,29356.5
1789550100,29357.25,29372,29336.75,29356.5
1789551000,29356.5,29389.75,29352.25,29382.75
1789551900,29382,29392,29367,29380.5
1789552800,29380.25,29386.75,29356,29369.5
1789553700,29369.75,29377,29362.25,29374.75
1789554600,29373.5,29384.25,29369.5,29382.75
1789555500,29381.75,29400.5,29368.5,29397.5
1789556400,29398,29419.25,29372.5,29372.5
1789557300,29373,29388.5,29363.5,29380.25
1789558200,29380.25,29417.75,29378.25,29409.25
1789559100,29410,29417,29403,29417
1789560000,29415.5,29439,29412,29423.25
1789560900,29422.75,29436.5,29420.5,29433.5
1789561800,29432.5,29432.75,29368,29369
1789562700,29368,29406,29364,29403
1789563600,29401.25,29412.5,29363.75,29403
1789564500,29403,29415.5,29384.75,29386.25
1789565400,29386.75,29421.75,29373.25,29404.5
1789566300,29404.25,29481.5,29401.5,29478.75
1789567200,29479.25,29484.25,29418,29450
1789568100,29449.75,29477,29444.5,29452.25
1789569000,29452,29466.75,29425.75,29466.75
1789569900,29466.5,29501,29450.25,29499.5
1789570800,29499.25,29535.75,29485,29524
1789571700,29523.75,29526,29494.75,29506.25
1789572600,29506.5,29510.5,29482.25,29496
1789573500,29496,29549.75,29489,29499.25
1789574400,29499.5,29502.5,29470.5,29484.5
1789575300,29484.5,29495.75,29467.5,29485
1789576200,29484.75,29487.75,29464.25,29470
1789577100,29470.25,29492.25,29466.25,29468.5
1789578000,29469,29469.5,29439.75,29460.5
1789578900,29460,29465,29443.75,29456
1789579800,29457,29463,29419.25,29423
1789580700,29422.75,29478.5,29422.75,29475
1789581600,29478.75,29539,29412.25,29465.5
1789582500,29464.75,29482.75,29406.5,29454.75
1789583400,29455.5,29494.75,29301,29438.75
1789584300,29439,29472.25,29221.5,29231.75
1789585200,29231,29303.75,29108,29130
1789586100,29129.75,29164.25,29053,29132
1789587000,29132,29208.75,29122.5,29174
1789587900,29174.25,29268.75,29173.25,29254
1789588800,29254.25,29283.25,29248,29265.75
1789589700,29265.5,29270.25,29231,29244.5
1789590600,29243.75,29267.5,29238,29259.75
1789591500,29260.25,29272.75,29252,29263.75
1789596000,29271,29288.5,29247.75,29281.25
1789596900,29284.75,29329.5,29280,29322.5
1789597800,29323.75,29369.25,29321.25,29357.25
1789598700,29357,29362.5,29342,29350
1789599600,29350.75,29375,29349.25,29368.25
1789600500,29370,29416.75,29369.75,29395.5
1789601400,29396,29444.25,29395.5,29436.5
1789602300,29435.25,29457,29433.5,29450.5
1789603200,29451.5,29464.75,29412.75,29413.75
1789604100,29414,29448.75,29409.5,29433.75
1789605000,29433.75,29478,29432,29458.5
1789605900,29458.75,29467,29428.75,29450.25
1789606800,29451.5,29474.25,29434,29450.5
1789607700,29451,29454.25,29439.25,29446.5
1789608600,29447,29469.25,29427.75,29442.25
1789609500,29441.5,29447,29406.25,29418.5
1789610400,29419,29439,29406.25,29412
1789611300,29413.25,29428.75,29409.5,29418.25
1789612200,29418.25,29454.25,29416.75,29447.75
1789613100,29448.5,29449.25,29418,29421.75
1789614000,29423,29444,29419,29443.25
1789614900,29442,29449,29428.25,29446.5
1789615800,29446,29462.5,29440.25,29461
1789616700,29461,29466.5,29441.75,29459.75
1789617600,29460.5,29469.75,29453.25,29459.5
1789618500,29458.5,29461.25,29440.75,29451.25
1789619400,29450.5,29467.5,29438.75,29461.25
1789620300,29462.75,29471.5,29442.75,29450.5
1789621200,29450.75,29453.75,29433.5,29435
1789622100,29433.25,29441.25,29420.75,29429.75
1789623000,29430.5,29432,29390.75,29391.75
1789623900,29392.75,29405,29371,29373.75
1789624800,29372.5,29413.75,29368.75,29392
1789625700,29393,29444.5,29376.5,29443.75
1789626600,29443.75,29469.5,29440.75,29463.25
1789627500,29461.75,29473.5,29456.5,29469.5
1789628400,29469.5,29523.75,29462.25,29510
1789629300,29510,29550,29506.25,29548.75
1789630200,29549.5,29567.5,29537,29547.5
1789631100,29546.25,29547.5,29509.75,29517.75
1789632000,29517.75,29533.25,29490.25,29496.75
1789632900,29496,29520.5,29485,29516.25
1789633800,29516.25,29537.75,29505.75,29530.5
1789634700,29530,29561.25,29527.5,29555.5
1789635600,29556,29592.75,29555.25,29571.5
1789636500,29571,29575.25,29553.5,29555.75
1789637400,29556.5,29573.25,29553.5,29567
1789638300,29567,29580,29545.5,29558.5
1789639200,29558.5,29581.5,29557.75,29571.25
1789640100,29571.25,29589.25,29562,29578.25
1789641000,29579.25,29590.75,29561.75,29566
1789641900,29564.5,29589,29562,29586.75
1789642800,29586.75,29614,29575.5,29589
1789643700,29589.5,29592,29565,29577.75
1789644600,29577.5,29582,29560,29561.25
1789645500,29559.75,29624,29555.5,29620
1789646400,29621,29680.75,29595.5,29666.25
1789647300,29667.25,29727.75,29662.75,29725.25
1789648200,29723.75,29753.25,29712.25,29721.75
1789649100,29721.5,29732.5,29708.75,29724
1789650000,29724.25,29750,29714,29730.75
1789650900,29730.25,29743,29709.75,29718.25
1789651800,29718.25,29737.25,29605.75,29641
1789652700,29641.75,29694.75,29623.75,29689
1789653600,29689.5,29718,29639.5,29710.75
1789654500,29710,29742,29692.5,29712.5
1789655400,29712,29748,29708,29716
1789656300,29715.5,29718.5,29666.5,29680
1789657200,29680.75,29691,29652,29682.5
1789658100,29682.25,29714,29671,29706.5
1789659000,29706.5,29741,29699,29735.25
1789659900,29735,29745.75,29726.75,29743.5
1789660800,29743.25,29746.25,29717,29740.25
1789661700,29740,29753.25,29729.25,29747.5
1789662600,29747.25,29750.5,29716.5,29746.75
1789663500,29746.25,29749.5,29704.25,29741.5
1789664400,29741.25,29762.5,29730,29732.25
1789665300,29732.5,29743.5,29721.25,29726
1789666200,29726.75,29738.75,29717.25,29737.5
1789667100,29737,29747.25,29727.5,29742.5
1789668000,29742.5,29747.5,29724.5,29729.75
1789668900,29730,29740,29720.5,29726.25
1789669800,29726.75,29734.25,29705,29717
1789670700,29716.5,29728.5,29715,29722
1789671600,29722,29751,29720,29740
1789672500,29740.25,29746.5,29728.25,29732
1789673400,29732,29770,29730.75,29763.25
1789674300,29763.5,29793.25,29731.5,29744.5
1789675200,29744.5,29748.25,29723.5,29724.75
1789676100,29724.25,29728.25,29715,29715
1789677000,29715.25,29722.25,29714.5,29715.5
1789677900,29715.75,29725.75,29712.5,29720.5
1789682400,29723.75,29728.5,29696.25,29704.25
1789683300,29704.25,29705.25,29680.75,29683.25
1789684200,29682.75,29687.25,29674.5,29681.25
1789685100,29681.75,29689,29674,29687.5
1789686000,29686.75,29712,29686.75,29693
1789686900,29693,29703.75,29686,29690
1789687800,29690.25,29705,29687.5,29698.5
1789688700,29697.5,29702.25,29690,29696.5
1789689600,29697.25,29708,29676,29698.25
1789690500,29698.75,29701.5,29682.25,29686.75
1789691400,29687.5,29697.25,29662.25,29680.75
1789692300,29680,29683,29660.5,29666.5
1789693200,29665.75,29682.25,29658.25,29662
1789694100,29661.5,29664.5,29648,29657.5
1789695000,29657.25,29677.5,29652,29664.5
1789695900,29665,29683,29664.5,29678
1789696800,29679.75,29684,29663,29673.75
1789697700,29674.5,29692.25,29671.5,29687.75
1789698600,29688,29698.25,29683.75,29693.5
1789699500,29693,29704,29687.25,29692.75
1789700400,29693.75,29738,29689,29737
1789701300,29737.5,29738.5,29719.5,29733.5
1789702200,29734,29748.25,29727.25,29747.75
1789703100,29748,29764.75,29747.75,29755
1789704000,29754.75,29768.75,29754.75,29768.25
1789704900,29767.75,29773.5,29755,29772.25
1789705800,29773,29801,29766.5,29795
1789706700,29795.5,29812.75,29786,29810.5
1789707600,29810.25,29814.75,29803,29810.75
1789708500,29811,29827.25,29806.75,29814.5
1789709400,29815.5,29854,29812,29854
1789710300,29853.5,29859.25,29837.25,29846
1789711200,29846.25,29885.5,29845,29882.75
1789712100,29882.75,29897.25,29871.5,29885
1789713000,29885.25,29919,29884.25,29905.5
1789713900,29906,29921.5,29901.75,29916
1789714800,29916.25,29938.5,29910.75,29921.5
1789715700,29922,29964.25,29919.5,29960.25
1789716600,29961,29966.75,29936.25,29940.25
1789717500,29939.75,29951.75,29924.25,29929.5
1789718400,29928.75,29944,29903.75,29913.25
1789719300,29912,29931.5,29895.75,29897.5
1789720200,29896.75,29917.5,29892,29912.25
1789721100,29912.5,29919.75,29891.25,29892.75
1789722000,29893.25,29895.5,29880,29884
1789722900,29883.25,29899,29870.5,29873
1789723800,29873.25,29874,29837.25,29837.25
1789724700,29838.25,29857.5,29836,29839
1789725600,29838.25,29859.75,29838.25,29858.25
1789726500,29857.25,29878.25,29856.25,29877.75
1789727400,29876.5,29903.25,29875.5,29892.25
1789728300,29892.25,29892.5,29872.25,29877.25
1789729200,29877.25,29898.75,29842,29856.25
1789730100,29855,29856.25,29825.25,29829.75
1789731000,29830.5,29858.75,29827.25,29831
1789731900,29831.75,29847,29822.5,29838.75
1789732800,29839.75,29853.5,29785,29787.75
1789733700,29788,29798.25,29767.75,29775
1789734600,29774,29796.25,29771.5,29790
1789735500,29789.25,29795.5,29770,29776.5
1789736400,29776.25,29790.75,29764.25,29786.25
1789737300,29786.75,29819.5,29744.75,29814.25
1789738200,29814,29844.75,29798,29816.75
1789739100,29817.5,29838.25,29765.75,29776.75
1789740000,29776.25,29783.75,29711.75,29719.25
1789740900,29719.25,29747.75,29692.75,29728.75
1789741800,29728.25,29752.25,29702.75,29714.25
1789742700,29715,29767.25,29707,29758.25
1789743600,29758.25,29772.5,29725,29729.5
1789744500,29730.25,29754.5,29720.25,29749.25
1789745400,29749.5,29755.5,29710.25,29723.5
1789746300,29723.75,29730.5,29702.75,29708.25
1789747200,29708.5,29724.25,29699.25,29709
1789748100,29709.25,29722.75,29659.25,29699.75
1789749000,29700,29722.5,29692.5,29716
1789749900,29716.5,29735,29701,29727.5
1789750800,29728,29743.25,29719.75,29741.25
1789751700,29741.5,29751.5,29738,29741.75
1789752600,29741.5,29762.5,29731.75,29762
1789753500,29761.75,29768,29756.5,29763.25
1789754400,29763,29768.75,29748,29753.75
1789755300,29753.25,29788,29753,29780.75
1789756200,29780.5,29792.5,29773.25,29790.75
1789757100,29791.25,29849.5,29790.5,29832
1789758000,29832.25,29852.25,29829.75,29835
1789758900,29834.75,29846,29829.25,29831.25
1789759800,29831.5,29853.25,29822.75,29852.25
1789760700,29852.75,29937.75,29850,29916.5
1789761600,29916.25,29993.25,29912.25,29970
1789762500,29970.5,29975.25,29960.25,29967.25
1789763400,29968.5,29975.75,29956.5,29974.75
1789764300,29974.25,29986.5,29950,29955
1789941600,29938,30004.5,29904,29996.5
1789942500,29997,30007.75,29979.25,29990.25
1789943400,29989,30026.75,29987,30007.5
1789944300,30009,30034,29996,30025.25
1789945200,30025,30029.25,30013.75,30019.75
1789946100,30020.5,30031,30011.25,30027
1789947000,30026.25,30040.25,30023.25,30036
1789947900,30035.25,30039.75,30021.5,30029.5
1789948800,30029.5,30065.25,30026,30043.25
1789949700,30041.25,30079.25,30018,30067
1789950600,30067,30091.75,30067,30074.75
1789951500,30074,30097.25,30070.75,30095.5
1789952400,30095.5,30130.5,30088.5,30115.25
1789953300,30115.5,30128,30104.5,30111
1789954200,30110.75,30120.75,30107.75,30113.75
1789955100,30114,30114,30069.5,30071
1789956000,30070.5,30084.75,30063.5,30079.75
1789956900,30078.75,30089.5,30072,30088.75
1789957800,30088,30088,30068,30082.75
1789958700,30082.5,30105,30076,30080
1789959600,30078.5,30100.75,30078.5,30093.5
1789960500,30093.5,30104.75,30092,30093.75
1789961400,30092.75,30095.25,30082.25,30094
1789962300,30094.5,30107,30086,30087
1789963200,30087.25,30095.75,30071,30082
1789964100,30082.75,30100.75,30082,30094
1789965000,30093.25,30094.5,30080.5,30088.5
1789965900,30087.75,30098,30087.5,30090
1789966800,30090.25,30090.75,30080,30081.75
1789967700,30082,30089.25,30075.25,30081.75
1789968600,30081.25,30111.75,30077.5,30098.5
1789969500,30097.5,30102.5,30082.5,30090.75
1789970400,30090.5,30121.5,30090.5,30113.25
1789971300,30112,30125,30102.75,30108
1789972200,30108.25,30123.75,30106.5,30121
1789973100,30121.25,30144.5,30117.25,30141.5
1789974000,30142,30162,30131.75,30153
1789974900,30153.25,30155.75,30126,30148
1789975800,30149.25,30157,30138.25,30144.75
1789976700,30144.5,30188.25,30140,30178.75
1789977600,30178.5,30215,30172.5,30204.5
1789978500,30205.25,30214,30191.25,30198.75
1789979400,30198.75,30237.5,30197.5,30234.25
1789980300,30232.75,30237.75,30222,30234.5
1789981200,30234.75,30249.75,30228.5,30241
1789982100,30239,30262.5,30232.5,30247.75
1789983000,30247,30260,30239.75,30257.75
1789983900,30258,30264,30233,30234.25
1789984800,30234,30247.75,30232.75,30246.5
1789985700,30246.75,30253.75,30239,30245.75
1789986600,30247,30266.75,30237,30252.25
1789987500,30251,30259,30239.25,30241.5
1789988400,30241.25,30251.75,30222.75,30232.5
1789989300,30232.25,30242.25,30216,30225.75
1789990200,30225.75,30242,30220.75,30240.75
1789991100,30241,30260.5,30233,30247
1789992000,30247.5,30275,30236,30252.25
1789992900,30251.75,30257.75,30225.25,30225.5
1789993800,30226.25,30257,30222.25,30254.25
1789994700,30254.25,30258.5,30224.25,30225.5
1789995600,30224.25,30238.25,30219.5,30223
1789996500,30224,30233,30202.25,30221.5
1789997400,30222,30340.5,30216.5,30339.75
1789998300,30340.5,30423,30340,30416.5
1789999200,30416.5,30444.75,30397,30436.75
1790000100,30437.5,30519.75,30437.5,30518
1790001000,30518.25,30557.25,30500.5,30516.75
1790001900,30517,30559.5,30504,30550.5
1790002800,30551,30581,30549,30575.5
1790003700,30575.75,30587.5,30570.5,30584.5
1790004600,30585,30614.25,30579.5,30613.5
1790005500,30613.25,30639.25,30601.5,30609.75
1790006400,30610.25,30661.25,30601.5,30652.5
1790007300,30653.5,30687.5,30648,30678.25
1790008200,30677.75,30704.25,30665.75,30670.25
1790009100,30670.25,30682.5,30665,30680.5
1790010000,30680.5,30694.25,30675.75,30689
1790010900,30689,30693,30664.25,30687.75
1790011800,30688,30716.5,30670.75,30714
1790012700,30714.25,30724.5,30708.25,30712.5
1790013600,30712.75,30736.75,30712.5,30730.25
1790014500,30730.75,30759,30729.5,30753.5
1790015400,30753.75,30767.5,30737,30765.25
1790016300,30765,30797.25,30762,30786.5
1790017200,30786.75,30802.5,30773,30801.75
1790018100,30801.5,30813.5,30794.75,30803.75
1790019000,30803,30862.75,30800.25,30835.5
1790019900,30835,30837.75,30778,30784.25
1790020800,30784.25,30794,30763.25,30778.5
1790021700,30778.25,30782,30761.75,30777.5
1790022600,30777.5,30778.5,30756.5,30763
1790023500,30762.25,30788,30760.5,30781
1790028000,30780,30821.25,30778.5,30802.75
1790028900,30803.25,30816,30800.5,30814
1790029800,30815.75,30828.25,30805,30821.75
1790030700,30821.25,30833.5,30812.75,30829.5
1790031600,30828.25,30852.25,30823.25,30843.75
1790032500,30843.25,30847.25,30836,30842.75
1790033400,30842.25,30856,30836.75,30849.5
1790034300,30850,30856.75,30846.75,30852.25
1790035200,30852.25,30888.5,30850,30876.75
1790036100,30876.75,30893.75,30862.75,30892.25
1790037000,30893,30916.5,30872.25,30891
1790037900,30891.75,30906.75,30886,30899.5
1790038800,30900,30901.25,30877.75,30885.5
1790039700,30884.75,30888.25,30867.5,30882.75
1790040600,30882,30904.75,30873,30884.25
1790041500,30887.25,30892.75,30873.75,30874.75
1790042400,30873,30893.5,30870,30873.5
1790043300,30874.25,30885,30871.75,30878.75
1790044200,30879.75,30895,30866.5,30888.25
1790045100,30888.75,30897.75,30884.25,30894.5
1790046000,30894.5,30897.25,30883,30891.5
1790046900,30891.25,30899.25,30886.75,30888.75
1790047800,30889.75,30890.5,30881.25,30885